snr_db,anchor_pr_main,anchor_pr_post1,anchor_pr_post2,main,post1,post2,post1_norm,post2_norm,ber,ber_sci,log10_ber,expected_errors_1e7,errors_rounded_1e7,ber_count_1e7,ber_plot_floor_1e7,log10_ber_plot_floor_1e7,zero_error_1e7,residual_bias,residual_rms,score_symbols,delay,raw_shift,noise_std_raw16,clean_rms_raw16,ridge,max_delta,force_main_tap,max_abs_delta_used,level0,level1,level2,level3,h0,h1,h2,h3,h4,h5,h6,h7,h8,h9,h10,h11,h12,h13,h14,h15,h16,h17,h18,h19,h20,href0,href1,href2,href3,href4,href5,href6,href7,href8,href9,href10,href11,href12,href13,href14,href15,href16,href17,href18,href19,href20
22.000,256,112,-80,256,112,-80,0.437500000,-0.312500000,2.243856315445e-06,2.244e-6,-5.649004956,22.438563154,22,2.200000000000e-06,2.200000000000e-06,-5.657577319,0,-0.973643303,1.534668557,65536,12,3,8.431644909,106.148120395,0.050000000,12,1,0,-21.000000000,-7.000000000,7.000000000,21.000000000,-1,2,-3,5,-10,53,57,-25,-6,1,-1,0,0,-1,0,-1,0,0,0,0,0,-1,2,-3,5,-10,53,57,-25,-6,1,-1,0,0,-1,0,-1,0,0,0,0,0
22.000,256,112,-80,256,112,-64,0.437500000,-0.250000000,3.109301041529e-06,3.109e-6,-5.507337228,31.093010415,31,3.100000000000e-06,3.100000000000e-06,-5.508638306,0,-0.979926109,1.562777350,65536,12,3,8.431644909,106.148120395,0.050000000,12,1,3,-21.000000000,-7.000000000,7.000000000,21.000000000,-2,2,-3,5,-11,53,57,-22,-4,0,0,-1,0,-1,0,-1,0,-1,0,0,0,-1,2,-3,5,-10,53,57,-25,-6,1,-1,0,0,-1,0,-1,0,0,0,0,0
22.000,256,112,-80,256,112,-96,0.437500000,-0.375000000,4.096212577985e-06,4.096e-6,-5.387617513,40.962125780,41,4.100000000000e-06,4.100000000000e-06,-5.387216143,0,-0.938994408,1.575663839,65536,12,3,8.431644909,106.148120395,0.050000000,12,1,4,-21.000000000,-7.000000000,7.000000000,21.000000000,-1,2,-3,4,-10,52,57,-29,-7,2,-1,0,0,0,0,-1,0,0,0,0,0,-1,2,-3,5,-10,53,57,-25,-6,1,-1,0,0,-1,0,-1,0,0,0,0,0
22.000,256,112,-80,256,112,-48,0.437500000,-0.187500000,4.857904795691e-06,4.858e-6,-5.313551001,48.579047957,49,4.900000000000e-06,4.900000000000e-06,-5.309803920,0,-1.022799492,1.605082889,65536,12,3,8.431644909,106.148120395,0.050000000,12,1,7,-21.000000000,-7.000000000,7.000000000,21.000000000,-2,2,-3,5,-11,54,57,-18,-3,0,0,-1,0,-1,1,-1,0,-1,0,-1,0,-1,2,-3,5,-10,53,57,-25,-6,1,-1,0,0,-1,0,-1,0,0,0,0,0
22.000,256,112,-80,256,128,-32,0.500000000,-0.125000000,4.864158570073e-06,4.864e-6,-5.312992276,48.641585701,49,4.900000000000e-06,4.900000000000e-06,-5.309803920,0,-1.048187256,1.589368803,65536,12,3,8.431644909,106.148120395,0.050000000,12,1,12,-21.000000000,-7.000000000,7.000000000,21.000000000,-2,2,-3,5,-11,53,57,-13,-2,-1,0,-1,0,-1,1,-1,0,-1,0,-1,0,-1,2,-3,5,-10,53,57,-25,-6,1,-1,0,0,-1,0,-1,0,0,0,0,0
22.000,256,112,-80,256,128,-48,0.500000000,-0.187500000,6.206343188007e-06,6.206e-6,-5.207164213,62.063431880,62,6.200000000000e-06,6.200000000000e-06,-5.207608311,0,-1.028217316,1.607311513,65536,12,3,8.431644909,106.148120395,0.050000000,12,1,9,-21.000000000,-7.000000000,7.000000000,21.000000000,-2,2,-3,5,-10,53,57,-16,-4,0,0,-1,0,-1,0,-1,0,-1,0,0,0,-1,2,-3,5,-10,53,57,-25,-6,1,-1,0,0,-1,0,-1,0,0,0,0,0
22.000,256,112,-80,256,96,-96,0.375000000,-0.375000000,7.204259442863e-06,7.204e-6,-5.142410656,72.042594429,72,7.200000000000e-06,7.200000000000e-06,-5.142667504,0,-0.947126389,1.630683593,65536,12,3,8.431644909,106.148120395,0.050000000,12,1,5,-21.000000000,-7.000000000,7.000000000,21.000000000,-1,2,-3,5,-10,53,57,-30,-6,2,-1,0,0,-1,0,-1,0,0,0,0,0,-1,2,-3,5,-10,53,57,-25,-6,1,-1,0,0,-1,0,-1,0,0,0,0,0
22.000,256,112,-80,256,112,-32,0.437500000,-0.125000000,1.367461462641e-05,1.367e-5,-4.864084904,136.746146264,137,1.370000000000e-05,1.370000000000e-05,-4.863279433,0,-1.066496849,1.686145327,65536,12,3,8.431644909,106.148120395,0.050000000,12,1,11,-21.000000000,-7.000000000,7.000000000,21.000000000,-2,2,-4,6,-11,54,57,-14,-2,-1,1,-1,1,-1,1,-1,1,-1,0,-1,0,-1,2,-3,5,-10,53,57,-25,-6,1,-1,0,0,-1,0,-1,0,0,0,0,0
22.000,256,112,-80,256,128,-64,0.500000000,-0.250000000,1.519572174385e-05,1.520e-5,-4.818278668,151.957217438,152,1.520000000000e-05,1.520000000000e-05,-4.818156412,0,-1.005378723,1.685890748,65536,12,3,8.431644909,106.148120395,0.050000000,12,1,5,-21.000000000,-7.000000000,7.000000000,21.000000000,-1,2,-3,5,-10,52,57,-20,-5,1,-1,0,0,-1,0,-1,0,0,0,0,0,-1,2,-3,5,-10,53,57,-25,-6,1,-1,0,0,-1,0,-1,0,0,0,0,0
22.000,256,112,-80,256,96,-80,0.375000000,-0.312500000,1.528669331789e-05,1.529e-5,-4.815686447,152.866933179,153,1.530000000000e-05,1.530000000000e-05,-4.815308569,0,-0.958459854,1.724298495,65536,12,3,8.431644909,106.148120395,0.050000000,12,1,2,-21.000000000,-7.000000000,7.000000000,21.000000000,-2,2,-3,5,-11,54,57,-27,-5,1,0,-1,0,-1,0,-1,0,0,0,0,0,-1,2,-3,5,-10,53,57,-25,-6,1,-1,0,0,-1,0,-1,0,0,0,0,0
22.000,256,112,-80,256,128,-80,0.500000000,-0.312500000,3.907749925887e-05,3.908e-5,-4.408073236,390.774992589,391,3.910000000000e-05,3.910000000000e-05,-4.407823243,0,-0.971645355,1.780224377,65536,12,3,8.431644909,106.148120395,0.050000000,12,1,1,-21.000000000,-7.000000000,7.000000000,21.000000000,-1,2,-3,4,-10,52,57,-24,-7,2,-1,0,0,0,0,-1,0,0,0,0,0,-1,2,-3,5,-10,53,57,-25,-6,1,-1,0,0,-1,0,-1,0,0,0,0,0
22.000,256,112,-80,256,96,-64,0.375000000,-0.250000000,4.785133231515e-05,4.785e-5,-4.320105966,478.513323151,479,4.790000000000e-05,4.790000000000e-05,-4.319664487,0,-0.986104965,1.836924524,65536,12,3,8.431644909,106.148120395,0.050000000,12,1,3,-21.000000000,-7.000000000,7.000000000,21.000000000,-2,2,-3,5,-11,54,57,-23,-3,0,0,-1,0,-1,1,-1,0,-1,0,-1,0,-1,2,-3,5,-10,53,57,-25,-6,1,-1,0,0,-1,0,-1,0,0,0,0,0
22.000,256,112,-80,256,112,-16,0.437500000,-0.062500000,5.558223469156e-05,5.558e-5,-4.255063996,555.822346916,556,5.560000000000e-05,5.560000000000e-05,-4.254925208,0,-1.070155144,1.889040383,65536,12,3,8.431644909,106.148120395,0.050000000,12,1,12,-21.000000000,-7.000000000,7.000000000,21.000000000,-2,3,-4,6,-12,55,57,-13,0,-2,1,-2,1,-2,1,-2,1,-1,0,-1,0,-1,2,-3,5,-10,53,57,-25,-6,1,-1,0,0,-1,0,-1,0,0,0,0,0
22.000,256,112,-80,256,128,-16,0.500000000,-0.062500000,5.589925373042e-05,5.590e-5,-4.252593990,558.992537304,559,5.590000000000e-05,5.590000000000e-05,-4.252588192,0,-1.061626434,1.867653141,65536,12,3,8.431644909,106.148120395,0.050000000,12,1,12,-21.000000000,-7.000000000,7.000000000,21.000000000,-2,2,-4,5,-11,54,57,-13,-1,-2,1,-2,1,-1,1,-1,1,-1,0,-1,0,-1,2,-3,5,-10,53,57,-25,-6,1,-1,0,0,-1,0,-1,0,0,0,0,0
22.000,256,112,-80,256,128,-96,0.500000000,-0.375000000,9.117220455943e-05,9.117e-5,-4.040137544,911.722045594,912,9.120000000000e-05,9.120000000000e-05,-4.040005162,0,-0.937988281,1.881627703,65536,12,3,8.431644909,106.148120395,0.050000000,12,1,3,-21.000000000,-7.000000000,7.000000000,21.000000000,-1,1,-2,4,-9,51,57,-28,-8,3,-2,0,-1,0,0,0,0,0,0,0,0,-1,2,-3,5,-10,53,57,-25,-6,1,-1,0,0,-1,0,-1,0,0,0,0,0
22.000,256,112,-80,256,96,-48,0.375000000,-0.187500000,1.268508189686e-04,1.269e-4,-3.896706725,1268.508189686,1269,1.269000000000e-04,1.269000000000e-04,-3.896538378,0,-1.025362015,1.978178583,65536,12,3,8.431644909,106.148120395,0.050000000,12,1,6,-21.000000000,-7.000000000,7.000000000,21.000000000,-2,2,-4,6,-11,55,57,-19,-2,-1,0,-1,1,-1,1,-1,0,-1,0,-1,0,-1,2,-3,5,-10,53,57,-25,-6,1,-1,0,0,-1,0,-1,0,0,0,0,0
22.000,256,112,-80,256,144,-32,0.562500000,-0.125000000,1.646378187188e-04,1.646e-4,-3.783470396,1646.378187188,1646,1.646000000000e-04,1.646000000000e-04,-3.783570169,0,-1.040467262,1.955537643,65536,12,3,8.431644909,106.148120395,0.050000000,12,1,12,-21.000000000,-7.000000000,7.000000000,21.000000000,-1,2,-3,5,-10,52,57,-13,-3,-1,0,-1,0,-1,0,-1,0,-1,0,-1,0,-1,2,-3,5,-10,53,57,-25,-6,1,-1,0,0,-1,0,-1,0,0,0,0,0
22.000,256,112,-80,256,80,-96,0.312500000,-0.375000000,2.238099386335e-04,2.238e-4,-3.650120632,2238.099386335,2238,2.238000000000e-04,2.238000000000e-04,-3.650139918,0,-0.931241035,2.069249175,65536,12,3,8.431644909,106.148120395,0.050000000,12,1,7,-21.000000000,-7.000000000,7.000000000,21.000000000,-2,2,-3,5,-11,54,57,-32,-5,1,0,0,0,-1,0,-1,0,0,0,0,0,-1,2,-3,5,-10,53,57,-25,-6,1,-1,0,0,-1,0,-1,0,0,0,0,0
22.000,256,112,-80,256,144,-48,0.562500000,-0.187500000,2.347728566849e-04,2.348e-4,-3.629352116,2347.728566849,2348,2.348000000000e-04,2.348000000000e-04,-3.629301907,0,-1.027638435,2.012354736,65536,12,3,8.431644909,106.148120395,0.050000000,12,1,10,-21.000000000,-7.000000000,7.000000000,21.000000000,-1,2,-3,5,-10,52,57,-15,-5,0,-1,-1,0,-1,0,-1,0,0,0,0,0,-1,2,-3,5,-10,53,57,-25,-6,1,-1,0,0,-1,0,-1,0,0,0,0,0
22.000,256,112,-80,256,96,-32,0.375000000,-0.125000000,2.690645697690e-04,2.691e-4,-3.570143486,2690.645697690,2691,2.691000000000e-04,2.691000000000e-04,-3.570086302,0,-1.042982101,2.102915966,65536,12,3,8.431644909,106.148120395,0.050000000,12,1,9,-21.000000000,-7.000000000,7.000000000,21.000000000,-2,3,-4,6,-12,55,57,-16,-1,-2,1,-2,1,-2,1,-2,1,-1,0,-1,0,-1,2,-3,5,-10,53,57,-25,-6,1,-1,0,0,-1,0,-1,0,0,0,0,0
22.000,256,112,-80,256,80,-80,0.312500000,-0.312500000,5.029210709495e-04,5.029e-4,-3.298500168,5029.210709495,5029,5.029000000000e-04,5.029000000000e-04,-3.298518364,0,-0.952248573,2.237934314,65536,12,3,8.431644909,106.148120395,0.050000000,12,1,3,-21.000000000,-7.000000000,7.000000000,21.000000000,-2,2,-3,5,-11,55,57,-28,-4,0,0,-1,0,-1,1,-1,0,-1,0,-1,0,-1,2,-3,5,-10,53,57,-25,-6,1,-1,0,0,-1,0,-1,0,0,0,0,0
22.000,256,112,-80,256,144,-64,0.562500000,-0.250000000,5.602952098427e-04,5.603e-4,-3.251583090,5602.952098427,5603,5.603000000000e-04,5.603000000000e-04,-3.251579378,0,-1.001214027,2.162531428,65536,12,3,8.431644909,106.148120395,0.050000000,12,1,6,-21.000000000,-7.000000000,7.000000000,21.000000000,-1,2,-3,4,-10,51,57,-19,-6,1,-1,0,0,0,0,-1,0,0,0,0,0,-1,2,-3,5,-10,53,57,-25,-6,1,-1,0,0,-1,0,-1,0,0,0,0,0
22.000,256,112,-80,256,96,-16,0.375000000,-0.062500000,5.957355784710e-04,5.957e-4,-3.224946462,5957.355784710,5957,5.957000000000e-04,5.957000000000e-04,-3.224972400,0,-1.073663712,2.276625493,65536,12,3,8.431644909,106.148120395,0.050000000,12,1,12,-21.000000000,-7.000000000,7.000000000,21.000000000,-2,3,-4,6,-12,56,57,-13,1,-3,1,-2,1,-2,1,-2,1,-1,0,-1,0,-1,2,-3,5,-10,53,57,-25,-6,1,-1,0,0,-1,0,-1,0,0,0,0,0
22.000,256,112,-80,256,144,-16,0.562500000,-0.062500000,6.831126171361e-04,6.831e-4,-3.165507693,6831.126171361,6831,6.831000000000e-04,6.831000000000e-04,-3.165515715,0,-1.048260689,2.241922466,65536,12,3,8.431644909,106.148120395,0.050000000,12,1,12,-21.000000000,-7.000000000,7.000000000,21.000000000,-2,2,-3,5,-11,53,57,-13,-2,-1,0,-1,0,-1,1,-1,0,-1,0,-1,0,-1,2,-3,5,-10,53,57,-25,-6,1,-1,0,0,-1,0,-1,0,0,0,0,0
22.000,256,112,-80,256,144,-80,0.562500000,-0.312500000,9.447163118194e-04,9.447e-4,-3.024698586,9447.163118194,9447,9.447000000000e-04,9.447000000000e-04,-3.024706085,0,-0.972638130,2.268482805,65536,12,3,8.431644909,106.148120395,0.050000000,12,1,3,-21.000000000,-7.000000000,7.000000000,21.000000000,-1,1,-2,4,-9,51,57,-22,-8,2,-2,0,-1,0,0,0,0,0,0,0,0,-1,2,-3,5,-10,53,57,-25,-6,1,-1,0,0,-1,0,-1,0,0,0,0,0
22.000,256,112,-80,256,80,-64,0.312500000,-0.250000000,1.050191883109e-03,1.050e-3,-2.978731343,10501.918831093,10502,1.050200000000e-03,1.050200000000e-03,-2.978727986,0,-0.992543221,2.397783049,65536,12,3,8.431644909,106.148120395,0.050000000,12,1,4,-21.000000000,-7.000000000,7.000000000,21.000000000,-2,2,-4,6,-12,55,57,-24,-2,0,0,-1,1,-1,1,-1,0,-1,0,-1,0,-1,2,-3,5,-10,53,57,-25,-6,1,-1,0,0,-1,0,-1,0,0,0,0,0
22.000,256,112,-80,256,112,0,0.437500000,0.000000000,1.090614938221e-03,1.091e-3,-2.962328558,10906.149382211,10906,1.090600000000e-03,1.090600000000e-03,-2.962334507,0,-1.069678307,2.427151261,65536,12,3,8.431644909,106.148120395,0.050000000,12,1,12,-21.000000000,-7.000000000,7.000000000,21.000000000,-2,3,-4,6,-12,55,57,-13,1,-3,1,-2,1,-2,1,-2,1,-1,0,-1,0,-1,2,-3,5,-10,53,57,-25,-6,1,-1,0,0,-1,0,-1,0,0,0,0,0
22.000,256,112,-80,256,128,0,0.500000000,0.000000000,1.147615195503e-03,1.148e-3,-2.940203710,11476.151955034,11476,1.147600000000e-03,1.147600000000e-03,-2.940209460,0,-1.056144714,2.432274063,65536,12,3,8.431644909,106.148120395,0.050000000,12,1,12,-21.000000000,-7.000000000,7.000000000,21.000000000,-2,2,-4,6,-12,54,57,-13,0,-3,1,-2,1,-2,1,-1,1,-1,0,-1,0,-1,2,-3,5,-10,53,57,-25,-6,1,-1,0,0,-1,0,-1,0,0,0,0,0
22.000,256,112,-80,256,80,-48,0.312500000,-0.187500000,1.515854885715e-03,1.516e-3,-2.819342372,15158.548857150,15159,1.515900000000e-03,1.515900000000e-03,-2.819329447,0,-1.026551247,2.519497912,65536,12,3,8.431644909,106.148120395,0.050000000,12,1,5,-21.000000000,-7.000000000,7.000000000,21.000000000,-2,3,-4,6,-12,56,57,-21,-1,-1,1,-2,1,-1,1,-2,1,-1,0,-1,0,-1,2,-3,5,-10,53,57,-25,-6,1,-1,0,0,-1,0,-1,0,0,0,0,0
22.000,256,112,-80,256,144,-96,0.562500000,-0.375000000,1.927550538352e-03,1.928e-3,-2.714994226,19275.505383525,19276,1.927600000000e-03,1.927600000000e-03,-2.714983082,0,-0.938965797,2.440812098,65536,12,3,8.431644909,106.148120395,0.050000000,12,1,3,-21.000000000,-7.000000000,7.000000000,21.000000000,-1,1,-2,4,-9,50,57,-26,-9,3,-2,1,-1,0,0,0,-1,0,0,0,0,-1,2,-3,5,-10,53,57,-25,-6,1,-1,0,0,-1,0,-1,0,0,0,0,0
22.000,256,112,-80,256,64,-96,0.250000000,-0.375000000,2.744512083743e-03,2.745e-3,-2.561534853,27445.120837434,27445,2.744500000000e-03,2.744500000000e-03,-2.561536765,0,-0.938777924,2.693009214,65536,12,3,8.431644909,106.148120395,0.050000000,12,1,8,-21.000000000,-7.000000000,7.000000000,21.000000000,-2,2,-3,6,-11,55,57,-33,-4,1,0,-1,0,-1,1,-1,0,-1,0,0,0,-1,2,-3,5,-10,53,57,-25,-6,1,-1,0,0,-1,0,-1,0,0,0,0,0
22.000,256,112,-80,256,96,0,0.375000000,0.000000000,2.900673331291e-03,2.901e-3,-2.537501178,29006.733312907,29007,2.900700000000e-03,2.900700000000e-03,-2.537497185,0,-1.081106186,2.732799838,65536,12,3,8.431644909,106.148120395,0.050000000,12,1,12,-21.000000000,-7.000000000,7.000000000,21.000000000,-2,3,-4,6,-13,56,57,-13,2,-4,2,-2,1,-2,1,-2,1,-1,1,-1,0,-1,2,-3,5,-10,53,57,-25,-6,1,-1,0,0,-1,0,-1,0,0,0,0,0
22.000,256,112,-80,256,80,-32,0.312500000,-0.125000000,3.072799641438e-03,3.073e-3,-2.512465757,30727.996414380,30728,3.072800000000e-03,3.072800000000e-03,-2.512465706,0,-1.046841621,2.712290176,65536,12,3,8.431644909,106.148120395,0.050000000,12,1,8,-21.000000000,-7.000000000,7.000000000,21.000000000,-2,3,-4,6,-12,56,57,-17,0,-2,1,-2,1,-2,1,-2,1,-1,0,-1,0,-1,2,-3,5,-10,53,57,-25,-6,1,-1,0,0,-1,0,-1,0,0,0,0,0
22.000,256,112,-80,256,160,-32,0.625000000,-0.125000000,3.154868088581e-03,3.155e-3,-2.501018795,31548.680885812,31549,3.154900000000e-03,3.154900000000e-03,-2.501014402,0,-1.025972366,2.586697639,65536,12,3,8.431644909,106.148120395,0.050000000,12,1,12,-21.000000000,-7.000000000,7.000000000,21.000000000,-1,2,-3,4,-10,51,57,-13,-4,0,-1,-1,0,-1,0,-1,0,-1,0,0,0,-1,2,-3,5,-10,53,57,-25,-6,1,-1,0,0,-1,0,-1,0,0,0,0,0
22.000,256,112,-80,256,144,0,0.562500000,0.000000000,3.539533171978e-03,3.540e-3,-2.451054013,35395.331719784,35395,3.539500000000e-03,3.539500000000e-03,-2.451058083,0,-1.052758217,2.730726465,65536,12,3,8.431644909,106.148120395,0.050000000,12,1,12,-21.000000000,-7.000000000,7.000000000,21.000000000,-2,2,-4,5,-11,53,57,-13,-1,-2,1,-2,1,-1,1,-1,1,-1,0,-1,0,-1,2,-3,5,-10,53,57,-25,-6,1,-1,0,0,-1,0,-1,0,0,0,0,0
22.000,256,112,-80,256,160,-48,0.625000000,-0.187500000,3.731254440172e-03,3.731e-3,-2.428145135,37312.544401723,37313,3.731300000000e-03,3.731300000000e-03,-2.428139832,0,-1.034963608,2.638358736,65536,12,3,8.431644909,106.148120395,0.050000000,12,1,11,-21.000000000,-7.000000000,7.000000000,21.000000000,-1,2,-3,4,-9,51,57,-14,-6,1,-1,0,0,-1,0,-1,0,0,0,0,0,-1,2,-3,5,-10,53,57,-25,-6,1,-1,0,0,-1,0,-1,0,0,0,0,0
22.000,256,112,-80,256,64,-80,0.250000000,-0.312500000,4.157688303684e-03,4.158e-3,-2.381148072,41576.883036835,41577,4.157700000000e-03,4.157700000000e-03,-2.381146851,0,-0.952568054,2.893575254,65536,12,3,8.431644909,106.148120395,0.050000000,12,1,5,-21.000000000,-7.000000000,7.000000000,21.000000000,-2,2,-4,6,-12,56,57,-30,-3,0,0,-1,1,-1,1,-1,0,-1,0,-1,0,-1,2,-3,5,-10,53,57,-25,-6,1,-1,0,0,-1,0,-1,0,0,0,0,0
22.000,256,112,-80,256,80,-16,0.312500000,-0.062500000,4.589371222499e-03,4.589e-3,-2.338246812,45893.712224991,45894,4.589400000000e-03,4.589400000000e-03,-2.338244089,0,-1.104241371,2.900751710,65536,12,3,8.431644909,106.148120395,0.050000000,12,1,12,-21.000000000,-7.000000000,7.000000000,21.000000000,-2,3,-4,7,-13,57,57,-13,2,-3,2,-2,1,-2,1,-2,1,-1,1,-1,0,-1,2,-3,5,-10,53,57,-25,-6,1,-1,0,0,-1,0,-1,0,0,0,0,0
22.000,256,112,-80,256,160,-64,0.625000000,-0.250000000,5.162866589840e-03,5.163e-3,-2.287109097,51628.665898396,51629,5.162900000000e-03,5.162900000000e-03,-2.287106287,0,-1.007425308,2.752207119,65536,12,3,8.431644909,106.148120395,0.050000000,12,1,8,-21.000000000,-7.000000000,7.000000000,21.000000000,-1,1,-2,4,-9,50,57,-17,-7,2,-2,0,-1,0,0,0,0,0,0,0,0,-1,2,-3,5,-10,53,57,-25,-6,1,-1,0,0,-1,0,-1,0,0,0,0,0
22.000,256,112,-80,256,160,-16,0.625000000,-0.062500000,5.514993193304e-03,5.515e-3,-2.258455019,55149.931933044,55150,5.515000000000e-03,5.515000000000e-03,-2.258454483,0,-1.040540695,2.828427755,65536,12,3,8.431644909,106.148120395,0.050000000,12,1,12,-21.000000000,-7.000000000,7.000000000,21.000000000,-1,2,-3,5,-10,52,57,-13,-3,-1,0,-1,0,-1,0,-1,0,-1,0,-1,0,-1,2,-3,5,-10,53,57,-25,-6,1,-1,0,0,-1,0,-1,0,0,0,0,0
22.000,256,112,-80,256,64,-64,0.250000000,-0.250000000,5.695159678913e-03,5.695e-3,-2.244494095,56951.596789133,56952,5.695200000000e-03,5.695200000000e-03,-2.244491020,0,-1.001056671,2.999308161,65536,12,3,8.431644909,106.148120395,0.050000000,12,1,5,-21.000000000,-7.000000000,7.000000000,21.000000000,-2,3,-4,6,-12,56,57,-26,-1,-1,1,-1,1,-1,1,-2,1,-1,0,-1,0,-1,2,-3,5,-10,53,57,-25,-6,1,-1,0,0,-1,0,-1,0,0,0,0,0
22.000,256,112,-80,256,112,16,0.437500000,0.062500000,6.399053176707e-03,6.399e-3,-2.193884281,63990.531767071,63991,6.399100000000e-03,6.399100000000e-03,-2.193881103,0,-1.089495659,3.114945299,65536,12,3,8.431644909,106.148120395,0.050000000,12,1,12,-21.000000000,-7.000000000,7.000000000,21.000000000,-2,3,-4,6,-12,56,57,-13,3,-4,2,-3,1,-2,1,-2,1,-1,1,-1,0,-1,2,-3,5,-10,53,57,-25,-6,1,-1,0,0,-1,0,-1,0,0,0,0,0
22.000,256,112,-80,256,128,16,0.500000000,0.062500000,6.770288563030e-03,6.770e-3,-2.169392820,67702.885630298,67703,6.770300000000e-03,6.770300000000e-03,-2.169392087,0,-1.075977325,3.131040444,65536,12,3,8.431644909,106.148120395,0.050000000,12,1,12,-21.000000000,-7.000000000,7.000000000,21.000000000,-2,3,-4,6,-12,55,57,-13,2,-4,2,-2,1,-2,1,-2,1,-1,0,-1,0,-1,2,-3,5,-10,53,57,-25,-6,1,-1,0,0,-1,0,-1,0,0,0,0,0
22.000,256,112,-80,256,160,-80,0.625000000,-0.312500000,7.932249753402e-03,7.932e-3,-2.100603620,79322.497534023,79322,7.932200000000e-03,7.932200000000e-03,-2.100606344,0,-0.978986740,2.930570036,65536,12,3,8.431644909,106.148120395,0.050000000,12,1,4,-21.000000000,-7.000000000,7.000000000,21.000000000,-1,1,-2,4,-9,50,57,-21,-9,3,-2,1,-1,0,0,0,0,0,0,0,0,-1,2,-3,5,-10,53,57,-25,-6,1,-1,0,0,-1,0,-1,0,0,0,0,0
22.000,256,112,-80,256,64,-48,0.250000000,-0.187500000,8.283210549375e-03,8.283e-3,-2.081801299,82832.105493749,82832,8.283200000000e-03,8.283200000000e-03,-2.081801852,0,-1.027099609,3.201773130,65536,12,3,8.431644909,106.148120395,0.050000000,12,1,6,-21.000000000,-7.000000000,7.000000000,21.000000000,-2,3,-4,6,-12,57,57,-22,0,-2,1,-2,1,-2,1,-2,1,-1,1,-1,0,-1,2,-3,5,-10,53,57,-25,-6,1,-1,0,0,-1,0,-1,0,0,0,0,0
22.000,256,112,-80,256,96,16,0.375000000,0.062500000,8.736567595788e-03,8.737e-3,-2.058659159,87365.675957880,87366,8.736600000000e-03,8.736600000000e-03,-2.058657548,0,-1.095842361,3.322380037,65536,12,3,8.431644909,106.148120395,0.050000000,12,1,12,-21.000000000,-7.000000000,7.000000000,21.000000000,-2,3,-5,7,-13,57,57,-13,4,-5,2,-3,2,-2,1,-2,1,-1,1,-1,0,-1,2,-3,5,-10,53,57,-25,-6,1,-1,0,0,-1,0,-1,0,0,0,0,0
22.000,256,112,-80,256,80,0,0.312500000,0.000000000,8.781803987516e-03,8.782e-3,-2.056416261,87818.039875162,87818,8.781800000000e-03,8.781800000000e-03,-2.056416458,0,-1.101918221,3.239961532,65536,12,3,8.431644909,106.148120395,0.050000000,12,1,12,-21.000000000,-7.000000000,7.000000000,21.000000000,-2,3,-5,7,-13,57,57,-13,3,-4,2,-3,2,-2,1,-2,1,-1,1,-1,1,-1,2,-3,5,-10,53,57,-25,-6,1,-1,0,0,-1,0,-1,0,0,0,0,0
22.000,256,112,-80,256,48,-96,0.187500000,-0.375000000,1.115666163924e-02,1.116e-2,-1.952465738,111566.616392368,111567,1.115670000000e-02,1.115670000000e-02,-1.952464245,0,-0.924708366,3.409921293,65536,12,3,8.431644909,106.148120395,0.050000000,12,1,10,-21.000000000,-7.000000000,7.000000000,21.000000000,-2,3,-4,6,-12,56,57,-35,-3,0,0,-1,1,-1,1,-1,0,-1,0,-1,0,-1,2,-3,5,-10,53,57,-25,-6,1,-1,0,0,-1,0,-1,0,0,0,0,0
22.000,256,112,-80,256,160,0,0.625000000,0.000000000,1.168941780584e-02,1.169e-2,-1.932207118,116894.178058448,116894,1.168940000000e-02,1.168940000000e-02,-1.932207780,0,-1.046030045,3.242867208,65536,12,3,8.431644909,106.148120395,0.050000000,12,1,12,-21.000000000,-7.000000000,7.000000000,21.000000000,-2,2,-3,5,-10,52,57,-13,-2,-2,0,-1,0,-1,1,-1,1,-1,0,-1,0,-1,2,-3,5,-10,53,57,-25,-6,1,-1,0,0,-1,0,-1,0,0,0,0,0
22.000,256,112,-80,256,144,16,0.562500000,0.062500000,1.198588777681e-02,1.199e-2,-1.921329793,119858.877768076,119859,1.198590000000e-02,1.198590000000e-02,-1.921329350,0,-1.069279671,3.396384098,65536,12,3,8.431644909,106.148120395,0.050000000,12,1,12,-21.000000000,-7.000000000,7.000000000,21.000000000,-2,2,-4,6,-11,54,57,-13,1,-3,1,-2,1,-2,1,-1,1,-1,0,-1,0,-1,2,-3,5,-10,53,57,-25,-6,1,-1,0,0,-1,0,-1,0,0,0,0,0
22.000,256,112,-80,256,64,-32,0.250000000,-0.125000000,1.223933487338e-02,1.224e-2,-1.912242183,122393.348733763,122393,1.223930000000e-02,1.223930000000e-02,-1.912243420,0,-1.054531097,3.433102436,65536,12,3,8.431644909,106.148120395,0.050000000,12,1,7,-21.000000000,-7.000000000,7.000000000,21.000000000,-2,3,-4,7,-13,57,57,-19,1,-3,2,-2,1,-2,1,-2,1,-1,1,-1,0,-1,2,-3,5,-10,53,57,-25,-6,1,-1,0,0,-1,0,-1,0,0,0,0,0
22.000,256,112,-80,256,160,-96,0.625000000,-0.375000000,1.223990450727e-02,1.224e-2,-1.912221970,122399.045072709,122399,1.223990000000e-02,1.223990000000e-02,-1.912222130,0,-0.930620193,3.142396777,65536,12,3,8.431644909,106.148120395,0.050000000,12,1,4,-21.000000000,-7.000000000,7.000000000,21.000000000,-1,1,-2,3,-8,49,57,-25,-10,4,-2,1,-1,0,-1,0,-1,0,0,0,0,-1,2,-3,5,-10,53,57,-25,-6,1,-1,0,0,-1,0,-1,0,0,0,0,0
22.000,256,112,-80,256,48,-80,0.187500000,-0.312500000,1.375854526102e-02,1.376e-2,-1.861427483,137585.452610162,137585,1.375850000000e-02,1.375850000000e-02,-1.861428912,0,-0.964926720,3.551841743,65536,12,3,8.431644909,106.148120395,0.050000000,12,1,6,-21.000000000,-7.000000000,7.000000000,21.000000000,-2,3,-4,6,-12,57,57,-31,-2,0,1,-1,1,-1,1,-2,0,-1,0,-1,0,-1,2,-3,5,-10,53,57,-25,-6,1,-1,0,0,-1,0,-1,0,0,0,0,0
22.000,256,112,-80,256,64,-16,0.250000000,-0.062500000,1.513512202789e-02,1.514e-2,-1.820014073,151351.220278912,151351,1.513510000000e-02,1.513510000000e-02,-1.820014705,0,-1.096519470,3.618549703,65536,12,3,8.431644909,106.148120395,0.050000000,12,1,10,-21.000000000,-7.000000000,7.000000000,21.000000000,-2,3,-5,7,-13,58,57,-15,3,-4,2,-3,2,-2,1,-2,1,-1,1,-1,1,-1,2,-3,5,-10,53,57,-25,-6,1,-1,0,0,-1,0,-1,0,0,0,0,0
22.000,256,112,-80,256,176,-48,0.687500000,-0.187500000,1.536292371417e-02,1.536e-2,-1.813526126,153629.237141747,153629,1.536290000000e-02,1.536290000000e-02,-1.813526796,0,-1.034171104,3.281432545,65536,12,3,8.431644909,106.148120395,0.050000000,12,1,12,-21.000000000,-7.000000000,7.000000000,21.000000000,-1,1,-2,4,-9,50,57,-13,-7,1,-1,0,-1,0,0,0,0,0,0,0,0,-1,2,-3,5,-10,53,57,-25,-6,1,-1,0,0,-1,0,-1,0,0,0,0,0
22.000,256,112,-80,256,80,16,0.312500000,0.062500000,1.571666433909e-02,1.572e-2,-1.803639622,157166.643390865,157167,1.571670000000e-02,1.571670000000e-02,-1.803638637,0,-1.124207497,3.735529912,65536,12,3,8.431644909,106.148120395,0.050000000,12,1,12,-21.000000000,-7.000000000,7.000000000,21.000000000,-3,3,-5,7,-13,58,57,-13,5,-5,3,-3,2,-2,2,-2,1,-1,1,-1,1,-1,2,-3,5,-10,53,57,-25,-6,1,-1,0,0,-1,0,-1,0,0,0,0,0
22.000,256,112,-80,256,176,-32,0.687500000,-0.125000000,1.626847121849e-02,1.627e-2,-1.788653257,162684.712184888,162685,1.626850000000e-02,1.626850000000e-02,-1.788652488,0,-1.035952568,3.358199308,65536,12,3,8.431644909,106.148120395,0.050000000,12,1,12,-21.000000000,-7.000000000,7.000000000,21.000000000,-1,1,-3,4,-9,51,57,-13,-5,0,-1,0,0,-1,0,-1,0,0,0,0,0,-1,2,-3,5,-10,53,57,-25,-6,1,-1,0,0,-1,0,-1,0,0,0,0,0
22.000,256,112,-80,256,48,-64,0.187500000,-0.250000000,1.812236980586e-02,1.812e-2,-1.741785012,181223.698058570,181224,1.812240000000e-02,1.812240000000e-02,-1.741784288,0,-0.993899345,3.753529085,65536,12,3,8.431644909,106.148120395,0.050000000,12,1,6,-21.000000000,-7.000000000,7.000000000,21.000000000,-2,3,-4,6,-13,57,57,-27,0,-1,1,-2,1,-2,1,-2,1,-1,1,-1,0,-1,2,-3,5,-10,53,57,-25,-6,1,-1,0,0,-1,0,-1,0,0,0,0,0
22.000,256,112,-80,256,112,32,0.437500000,0.125000000,1.957519034482e-02,1.958e-2,-1.708294006,195751.903448187,195752,1.957520000000e-02,1.957520000000e-02,-1.708293792,0,-1.094420433,3.877980366,65536,12,3,8.431644909,106.148120395,0.050000000,12,1,12,-21.000000000,-7.000000000,7.000000000,21.000000000,-2,3,-4,7,-13,56,57,-13,4,-5,2,-3,2,-2,1,-2,1,-1,1,-1,0,-1,2,-3,5,-10,53,57,-25,-6,1,-1,0,0,-1,0,-1,0,0,0,0,0
22.000,256,112,-80,256,176,-16,0.687500000,-0.062500000,1.968083623421e-02,1.968e-2,-1.705956452,196808.362342094,196808,1.968080000000e-02,1.968080000000e-02,-1.705957252,0,-1.021681786,3.536288035,65536,12,3,8.431644909,106.148120395,0.050000000,12,1,12,-21.000000000,-7.000000000,7.000000000,21.000000000,-1,2,-3,4,-10,51,57,-13,-4,-1,-1,-1,0,-1,0,-1,0,-1,0,0,0,-1,2,-3,5,-10,53,57,-25,-6,1,-1,0,0,-1,0,-1,0,0,0,0,0
22.000,256,112,-80,256,176,-64,0.687500000,-0.250000000,2.018714421786e-02,2.019e-2,-1.694925114,201871.442178577,201871,2.018710000000e-02,2.018710000000e-02,-1.694926066,0,-1.007792473,3.471713512,65536,12,3,8.431644909,106.148120395,0.050000000,12,1,9,-21.000000000,-7.000000000,7.000000000,21.000000000,-1,1,-2,4,-9,50,57,-16,-8,2,-2,0,-1,0,0,0,0,0,0,0,0,-1,2,-3,5,-10,53,57,-25,-6,1,-1,0,0,-1,0,-1,0,0,0,0,0
22.000,256,112,-80,256,64,0,0.250000000,0.000000000,2.052493121957e-02,2.052e-2,-1.687718290,205249.312195675,205249,2.052490000000e-02,2.052490000000e-02,-1.687718950,0,-1.110065460,3.902436630,65536,12,3,8.431644909,106.148120395,0.050000000,12,1,12,-21.000000000,-7.000000000,7.000000000,21.000000000,-3,3,-5,7,-14,58,57,-13,4,-5,3,-3,2,-2,2,-2,1,-1,1,-1,1,-1,2,-3,5,-10,53,57,-25,-6,1,-1,0,0,-1,0,-1,0,0,0,0,0
22.000,256,112,-80,256,128,32,0.500000000,0.125000000,2.120440117815e-02,2.120e-2,-1.673573988,212044.011781547,212044,2.120440000000e-02,2.120440000000e-02,-1.673574012,0,-1.076126099,3.903441228,65536,12,3,8.431644909,106.148120395,0.050000000,12,1,12,-21.000000000,-7.000000000,7.000000000,21.000000000,-2,3,-4,6,-12,55,57,-13,3,-5,2,-3,1,-2,1,-2,1,-1,1,-1,0,-1,2,-3,5,-10,53,57,-25,-6,1,-1,0,0,-1,0,-1,0,0,0,0,0
22.000,256,112,-80,256,96,32,0.375000000,0.125000000,2.172031749187e-02,2.172e-2,-1.663133831,217203.174918656,217203,2.172030000000e-02,2.172030000000e-02,-1.663134181,0,-1.110532761,4.025074483,65536,12,3,8.431644909,106.148120395,0.050000000,12,1,12,-21.000000000,-7.000000000,7.000000000,21.000000000,-3,3,-5,7,-13,57,57,-13,5,-6,3,-3,2,-2,2,-2,1,-1,1,-1,1,-1,2,-3,5,-10,53,57,-25,-6,1,-1,0,0,-1,0,-1,0,0,0,0,0
22.000,256,112,-80,256,48,-48,0.187500000,-0.187500000,2.188431889680e-02,2.188e-2,-1.659866965,218843.188968014,218843,2.188430000000e-02,2.188430000000e-02,-1.659867340,0,-1.041716576,3.949538553,65536,12,3,8.431644909,106.148120395,0.050000000,12,1,7,-21.000000000,-7.000000000,7.000000000,21.000000000,-2,3,-4,7,-13,58,57,-24,1,-2,2,-2,1,-2,1,-2,1,-1,1,-1,1,-1,2,-3,5,-10,53,57,-25,-6,1,-1,0,0,-1,0,-1,0,0,0,0,0
22.000,256,112,-80,256,160,16,0.625000000,0.062500000,2.264920521915e-02,2.265e-2,-1.644947033,226492.052191509,226492,2.264920000000e-02,2.264920000000e-02,-1.644947133,0,-1.061803818,3.834540630,65536,12,3,8.431644909,106.148120395,0.050000000,12,1,12,-21.000000000,-7.000000000,7.000000000,21.000000000,-2,2,-3,5,-11,53,57,-13,0,-3,1,-2,1,-1,1,-1,1,-1,0,-1,0,-1,2,-3,5,-10,53,57,-25,-6,1,-1,0,0,-1,0,-1,0,0,0,0,0
22.000,256,112,-80,256,32,-96,0.125000000,-0.375000000,2.578017724199e-02,2.578e-2,-1.588714101,257801.772419886,257802,2.578020000000e-02,2.578020000000e-02,-1.588713718,0,-0.931406021,4.102787735,65536,12,3,8.431644909,106.148120395,0.050000000,12,1,11,-21.000000000,-7.000000000,7.000000000,21.000000000,-2,3,-4,6,-12,57,57,-36,-2,0,1,-1,1,-1,1,-2,0,-1,0,-1,0,-1,2,-3,5,-10,53,57,-25,-6,1,-1,0,0,-1,0,-1,0,0,0,0,0
22.000,256,112,-80,256,176,-80,0.687500000,-0.312500000,2.643518801332e-02,2.644e-2,-1.577817596,264351.880133226,264352,2.643520000000e-02,2.643520000000e-02,-1.577817400,0,-0.965224266,3.666660579,65536,12,3,8.431644909,106.148120395,0.050000000,12,1,6,-21.000000000,-7.000000000,7.000000000,21.000000000,-1,1,-2,3,-8,49,57,-19,-10,3,-2,1,-1,0,-1,0,-1,0,0,0,0,-1,2,-3,5,-10,53,57,-25,-6,1,-1,0,0,-1,0,-1,0,0,0,0,0
22.000,256,112,-80,256,64,16,0.250000000,0.062500000,2.690195805567e-02,2.690e-2,-1.570216109,269019.580556665,269020,2.690200000000e-02,2.690200000000e-02,-1.570215432,0,-1.129852295,4.274799381,65536,12,3,8.431644909,106.148120395,0.050000000,12,1,12,-21.000000000,-7.000000000,7.000000000,21.000000000,-3,4,-5,7,-14,59,57,-13,6,-6,3,-3,2,-3,2,-2,2,-1,1,-1,1,-1,2,-3,5,-10,53,57,-25,-6,1,-1,0,0,-1,0,-1,0,0,0,0,0
22.000,256,112,-80,256,144,32,0.562500000,0.125000000,2.797468682800e-02,2.797e-2,-1.553234767,279746.868280015,279747,2.797470000000e-02,2.797470000000e-02,-1.553234562,0,-1.068802834,4.138556965,65536,12,3,8.431644909,106.148120395,0.050000000,12,1,12,-21.000000000,-7.000000000,7.000000000,21.000000000,-2,3,-4,6,-12,54,57,-13,2,-4,2,-2,1,-2,1,-2,1,-1,0,-1,0,-1,2,-3,5,-10,53,57,-25,-6,1,-1,0,0,-1,0,-1,0,0,0,0,0
22.000,256,112,-80,256,48,-32,0.187500000,-0.125000000,2.800079198655e-02,2.800e-2,-1.552829685,280007.919865463,280008,2.800080000000e-02,2.800080000000e-02,-1.552829560,0,-1.054743767,4.178019536,65536,12,3,8.431644909,106.148120395,0.050000000,12,1,8,-21.000000000,-7.000000000,7.000000000,21.000000000,-3,3,-5,7,-13,58,57,-20,2,-3,2,-3,2,-2,1,-2,1,-1,1,-1,1,-1,2,-3,5,-10,53,57,-25,-6,1,-1,0,0,-1,0,-1,0,0,0,0,0
22.000,256,112,-80,256,80,32,0.312500000,0.125000000,2.814049295613e-02,2.814e-2,-1.550668299,281404.929561338,281405,2.814050000000e-02,2.814050000000e-02,-1.550668190,0,-1.104046822,4.330247305,65536,12,3,8.431644909,106.148120395,0.050000000,12,1,12,-21.000000000,-7.000000000,7.000000000,21.000000000,-3,3,-5,7,-14,58,57,-13,6,-6,3,-4,2,-3,2,-2,2,-2,1,-1,1,-1,2,-3,5,-10,53,57,-25,-6,1,-1,0,0,-1,0,-1,0,0,0,0,0
22.000,256,112,-80,256,176,0,0.687500000,0.000000000,2.876132253511e-02,2.876e-2,-1.541191148,287613.225351082,287613,2.876130000000e-02,2.876130000000e-02,-1.541191488,0,-1.040614128,3.950976643,65536,12,3,8.431644909,106.148120395,0.050000000,12,1,12,-21.000000000,-7.000000000,7.000000000,21.000000000,-1,2,-3,5,-10,52,57,-13,-3,-1,0,-1,0,-1,0,-1,0,-1,0,-1,0,-1,2,-3,5,-10,53,57,-25,-6,1,-1,0,0,-1,0,-1,0,0,0,0,0
22.000,256,112,-80,256,32,-80,0.125000000,-0.312500000,2.935617532848e-02,2.936e-2,-1.532300527,293561.753284778,293562,2.935620000000e-02,2.935620000000e-02,-1.532300162,0,-0.958974838,4.314260074,65536,12,3,8.431644909,106.148120395,0.050000000,12,1,8,-21.000000000,-7.000000000,7.000000000,21.000000000,-2,3,-4,7,-13,58,57,-33,-1,-1,1,-2,1,-2,1,-2,1,-1,1,-1,0,-1,2,-3,5,-10,53,57,-25,-6,1,-1,0,0,-1,0,-1,0,0,0,0,0
22.000,256,112,-80,256,48,-16,0.187500000,-0.062500000,3.169237298365e-02,3.169e-2,-1.499045242,316923.729836510,316924,3.169240000000e-02,3.169240000000e-02,-1.499044871,0,-1.102927208,4.390545440,65536,12,3,8.431644909,106.148120395,0.050000000,12,1,10,-21.000000000,-7.000000000,7.000000000,21.000000000,-3,3,-5,7,-14,59,57,-16,4,-4,3,-3,2,-2,2,-2,1,-1,1,-1,1,-1,2,-3,5,-10,53,57,-25,-6,1,-1,0,0,-1,0,-1,0,0,0,0,0
22.000,256,112,-80,256,176,-96,0.687500000,-0.375000000,3.349189089680e-02,3.349e-2,-1.475060332,334918.908968036,334919,3.349190000000e-02,3.349190000000e-02,-1.475060214,0,-0.925692558,3.880813560,65536,12,3,8.431644909,106.148120395,0.050000000,12,1,5,-21.000000000,-7.000000000,7.000000000,21.000000000,-1,1,-2,3,-8,48,57,-23,-11,4,-3,1,-1,0,-1,0,-1,0,0,0,0,-1,2,-3,5,-10,53,57,-25,-6,1,-1,0,0,-1,0,-1,0,0,0,0,0
22.000,256,112,-80,256,112,48,0.437500000,0.187500000,3.408289181857e-02,3.408e-2,-1.467463564,340828.918185669,340829,3.408290000000e-02,3.408290000000e-02,-1.467463460,0,-1.116587639,4.601965958,65536,12,3,8.431644909,106.148120395,0.050000000,12,1,12,-21.000000000,-7.000000000,7.000000000,21.000000000,-3,3,-5,7,-13,57,57,-13,6,-6,3,-3,2,-3,2,-2,2,-1,1,-1,1,-1,2,-3,5,-10,53,57,-25,-6,1,-1,0,0,-1,0,-1,0,0,0,0,0
22.000,256,112,-80,256,32,-64,0.125000000,-0.250000000,3.549639232366e-02,3.550e-2,-1.449815784,354963.923236565,354964,3.549640000000e-02,3.549640000000e-02,-1.449815690,0,-1.007127762,4.501459148,65536,12,3,8.431644909,106.148120395,0.050000000,12,1,7,-21.000000000,-7.000000000,7.000000000,21.000000000,-2,3,-4,7,-13,58,57,-29,1,-2,2,-2,1,-2,1,-2,1,-1,1,-1,1,-1,2,-3,5,-10,53,57,-25,-6,1,-1,0,0,-1,0,-1,0,0,0,0,0
22.000,256,112,-80,256,96,48,0.375000000,0.187500000,3.647827347268e-02,3.648e-2,-1.437965725,364782.734726785,364783,3.647830000000e-02,3.647830000000e-02,-1.437965409,0,-1.095712662,4.736566442,65536,12,3,8.431644909,106.148120395,0.050000000,12,1,12,-21.000000000,-7.000000000,7.000000000,21.000000000,-3,3,-5,7,-14,58,57,-13,6,-7,3,-4,2,-3,2,-2,2,-2,1,-1,1,-1,2,-3,5,-10,53,57,-25,-6,1,-1,0,0,-1,0,-1,0,0,0,0,0
22.000,256,112,-80,256,48,0,0.187500000,0.000000000,3.665802679180e-02,3.666e-2,-1.435830916,366580.267917969,366580,3.665800000000e-02,3.665800000000e-02,-1.435831233,0,-1.125155449,4.562887114,65536,12,3,8.431644909,106.148120395,0.050000000,12,1,12,-21.000000000,-7.000000000,7.000000000,21.000000000,-3,4,-5,8,-14,59,57,-13,5,-5,3,-3,2,-3,2,-3,1,-1,1,-1,1,-1,2,-3,5,-10,53,57,-25,-6,1,-1,0,0,-1,0,-1,0,0,0,0,0
22.000,256,112,-80,256,192,-32,0.750000000,-0.125000000,3.784889703859e-02,3.785e-2,-1.421946772,378488.970385924,378489,3.784890000000e-02,3.784890000000e-02,-1.421946738,0,-1.040958405,4.095865349,65536,12,3,8.431644909,106.148120395,0.050000000,12,1,12,-21.000000000,-7.000000000,7.000000000,21.000000000,-1,1,-2,4,-9,50,57,-13,-6,1,-1,0,-1,0,0,0,0,0,0,0,0,-1,2,-3,5,-10,53,57,-25,-6,1,-1,0,0,-1,0,-1,0,0,0,0,0
22.000,256,112,-80,256,128,48,0.500000000,0.187500000,3.886928965361e-02,3.887e-2,-1.410393396,388692.896536119,388693,3.886930000000e-02,3.886930000000e-02,-1.410393281,0,-1.095607758,4.707903795,65536,12,3,8.431644909,106.148120395,0.050000000,12,1,12,-21.000000000,-7.000000000,7.000000000,21.000000000,-2,3,-4,7,-13,56,57,-13,5,-6,2,-3,2,-2,1,-2,1,-1,1,-1,0,-1,2,-3,5,-10,53,57,-25,-6,1,-1,0,0,-1,0,-1,0,0,0,0,0
22.000,256,112,-80,256,192,-48,0.750000000,-0.187500000,3.928136020278e-02,3.928e-2,-1.405813482,392813.602027843,392814,3.928140000000e-02,3.928140000000e-02,-1.405813042,0,-1.022132874,4.072968270,65536,12,3,8.431644909,106.148120395,0.050000000,12,1,12,-21.000000000,-7.000000000,7.000000000,21.000000000,-1,1,-2,3,-8,49,57,-13,-8,2,-2,0,-1,0,0,0,0,0,0,0,0,-1,2,-3,5,-10,53,57,-25,-6,1,-1,0,0,-1,0,-1,0,0,0,0,0
22.000,256,112,-80,256,64,32,0.250000000,0.125000000,3.948468662236e-02,3.948e-2,-1.403571304,394846.866223557,394847,3.948470000000e-02,3.948470000000e-02,-1.403571157,0,-1.117488861,4.780953825,65536,12,3,8.431644909,106.148120395,0.050000000,12,1,12,-21.000000000,-7.000000000,7.000000000,21.000000000,-3,4,-5,8,-14,59,57,-13,6,-7,4,-4,2,-3,2,-3,2,-2,1,-1,1,-1,2,-3,5,-10,53,57,-25,-6,1,-1,0,0,-1,0,-1,0,0,0,0,0
22.000,256,112,-80,256,160,32,0.625000000,0.125000000,3.973379311061e-02,3.973e-2,-1.400839974,397337.931106104,397338,3.973380000000e-02,3.973380000000e-02,-1.400839899,0,-1.053972244,4.506921081,65536,12,3,8.431644909,106.148120395,0.050000000,12,1,12,-21.000000000,-7.000000000,7.000000000,21.000000000,-2,2,-4,6,-11,53,57,-13,1,-4,1,-2,1,-2,1,-1,1,-1,0,-1,0,-1,2,-3,5,-10,53,57,-25,-6,1,-1,0,0,-1,0,-1,0,0,0,0,0
22.000,256,112,-80,256,32,-48,0.125000000,-0.187500000,4.051791337693e-02,4.052e-2,-1.392352928,405179.133769306,405179,4.051790000000e-02,4.051790000000e-02,-1.392353072,0,-1.033979416,4.723008458,65536,12,3,8.431644909,106.148120395,0.050000000,12,1,8,-21.000000000,-7.000000000,7.000000000,21.000000000,-3,3,-5,7,-13,59,57,-25,2,-3,2,-2,2,-2,1,-2,1,-1,1,-1,1,-1,2,-3,5,-10,53,57,-25,-6,1,-1,0,0,-1,0,-1,0,0,0,0,0
22.000,256,112,-80,256,176,16,0.687500000,0.062500000,4.071956446425e-02,4.072e-2,-1.390196876,407195.644642480,407196,4.071960000000e-02,4.071960000000e-02,-1.390196497,0,-1.047659874,4.425204019,65536,12,3,8.431644909,106.148120395,0.050000000,12,1,12,-21.000000000,-7.000000000,7.000000000,21.000000000,-2,2,-3,5,-10,52,57,-13,-1,-2,0,-2,0,-1,1,-1,1,-1,0,-1,0,-1,2,-3,5,-10,53,57,-25,-6,1,-1,0,0,-1,0,-1,0,0,0,0,0
22.000,256,112,-80,256,192,-16,0.750000000,-0.062500000,4.252727891293e-02,4.253e-2,-1.371332405,425272.789129314,425273,4.252730000000e-02,4.252730000000e-02,-1.371332189,0,-1.034103394,4.285906448,65536,12,3,8.431644909,106.148120395,0.050000000,12,1,12,-21.000000000,-7.000000000,7.000000000,21.000000000,-1,1,-2,4,-9,50,57,-13,-5,0,-1,-1,0,-1,0,0,0,0,0,0,0,-1,2,-3,5,-10,53,57,-25,-6,1,-1,0,0,-1,0,-1,0,0,0,0,0
22.000,256,112,-80,256,48,16,0.187500000,0.062500000,4.340307851197e-02,4.340e-2,-1.362479466,434030.785119670,434031,4.340310000000e-02,4.340310000000e-02,-1.362479251,0,-1.124220848,4.902623791,65536,12,3,8.431644909,106.148120395,0.050000000,12,1,12,-21.000000000,-7.000000000,7.000000000,21.000000000,-3,4,-5,8,-14,60,57,-13,6,-6,3,-4,2,-3,2,-3,2,-2,1,-1,1,-1,2,-3,5,-10,53,57,-25,-6,1,-1,0,0,-1,0,-1,0,0,0,0,0
22.000,256,112,-80,256,80,48,0.312500000,0.187500000,4.351463765584e-02,4.351e-2,-1.361364628,435146.376558409,435146,4.351460000000e-02,4.351460000000e-02,-1.361365004,0,-1.117562294,5.009765464,65536,12,3,8.431644909,106.148120395,0.050000000,12,1,12,-21.000000000,-7.000000000,7.000000000,21.000000000,-3,4,-5,8,-14,59,57,-13,6,-7,4,-4,2,-3,2,-3,2,-2,1,-1,1,-1,2,-3,5,-10,53,57,-25,-6,1,-1,0,0,-1,0,-1,0,0,0,0,0
22.000,256,112,-80,256,16,-96,0.062500000,-0.375000000,4.513160196721e-02,4.513e-2,-1.345519251,451316.019672120,451316,4.513160000000e-02,4.513160000000e-02,-1.345519270,0,-0.951546669,4.874554899,65536,12,3,8.431644909,106.148120395,0.050000000,12,1,12,-21.000000000,-7.000000000,7.000000000,21.000000000,-2,3,-4,7,-13,58,57,-37,-1,0,1,-1,1,-2,1,-2,1,-1,1,-1,1,-1,2,-3,5,-10,53,57,-25,-6,1,-1,0,0,-1,0,-1,0,0,0,0,0
22.000,256,112,-80,256,192,-64,0.750000000,-0.250000000,4.538096276609e-02,4.538e-2,-1.343126295,453809.627660948,453810,4.538100000000e-02,4.538100000000e-02,-1.343125938,0,-1.008632660,4.232906620,65536,12,3,8.431644909,106.148120395,0.050000000,12,1,11,-21.000000000,-7.000000000,7.000000000,21.000000000,-1,1,-2,3,-8,49,57,-14,-9,3,-2,1,-1,0,-1,0,-1,0,0,0,0,-1,2,-3,5,-10,53,57,-25,-6,1,-1,0,0,-1,0,-1,0,0,0,0,0
22.000,256,112,-80,256,144,48,0.562500000,0.187500000,4.673572696606e-02,4.674e-2,-1.330350998,467357.269660614,467357,4.673570000000e-02,4.673570000000e-02,-1.330351248,0,-1.076596260,4.918657888,65536,12,3,8.431644909,106.148120395,0.050000000,12,1,12,-21.000000000,-7.000000000,7.000000000,21.000000000,-2,3,-4,6,-12,55,57,-13,4,-5,2,-3,1,-2,1,-2,1,-1,0,-1,0,-1,2,-3,5,-10,53,57,-25,-6,1,-1,0,0,-1,0,-1,0,0,0,0,0
22.000,256,112,-80,256,32,-32,0.125000000,-0.125000000,4.719924258977e-02,4.720e-2,-1.326064970,471992.425897709,471992,4.719920000000e-02,4.719920000000e-02,-1.326065362,0,-1.059808731,4.968487178,65536,12,3,8.431644909,106.148120395,0.050000000,12,1,9,-21.000000000,-7.000000000,7.000000000,21.000000000,-3,3,-5,7,-14,59,57,-21,3,-4,3,-3,2,-2,2,-2,1,-1,1,-1,1,-1,2,-3,5,-10,53,57,-25,-6,1,-1,0,0,-1,0,-1,0,0,0,0,0
22.000,256,112,-80,256,32,-16,0.125000000,-0.062500000,4.918554581382e-02,4.919e-2,-1.308162505,491855.458138199,491855,4.918550000000e-02,4.918550000000e-02,-1.308162909,0,-1.096426010,5.105568823,65536,12,3,8.431644909,106.148120395,0.050000000,12,1,11,-21.000000000,-7.000000000,7.000000000,21.000000000,-3,4,-5,8,-14,60,57,-18,5,-5,3,-3,2,-3,2,-3,1,-1,1,-1,1,-1,2,-3,5,-10,53,57,-25,-6,1,-1,0,0,-1,0,-1,0,0,0,0,0
22.000,256,112,-80,256,16,-80,0.062500000,-0.312500000,4.942973284029e-02,4.943e-2,-1.306011737,494297.328402906,494297,4.942970000000e-02,4.942970000000e-02,-1.306012025,0,-0.974186897,5.085442105,65536,12,3,8.431644909,106.148120395,0.050000000,12,1,9,-21.000000000,-7.000000000,7.000000000,21.000000000,-2,3,-5,7,-13,59,57,-34,0,-1,2,-2,1,-2,1,-2,1,-1,1,-1,1,-1,2,-3,5,-10,53,57,-25,-6,1,-1,0,0,-1,0,-1,0,0,0,0,0
22.000,256,112,-80,256,192,0,0.750000000,0.000000000,5.199124819059e-02,5.199e-2,-1.284069756,519912.481905878,519912,5.199120000000e-02,5.199120000000e-02,-1.284070159,0,-1.019542694,4.674806068,65536,12,3,8.431644909,106.148120395,0.050000000,12,1,12,-21.000000000,-7.000000000,7.000000000,21.000000000,-1,2,-3,4,-9,51,57,-13,-4,-1,-1,-1,0,-1,0,-1,0,-1,0,-1,0,-1,2,-3,5,-10,53,57,-25,-6,1,-1,0,0,-1,0,-1,0,0,0,0,0
22.000,256,112,-80,256,192,-80,0.750000000,-0.312500000,5.290670452422e-02,5.291e-2,-1.276489289,529067.045242199,529067,5.290670000000e-02,5.290670000000e-02,-1.276489326,0,-0.960357666,4.433532340,65536,12,3,8.431644909,106.148120395,0.050000000,12,1,7,-21.000000000,-7.000000000,7.000000000,21.000000000,-1,1,-2,3,-8,48,57,-18,-11,4,-3,1,-1,0,-1,0,-1,0,0,0,0,-1,2,-3,5,-10,53,57,-25,-6,1,-1,0,0,-1,0,-1,0,0,0,0,0
22.000,256,112,-80,256,64,48,0.250000000,0.187500000,5.469458675481e-02,5.469e-2,-1.262055655,546945.867548075,546946,5.469460000000e-02,5.469460000000e-02,-1.262055549,0,-1.115684509,5.465425877,65536,12,3,8.431644909,106.148120395,0.050000000,12,1,12,-21.000000000,-7.000000000,7.000000000,21.000000000,-3,4,-6,8,-15,60,57,-13,6,-7,4,-4,3,-3,2,-3,2,-2,1,-1,1,-1,2,-3,5,-10,53,57,-25,-6,1,-1,0,0,-1,0,-1,0,0,0,0,0
22.000,256,112,-80,256,176,32,0.687500000,0.125000000,5.533007785572e-02,5.533e-2,-1.257038719,553300.778557168,553301,5.533010000000e-02,5.533010000000e-02,-1.257038545,0,-1.053423882,5.042545900,65536,12,3,8.431644909,106.148120395,0.050000000,12,1,12,-21.000000000,-7.000000000,7.000000000,21.000000000,-2,2,-3,5,-11,53,57,-13,0,-3,1,-2,1,-2,1,-1,1,-1,0,-1,0,-1,2,-3,5,-10,53,57,-25,-6,1,-1,0,0,-1,0,-1,0,0,0,0,0
22.000,256,112,-80,256,48,32,0.187500000,0.125000000,5.558516556384e-02,5.559e-2,-1.255041096,555851.655638389,555852,5.558520000000e-02,5.558520000000e-02,-1.255040827,0,-1.115611076,5.410701683,65536,12,3,8.431644909,106.148120395,0.050000000,12,1,12,-21.000000000,-7.000000000,7.000000000,21.000000000,-3,4,-6,8,-15,60,57,-13,6,-7,4,-4,3,-3,2,-3,2,-2,1,-1,1,-1,2,-3,5,-10,53,57,-25,-6,1,-1,0,0,-1,0,-1,0,0,0,0,0
22.000,256,112,-80,256,16,-64,0.062500000,-0.250000000,5.571974745483e-02,5.572e-2,-1.253990861,557197.474548283,557197,5.571970000000e-02,5.571970000000e-02,-1.253991231,0,-1.000397682,5.303470817,65536,12,3,8.431644909,106.148120395,0.050000000,12,1,8,-21.000000000,-7.000000000,7.000000000,21.000000000,-3,3,-5,7,-14,59,57,-30,2,-2,2,-2,2,-2,1,-2,1,-1,1,-1,1,-1,2,-3,5,-10,53,57,-25,-6,1,-1,0,0,-1,0,-1,0,0,0,0,0
22.000,256,112,-80,256,112,64,0.437500000,0.250000000,5.646287875732e-02,5.646e-2,-1.248236983,564628.787573221,564629,5.646290000000e-02,5.646290000000e-02,-1.248236820,0,-1.095526695,5.427623928,65536,12,3,8.431644909,106.148120395,0.050000000,12,1,12,-21.000000000,-7.000000000,7.000000000,21.000000000,-3,3,-5,7,-13,57,57,-13,6,-7,3,-4,2,-3,2,-2,2,-2,1,-1,1,-1,2,-3,5,-10,53,57,-25,-6,1,-1,0,0,-1,0,-1,0,0,0,0,0
22.000,256,112,-80,256,32,0,0.125000000,0.000000000,5.681251396050e-02,5.681e-2,-1.245555993,568125.139604997,568125,5.681250000000e-02,5.681250000000e-02,-1.245556099,0,-1.116258621,5.345706080,65536,12,3,8.431644909,106.148120395,0.050000000,12,1,12,-21.000000000,-7.000000000,7.000000000,21.000000000,-3,4,-5,8,-15,60,57,-14,6,-6,3,-4,2,-3,2,-3,2,-1,1,-1,1,-1,2,-3,5,-10,53,57,-25,-6,1,-1,0,0,-1,0,-1,0,0,0,0,0
22.000,256,112,-80,256,96,64,0.375000000,0.250000000,5.741320079839e-02,5.741e-2,-1.240988240,574132.007983949,574132,5.741320000000e-02,5.741320000000e-02,-1.240988246,0,-1.102819443,5.520757724,65536,12,3,8.431644909,106.148120395,0.050000000,12,1,12,-21.000000000,-7.000000000,7.000000000,21.000000000,-3,4,-5,8,-14,58,57,-13,6,-8,4,-4,2,-3,2,-3,2,-2,1,-1,1,-1,2,-3,5,-10,53,57,-25,-6,1,-1,0,0,-1,0,-1,0,0,0,0,0
22.000,256,112,-80,256,128,64,0.500000000,0.250000000,5.755211399257e-02,5.755e-2,-1.239938719,575521.139925683,575521,5.755210000000e-02,5.755210000000e-02,-1.239938825,0,-1.083930969,5.452222462,65536,12,3,8.431644909,106.148120395,0.050000000,12,1,12,-21.000000000,-7.000000000,7.000000000,21.000000000,-3,3,-5,7,-13,56,57,-13,6,-7,3,-4,2,-3,2,-2,2,-2,1,-1,0,-1,2,-3,5,-10,53,57,-25,-6,1,-1,0,0,-1,0,-1,0,0,0,0,0
22.000,256,112,-80,256,160,48,0.625000000,0.187500000,5.772732472935e-02,5.773e-2,-1.238618569,577273.247293489,577273,5.772730000000e-02,5.772730000000e-02,-1.238618755,0,-1.063123703,5.259459191,65536,12,3,8.431644909,106.148120395,0.050000000,12,1,12,-21.000000000,-7.000000000,7.000000000,21.000000000,-2,3,-4,6,-12,54,57,-13,3,-5,2,-3,1,-2,1,-2,1,-1,0,-1,0,-1,2,-3,5,-10,53,57,-25,-6,1,-1,0,0,-1,0,-1,0,0,0,0,0
22.000,256,112,-80,256,16,-48,0.062500000,-0.187500000,6.021125804048e-02,6.021e-2,-1.220322299,602112.580404841,602113,6.021130000000e-02,6.021130000000e-02,-1.220321996,0,-1.026425362,5.535164119,65536,12,3,8.431644909,106.148120395,0.050000000,12,1,9,-21.000000000,-7.000000000,7.000000000,21.000000000,-3,3,-5,7,-14,60,57,-27,3,-3,2,-3,2,-2,2,-2,1,-1,1,-1,1,-1,2,-3,5,-10,53,57,-25,-6,1,-1,0,0,-1,0,-1,0,0,0,0,0
22.000,256,112,-80,256,192,-96,0.750000000,-0.375000000,6.148892595344e-02,6.149e-2,-1.211203093,614889.259534423,614889,6.148890000000e-02,6.148890000000e-02,-1.211203276,0,-0.960346222,4.675829761,65536,12,3,8.431644909,106.148120395,0.050000000,12,1,6,-21.000000000,-7.000000000,7.000000000,21.000000000,0,1,-1,3,-7,48,57,-22,-12,5,-3,1,-1,1,-1,0,-1,0,0,0,0,-1,2,-3,5,-10,53,57,-25,-6,1,-1,0,0,-1,0,-1,0,0,0,0,0
22.000,256,112,-80,256,32,16,0.125000000,0.062500000,6.287046733487e-02,6.287e-2,-1.201553311,628704.673348717,628705,6.287050000000e-02,6.287050000000e-02,-1.201553086,0,-1.124189377,5.661675475,65536,12,3,8.431644909,106.148120395,0.050000000,12,1,12,-21.000000000,-7.000000000,7.000000000,21.000000000,-3,4,-6,8,-15,61,57,-13,6,-7,4,-4,3,-3,2,-3,2,-2,1,-1,1,-1,2,-3,5,-10,53,57,-25,-6,1,-1,0,0,-1,0,-1,0,0,0,0,0
22.000,256,112,-80,256,192,16,0.750000000,0.062500000,6.424214485919e-02,6.424e-2,-1.192179968,642421.448591935,642421,6.424210000000e-02,6.424210000000e-02,-1.192180271,0,-1.034233093,5.131564430,65536,12,3,8.431644909,106.148120395,0.050000000,12,1,12,-21.000000000,-7.000000000,7.000000000,21.000000000,-1,2,-3,5,-10,51,57,-13,-2,-2,0,-1,0,-1,0,-1,0,-1,0,-1,0,-1,2,-3,5,-10,53,57,-25,-6,1,-1,0,0,-1,0,-1,0,0,0,0,0
22.000,256,112,-80,256,80,64,0.312500000,0.250000000,6.448430431905e-02,6.448e-2,-1.190545981,644843.043190528,644843,6.448430000000e-02,6.448430000000e-02,-1.190546010,0,-1.117222786,5.790727941,65536,12,3,8.431644909,106.148120395,0.050000000,12,1,12,-21.000000000,-7.000000000,7.000000000,21.000000000,-3,4,-5,8,-14,59,57,-13,6,-8,4,-4,3,-3,2,-3,2,-2,1,-1,1,-1,2,-3,5,-10,53,57,-25,-6,1,-1,0,0,-1,0,-1,0,0,0,0,0
22.000,256,112,-80,256,16,-32,0.062500000,-0.125000000,6.579905224727e-02,6.580e-2,-1.181780362,657990.522472702,657991,6.579910000000e-02,6.579910000000e-02,-1.181780047,0,-1.066933632,5.689103179,65536,12,3,8.431644909,106.148120395,0.050000000,12,1,10,-21.000000000,-7.000000000,7.000000000,21.000000000,-3,4,-5,8,-14,60,57,-23,4,-4,3,-3,2,-2,2,-3,1,-1,1,-1,1,-1,2,-3,5,-10,53,57,-25,-6,1,-1,0,0,-1,0,-1,0,0,0,0,0
22.000,256,112,-80,256,208,-32,0.812500000,-0.125000000,6.666456758847e-02,6.666e-2,-1.176104934,666645.675884723,666646,6.666460000000e-02,6.666460000000e-02,-1.176104722,0,-1.020436287,4.930310194,65536,12,3,8.431644909,106.148120395,0.050000000,12,1,12,-21.000000000,-7.000000000,7.000000000,21.000000000,-1,1,-2,3,-8,49,57,-13,-7,1,-2,0,-1,0,0,0,0,0,0,0,0,-1,2,-3,5,-10,53,57,-25,-6,1,-1,0,0,-1,0,-1,0,0,0,0,0
22.000,256,112,-80,256,0,-96,0.000000000,-0.375000000,6.711550306819e-02,6.712e-2,-1.173177150,671155.030681938,671155,6.711550000000e-02,6.711550000000e-02,-1.173177170,0,-0.953346252,5.688174801,65536,12,3,8.431644909,106.148120395,0.050000000,12,1,12,-21.000000000,-7.000000000,7.000000000,21.000000000,-2,3,-5,7,-13,59,57,-37,0,-1,2,-2,1,-2,1,-2,1,-1,1,-1,1,-1,2,-3,5,-10,53,57,-25,-6,1,-1,0,0,-1,0,-1,0,0,0,0,0
22.000,256,112,-80,256,208,-48,0.812500000,-0.187500000,6.868895234862e-02,6.869e-2,-1.163113107,686889.523486212,686890,6.868900000000e-02,6.868900000000e-02,-1.163112806,0,-1.006752968,4.894202365,65536,12,3,8.431644909,106.148120395,0.050000000,12,1,12,-21.000000000,-7.000000000,7.000000000,21.000000000,-1,1,-2,3,-8,48,57,-13,-9,2,-2,1,-1,0,-1,0,0,0,0,0,0,-1,2,-3,5,-10,53,57,-25,-6,1,-1,0,0,-1,0,-1,0,0,0,0,0
22.000,256,112,-80,256,144,64,0.562500000,0.250000000,6.919965912894e-02,6.920e-2,-1.159896045,691996.591289445,691997,6.919970000000e-02,6.919970000000e-02,-1.159895788,0,-1.087838173,5.727738043,65536,12,3,8.431644909,106.148120395,0.050000000,12,1,12,-21.000000000,-7.000000000,7.000000000,21.000000000,-2,3,-4,6,-12,55,57,-13,5,-6,2,-3,2,-2,1,-2,1,-1,1,-1,0,-1,2,-3,5,-10,53,57,-25,-6,1,-1,0,0,-1,0,-1,0,0,0,0,0
22.000,256,112,-80,256,48,48,0.187500000,0.187500000,6.945837226824e-02,6.946e-2,-1.158275398,694583.722682383,694584,6.945840000000e-02,6.945840000000e-02,-1.158275225,0,-1.115592003,6.011707606,65536,12,3,8.431644909,106.148120395,0.050000000,12,1,12,-21.000000000,-7.000000000,7.000000000,21.000000000,-3,4,-6,8,-15,61,57,-13,6,-8,4,-4,3,-3,2,-3,2,-2,1,-1,1,-1,2,-3,5,-10,53,57,-25,-6,1,-1,0,0,-1,0,-1,0,0,0,0,0
22.000,256,112,-80,256,208,-16,0.812500000,-0.062500000,6.992119256084e-02,6.992e-2,-1.155391173,699211.925608351,699212,6.992120000000e-02,6.992120000000e-02,-1.155391127,0,-1.026078224,5.087054804,65536,12,3,8.431644909,106.148120395,0.050000000,12,1,12,-21.000000000,-7.000000000,7.000000000,21.000000000,-1,1,-2,4,-9,49,57,-13,-6,0,-1,0,-1,0,0,0,0,0,0,0,0,-1,2,-3,5,-10,53,57,-25,-6,1,-1,0,0,-1,0,-1,0,0,0,0,0
22.000,256,112,-80,256,16,-16,0.062500000,-0.062500000,7.002728050354e-02,7.003e-2,-1.154732739,700272.805035381,700273,7.002730000000e-02,7.002730000000e-02,-1.154732618,0,-1.102162361,5.900238604,65536,12,3,8.431644909,106.148120395,0.050000000,12,1,12,-21.000000000,-7.000000000,7.000000000,21.000000000,-3,4,-5,8,-15,61,57,-19,6,-5,3,-3,2,-3,2,-3,2,-1,1,-1,1,-1,2,-3,5,-10,53,57,-25,-6,1,-1,0,0,-1,0,-1,0,0,0,0,0
22.000,256,112,-80,256,0,-80,0.000000000,-0.312500000,7.220526196046e-02,7.221e-2,-1.141431152,722052.619604554,722053,7.220530000000e-02,7.220530000000e-02,-1.141430923,0,-0.958698273,5.901404613,65536,12,3,8.431644909,106.148120395,0.050000000,12,1,10,-21.000000000,-7.000000000,7.000000000,21.000000000,-3,3,-5,7,-14,59,57,-35,1,-2,2,-2,2,-2,1,-2,1,-1,1,-1,1,-1,2,-3,5,-10,53,57,-25,-6,1,-1,0,0,-1,0,-1,0,0,0,0,0
22.000,256,112,-80,256,176,48,0.687500000,0.187500000,7.367327736294e-02,7.367e-2,-1.132690010,736732.773629448,736733,7.367330000000e-02,7.367330000000e-02,-1.132689877,0,-1.056365013,5.713392383,65536,12,3,8.431644909,106.148120395,0.050000000,12,1,12,-21.000000000,-7.000000000,7.000000000,21.000000000,-2,2,-4,5,-11,53,57,-13,2,-4,1,-2,1,-2,1,-1,1,-1,0,-1,0,-1,2,-3,5,-10,53,57,-25,-6,1,-1,0,0,-1,0,-1,0,0,0,0,0
22.000,256,112,-80,256,64,64,0.250000000,0.250000000,7.392554210240e-02,7.393e-2,-1.131205482,739255.421023977,739255,7.392550000000e-02,7.392550000000e-02,-1.131205729,0,-1.102954865,6.193661360,65536,12,3,8.431644909,106.148120395,0.050000000,12,1,12,-21.000000000,-7.000000000,7.000000000,21.000000000,-3,4,-6,8,-15,60,57,-13,6,-8,4,-5,3,-3,2,-3,2,-2,1,-1,1,-1,2,-3,5,-10,53,57,-25,-6,1,-1,0,0,-1,0,-1,0,0,0,0,0
22.000,256,112,-80,256,208,-64,0.812500000,-0.250000000,7.408901185763e-02,7.409e-2,-1.130246197,740890.118576315,740890,7.408900000000e-02,7.408900000000e-02,-1.130246267,0,-0.996212959,5.018527884,65536,12,3,8.431644909,106.148120395,0.050000000,12,1,12,-21.000000000,-7.000000000,7.000000000,21.000000000,-1,1,-2,3,-8,48,57,-13,-10,3,-3,1,-1,0,-1,0,-1,0,0,0,0,-1,2,-3,5,-10,53,57,-25,-6,1,-1,0,0,-1,0,-1,0,0,0,0,0
22.000,256,112,-80,256,32,32,0.125000000,0.125000000,7.488754861036e-02,7.489e-2,-1.125590385,748875.486103555,748875,7.488750000000e-02,7.488750000000e-02,-1.125590667,0,-1.124216080,6.108537864,65536,12,3,8.431644909,106.148120395,0.050000000,12,1,12,-21.000000000,-7.000000000,7.000000000,21.000000000,-3,4,-6,8,-15,61,57,-13,6,-7,4,-4,3,-3,2,-3,2,-2,1,-1,1,-1,2,-3,5,-10,53,57,-25,-6,1,-1,0,0,-1,0,-1,0,0,0,0,0
22.000,256,112,-80,256,0,-64,0.000000000,-0.250000000,7.511966979375e-02,7.512e-2,-1.124246330,751196.697937464,751197,7.511970000000e-02,7.511970000000e-02,-1.124246155,0,-0.998046875,6.102742295,65536,12,3,8.431644909,106.148120395,0.050000000,12,1,9,-21.000000000,-7.000000000,7.000000000,21.000000000,-3,3,-5,8,-14,60,57,-32,3,-3,2,-3,2,-2,2,-2,1,-1,1,-1,1,-1,2,-3,5,-10,53,57,-25,-6,1,-1,0,0,-1,0,-1,0,0,0,0,0
22.000,256,112,-80,256,192,32,0.750000000,0.125000000,7.575714215864e-02,7.576e-2,-1.120576417,757571.421586355,757571,7.575710000000e-02,7.575710000000e-02,-1.120576659,0,-1.040775299,5.643350222,65536,12,3,8.431644909,106.148120395,0.050000000,12,1,12,-21.000000000,-7.000000000,7.000000000,21.000000000,-2,2,-3,5,-10,52,57,-13,-1,-3,0,-2,0,-1,1,-1,1,-1,0,-1,0,-1,2,-3,5,-10,53,57,-25,-6,1,-1,0,0,-1,0,-1,0,0,0,0,0
22.000,256,112,-80,256,208,0,0.812500000,0.000000000,7.602988899995e-02,7.603e-2,-1.119015644,760298.889999477,760299,7.602990000000e-02,7.602990000000e-02,-1.119015581,0,-1.018979073,5.390521437,65536,12,3,8.431644909,106.148120395,0.050000000,12,1,12,-21.000000000,-7.000000000,7.000000000,21.000000000,-1,1,-2,4,-9,50,57,-13,-5,-1,-1,-1,0,-1,0,0,0,-1,0,0,0,-1,2,-3,5,-10,53,57,-25,-6,1,-1,0,0,-1,0,-1,0,0,0,0,0
22.000,256,112,-80,256,112,80,0.437500000,0.312500000,7.651020037408e-02,7.651e-2,-1.116280661,765102.003740819,765102,7.651020000000e-02,7.651020000000e-02,-1.116280663,0,-1.096621513,6.281446984,65536,12,3,8.431644909,106.148120395,0.050000000,12,1,12,-21.000000000,-7.000000000,7.000000000,21.000000000,-3,4,-5,7,-14,58,57,-13,6,-8,4,-4,2,-3,2,-3,2,-2,1,-1,1,-1,2,-3,5,-10,53,57,-25,-6,1,-1,0,0,-1,0,-1,0,0,0,0,0
22.000,256,112,-80,256,160,64,0.625000000,0.250000000,7.689710939793e-02,7.690e-2,-1.114089985,768971.093979348,768971,7.689710000000e-02,7.689710000000e-02,-1.114090038,0,-1.068353653,6.032960684,65536,12,3,8.431644909,106.148120395,0.050000000,12,1,12,-21.000000000,-7.000000000,7.000000000,21.000000000,-2,3,-4,6,-12,55,57,-13,4,-6,2,-3,1,-2,1,-2,1,-1,0,-1,0,-1,2,-3,5,-10,53,57,-25,-6,1,-1,0,0,-1,0,-1,0,0,0,0,0
22.000,256,112,-80,256,16,0,0.062500000,0.000000000,7.842426389238e-02,7.842e-2,-1.105549549,784242.638923811,784243,7.842430000000e-02,7.842430000000e-02,-1.105549349,0,-1.117814064,6.165599794,65536,12,3,8.431644909,106.148120395,0.050000000,12,1,12,-21.000000000,-7.000000000,7.000000000,21.000000000,-3,4,-6,8,-15,61,57,-15,6,-6,4,-4,3,-3,2,-3,2,-2,1,-1,1,-1,2,-3,5,-10,53,57,-25,-6,1,-1,0,0,-1,0,-1,0,0,0,0,0
22.000,256,112,-80,256,0,-48,0.000000000,-0.187500000,7.858174780258e-02,7.858e-2,-1.104678316,785817.478025792,785817,7.858170000000e-02,7.858170000000e-02,-1.104678580,0,-1.038799286,6.259844722,65536,12,3,8.431644909,106.148120395,0.050000000,12,1,10,-21.000000000,-7.000000000,7.000000000,21.000000000,-3,4,-5,8,-14,61,57,-28,4,-4,3,-3,2,-2,2,-3,1,-1,1,-1,1,-1,2,-3,5,-10,53,57,-25,-6,1,-1,0,0,-1,0,-1,0,0,0,0,0
22.000,256,112,-80,256,96,80,0.375000000,0.312500000,7.865522020016e-02,7.866e-2,-1.104272449,786552.202001551,786552,7.865520000000e-02,7.865520000000e-02,-1.104272560,0,-1.117296219,6.392173777,65536,12,3,8.431644909,106.148120395,0.050000000,12,1,12,-21.000000000,-7.000000000,7.000000000,21.000000000,-3,4,-5,8,-14,59,57,-13,6,-8,4,-4,3,-3,2,-3,2,-2,1,-1,1,-1,2,-3,5,-10,53,57,-25,-6,1,-1,0,0,-1,0,-1,0,0,0,0,0
22.000,256,112,-80,256,128,80,0.500000000,0.312500000,7.881404790938e-02,7.881e-2,-1.103396366,788140.479093803,788140,7.881400000000e-02,7.881400000000e-02,-1.103396630,0,-1.089206696,6.307674148,65536,12,3,8.431644909,106.148120395,0.050000000,12,1,12,-21.000000000,-7.000000000,7.000000000,21.000000000,-3,3,-5,7,-13,57,57,-13,6,-8,3,-4,2,-3,2,-2,2,-2,1,-1,1,-1,2,-3,5,-10,53,57,-25,-6,1,-1,0,0,-1,0,-1,0,0,0,0,0
22.000,256,112,-80,256,80,80,0.312500000,0.312500000,8.262544172491e-02,8.263e-2,-1.082886206,826254.417249089,826254,8.262540000000e-02,8.262540000000e-02,-1.082886425,0,-1.095978737,6.619019430,65536,12,3,8.431644909,106.148120395,0.050000000,12,1,12,-21.000000000,-7.000000000,7.000000000,21.000000000,-3,4,-6,8,-15,60,57,-13,6,-9,4,-5,3,-3,2,-3,2,-2,1,-1,1,-1,2,-3,5,-10,53,57,-25,-6,1,-1,0,0,-1,0,-1,0,0,0,0,0
22.000,256,112,-80,256,208,-80,0.812500000,-0.312500000,8.297746959936e-02,8.298e-2,-1.081039813,829774.695993621,829775,8.297750000000e-02,8.297750000000e-02,-1.081039654,0,-0.973923683,5.231803655,65536,12,3,8.431644909,106.148120395,0.050000000,12,1,8,-21.000000000,-7.000000000,7.000000000,21.000000000,0,1,-1,3,-7,47,57,-17,-12,4,-3,1,-2,1,-1,0,-1,0,0,0,0,-1,2,-3,5,-10,53,57,-25,-6,1,-1,0,0,-1,0,-1,0,0,0,0,0
22.000,256,112,-80,256,32,48,0.125000000,0.187500000,8.410156954396e-02,8.410e-2,-1.075195899,841015.695439564,841016,8.410160000000e-02,8.410160000000e-02,-1.075195742,0,-1.123250961,6.657467398,65536,12,3,8.431644909,106.148120395,0.050000000,12,1,12,-21.000000000,-7.000000000,7.000000000,21.000000000,-3,4,-6,9,-16,62,57,-13,6,-8,5,-5,3,-4,3,-3,2,-2,1,-1,1,-1,2,-3,5,-10,53,57,-25,-6,1,-1,0,0,-1,0,-1,0,0,0,0,0
22.000,256,112,-80,256,144,80,0.562500000,0.312500000,8.426448859981e-02,8.426e-2,-1.074355411,842644.885998059,842645,8.426450000000e-02,8.426450000000e-02,-1.074355352,0,-1.084004402,6.473296777,65536,12,3,8.431644909,106.148120395,0.050000000,12,1,12,-21.000000000,-7.000000000,7.000000000,21.000000000,-3,3,-5,7,-13,56,57,-13,6,-7,3,-4,2,-3,2,-2,2,-2,1,-1,0,-1,2,-3,5,-10,53,57,-25,-6,1,-1,0,0,-1,0,-1,0,0,0,0,0
22.000,256,112,-80,256,16,16,0.062500000,0.062500000,8.452492267206e-02,8.452e-2,-1.073015218,845249.226720577,845249,8.452490000000e-02,8.452490000000e-02,-1.073015334,0,-1.136578560,6.454123338,65536,12,3,8.431644909,106.148120395,0.050000000,12,1,12,-21.000000000,-7.000000000,7.000000000,21.000000000,-3,4,-6,9,-15,62,57,-13,6,-7,4,-4,3,-3,2,-3,2,-2,1,-1,1,-1,2,-3,5,-10,53,57,-25,-6,1,-1,0,0,-1,0,-1,0,0,0,0,0
22.000,256,112,-80,256,48,64,0.187500000,0.250000000,8.498482674641e-02,8.498e-2,-1.070658607,849848.267464073,849848,8.498480000000e-02,8.498480000000e-02,-1.070658743,0,-1.117022514,6.675794854,65536,12,3,8.431644909,106.148120395,0.050000000,12,1,12,-21.000000000,-7.000000000,7.000000000,21.000000000,-3,4,-6,9,-15,61,57,-13,6,-9,5,-5,3,-4,3,-3,2,-2,1,-1,1,-1,2,-3,5,-10,53,57,-25,-6,1,-1,0,0,-1,0,-1,0,0,0,0,0
22.000,256,112,-80,256,0,-32,0.000000000,-0.125000000,8.581002389976e-02,8.581e-2,-1.066461977,858100.238997608,858100,8.581000000000e-02,8.581000000000e-02,-1.066462098,0,-1.056266785,6.504875098,65536,12,3,8.431644909,106.148120395,0.050000000,12,1,11,-21.000000000,-7.000000000,7.000000000,21.000000000,-3,4,-5,8,-15,61,57,-24,5,-5,3,-3,2,-3,2,-3,1,-1,1,-1,1,-1,2,-3,5,-10,53,57,-25,-6,1,-1,0,0,-1,0,-1,0,0,0,0,0
22.000,256,112,-80,256,208,-96,0.812500000,-0.375000000,8.830888854691e-02,8.831e-2,-1.053995581,883088.885469146,883089,8.830890000000e-02,8.830890000000e-02,-1.053995525,0,-0.937443733,5.386378957,65536,12,3,8.431644909,106.148120395,0.050000000,12,1,7,-21.000000000,-7.000000000,7.000000000,21.000000000,0,0,-1,2,-7,47,57,-20,-13,5,-4,2,-2,1,-1,1,-1,0,-1,0,0,-1,2,-3,5,-10,53,57,-25,-6,1,-1,0,0,-1,0,-1,0,0,0,0,0
22.000,256,112,-80,256,-16,-96,-0.062500000,-0.375000000,8.877602137406e-02,8.878e-2,-1.051704322,887760.213740635,887760,8.877600000000e-02,8.877600000000e-02,-1.051704427,0,-0.956717491,6.528805512,65536,12,3,8.431644909,106.148120395,0.050000000,12,1,12,-21.000000000,-7.000000000,7.000000000,21.000000000,-3,3,-5,7,-14,60,57,-37,1,-1,2,-2,2,-2,1,-2,1,-1,1,-1,1,-1,2,-3,5,-10,53,57,-25,-6,1,-1,0,0,-1,0,-1,0,0,0,0,0
22.000,256,112,-80,256,208,16,0.812500000,0.062500000,8.898410834367e-02,8.898e-2,-1.050687547,889841.083436686,889841,8.898410000000e-02,8.898410000000e-02,-1.050687588,0,-1.027337074,5.871176790,65536,12,3,8.431644909,106.148120395,0.050000000,12,1,12,-21.000000000,-7.000000000,7.000000000,21.000000000,-1,2,-3,4,-9,50,57,-13,-3,-1,0,-1,0,-1,0,-1,0,-1,0,-1,0,-1,2,-3,5,-10,53,57,-25,-6,1,-1,0,0,-1,0,-1,0,0,0,0,0
22.000,256,112,-80,256,0,-16,0.000000000,-0.062500000,8.983774772671e-02,8.984e-2,-1.046541145,898377.477267065,898377,8.983770000000e-02,8.983770000000e-02,-1.046541375,0,-1.082447052,6.731740638,65536,12,3,8.431644909,106.148120395,0.050000000,12,1,12,-21.000000000,-7.000000000,7.000000000,21.000000000,-3,4,-6,8,-15,62,57,-21,6,-6,4,-4,3,-3,2,-3,2,-2,1,-1,1,-1,2,-3,5,-10,53,57,-25,-6,1,-1,0,0,-1,0,-1,0,0,0,0,0
22.000,256,112,-80,256,64,80,0.250000000,0.312500000,8.997773355620e-02,8.998e-2,-1.045864950,899777.335561977,899777,8.997770000000e-02,8.997770000000e-02,-1.045865112,0,-1.117095947,6.964826180,65536,12,3,8.431644909,106.148120395,0.050000000,12,1,12,-21.000000000,-7.000000000,7.000000000,21.000000000,-3,4,-6,9,-15,61,57,-13,6,-9,5,-5,3,-4,3,-3,2,-2,1,-1,1,-1,2,-3,5,-10,53,57,-25,-6,1,-1,0,0,-1,0,-1,0,0,0,0,0
22.000,256,112,-80,256,-16,-80,-0.062500000,-0.312500000,9.083420121800e-02,9.083e-2,-1.041750599,908342.012179967,908342,9.083420000000e-02,9.083420000000e-02,-1.041750604,0,-0.978594780,6.692913048,65536,12,3,8.431644909,106.148120395,0.050000000,12,1,12,-21.000000000,-7.000000000,7.000000000,21.000000000,-3,4,-5,8,-14,60,57,-37,2,-2,2,-2,2,-2,2,-2,1,-1,1,-1,1,-1,2,-3,5,-10,53,57,-25,-6,1,-1,0,0,-1,0,-1,0,0,0,0,0
22.000,256,112,-80,256,192,48,0.750000000,0.187500000,9.096053260935e-02,9.096e-2,-1.041147005,909605.326093503,909605,9.096050000000e-02,9.096050000000e-02,-1.041147161,0,-1.048492432,6.256945385,65536,12,3,8.431644909,106.148120395,0.050000000,12,1,12,-21.000000000,-7.000000000,7.000000000,21.000000000,-2,2,-3,5,-11,52,57,-13,1,-4,1,-2,1,-2,1,-1,1,-1,0,-1,0,-1,2,-3,5,-10,53,57,-25,-6,1,-1,0,0,-1,0,-1,0,0,0,0,0
22.000,256,112,-80,256,176,64,0.687500000,0.250000000,9.133434078665e-02,9.133e-2,-1.039365901,913343.407866475,913343,9.133430000000e-02,9.133430000000e-02,-1.039366095,0,-1.067484856,6.468441390,65536,12,3,8.431644909,106.148120395,0.050000000,12,1,12,-21.000000000,-7.000000000,7.000000000,21.000000000,-2,3,-4,6,-11,54,57,-13,3,-5,2,-3,1,-2,1,-2,1,-1,0,-1,0,-1,2,-3,5,-10,53,57,-25,-6,1,-1,0,0,-1,0,-1,0,0,0,0,0
22.000,256,112,-80,256,16,32,0.062500000,0.125000000,9.252532718204e-02,9.253e-2,-1.033739371,925253.271820445,925253,9.252530000000e-02,9.252530000000e-02,-1.033739498,0,-1.128518105,6.867541912,65536,12,3,8.431644909,106.148120395,0.050000000,12,1,12,-21.000000000,-7.000000000,7.000000000,21.000000000,-3,4,-6,9,-16,62,57,-13,6,-8,5,-5,3,-3,3,-3,2,-2,1,-1,1,-1,2,-3,5,-10,53,57,-25,-6,1,-1,0,0,-1,0,-1,0,0,0,0,0
22.000,256,112,-80,256,-16,-64,-0.062500000,-0.250000000,9.367161504263e-02,9.367e-2,-1.028391992,936716.150426281,936716,9.367160000000e-02,9.367160000000e-02,-1.028392062,0,-0.999526024,6.868272035,65536,12,3,8.431644909,106.148120395,0.050000000,12,1,9,-21.000000000,-7.000000000,7.000000000,21.000000000,-3,4,-5,8,-15,61,57,-33,3,-3,3,-3,2,-2,2,-3,1,-1,1,-1,1,-1,2,-3,5,-10,53,57,-25,-6,1,-1,0,0,-1,0,-1,0,0,0,0,0
22.000,256,112,-80,256,160,80,0.625000000,0.312500000,9.592265992135e-02,9.592e-2,-1.018078787,959226.599213458,959227,9.592270000000e-02,9.592270000000e-02,-1.018078605,0,-1.104467392,6.769032776,65536,12,3,8.431644909,106.148120395,0.050000000,12,1,12,-21.000000000,-7.000000000,7.000000000,21.000000000,-2,3,-4,6,-12,55,57,-13,6,-7,3,-3,2,-2,1,-2,2,-1,1,-1,0,-1,2,-3,5,-10,53,57,-25,-6,1,-1,0,0,-1,0,-1,0,0,0,0,0
22.000,256,112,-80,256,112,96,0.437500000,0.375000000,9.815342423985e-02,9.815e-2,-1.008094545,981534.242398508,981534,9.815340000000e-02,9.815340000000e-02,-1.008094652,0,-1.094664574,7.150500774,65536,12,3,8.431644909,106.148120395,0.050000000,12,1,12,-21.000000000,-7.000000000,7.000000000,21.000000000,-3,4,-5,8,-14,58,57,-13,6,-9,4,-5,3,-3,2,-3,2,-2,1,-1,1,-1,2,-3,5,-10,53,57,-25,-6,1,-1,0,0,-1,0,-1,0,0,0,0,0
22.000,256,112,-80,256,0,0,0.000000000,0.000000000,9.824755171484e-02,9.825e-2,-1.007678263,982475.517148376,982476,9.824760000000e-02,9.824760000000e-02,-1.007678050,0,-1.103332520,7.015238097,65536,12,3,8.431644909,106.148120395,0.050000000,12,1,12,-21.000000000,-7.000000000,7.000000000,21.000000000,-3,4,-6,9,-16,62,57,-17,6,-7,4,-4,3,-3,2,-3,2,-2,1,-1,1,-1,2,-3,5,-10,53,57,-25,-6,1,-1,0,0,-1,0,-1,0,0,0,0,0
22.000,256,112,-80,256,208,32,0.812500000,0.125000000,9.841171125474e-02,9.841e-2,-1.006953216,984117.112547441,984117,9.841170000000e-02,9.841170000000e-02,-1.006953266,0,-1.036168098,6.325857195,65536,12,3,8.431644909,106.148120395,0.050000000,12,1,12,-21.000000000,-7.000000000,7.000000000,21.000000000,-1,2,-3,4,-10,51,57,-13,-2,-2,0,-1,0,-1,0,-1,1,-1,0,-1,0,-1,2,-3,5,-10,53,57,-25,-6,1,-1,0,0,-1,0,-1,0,0,0,0,0
22.000,256,112,-80,256,32,64,0.125000000,0.250000000,9.896369450812e-02,9.896e-2,-1.004524100,989636.945081206,989637,9.896370000000e-02,9.896370000000e-02,-1.004524076,0,-1.111696243,7.278389146,65536,12,3,8.431644909,106.148120395,0.050000000,12,1,12,-21.000000000,-7.000000000,7.000000000,21.000000000,-4,4,-6,9,-16,62,57,-13,6,-9,5,-5,3,-4,3,-3,2,-2,1,-1,1,-1,2,-3,5,-10,53,57,-25,-6,1,-1,0,0,-1,0,-1,0,0,0,0,0
22.000,256,112,-80,256,96,96,0.375000000,0.375000000,9.911148167530e-02,9.911e-2,-1.003876031,991114.816752987,991115,9.911150000000e-02,9.911150000000e-02,-1.003875951,0,-1.095029831,7.258649659,65536,12,3,8.431644909,106.148120395,0.050000000,12,1,12,-21.000000000,-7.000000000,7.000000000,21.000000000,-3,4,-6,8,-15,59,57,-13,6,-9,5,-5,3,-3,2,-3,2,-2,1,-1,1,-1,2,-3,5,-10,53,57,-25,-6,1,-1,0,0,-1,0,-1,0,0,0,0,0
22.000,256,112,-80,256,48,80,0.187500000,0.312500000,9.971694899089e-02,9.972e-2,-1.001231018,997169.489908919,997169,9.971690000000e-02,9.971690000000e-02,-1.001231231,0,-1.102217674,7.421499243,65536,12,3,8.431644909,106.148120395,0.050000000,12,1,12,-21.000000000,-7.000000000,7.000000000,21.000000000,-4,4,-6,9,-16,62,57,-13,6,-10,5,-5,3,-4,3,-3,2,-2,1,-1,1,-1,2,-3,5,-10,53,57,-25,-6,1,-1,0,0,-1,0,-1,0,0,0,0,0
22.000,256,112,-80,256,-16,-48,-0.062500000,-0.187500000,1.003358424771e-01,1.003e-1,-0.998543898,1003358.424771387,1003358,1.003358000000e-01,1.003358000000e-01,-0.998544082,0,-1.027445793,7.080213307,65536,12,3,8.431644909,106.148120395,0.050000000,12,1,11,-21.000000000,-7.000000000,7.000000000,21.000000000,-3,4,-5,8,-15,61,57,-29,5,-4,3,-3,2,-3,2,-3,1,-1,1,-1,1,-1,2,-3,5,-10,53,57,-25,-6,1,-1,0,0,-1,0,-1,0,0,0,0,0
22.000,256,112,-80,256,128,96,0.500000000,0.375000000,1.007525637005e-01,1.008e-1,-0.996743894,1007525.637004719,1007526,1.007526000000e-01,1.007526000000e-01,-0.996743738,0,-1.088485718,7.186918381,65536,12,3,8.431644909,106.148120395,0.050000000,12,1,12,-21.000000000,-7.000000000,7.000000000,21.000000000,-3,4,-5,7,-14,57,57,-13,6,-8,4,-4,2,-3,2,-3,2,-2,1,-1,1,-1,2,-3,5,-10,53,57,-25,-6,1,-1,0,0,-1,0,-1,0,0,0,0,0
22.000,256,112,-80,256,16,48,0.062500000,0.187500000,1.012016666709e-01,1.012e-1,-0.994812335,1012016.666709178,1012017,1.012017000000e-01,1.012017000000e-01,-0.994812192,0,-1.115818977,7.357926304,65536,12,3,8.431644909,106.148120395,0.050000000,12,1,12,-21.000000000,-7.000000000,7.000000000,21.000000000,-4,4,-6,9,-16,63,57,-13,6,-9,5,-5,3,-4,3,-3,2,-2,1,-1,1,-1,2,-3,5,-10,53,57,-25,-6,1,-1,0,0,-1,0,-1,0,0,0,0,0
22.000,256,112,-80,256,80,96,0.312500000,0.375000000,1.020532090739e-01,1.021e-1,-0.991173334,1020532.090738566,1020532,1.020532000000e-01,1.020532000000e-01,-0.991173373,0,-1.096768379,7.450374324,65536,12,3,8.431644909,106.148120395,0.050000000,12,1,12,-21.000000000,-7.000000000,7.000000000,21.000000000,-3,4,-6,8,-15,60,57,-13,6,-10,5,-5,3,-4,3,-3,2,-2,1,-1,1,-1,2,-3,5,-10,53,57,-25,-6,1,-1,0,0,-1,0,-1,0,0,0,0,0
22.000,256,112,-80,256,-16,-32,-0.062500000,-0.125000000,1.036978635346e-01,1.037e-1,-0.984230191,1036978.635346105,1036979,1.036979000000e-01,1.036979000000e-01,-0.984230038,0,-1.062689781,7.295288471,65536,12,3,8.431644909,106.148120395,0.050000000,12,1,12,-21.000000000,-7.000000000,7.000000000,21.000000000,-3,4,-6,8,-15,62,57,-26,6,-5,4,-4,3,-3,2,-3,2,-1,1,-1,1,-1,2,-3,5,-10,53,57,-25,-6,1,-1,0,0,-1,0,-1,0,0,0,0,0
22.000,256,112,-80,256,0,16,0.000000000,0.062500000,1.044454296298e-01,1.044e-1,-0.981110559,1044454.296297585,1044454,1.044454000000e-01,1.044454000000e-01,-0.981110683,0,-1.148632050,7.297639224,65536,12,3,8.431644909,106.148120395,0.050000000,12,1,12,-21.000000000,-7.000000000,7.000000000,21.000000000,-3,4,-6,9,-16,63,57,-13,6,-7,5,-4,3,-3,3,-3,2,-2,1,-1,1,-1,2,-3,5,-10,53,57,-25,-6,1,-1,0,0,-1,0,-1,0,0,0,0,0
22.000,256,112,-80,256,144,96,0.562500000,0.375000000,1.057375517440e-01,1.057e-1,-0.975770750,1057375.517439759,1057376,1.057376000000e-01,1.057376000000e-01,-0.975770551,0,-1.084580421,7.313248430,65536,12,3,8.431644909,106.148120395,0.050000000,12,1,12,-21.000000000,-7.000000000,7.000000000,21.000000000,-3,3,-5,7,-13,56,57,-13,6,-8,3,-4,2,-3,2,-2,2,-2,1,-1,1,-1,2,-3,5,-10,53,57,-25,-6,1,-1,0,0,-1,0,-1,0,0,0,0,0
22.000,256,112,-80,256,192,64,0.750000000,0.250000000,1.058601529877e-01,1.059e-1,-0.975267483,1058601.529876649,1058602,1.058602000000e-01,1.058602000000e-01,-0.975267290,0,-1.049922943,6.936756241,65536,12,3,8.431644909,106.148120395,0.050000000,12,1,12,-21.000000000,-7.000000000,7.000000000,21.000000000,-2,2,-4,5,-11,53,57,-13,2,-5,1,-2,1,-2,1,-1,1,-1,0,-1,0,-1,2,-3,5,-10,53,57,-25,-6,1,-1,0,0,-1,0,-1,0,0,0,0,0
22.000,256,112,-80,256,64,96,0.250000000,0.375000000,1.074210016746e-01,1.074e-1,-0.968910802,1074210.016746116,1074210,1.074210000000e-01,1.074210000000e-01,-0.968910809,0,-1.101772308,7.732483528,65536,12,3,8.431644909,106.148120395,0.050000000,12,1,12,-21.000000000,-7.000000000,7.000000000,21.000000000,-4,4,-6,9,-16,61,57,-13,6,-10,5,-5,3,-4,3,-3,3,-2,1,-1,1,-1,2,-3,5,-10,53,57,-25,-6,1,-1,0,0,-1,0,-1,0,0,0,0,0
22.000,256,112,-80,256,-32,-80,-0.125000000,-0.312500000,1.086443602473e-01,1.086e-1,-0.963992813,1086443.602472727,1086444,1.086444000000e-01,1.086444000000e-01,-0.963992654,0,-0.973207474,7.463136386,65536,12,3,8.431644909,106.148120395,0.050000000,12,1,12,-21.000000000,-7.000000000,7.000000000,21.000000000,-3,4,-5,8,-15,61,57,-37,3,-3,3,-3,2,-2,2,-3,1,-1,1,-1,1,-1,2,-3,5,-10,53,57,-25,-6,1,-1,0,0,-1,0,-1,0,0,0,0,0
22.000,256,112,-80,256,-32,-96,-0.125000000,-0.375000000,1.087075132388e-01,1.087e-1,-0.963740439,1087075.132387977,1087075,1.087075000000e-01,1.087075000000e-01,-0.963740492,0,-0.986562729,7.368059864,65536,12,3,8.431644909,106.148120395,0.050000000,12,1,12,-21.000000000,-7.000000000,7.000000000,21.000000000,-3,4,-5,8,-14,61,57,-37,2,-2,2,-2,2,-2,2,-2,1,-1,1,-1,1,-1,2,-3,5,-10,53,57,-25,-6,1,-1,0,0,-1,0,-1,0,0,0,0,0
22.000,256,112,-80,256,176,80,0.687500000,0.312500000,1.089379103613e-01,1.089e-1,-0.962820960,1089379.103613222,1089379,1.089379000000e-01,1.089379000000e-01,-0.962821001,0,-1.069907188,7.207333089,65536,12,3,8.431644909,106.148120395,0.050000000,12,1,12,-21.000000000,-7.000000000,7.000000000,21.000000000,-2,3,-4,6,-12,54,57,-13,5,-6,2,-3,1,-2,1,-2,1,-1,0,-1,0,-1,2,-3,5,-10,53,57,-25,-6,1,-1,0,0,-1,0,-1,0,0,0,0,0
22.000,256,112,-80,256,32,80,0.125000000,0.312500000,1.094803547832e-01,1.095e-1,-0.960663804,1094803.547832181,1094804,1.094804000000e-01,1.094804000000e-01,-0.960663625,0,-1.122983932,7.864381405,65536,12,3,8.431644909,106.148120395,0.050000000,12,1,12,-21.000000000,-7.000000000,7.000000000,21.000000000,-4,5,-7,9,-16,63,57,-13,6,-10,6,-5,4,-4,3,-4,3,-2,1,-1,1,-1,2,-3,5,-10,53,57,-25,-6,1,-1,0,0,-1,0,-1,0,0,0,0,0
22.000,256,112,-80,256,160,96,0.625000000,0.375000000,1.106888949069e-01,1.107e-1,-0.955895948,1106888.949069113,1106889,1.106889000000e-01,1.106889000000e-01,-0.955895928,0,-1.082979202,7.561340131,65536,12,3,8.431644909,106.148120395,0.050000000,12,1,12,-21.000000000,-7.000000000,7.000000000,21.000000000,-2,3,-5,7,-13,56,57,-13,6,-8,3,-4,2,-3,2,-2,2,-2,1,-1,0,-1,2,-3,5,-10,53,57,-25,-6,1,-1,0,0,-1,0,-1,0,0,0,0,0
22.000,256,112,-80,256,0,32,0.000000000,0.125000000,1.111687296161e-01,1.112e-1,-0.954017357,1111687.296161027,1111687,1.111687000000e-01,1.111687000000e-01,-0.954017473,0,-1.130638123,7.653901914,65536,12,3,8.431644909,106.148120395,0.050000000,12,1,12,-21.000000000,-7.000000000,7.000000000,21.000000000,-4,5,-6,9,-16,63,57,-13,6,-8,5,-5,3,-4,3,-3,2,-2,1,-1,1,-1,2,-3,5,-10,53,57,-25,-6,1,-1,0,0,-1,0,-1,0,0,0,0,0
22.000,256,112,-80,256,-32,-64,-0.125000000,-0.250000000,1.112323496164e-01,1.112e-1,-0.953768889,1112323.496163723,1112323,1.112323000000e-01,1.112323000000e-01,-0.953769083,0,-0.980619431,7.679211616,65536,12,3,8.431644909,106.148120395,0.050000000,12,1,10,-21.000000000,-7.000000000,7.000000000,21.000000000,-3,4,-6,8,-15,62,57,-35,4,-4,3,-3,2,-3,2,-3,1,-1,1,-1,1,-1,2,-3,5,-10,53,57,-25,-6,1,-1,0,0,-1,0,-1,0,0,0,0,0
22.000,256,112,-80,256,208,48,0.812500000,0.187500000,1.112375518914e-01,1.112e-1,-0.953748578,1112375.518914262,1112376,1.112376000000e-01,1.112376000000e-01,-0.953748390,0,-1.040802956,6.892530930,65536,12,3,8.431644909,106.148120395,0.050000000,12,1,12,-21.000000000,-7.000000000,7.000000000,21.000000000,-2,2,-3,5,-10,51,57,-13,0,-3,0,-2,0,-1,1,-1,1,-1,0,-1,0,-1,2,-3,5,-10,53,57,-25,-6,1,-1,0,0,-1,0,-1,0,0,0,0,0
22.000,256,112,-80,256,16,64,0.062500000,0.250000000,1.112493822101e-01,1.112e-1,-0.953702392,1112493.822101095,1112494,1.112494000000e-01,1.112494000000e-01,-0.953702323,0,-1.122910500,7.830183454,65536,12,3,8.431644909,106.148120395,0.050000000,12,1,12,-21.000000000,-7.000000000,7.000000000,21.000000000,-4,5,-7,9,-16,63,57,-13,6,-10,6,-5,4,-4,3,-4,3,-2,1,-1,1,-1,2,-3,5,-10,53,57,-25,-6,1,-1,0,0,-1,0,-1,0,0,0,0,0
22.000,256,112,-80,256,-16,-16,-0.062500000,-0.062500000,1.118331097296e-01,1.118e-1,-0.951429599,1118331.097295800,1118331,1.118331000000e-01,1.118331000000e-01,-0.951429636,0,-1.075121880,7.580405367,65536,12,3,8.431644909,106.148120395,0.050000000,12,1,12,-21.000000000,-7.000000000,7.000000000,21.000000000,-3,4,-6,9,-16,62,57,-22,6,-6,4,-4,3,-3,2,-3,2,-2,1,-1,1,-1,2,-3,5,-10,53,57,-25,-6,1,-1,0,0,-1,0,-1,0,0,0,0,0
22.000,256,112,-80,256,48,96,0.187500000,0.375000000,1.145938917746e-01,1.146e-1,-0.940838531,1145938.917746124,1145939,1.145939000000e-01,1.145939000000e-01,-0.940838500,0,-1.109507561,8.095887864,65536,12,3,8.431644909,106.148120395,0.050000000,12,1,12,-21.000000000,-7.000000000,7.000000000,21.000000000,-4,5,-6,9,-16,62,57,-13,6,-11,6,-6,4,-4,3,-4,3,-2,1,-1,1,-1,2,-3,5,-10,53,57,-25,-6,1,-1,0,0,-1,0,-1,0,0,0,0,0
22.000,256,112,-80,256,112,112,0.437500000,0.437500000,1.154142035674e-01,1.154e-1,-0.937740741,1154142.035673701,1154142,1.154142000000e-01,1.154142000000e-01,-0.937740754,0,-1.081904411,8.038412403,65536,12,3,8.431644909,106.148120395,0.050000000,12,1,12,-21.000000000,-7.000000000,7.000000000,21.000000000,-3,4,-6,8,-15,59,57,-13,6,-10,5,-5,3,-4,2,-3,2,-2,1,-1,1,-1,2,-3,5,-10,53,57,-25,-6,1,-1,0,0,-1,0,-1,0,0,0,0,0
22.000,256,112,-80,256,0,48,0.000000000,0.187500000,1.159304553122e-01,1.159e-1,-0.935802458,1159304.553122458,1159305,1.159305000000e-01,1.159305000000e-01,-0.935802291,0,-1.126407623,8.050449077,65536,12,3,8.431644909,106.148120395,0.050000000,12,1,12,-21.000000000,-7.000000000,7.000000000,21.000000000,-4,5,-7,9,-17,64,57,-13,6,-9,6,-5,4,-4,3,-4,2,-2,1,-1,1,-1,2,-3,5,-10,53,57,-25,-6,1,-1,0,0,-1,0,-1,0,0,0,0,0
22.000,256,112,-80,256,96,112,0.375000000,0.437500000,1.161957207011e-01,1.162e-1,-0.934809866,1161957.207011218,1161957,1.161957000000e-01,1.161957000000e-01,-0.934809943,0,-1.096841812,8.132987467,65536,12,3,8.431644909,106.148120395,0.050000000,12,1,12,-21.000000000,-7.000000000,7.000000000,21.000000000,-3,4,-6,8,-15,60,57,-13,6,-10,5,-5,3,-4,3,-3,2,-2,1,-1,1,-1,2,-3,5,-10,53,57,-25,-6,1,-1,0,0,-1,0,-1,0,0,0,0,0
22.000,256,112,-80,256,-32,-48,-0.125000000,-0.187500000,1.170049083559e-01,1.170e-1,-0.931795919,1170049.083559188,1170049,1.170049000000e-01,1.170049000000e-01,-0.931795950,0,-1.040155411,7.870502904,65536,12,3,8.431644909,106.148120395,0.050000000,12,1,12,-21.000000000,-7.000000000,7.000000000,21.000000000,-3,4,-6,9,-15,62,57,-31,6,-5,4,-3,3,-3,2,-3,2,-1,1,-1,1,-1,2,-3,5,-10,53,57,-25,-6,1,-1,0,0,-1,0,-1,0,0,0,0,0
22.000,256,112,-80,256,-16,0,-0.062500000,0.000000000,1.171646326974e-01,1.172e-1,-0.931203465,1171646.326974235,1171646,1.171646000000e-01,1.171646000000e-01,-0.931203586,0,-1.115004539,7.855733945,65536,12,3,8.431644909,106.148120395,0.050000000,12,1,12,-21.000000000,-7.000000000,7.000000000,21.000000000,-3,4,-6,9,-16,63,57,-18,6,-7,5,-4,3,-3,3,-3,2,-2,1,-1,1,-1,2,-3,5,-10,53,57,-25,-6,1,-1,0,0,-1,0,-1,0,0,0,0,0
22.000,256,112,-80,256,80,112,0.312500000,0.437500000,1.176416927881e-01,1.176e-1,-0.929438735,1176416.927881451,1176417,1.176417000000e-01,1.176417000000e-01,-0.929438708,0,-1.103661537,8.264541345,65536,12,3,8.431644909,106.148120395,0.050000000,12,1,12,-21.000000000,-7.000000000,7.000000000,21.000000000,-3,4,-6,9,-16,61,57,-13,6,-11,5,-5,3,-4,3,-3,3,-2,1,-1,1,-1,2,-3,5,-10,53,57,-25,-6,1,-1,0,0,-1,0,-1,0,0,0,0,0
22.000,256,112,-80,256,128,112,0.500000000,0.437500000,1.186494449556e-01,1.186e-1,-0.925734289,1186494.449556155,1186494,1.186494000000e-01,1.186494000000e-01,-0.925734454,0,-1.094738007,8.071235041,65536,12,3,8.431644909,106.148120395,0.050000000,12,1,12,-21.000000000,-7.000000000,7.000000000,21.000000000,-3,4,-5,8,-14,58,57,-13,6,-9,4,-5,3,-3,2,-3,2,-2,1,-1,1,-1,2,-3,5,-10,53,57,-25,-6,1,-1,0,0,-1,0,-1,0,0,0,0,0
22.000,256,112,-80,256,16,80,0.062500000,0.312500000,1.215190828235e-01,1.215e-1,-0.915355517,1215190.828235356,1215191,1.215191000000e-01,1.215191000000e-01,-0.915355456,0,-1.115658760,8.466978152,65536,12,3,8.431644909,106.148120395,0.050000000,12,1,12,-21.000000000,-7.000000000,7.000000000,21.000000000,-4,5,-7,10,-17,64,57,-13,6,-11,6,-6,4,-4,3,-4,3,-2,1,-1,1,-1,2,-3,5,-10,53,57,-25,-6,1,-1,0,0,-1,0,-1,0,0,0,0,0
22.000,256,112,-80,256,-32,-32,-0.125000000,-0.125000000,1.221594782008e-01,1.222e-1,-0.913072831,1221594.782008367,1221595,1.221595000000e-01,1.221595000000e-01,-0.913072754,0,-1.049947739,8.149685160,65536,12,3,8.431644909,106.148120395,0.050000000,12,1,12,-21.000000000,-7.000000000,7.000000000,21.000000000,-3,4,-6,9,-16,63,57,-27,6,-6,4,-4,3,-3,2,-3,2,-2,1,-1,1,-1,2,-3,5,-10,53,57,-25,-6,1,-1,0,0,-1,0,-1,0,0,0,0,0
22.000,256,112,-80,256,64,112,0.250000000,0.437500000,1.224369470321e-01,1.224e-1,-0.912087508,1224369.470320780,1224369,1.224369000000e-01,1.224369000000e-01,-0.912087675,0,-1.103767395,8.532095125,65536,12,3,8.431644909,106.148120395,0.050000000,12,1,12,-21.000000000,-7.000000000,7.000000000,21.000000000,-4,5,-6,9,-16,62,57,-13,6,-11,6,-6,3,-4,3,-4,3,-2,1,-1,1,-1,2,-3,5,-10,53,57,-25,-6,1,-1,0,0,-1,0,-1,0,0,0,0,0
22.000,256,112,-80,256,192,80,0.750000000,0.312500000,1.227761912330e-01,1.228e-1,-0.910885843,1227761.912330077,1227762,1.227762000000e-01,1.227762000000e-01,-0.910885812,0,-1.055335999,7.667646128,65536,12,3,8.431644909,106.148120395,0.050000000,12,1,12,-21.000000000,-7.000000000,7.000000000,21.000000000,-2,2,-4,6,-11,53,57,-13,4,-6,2,-3,1,-2,1,-2,1,-1,0,-1,0,-1,2,-3,5,-10,53,57,-25,-6,1,-1,0,0,-1,0,-1,0,0,0,0,0
22.000,256,112,-80,256,144,112,0.562500000,0.437500000,1.229706657533e-01,1.230e-1,-0.910198476,1229706.657532968,1229707,1.229707000000e-01,1.229707000000e-01,-0.910198355,0,-1.075848579,8.181498743,65536,12,3,8.431644909,106.148120395,0.050000000,12,1,12,-21.000000000,-7.000000000,7.000000000,21.000000000,-3,3,-5,7,-14,57,57,-13,6,-9,4,-4,2,-3,2,-3,2,-2,1,-1,1,-1,2,-3,5,-10,53,57,-25,-6,1,-1,0,0,-1,0,-1,0,0,0,0,0
22.000,256,112,-80,256,176,96,0.687500000,0.375000000,1.232278216329e-01,1.232e-1,-0.909291229,1232278.216329199,1232278,1.232278000000e-01,1.232278000000e-01,-0.909291305,0,-1.088854790,7.930713020,65536,12,3,8.431644909,106.148120395,0.050000000,12,1,12,-21.000000000,-7.000000000,7.000000000,21.000000000,-2,3,-4,6,-12,55,57,-13,6,-7,3,-3,2,-3,1,-2,2,-2,1,-1,0,-1,2,-3,5,-10,53,57,-25,-6,1,-1,0,0,-1,0,-1,0,0,0,0,0
22.000,256,112,-80,256,208,64,0.812500000,0.250000000,1.237000352614e-01,1.237e-1,-0.907630177,1237000.352614064,1237000,1.237000000000e-01,1.237000000000e-01,-0.907630300,0,-1.055829048,7.530863496,65536,12,3,8.431644909,106.148120395,0.050000000,12,1,12,-21.000000000,-7.000000000,7.000000000,21.000000000,-2,2,-3,5,-10,52,57,-13,1,-4,1,-2,1,-2,1,-1,1,-1,0,-1,0,-1,2,-3,5,-10,53,57,-25,-6,1,-1,0,0,-1,0,-1,0,0,0,0,0
22.000,256,112,-80,256,32,96,0.125000000,0.375000000,1.240580290804e-01,1.241e-1,-0.906375123,1240580.290804434,1240580,1.240580000000e-01,1.240580000000e-01,-0.906375225,0,-1.103570938,8.588048992,65536,12,3,8.431644909,106.148120395,0.050000000,12,1,12,-21.000000000,-7.000000000,7.000000000,21.000000000,-4,5,-7,10,-17,63,57,-13,6,-11,6,-6,4,-4,3,-4,3,-2,1,-2,1,-1,2,-3,5,-10,53,57,-25,-6,1,-1,0,0,-1,0,-1,0,0,0,0,0
22.000,256,112,-80,256,-16,16,-0.062500000,0.062500000,1.242696456087e-01,1.243e-1,-0.905634940,1242696.456087109,1242696,1.242696000000e-01,1.242696000000e-01,-0.905635100,0,-1.117671013,8.150576434,65536,12,3,8.431644909,106.148120395,0.050000000,12,1,12,-21.000000000,-7.000000000,7.000000000,21.000000000,-4,5,-6,9,-16,63,57,-15,6,-8,5,-5,3,-4,3,-3,2,-2,1,-1,1,-1,2,-3,5,-10,53,57,-25,-6,1,-1,0,0,-1,0,-1,0,0,0,0,0
22.000,256,112,-80,256,0,64,0.000000000,0.250000000,1.261100539226e-01,1.261e-1,-0.899250289,1261100.539225837,1261101,1.261101000000e-01,1.261101000000e-01,-0.899250130,0,-1.124114990,8.541214887,65536,12,3,8.431644909,106.148120395,0.050000000,12,1,12,-21.000000000,-7.000000000,7.000000000,21.000000000,-4,5,-7,10,-17,64,57,-13,6,-10,6,-6,4,-4,3,-4,3,-2,1,-1,1,-1,2,-3,5,-10,53,57,-25,-6,1,-1,0,0,-1,0,-1,0,0,0,0,0
22.000,256,112,-80,256,-48,-96,-0.187500000,-0.375000000,1.264051880403e-01,1.264e-1,-0.898235101,1264051.880403314,1264052,1.264052000000e-01,1.264052000000e-01,-0.898235060,0,-0.986973763,8.173224373,65536,12,3,8.431644909,106.148120395,0.050000000,12,1,12,-21.000000000,-7.000000000,7.000000000,21.000000000,-3,4,-5,8,-15,62,57,-37,3,-2,3,-3,2,-2,2,-3,1,-1,1,-1,1,-1,2,-3,5,-10,53,57,-25,-6,1,-1,0,0,-1,0,-1,0,0,0,0,0
22.000,256,112,-80,256,-16,32,-0.062500000,0.125000000,1.268243396672e-01,1.268e-1,-0.896797390,1268243.396672482,1268243,1.268243000000e-01,1.268243000000e-01,-0.896797526,0,-1.130438805,8.412497410,65536,12,3,8.431644909,106.148120395,0.050000000,12,1,12,-21.000000000,-7.000000000,7.000000000,21.000000000,-4,5,-7,10,-17,64,57,-13,6,-9,6,-5,4,-4,3,-4,2,-2,1,-1,1,-1,2,-3,5,-10,53,57,-25,-6,1,-1,0,0,-1,0,-1,0,0,0,0,0
22.000,256,112,-80,256,-48,-80,-0.187500000,-0.312500000,1.273359071425e-01,1.273e-1,-0.895049113,1273359.071424810,1273359,1.273359000000e-01,1.273359000000e-01,-0.895049138,0,-0.970749855,8.292933585,65536,12,3,8.431644909,106.148120395,0.050000000,12,1,12,-21.000000000,-7.000000000,7.000000000,21.000000000,-3,4,-6,8,-15,62,57,-37,4,-3,3,-3,2,-3,2,-3,1,-1,1,-1,1,-1,2,-3,5,-10,53,57,-25,-6,1,-1,0,0,-1,0,-1,0,0,0,0,0
22.000,256,112,-80,256,-48,-64,-0.187500000,-0.250000000,1.277385452190e-01,1.277e-1,-0.893678034,1277385.452190099,1277385,1.277385000000e-01,1.277385000000e-01,-0.893678188,0,-1.009045601,8.486887194,65536,12,3,8.431644909,106.148120395,0.050000000,12,1,11,-21.000000000,-7.000000000,7.000000000,21.000000000,-3,4,-6,9,-16,63,57,-36,5,-4,4,-3,3,-3,2,-3,2,-1,1,-1,1,-1,2,-3,5,-10,53,57,-25,-6,1,-1,0,0,-1,0,-1,0,0,0,0,0
22.000,256,112,-80,256,-32,-16,-0.125000000,-0.062500000,1.286981144806e-01,1.287e-1,-0.890427816,1286981.144805993,1286981,1.286981000000e-01,1.286981000000e-01,-0.890427865,0,-1.067323685,8.433694814,65536,12,3,8.431644909,106.148120395,0.050000000,12,1,12,-21.000000000,-7.000000000,7.000000000,21.000000000,-4,4,-6,9,-16,63,57,-24,6,-7,5,-4,3,-3,3,-3,2,-2,1,-1,1,-1,2,-3,5,-10,53,57,-25,-6,1,-1,0,0,-1,0,-1,0,0,0,0,0
22.000,256,112,-80,256,48,112,0.187500000,0.437500000,1.288705767922e-01,1.289e-1,-0.889846228,1288705.767922151,1288706,1.288706000000e-01,1.288706000000e-01,-0.889846149,0,-1.094550133,8.910024818,65536,12,3,8.431644909,106.148120395,0.050000000,12,1,12,-21.000000000,-7.000000000,7.000000000,21.000000000,-4,5,-7,9,-17,63,57,-13,6,-11,6,-6,4,-4,3,-4,3,-2,1,-2,1,-1,2,-3,5,-10,53,57,-25,-6,1,-1,0,0,-1,0,-1,0,0,0,0,0
22.000,256,112,-80,256,160,112,0.625000000,0.437500000,1.300740109295e-01,1.301e-1,-0.885809468,1300740.109294591,1300740,1.300740000000e-01,1.300740000000e-01,-0.885809504,0,-1.076765060,8.407951778,65536,12,3,8.431644909,106.148120395,0.050000000,12,1,12,-21.000000000,-7.000000000,7.000000000,21.000000000,-3,3,-5,7,-13,56,57,-13,6,-8,3,-4,2,-3,2,-2,2,-2,1,-1,0,-1,2,-3,5,-10,53,57,-25,-6,1,-1,0,0,-1,0,-1,0,0,0,0,0
22.000,256,112,-80,256,-32,0,-0.125000000,0.000000000,1.321266919841e-01,1.321e-1,-0.879009438,1321266.919841256,1321267,1.321267000000e-01,1.321267000000e-01,-0.879009412,0,-1.082212448,8.661704348,65536,12,3,8.431644909,106.148120395,0.050000000,12,1,12,-21.000000000,-7.000000000,7.000000000,21.000000000,-4,5,-6,9,-17,64,57,-20,6,-7,5,-5,3,-4,3,-4,2,-2,1,-1,1,-1,2,-3,5,-10,53,57,-25,-6,1,-1,0,0,-1,0,-1,0,0,0,0,0
22.000,256,112,-80,256,-16,48,-0.062500000,0.187500000,1.322375875128e-01,1.322e-1,-0.878645082,1322375.875127566,1322376,1.322376000000e-01,1.322376000000e-01,-0.878645041,0,-1.131167412,8.802455558,65536,12,3,8.431644909,106.148120395,0.050000000,12,1,12,-21.000000000,-7.000000000,7.000000000,21.000000000,-4,5,-7,10,-17,65,57,-13,6,-10,6,-6,4,-4,3,-4,3,-2,1,-1,1,-1,2,-3,5,-10,53,57,-25,-6,1,-1,0,0,-1,0,-1,0,0,0,0,0
22.000,256,112,-80,256,-48,-48,-0.187500000,-0.187500000,1.347539368882e-01,1.348e-1,-0.870458538,1347539.368882181,1347539,1.347539000000e-01,1.347539000000e-01,-0.870458657,0,-1.018273354,8.733142960,65536,12,3,8.431644909,106.148120395,0.050000000,12,1,12,-21.000000000,-7.000000000,7.000000000,21.000000000,-3,4,-6,9,-16,63,57,-32,6,-5,4,-4,3,-3,2,-3,2,-2,1,-1,1,-1,2,-3,5,-10,53,57,-25,-6,1,-1,0,0,-1,0,-1,0,0,0,0,0
22.000,256,112,-80,256,0,80,0.000000000,0.312500000,1.355475256605e-01,1.355e-1,-0.867908406,1355475.256605022,1355475,1.355475000000e-01,1.355475000000e-01,-0.867908488,0,-1.117198944,9.121738115,65536,12,3,8.431644909,106.148120395,0.050000000,12,1,12,-21.000000000,-7.000000000,7.000000000,21.000000000,-4,5,-7,10,-17,65,57,-13,6,-11,6,-6,4,-4,3,-4,3,-2,1,-2,1,-1,2,-3,5,-10,53,57,-25,-6,1,-1,0,0,-1,0,-1,0,0,0,0,0
22.000,256,112,-80,256,16,96,0.062500000,0.375000000,1.358076353612e-01,1.358e-1,-0.867075813,1358076.353611542,1358076,1.358076000000e-01,1.358076000000e-01,-0.867075926,0,-1.116143227,9.150600627,65536,12,3,8.431644909,106.148120395,0.050000000,12,1,12,-21.000000000,-7.000000000,7.000000000,21.000000000,-4,5,-7,10,-17,64,57,-13,6,-11,7,-6,4,-4,3,-4,3,-2,1,-2,1,-1,2,-3,5,-10,53,57,-25,-6,1,-1,0,0,-1,0,-1,0,0,0,0,0
22.000,256,112,-80,256,192,96,0.750000000,0.375000000,1.361056491661e-01,1.361e-1,-0.866123849,1361056.491661218,1361056,1.361056000000e-01,1.361056000000e-01,-0.866124006,0,-1.064182281,8.411271593,65536,12,3,8.431644909,106.148120395,0.050000000,12,1,12,-21.000000000,-7.000000000,7.000000000,21.000000000,-2,3,-4,6,-12,54,57,-13,5,-7,2,-3,1,-2,1,-2,1,-1,0,-1,0,-1,2,-3,5,-10,53,57,-25,-6,1,-1,0,0,-1,0,-1,0,0,0,0,0
22.000,256,112,-80,256,208,80,0.812500000,0.312500000,1.368545611627e-01,1.369e-1,-0.863740724,1368545.611626660,1368546,1.368546000000e-01,1.368546000000e-01,-0.863740600,0,-1.042702675,8.181768258,65536,12,3,8.431644909,106.148120395,0.050000000,12,1,12,-21.000000000,-7.000000000,7.000000000,21.000000000,-2,2,-4,5,-11,52,57,-13,3,-5,1,-3,1,-2,1,-1,1,-1,0,-1,0,-1,2,-3,5,-10,53,57,-25,-6,1,-1,0,0,-1,0,-1,0,0,0,0,0
22.000,256,112,-80,256,32,112,0.125000000,0.437500000,1.378574071776e-01,1.379e-1,-0.860569894,1378574.071775669,1378574,1.378574000000e-01,1.378574000000e-01,-0.860569917,0,-1.116216660,9.363618006,65536,12,3,8.431644909,106.148120395,0.050000000,12,1,12,-21.000000000,-7.000000000,7.000000000,21.000000000,-4,5,-7,10,-17,64,57,-13,6,-11,7,-6,4,-4,3,-4,3,-2,1,-2,1,-1,2,-3,5,-10,53,57,-25,-6,1,-1,0,0,-1,0,-1,0,0,0,0,0
22.000,256,112,-80,256,176,112,0.687500000,0.437500000,1.382050370056e-01,1.382e-1,-0.859476128,1382050.370055637,1382050,1.382050000000e-01,1.382050000000e-01,-0.859476245,0,-1.075026512,8.709405117,65536,12,3,8.431644909,106.148120395,0.050000000,12,1,12,-21.000000000,-7.000000000,7.000000000,21.000000000,-2,3,-5,7,-13,55,57,-13,6,-8,3,-4,2,-3,2,-2,2,-2,1,-1,0,-1,2,-3,5,-10,53,57,-25,-6,1,-1,0,0,-1,0,-1,0,0,0,0,0
22.000,256,112,-80,256,-48,-32,-0.187500000,-0.125000000,1.382490502333e-01,1.382e-1,-0.859337844,1382490.502332797,1382491,1.382491000000e-01,1.382491000000e-01,-0.859337687,0,-1.047123909,9.000144714,65536,12,3,8.431644909,106.148120395,0.050000000,12,1,12,-21.000000000,-7.000000000,7.000000000,21.000000000,-4,4,-6,9,-16,64,57,-29,6,-6,5,-4,3,-3,3,-3,2,-2,1,-1,1,-1,2,-3,5,-10,53,57,-25,-6,1,-1,0,0,-1,0,-1,0,0,0,0,0
22.000,256,112,-80,256,-32,16,-0.125000000,0.062500000,1.395696720019e-01,1.396e-1,-0.855208942,1395696.720018860,1395697,1.395697000000e-01,1.395697000000e-01,-0.855208855,0,-1.110101700,8.942204971,65536,12,3,8.431644909,106.148120395,0.050000000,12,1,12,-21.000000000,-7.000000000,7.000000000,21.000000000,-4,5,-7,10,-17,64,57,-16,6,-8,5,-5,4,-4,3,-4,2,-2,1,-1,1,-1,2,-3,5,-10,53,57,-25,-6,1,-1,0,0,-1,0,-1,0,0,0,0,0
22.000,256,112,-80,256,-16,64,-0.062500000,0.250000000,1.409881219984e-01,1.410e-1,-0.850817474,1409881.219983612,1409881,1.409881000000e-01,1.409881000000e-01,-0.850817542,0,-1.109374046,9.291948756,65536,12,3,8.431644909,106.148120395,0.050000000,12,1,12,-21.000000000,-7.000000000,7.000000000,21.000000000,-4,5,-7,10,-18,65,57,-13,6,-11,6,-6,4,-4,3,-4,3,-2,1,-2,1,-1,2,-3,5,-10,53,57,-25,-6,1,-1,0,0,-1,0,-1,0,0,0,0,0
22.000,256,112,-80,256,-48,-16,-0.187500000,-0.062500000,1.438737244137e-01,1.439e-1,-0.842018514,1438737.244136698,1438737,1.438737000000e-01,1.438737000000e-01,-0.842018588,0,-1.055863380,9.227575972,65536,12,3,8.431644909,106.148120395,0.050000000,12,1,12,-21.000000000,-7.000000000,7.000000000,21.000000000,-4,5,-6,9,-17,64,57,-25,6,-7,5,-4,3,-4,3,-4,2,-2,1,-1,1,-1,2,-3,5,-10,53,57,-25,-6,1,-1,0,0,-1,0,-1,0,0,0,0,0
22.000,256,112,-80,256,-64,-64,-0.250000000,-0.250000000,1.438841572664e-01,1.439e-1,-0.841987023,1438841.572664238,1438842,1.438842000000e-01,1.438842000000e-01,-0.841986894,0,-0.999858856,9.304962640,65536,12,3,8.431644909,106.148120395,0.050000000,12,1,12,-21.000000000,-7.000000000,7.000000000,21.000000000,-3,4,-6,9,-16,64,57,-37,6,-5,4,-4,3,-3,2,-3,2,-1,1,-1,1,-1,2,-3,5,-10,53,57,-25,-6,1,-1,0,0,-1,0,-1,0,0,0,0,0
22.000,256,112,-80,256,-64,-80,-0.250000000,-0.312500000,1.439748738217e-01,1.440e-1,-0.841713293,1439748.738216785,1439749,1.439749000000e-01,1.439749000000e-01,-0.841713214,0,-0.992263794,9.137659364,65536,12,3,8.431644909,106.148120395,0.050000000,12,1,12,-21.000000000,-7.000000000,7.000000000,21.000000000,-3,4,-6,9,-16,63,57,-37,5,-4,4,-3,3,-3,2,-3,1,-1,1,-1,1,-1,2,-3,5,-10,53,57,-25,-6,1,-1,0,0,-1,0,-1,0,0,0,0,0
22.000,256,112,-80,256,-64,-96,-0.250000000,-0.375000000,1.446903708302e-01,1.447e-1,-0.839560370,1446903.708302213,1446904,1.446904000000e-01,1.446904000000e-01,-0.839560283,0,-0.986148834,9.032948229,65536,12,3,8.431644909,106.148120395,0.050000000,12,1,12,-21.000000000,-7.000000000,7.000000000,21.000000000,-3,4,-6,8,-15,63,57,-37,4,-3,3,-3,2,-2,2,-3,1,-1,1,-1,1,-1,2,-3,5,-10,53,57,-25,-6,1,-1,0,0,-1,0,-1,0,0,0,0,0
22.000,256,112,-80,256,-32,32,-0.125000000,0.125000000,1.448610499335e-01,1.449e-1,-0.839048371,1448610.499335491,1448610,1.448610000000e-01,1.448610000000e-01,-0.839048521,0,-1.142858505,9.233713624,65536,12,3,8.431644909,106.148120395,0.050000000,12,1,12,-21.000000000,-7.000000000,7.000000000,21.000000000,-4,5,-7,10,-17,65,57,-13,6,-9,6,-5,4,-4,3,-4,3,-2,1,-1,1,-1,2,-3,5,-10,53,57,-25,-6,1,-1,0,0,-1,0,-1,0,0,0,0,0
22.000,256,112,-80,256,16,112,0.062500000,0.437500000,1.464708281586e-01,1.465e-1,-0.834248863,1464708.281586099,1464708,1.464708000000e-01,1.464708000000e-01,-0.834248946,0,-1.104222298,9.908081806,65536,12,3,8.431644909,106.148120395,0.050000000,12,1,12,-21.000000000,-7.000000000,7.000000000,21.000000000,-4,5,-7,10,-18,65,57,-13,6,-11,7,-7,4,-5,4,-4,3,-3,1,-2,1,-1,2,-3,5,-10,53,57,-25,-6,1,-1,0,0,-1,0,-1,0,0,0,0,0
22.000,256,112,-80,256,0,96,0.000000000,0.375000000,1.466693309926e-01,1.467e-1,-0.833660689,1466693.309926490,1466693,1.466693000000e-01,1.466693000000e-01,-0.833660781,0,-1.124626160,9.776339696,65536,12,3,8.431644909,106.148120395,0.050000000,12,1,12,-21.000000000,-7.000000000,7.000000000,21.000000000,-4,5,-7,10,-18,65,57,-13,6,-11,7,-6,4,-5,4,-4,3,-2,2,-2,1,-1,2,-3,5,-10,53,57,-25,-6,1,-1,0,0,-1,0,-1,0,0,0,0,0
22.000,256,112,-80,256,-48,0,-0.187500000,0.000000000,1.482636489357e-01,1.483e-1,-0.828965316,1482636.489356871,1482636,1.482636000000e-01,1.482636000000e-01,-0.828965459,0,-1.081158638,9.502280426,65536,12,3,8.431644909,106.148120395,0.050000000,12,1,12,-21.000000000,-7.000000000,7.000000000,21.000000000,-4,5,-7,10,-17,65,57,-21,6,-8,5,-5,4,-4,3,-4,2,-2,1,-1,1,-1,2,-3,5,-10,53,57,-25,-6,1,-1,0,0,-1,0,-1,0,0,0,0,0
22.000,256,112,-80,256,-64,-48,-0.250000000,-0.187500000,1.495469904547e-01,1.495e-1,-0.825222322,1495469.904547218,1495470,1.495470000000e-01,1.495470000000e-01,-0.825222295,0,-1.011665344,9.577704724,65536,12,3,8.431644909,106.148120395,0.050000000,12,1,12,-21.000000000,-7.000000000,7.000000000,21.000000000,-4,5,-6,9,-16,64,57,-34,6,-6,4,-4,3,-3,3,-3,2,-2,1,-1,1,-1,2,-3,5,-10,53,57,-25,-6,1,-1,0,0,-1,0,-1,0,0,0,0,0
22.000,256,112,-80,256,192,112,0.750000000,0.437500000,1.499570781799e-01,1.500e-1,-0.824033030,1499570.781798595,1499571,1.499571000000e-01,1.499571000000e-01,-0.824032967,0,-1.067092896,9.103061471,65536,12,3,8.431644909,106.148120395,0.050000000,12,1,12,-21.000000000,-7.000000000,7.000000000,21.000000000,-2,3,-4,6,-12,54,57,-13,6,-8,3,-4,2,-3,1,-2,2,-2,1,-1,0,-1,2,-3,5,-10,53,57,-25,-6,1,-1,0,0,-1,0,-1,0,0,0,0,0
22.000,256,112,-80,256,208,96,0.812500000,0.375000000,1.501405356676e-01,1.501e-1,-0.823502039,1501405.356675772,1501405,1.501405000000e-01,1.501405000000e-01,-0.823502142,0,-1.055409431,8.920859396,65536,12,3,8.431644909,106.148120395,0.050000000,12,1,12,-21.000000000,-7.000000000,7.000000000,21.000000000,-2,2,-4,6,-11,53,57,-13,4,-6,2,-3,1,-2,1,-2,1,-1,0,-1,0,-1,2,-3,5,-10,53,57,-25,-6,1,-1,0,0,-1,0,-1,0,0,0,0,0
22.000,256,112,-80,256,-16,80,-0.062500000,0.312500000,1.504147996400e-01,1.504e-1,-0.822709430,1504147.996399960,1504148,1.504148000000e-01,1.504148000000e-01,-0.822709429,0,-1.124552727,9.833036671,65536,12,3,8.431644909,106.148120395,0.050000000,12,1,12,-21.000000000,-7.000000000,7.000000000,21.000000000,-4,5,-7,10,-18,65,57,-13,6,-11,7,-6,4,-5,4,-4,3,-2,2,-2,1,-1,2,-3,5,-10,53,57,-25,-6,1,-1,0,0,-1,0,-1,0,0,0,0,0
22.000,256,112,-80,256,-32,48,-0.125000000,0.187500000,1.509275589793e-01,1.509e-1,-0.821231452,1509275.589793114,1509276,1.509276000000e-01,1.509276000000e-01,-0.821231334,0,-1.124162674,9.623036662,65536,12,3,8.431644909,106.148120395,0.050000000,12,1,12,-21.000000000,-7.000000000,7.000000000,21.000000000,-4,5,-7,10,-18,65,57,-13,6,-10,6,-6,4,-4,3,-4,3,-2,1,-1,1,-1,2,-3,5,-10,53,57,-25,-6,1,-1,0,0,-1,0,-1,0,0,0,0,0
22.000,256,112,-80,256,-64,-32,-0.250000000,-0.125000000,1.525160799513e-01,1.525e-1,-0.816684366,1525160.799512766,1525161,1.525161000000e-01,1.525161000000e-01,-0.816684309,0,-1.041416168,9.792409454,65536,12,3,8.431644909,106.148120395,0.050000000,12,1,12,-21.000000000,-7.000000000,7.000000000,21.000000000,-4,5,-7,10,-17,65,57,-30,6,-6,5,-4,3,-3,3,-4,2,-2,1,-1,1,-1,2,-3,5,-10,53,57,-25,-6,1,-1,0,0,-1,0,-1,0,0,0,0,0
22.000,256,112,-80,256,-48,16,-0.187500000,0.062500000,1.554783976838e-01,1.555e-1,-0.808329944,1554783.976837705,1554784,1.554784000000e-01,1.554784000000e-01,-0.808329937,0,-1.111382484,9.788208524,65536,12,3,8.431644909,106.148120395,0.050000000,12,1,12,-21.000000000,-7.000000000,7.000000000,21.000000000,-4,5,-7,10,-17,65,57,-18,6,-9,6,-5,4,-4,3,-4,3,-2,1,-1,1,-1,2,-3,5,-10,53,57,-25,-6,1,-1,0,0,-1,0,-1,0,0,0,0,0
22.000,256,112,-80,256,-32,64,-0.125000000,0.250000000,1.576956170751e-01,1.577e-1,-0.802180377,1576956.170750532,1576956,1.576956000000e-01,1.576956000000e-01,-0.802180424,0,-1.124479294,10.061547558,65536,12,3,8.431644909,106.148120395,0.050000000,12,1,12,-21.000000000,-7.000000000,7.000000000,21.000000000,-4,5,-7,10,-18,65,57,-13,6,-11,7,-6,4,-5,4,-4,3,-2,2,-2,1,-1,2,-3,5,-10,53,57,-25,-6,1,-1,0,0,-1,0,-1,0,0,0,0,0
22.000,256,112,-80,256,-64,-16,-0.250000000,-0.062500000,1.592270604560e-01,1.592e-1,-0.797983122,1592270.604560288,1592271,1.592271000000e-01,1.592271000000e-01,-0.797983015,0,-1.056427002,10.067252853,65536,12,3,8.431644909,106.148120395,0.050000000,12,1,12,-21.000000000,-7.000000000,7.000000000,21.000000000,-4,5,-7,10,-17,65,57,-26,6,-7,5,-5,4,-4,3,-4,2,-2,1,-1,1,-1,2,-3,5,-10,53,57,-25,-6,1,-1,0,0,-1,0,-1,0,0,0,0,0
22.000,256,112,-80,256,0,112,0.000000000,0.437500000,1.593864756405e-01,1.594e-1,-0.797548532,1593864.756405017,1593865,1.593865000000e-01,1.593865000000e-01,-0.797548466,0,-1.108798981,10.478768984,65536,12,3,8.431644909,106.148120395,0.050000000,12,1,12,-21.000000000,-7.000000000,7.000000000,21.000000000,-4,5,-8,11,-18,65,57,-13,6,-11,7,-7,4,-5,4,-4,3,-3,2,-2,1,-1,2,-3,5,-10,53,57,-25,-6,1,-1,0,0,-1,0,-1,0,0,0,0,0
22.000,256,112,-80,256,-16,96,-0.062500000,0.375000000,1.613814535965e-01,1.614e-1,-0.792146377,1613814.535965168,1613815,1.613815000000e-01,1.613815000000e-01,-0.792146252,0,-1.108725548,10.451034449,65536,12,3,8.431644909,106.148120395,0.050000000,12,1,12,-21.000000000,-7.000000000,7.000000000,21.000000000,-4,5,-8,11,-18,65,57,-13,6,-11,7,-7,4,-5,4,-4,3,-3,2,-2,1,-1,2,-3,5,-10,53,57,-25,-6,1,-1,0,0,-1,0,-1,0,0,0,0,0
22.000,256,112,-80,256,208,112,0.812500000,0.437500000,1.623716379076e-01,1.624e-1,-0.789489828,1623716.379076116,1623716,1.623716000000e-01,1.623716000000e-01,-0.789489930,0,-1.071290016,9.584490973,65536,12,3,8.431644909,106.148120395,0.050000000,12,1,12,-21.000000000,-7.000000000,7.000000000,21.000000000,-2,3,-4,6,-12,53,57,-13,6,-7,2,-3,1,-2,1,-2,2,-1,0,-1,0,-1,2,-3,5,-10,53,57,-25,-6,1,-1,0,0,-1,0,-1,0,0,0,0,0
22.000,256,112,-80,256,-48,32,-0.187500000,0.125000000,1.629198683242e-01,1.629e-1,-0.788025950,1629198.683241694,1629199,1.629199000000e-01,1.629199000000e-01,-0.788025865,0,-1.115193367,10.111895468,65536,12,3,8.431644909,106.148120395,0.050000000,12,1,12,-21.000000000,-7.000000000,7.000000000,21.000000000,-4,5,-7,10,-18,65,57,-14,6,-10,6,-6,4,-4,3,-4,3,-2,1,-1,1,-1,2,-3,5,-10,53,57,-25,-6,1,-1,0,0,-1,0,-1,0,0,0,0,0
22.000,256,112,-80,256,-64,0,-0.250000000,0.000000000,1.655630506886e-01,1.656e-1,-0.781036580,1655630.506885884,1655631,1.655631000000e-01,1.655631000000e-01,-0.781036450,0,-1.068996429,10.373891346,65536,12,3,8.431644909,106.148120395,0.050000000,12,1,12,-21.000000000,-7.000000000,7.000000000,21.000000000,-4,5,-7,10,-18,65,57,-23,6,-8,6,-5,4,-4,3,-4,2,-2,1,-1,1,-1,2,-3,5,-10,53,57,-25,-6,1,-1,0,0,-1,0,-1,0,0,0,0,0
22.000,256,112,-80,256,-32,80,-0.125000000,0.312500000,1.666374267468e-01,1.666e-1,-0.778227449,1666374.267468450,1666374,1.666374000000e-01,1.666374000000e-01,-0.778227519,0,-1.108652115,10.586688786,65536,12,3,8.431644909,106.148120395,0.050000000,12,1,12,-21.000000000,-7.000000000,7.000000000,21.000000000,-4,5,-8,11,-18,65,57,-13,6,-11,7,-7,4,-5,4,-4,3,-3,2,-2,1,-1,2,-3,5,-10,53,57,-25,-6,1,-1,0,0,-1,0,-1,0,0,0,0,0
22.000,256,112,-80,256,-48,48,-0.187500000,0.187500000,1.682055805253e-01,1.682e-1,-0.774159600,1682055.805252780,1682056,1.682056000000e-01,1.682056000000e-01,-0.774159550,0,-1.136094093,10.448799379,65536,12,3,8.431644909,106.148120395,0.050000000,12,1,12,-21.000000000,-7.000000000,7.000000000,21.000000000,-4,5,-7,11,-18,65,57,-13,6,-11,7,-6,4,-4,4,-4,3,-2,2,-2,1,-1,2,-3,5,-10,53,57,-25,-6,1,-1,0,0,-1,0,-1,0,0,0,0,0
22.000,256,112,-80,256,-16,112,-0.062500000,0.437500000,1.709610380025e-01,1.710e-1,-0.767102854,1709610.380024795,1709610,1.709610000000e-01,1.709610000000e-01,-0.767102951,0,-1.109774590,11.062799471,65536,12,3,8.431644909,106.148120395,0.050000000,12,1,12,-21.000000000,-7.000000000,7.000000000,21.000000000,-5,6,-8,11,-19,65,57,-13,6,-11,8,-7,5,-5,4,-5,3,-3,2,-2,1,-1,2,-3,5,-10,53,57,-25,-6,1,-1,0,0,-1,0,-1,0,0,0,0,0
22.000,256,112,-80,256,-64,16,-0.250000000,0.062500000,1.732063797057e-01,1.732e-1,-0.761436116,1732063.797057211,1732064,1.732064000000e-01,1.732064000000e-01,-0.761436065,0,-1.096626282,10.665685943,65536,12,3,8.431644909,106.148120395,0.050000000,12,1,12,-21.000000000,-7.000000000,7.000000000,21.000000000,-4,5,-7,10,-18,65,57,-19,6,-9,6,-6,4,-4,3,-4,3,-2,2,-1,1,-1,2,-3,5,-10,53,57,-25,-6,1,-1,0,0,-1,0,-1,0,0,0,0,0
22.000,256,112,-80,256,-48,64,-0.187500000,0.250000000,1.740626820003e-01,1.741e-1,-0.759294329,1740626.820003371,1740627,1.740627000000e-01,1.740627000000e-01,-0.759294284,0,-1.125088692,10.870671548,65536,12,3,8.431644909,106.148120395,0.050000000,12,1,12,-21.000000000,-7.000000000,7.000000000,21.000000000,-4,6,-8,11,-19,65,57,-13,6,-11,7,-6,4,-5,4,-4,3,-2,2,-2,1,-1,2,-3,5,-10,53,57,-25,-6,1,-1,0,0,-1,0,-1,0,0,0,0,0
22.000,256,112,-80,256,-32,96,-0.125000000,0.375000000,1.744060893715e-01,1.744e-1,-0.758438356,1744060.893714999,1744061,1.744061000000e-01,1.744061000000e-01,-0.758438329,0,-1.109701157,11.109796286,65536,12,3,8.431644909,106.148120395,0.050000000,12,1,12,-21.000000000,-7.000000000,7.000000000,21.000000000,-5,6,-8,11,-19,65,57,-13,6,-11,8,-7,5,-5,4,-5,3,-3,2,-2,1,-1,2,-3,5,-10,53,57,-25,-6,1,-1,0,0,-1,0,-1,0,0,0,0,0
22.000,256,112,-80,256,-64,32,-0.250000000,0.125000000,1.798855399617e-01,1.799e-1,-0.745003746,1798855.399617432,1798855,1.798855000000e-01,1.798855000000e-01,-0.745003842,0,-1.131671906,10.974523555,65536,12,3,8.431644909,106.148120395,0.050000000,12,1,12,-21.000000000,-7.000000000,7.000000000,21.000000000,-4,5,-7,11,-18,65,57,-15,6,-10,7,-6,4,-4,4,-4,3,-2,2,-2,1,-1,2,-3,5,-10,53,57,-25,-6,1,-1,0,0,-1,0,-1,0,0,0,0,0
22.000,256,112,-80,256,-48,80,-0.187500000,0.312500000,1.807700085498e-01,1.808e-1,-0.742873621,1807700.085497535,1807700,1.807700000000e-01,1.807700000000e-01,-0.742873642,0,-1.109627724,11.309462926,65536,12,3,8.431644909,106.148120395,0.050000000,12,1,12,-21.000000000,-7.000000000,7.000000000,21.000000000,-5,6,-8,11,-19,65,57,-13,6,-11,8,-7,5,-5,4,-5,3,-3,2,-2,1,-1,2,-3,5,-10,53,57,-25,-6,1,-1,0,0,-1,0,-1,0,0,0,0,0
22.000,256,112,-80,256,-32,112,-0.125000000,0.437500000,1.847495109619e-01,1.847e-1,-0.733416703,1847495.109619325,1847495,1.847495000000e-01,1.847495000000e-01,-0.733416728,0,-1.115663528,11.695840898,65536,12,3,8.431644909,106.148120395,0.050000000,12,1,12,-21.000000000,-7.000000000,7.000000000,21.000000000,-5,6,-8,11,-19,65,57,-13,6,-11,8,-7,5,-5,4,-5,4,-3,2,-2,1,-1,2,-3,5,-10,53,57,-25,-6,1,-1,0,0,-1,0,-1,0,0,0,0,0
22.000,256,112,-80,256,-64,48,-0.250000000,0.187500000,1.850380561025e-01,1.850e-1,-0.732738943,1850380.561025151,1850381,1.850381000000e-01,1.850381000000e-01,-0.732738840,0,-1.125015259,11.307989618,65536,12,3,8.431644909,106.148120395,0.050000000,12,1,12,-21.000000000,-7.000000000,7.000000000,21.000000000,-4,6,-8,11,-19,65,57,-13,6,-11,7,-6,4,-5,4,-4,3,-2,2,-2,1,-1,2,-3,5,-10,53,57,-25,-6,1,-1,0,0,-1,0,-1,0,0,0,0,0
22.000,256,112,-80,256,-64,64,-0.250000000,0.250000000,1.897975095303e-01,1.898e-1,-0.721709491,1897975.095303469,1897975,1.897975000000e-01,1.897975000000e-01,-0.721709512,0,-1.109554291,11.653954977,65536,12,3,8.431644909,106.148120395,0.050000000,12,1,12,-21.000000000,-7.000000000,7.000000000,21.000000000,-5,6,-8,11,-19,65,57,-13,6,-11,8,-7,5,-5,4,-5,3,-3,2,-2,1,-1,2,-3,5,-10,53,57,-25,-6,1,-1,0,0,-1,0,-1,0,0,0,0,0
22.000,256,112,-80,256,-48,96,-0.187500000,0.375000000,1.898186024133e-01,1.898e-1,-0.721661229,1898186.024132880,1898186,1.898186000000e-01,1.898186000000e-01,-0.721661234,0,-1.109654427,11.845786119,65536,12,3,8.431644909,106.148120395,0.050000000,12,1,12,-21.000000000,-7.000000000,7.000000000,21.000000000,-5,6,-8,11,-19,65,57,-13,6,-11,8,-7,5,-5,4,-5,3,-3,2,-2,1,-1,2,-3,5,-10,53,57,-25,-6,1,-1,0,0,-1,0,-1,0,0,0,0,0
22.000,256,112,-80,256,-64,80,-0.250000000,0.312500000,1.970816459231e-01,1.971e-1,-0.705353819,1970816.459230601,1970816,1.970816000000e-01,1.970816000000e-01,-0.705353921,0,-1.109580994,12.104388526,65536,12,3,8.431644909,106.148120395,0.050000000,12,1,12,-21.000000000,-7.000000000,7.000000000,21.000000000,-5,6,-8,11,-19,65,57,-13,6,-11,8,-7,5,-5,4,-5,3,-3,2,-2,1,-1,2,-3,5,-10,53,57,-25,-6,1,-1,0,0,-1,0,-1,0,0,0,0,0
22.000,256,112,-80,256,-48,112,-0.187500000,0.437500000,1.981220645493e-01,1.981e-1,-0.703067155,1981220.645493001,1981221,1.981221000000e-01,1.981221000000e-01,-0.703067077,0,-1.116959572,12.419587066,65536,12,3,8.431644909,106.148120395,0.050000000,12,1,12,-21.000000000,-7.000000000,7.000000000,21.000000000,-5,6,-8,12,-20,65,57,-13,6,-11,9,-8,5,-5,4,-5,4,-3,2,-2,1,-1,2,-3,5,-10,53,57,-25,-6,1,-1,0,0,-1,0,-1,0,0,0,0,0
22.000,256,112,-80,256,-64,96,-0.250000000,0.375000000,2.041511270441e-01,2.042e-1,-0.690048218,2041511.270440860,2041511,2.041511000000e-01,2.041511000000e-01,-0.690048276,0,-1.128055573,12.597396047,65536,12,3,8.431644909,106.148120395,0.050000000,12,1,12,-21.000000000,-7.000000000,7.000000000,21.000000000,-5,6,-8,12,-20,65,57,-13,6,-11,9,-7,5,-5,4,-5,4,-3,2,-2,2,-1,2,-3,5,-10,53,57,-25,-6,1,-1,0,0,-1,0,-1,0,0,0,0,0
22.000,256,112,-80,256,-64,112,-0.250000000,0.437500000,2.118070666795e-01,2.118e-1,-0.674059554,2118070.666795494,2118071,2.118071000000e-01,2.118071000000e-01,-0.674059486,0,-1.110137939,13.144590390,65536,12,3,8.431644909,106.148120395,0.050000000,12,1,12,-21.000000000,-7.000000000,7.000000000,21.000000000,-5,6,-9,12,-20,65,57,-13,6,-11,9,-8,5,-6,4,-5,4,-3,2,-2,2,-1,2,-3,5,-10,53,57,-25,-6,1,-1,0,0,-1,0,-1,0,0,0,0,0
