main,post1,post2,ber,ber_sci,log10_ber,expected_errors_1e7,total_bits,errors_rounded_1e7,ber_count_1e7,ber_plot_floor_1e7,log10_ber_plot_floor_1e7,zero_error_1e7,eq_mse,residual_bias,residual_rms,max_level_std,phase,delay,raw_shift,source,ridge,max_delta,force_main_tap,level0,level1,level2,level3,h0,h1,h2,h3,h4,h5,h6,h7,h8,h9,h10,h11,h12,h13,h14,h15,h16,h17,h18,h19,h20
256,148,-16,5.071389105066e-12,5.071e-12,-11.294873067,0.000050714,10000000,0,0.000000000000e+00,1.000000000000e-07,-7.000000000,1,0.681908457,-0.941854002,0.757235666,0.747760847,96,7,7,adc_s16,0.050000000,12,1,-16.000000000,-6.000000000,6.000000000,16.000000000,0,1,0,0,-2,0,-3,64,-22,12,-13,7,-8,7,-7,3,-3,1,-1,0,-1
256,148,-8,5.949071930167e-12,5.949e-12,-11.225550780,0.000059491,10000000,0,0.000000000000e+00,1.000000000000e-07,-7.000000000,1,0.738157327,-0.990025939,0.760562091,0.785087171,96,7,7,adc_s16,0.050000000,12,1,-16.000000000,-6.000000000,6.000000000,16.000000000,0,1,0,0,-2,0,-2,64,-21,13,-14,8,-8,7,-7,3,-3,1,-1,0,-1
256,140,-32,7.056317579440e-12,7.056e-12,-11.151421881,0.000070563,10000000,0,0.000000000000e+00,1.000000000000e-07,-7.000000000,1,0.663709613,-0.931046196,0.737924841,0.748380480,96,7,7,adc_s16,0.050000000,12,1,-16.000000000,-6.000000000,6.000000000,16.000000000,0,1,0,0,-2,0,-3,64,-24,11,-12,7,-8,7,-7,3,-3,1,-1,1,-1
256,152,4,8.324751914796e-12,8.325e-12,-11.079628700,0.000083248,10000000,0,0.000000000000e+00,1.000000000000e-07,-7.000000000,1,0.767244209,-0.995862154,0.780877509,0.793567253,96,7,7,adc_s16,0.050000000,12,1,-16.000000000,-6.000000000,6.000000000,16.000000000,0,1,0,0,-2,0,-2,64,-20,15,-15,8,-9,7,-7,3,-3,1,-1,0,-1
256,96,-68,9.121949371660e-12,9.122e-12,-11.039912342,0.000091219,10000000,0,0.000000000000e+00,1.000000000000e-07,-7.000000000,1,0.649234273,-0.812500000,0.769169350,0.787520716,96,7,7,adc_s16,0.050000000,12,1,-16.000000000,-6.000000000,6.000000000,16.000000000,0,1,0,-1,-1,-1,-2,64,-33,10,-11,6,-7,7,-7,3,-2,1,-1,0,-1
256,152,-8,9.463181417307e-12,9.463e-12,-11.023962834,0.000094632,10000000,0,0.000000000000e+00,1.000000000000e-07,-7.000000000,1,0.703149528,-0.951642787,0.760883065,0.789280177,96,7,7,adc_s16,0.050000000,12,1,-16.000000000,-6.000000000,6.000000000,16.000000000,0,1,0,0,-2,0,-3,64,-21,13,-14,8,-8,7,-8,3,-3,1,-1,0,-1
256,136,-24,9.910932609902e-12,9.911e-12,-11.003885477,0.000099109,10000000,0,0.000000000000e+00,1.000000000000e-07,-7.000000000,1,0.647304122,-0.915205040,0.736966206,0.758124893,96,7,7,adc_s16,0.050000000,12,1,-16.000000000,-6.000000000,6.000000000,16.000000000,0,1,0,-1,-2,0,-2,64,-24,12,-13,7,-8,7,-7,3,-3,1,-1,0,-1
256,128,-52,1.004116407785e-11,1.004e-11,-10.998215936,0.000100412,10000000,0,0.000000000000e+00,1.000000000000e-07,-7.000000000,1,0.703975847,-0.906126482,0.764106768,0.730185295,96,7,7,adc_s16,0.050000000,12,1,-16.000000000,-6.000000000,6.000000000,16.000000000,0,1,0,0,-2,0,-3,64,-27,9,-11,6,-7,7,-7,3,-3,1,-1,1,-1
256,132,-24,1.099555282597e-11,1.100e-11,-10.958782931,0.000109956,10000000,0,0.000000000000e+00,1.000000000000e-07,-7.000000000,1,0.664474928,-0.916038785,0.742670494,0.790317054,96,7,7,adc_s16,0.050000000,12,1,-16.000000000,-6.000000000,6.000000000,16.000000000,0,1,0,-1,-2,0,-2,64,-25,13,-14,8,-8,7,-7,3,-3,1,-1,0,-1
256,116,-40,1.106939368540e-11,1.107e-11,-10.955876167,0.000110694,10000000,0,0.000000000000e+00,1.000000000000e-07,-7.000000000,1,0.634702349,-0.887135623,0.749115640,0.773433318,96,7,7,adc_s16,0.050000000,12,1,-16.000000000,-6.000000000,6.000000000,16.000000000,0,1,0,-1,-2,0,-2,64,-28,12,-13,7,-8,7,-7,3,-2,1,-1,0,-1
256,140,-24,1.163601362201e-11,1.164e-11,-10.934195779,0.000116360,10000000,0,0.000000000000e+00,1.000000000000e-07,-7.000000000,1,0.690090334,-0.930305089,0.778181415,0.771742782,96,7,7,adc_s16,0.050000000,12,1,-16.000000000,-6.000000000,6.000000000,16.000000000,0,1,0,0,-2,0,-3,64,-24,12,-13,7,-8,7,-7,3,-3,1,-1,0,-1
256,172,8,1.364802719167e-11,1.365e-11,-10.864930121,0.000136480,10000000,0,0.000000000000e+00,1.000000000000e-07,-7.000000000,1,0.770033423,-0.997745800,0.751624227,0.792369663,96,7,7,adc_s16,0.050000000,12,1,-16.000000000,-6.000000000,6.000000000,16.000000000,0,1,0,0,-2,0,-3,64,-17,13,-14,8,-9,7,-8,3,-3,1,-1,0,-1
256,164,16,1.538747168709e-11,1.539e-11,-10.812832733,0.000153875,10000000,0,0.000000000000e+00,1.000000000000e-07,-7.000000000,1,0.801665110,-1.023869812,0.767421341,0.787395739,96,7,7,adc_s16,0.050000000,12,1,-16.000000000,-6.000000000,6.000000000,16.000000000,0,1,0,0,-2,0,-2,64,-17,15,-16,9,-9,7,-8,3,-3,1,-1,0,-1
256,136,-20,1.747006359987e-11,1.747e-11,-10.757705514,0.000174701,10000000,0,0.000000000000e+00,1.000000000000e-07,-7.000000000,1,0.672241330,-0.926074605,0.750271094,0.784788295,96,7,7,adc_s16,0.050000000,12,1,-16.000000000,-6.000000000,6.000000000,16.000000000,0,1,0,-1,-2,0,-2,64,-24,13,-14,8,-8,7,-7,3,-3,1,-1,0,-1
256,156,-4,1.781866133306e-11,1.782e-11,-10.749124926,0.000178187,10000000,0,0.000000000000e+00,1.000000000000e-07,-7.000000000,1,0.706889761,-0.959949358,0.769266096,0.801112398,96,7,7,adc_s16,0.050000000,12,1,-16.000000000,-6.000000000,6.000000000,16.000000000,0,1,0,0,-2,0,-3,64,-20,13,-14,8,-8,7,-8,3,-3,1,-1,0,-1
256,140,-16,1.905322928190e-11,1.905e-11,-10.720031406,0.000190532,10000000,0,0.000000000000e+00,1.000000000000e-07,-7.000000000,1,0.684225582,-0.930058053,0.741962929,0.800036935,96,7,7,adc_s16,0.050000000,12,1,-16.000000000,-6.000000000,6.000000000,16.000000000,0,1,0,-1,-2,0,-2,64,-23,13,-14,8,-8,7,-7,3,-3,1,-1,0,-1
256,152,-4,1.927392384581e-11,1.927e-11,-10.715029861,0.000192739,10000000,0,0.000000000000e+00,1.000000000000e-07,-7.000000000,1,0.704643141,-0.958189229,0.770153516,0.796499889,96,7,7,adc_s16,0.050000000,12,1,-16.000000000,-6.000000000,6.000000000,16.000000000,0,1,0,0,-2,0,-3,64,-20,13,-14,8,-8,7,-8,3,-3,1,-1,0,-1
256,176,20,2.130916778937e-11,2.131e-11,-10.671433511,0.000213092,10000000,0,0.000000000000e+00,1.000000000000e-07,-7.000000000,1,0.751957158,-1.028656126,0.756823093,0.803104572,96,7,7,adc_s16,0.050000000,12,1,-16.000000000,-6.000000000,6.000000000,16.000000000,0,1,0,0,-2,0,-3,64,-15,14,-15,8,-9,7,-8,3,-3,1,-1,0,-1
256,100,-60,2.174031876495e-11,2.174e-11,-10.662734092,0.000217403,10000000,0,0.000000000000e+00,1.000000000000e-07,-7.000000000,1,0.651950711,-0.838346097,0.770355416,0.806962276,96,7,7,adc_s16,0.050000000,12,1,-16.000000000,-6.000000000,6.000000000,16.000000000,0,1,0,-1,-1,-1,-2,64,-32,11,-12,7,-7,7,-7,3,-2,1,-1,0,-1
256,124,-32,2.250951520436e-11,2.251e-11,-10.647633858,0.000225095,10000000,0,0.000000000000e+00,1.000000000000e-07,-7.000000000,1,0.647388221,-0.909677619,0.750517101,0.795584324,96,7,7,adc_s16,0.050000000,12,1,-16.000000000,-6.000000000,6.000000000,16.000000000,0,1,0,-1,-2,0,-2,64,-26,12,-13,7,-8,7,-7,3,-2,1,-1,0,-1
256,120,-36,2.311787011794e-11,2.312e-11,-10.636052181,0.000231179,10000000,0,0.000000000000e+00,1.000000000000e-07,-7.000000000,1,0.638936361,-0.893095356,0.745000440,0.777856662,96,7,7,adc_s16,0.050000000,12,1,-16.000000000,-6.000000000,6.000000000,16.000000000,0,1,0,-1,-2,0,-2,64,-27,12,-13,7,-8,7,-7,3,-2,1,-1,0,-1
256,152,-16,2.334479640316e-11,2.334e-11,-10.631809909,0.000233448,10000000,0,0.000000000000e+00,1.000000000000e-07,-7.000000000,1,0.693853273,-0.949048913,0.754978729,0.776286773,96,7,7,adc_s16,0.050000000,12,1,-16.000000000,-6.000000000,6.000000000,16.000000000,0,1,0,0,-2,0,-3,64,-21,12,-13,7,-8,7,-8,3,-3,1,-1,0,-1
256,140,-20,2.502034933374e-11,2.502e-11,-10.601706631,0.000250203,10000000,0,0.000000000000e+00,1.000000000000e-07,-7.000000000,1,0.702572905,-0.938580781,0.756104431,0.809189440,96,7,7,adc_s16,0.050000000,12,1,-16.000000000,-6.000000000,6.000000000,16.000000000,0,1,0,-1,-2,0,-2,64,-23,12,-14,7,-8,7,-7,3,-3,1,-1,0,-1
256,160,-4,2.558391937760e-11,2.558e-11,-10.592032922,0.000255839,10000000,0,0.000000000000e+00,1.000000000000e-07,-7.000000000,1,0.729119016,-0.969491107,0.758129779,0.784719060,96,7,7,adc_s16,0.050000000,12,1,-16.000000000,-6.000000000,6.000000000,16.000000000,0,1,0,0,-2,0,-3,64,-19,13,-14,8,-8,7,-8,3,-3,1,-1,0,-1
256,108,-48,3.063216793707e-11,3.063e-11,-10.513822266,0.000306322,10000000,0,0.000000000000e+00,1.000000000000e-07,-7.000000000,1,0.654496143,-0.851253706,0.785893378,0.799714866,96,7,7,adc_s16,0.050000000,12,1,-16.000000000,-6.000000000,6.000000000,16.000000000,0,1,0,-1,-1,-1,-2,64,-30,12,-13,7,-7,7,-7,3,-2,1,-1,0,-1
256,100,-68,3.140105959132e-11,3.140e-11,-10.503055697,0.000314011,10000000,0,0.000000000000e+00,1.000000000000e-07,-7.000000000,1,0.650248598,-0.807837204,0.759095279,0.788705993,96,7,7,adc_s16,0.050000000,12,1,-16.000000000,-6.000000000,6.000000000,16.000000000,0,1,0,-1,-2,0,-2,64,-32,10,-11,6,-7,7,-7,3,-2,1,-1,1,-1
256,160,4,3.257434326261e-11,3.257e-11,-10.487124331,0.000325743,10000000,0,0.000000000000e+00,1.000000000000e-07,-7.000000000,1,0.758731672,-0.965167984,0.779670435,0.820717729,96,7,7,adc_s16,0.050000000,12,1,-16.000000000,-6.000000000,6.000000000,16.000000000,0,1,0,0,-2,0,-3,64,-19,14,-15,8,-9,7,-8,3,-3,1,-1,0,-1
256,120,-40,3.351126844157e-11,3.351e-11,-10.474809133,0.000335113,10000000,0,0.000000000000e+00,1.000000000000e-07,-7.000000000,1,0.668454432,-0.891366107,0.764432017,0.785768928,96,7,7,adc_s16,0.050000000,12,1,-16.000000000,-6.000000000,6.000000000,16.000000000,0,1,0,-1,-2,0,-2,64,-27,12,-13,7,-8,7,-7,3,-2,1,-1,0,-1
256,172,4,3.355871181558e-11,3.356e-11,-10.474194718,0.000335587,10000000,0,0.000000000000e+00,1.000000000000e-07,-7.000000000,1,0.799205689,-0.981564970,0.778134268,0.806146967,96,7,7,adc_s16,0.050000000,12,1,-16.000000000,-6.000000000,6.000000000,16.000000000,0,1,0,0,-2,1,-3,64,-17,13,-14,8,-9,7,-8,3,-3,1,-1,0,-1
256,160,16,3.362062323441e-11,3.362e-11,-10.473394240,0.000336206,10000000,0,0.000000000000e+00,1.000000000000e-07,-7.000000000,1,0.813952595,-1.009016798,0.784437511,0.807778794,96,7,7,adc_s16,0.050000000,12,1,-16.000000000,-6.000000000,6.000000000,16.000000000,0,1,0,0,-2,0,-2,64,-18,15,-16,9,-9,7,-8,3,-3,1,-1,0,-1
256,132,-28,3.383635446876e-11,3.384e-11,-10.470616434,0.000338364,10000000,0,0.000000000000e+00,1.000000000000e-07,-7.000000000,1,0.647322018,-0.916656374,0.748343887,0.776835734,96,7,7,adc_s16,0.050000000,12,1,-16.000000000,-6.000000000,6.000000000,16.000000000,0,1,0,-1,-2,0,-2,64,-25,12,-13,7,-8,7,-7,3,-3,1,-1,0,-1
256,88,-72,3.429020625228e-11,3.429e-11,-10.464829903,0.000342902,10000000,0,0.000000000000e+00,1.000000000000e-07,-7.000000000,1,0.705062231,-0.825284091,0.812370318,0.837936852,96,7,7,adc_s16,0.050000000,12,1,-16.000000000,-6.000000000,6.000000000,16.000000000,0,1,0,-1,-1,-1,-1,64,-34,10,-11,6,-7,7,-7,3,-2,1,-1,0,-1
256,84,-72,3.500266926977e-11,3.500e-11,-10.455898836,0.000350027,10000000,0,0.000000000000e+00,1.000000000000e-07,-7.000000000,1,0.665044500,-0.836863883,0.786347998,0.817962838,96,7,7,adc_s16,0.050000000,12,1,-16.000000000,-6.000000000,6.000000000,16.000000000,0,1,0,-1,-1,-1,-1,64,-35,11,-12,6,-7,7,-7,3,-2,1,0,0,-1
256,148,-20,4.178762789791e-11,4.179e-11,-10.378952281,0.000417876,10000000,0,0.000000000000e+00,1.000000000000e-07,-7.000000000,1,0.704597701,-0.957540761,0.758180922,0.785956277,96,7,7,adc_s16,0.050000000,12,1,-16.000000000,-6.000000000,6.000000000,16.000000000,0,1,0,0,-2,0,-3,64,-22,12,-13,7,-8,7,-8,3,-3,1,-1,0,-1
256,172,20,4.495570687039e-11,4.496e-11,-10.347215169,0.000449557,10000000,0,0.000000000000e+00,1.000000000000e-07,-7.000000000,1,0.765562650,-1.020843626,0.750030897,0.825166655,96,7,7,adc_s16,0.050000000,12,1,-16.000000000,-6.000000000,6.000000000,16.000000000,0,1,0,0,-2,0,-3,64,-16,15,-16,9,-9,7,-8,3,-3,1,-1,0,-1
256,128,-32,4.501613465734e-11,4.502e-11,-10.346631799,0.000450161,10000000,0,0.000000000000e+00,1.000000000000e-07,-7.000000000,1,0.651557762,-0.868453557,0.762497006,0.792737582,96,7,7,adc_s16,0.050000000,12,1,-16.000000000,-6.000000000,6.000000000,16.000000000,0,1,0,-1,-2,0,-2,64,-26,12,-13,7,-8,7,-7,3,-3,1,-1,0,-1
256,144,-20,4.698678006947e-11,4.699e-11,-10.328024315,0.000469868,10000000,0,0.000000000000e+00,1.000000000000e-07,-7.000000000,1,0.683890471,-0.913043478,0.759630090,0.784145631,96,7,7,adc_s16,0.050000000,12,1,-16.000000000,-6.000000000,6.000000000,16.000000000,0,1,0,0,-2,0,-3,64,-23,12,-13,7,-8,7,-7,3,-3,1,-1,0,-1
256,156,-16,4.850035883068e-11,4.850e-11,-10.314255048,0.000485004,10000000,0,0.000000000000e+00,1.000000000000e-07,-7.000000000,1,0.768434141,-0.959702322,0.796517335,0.799787351,96,7,7,adc_s16,0.050000000,12,1,-16.000000000,-6.000000000,6.000000000,16.000000000,0,1,0,0,-2,0,-3,64,-21,12,-13,7,-8,7,-8,3,-3,1,-1,1,-1
256,156,-8,4.926292387941e-11,4.926e-11,-10.307479815,0.000492629,10000000,0,0.000000000000e+00,1.000000000000e-07,-7.000000000,1,0.723643448,-0.958220109,0.786310714,0.793003586,96,7,7,adc_s16,0.050000000,12,1,-16.000000000,-6.000000000,6.000000000,16.000000000,0,1,0,0,-2,0,-3,64,-20,13,-14,8,-8,7,-8,3,-3,1,-1,0,-1
256,168,8,4.960137169656e-11,4.960e-11,-10.304506313,0.000496014,10000000,0,0.000000000000e+00,1.000000000000e-07,-7.000000000,1,0.729756733,-1.019948123,0.760529720,0.816445589,96,7,7,adc_s16,0.050000000,12,1,-16.000000000,-6.000000000,6.000000000,16.000000000,0,1,0,0,-2,0,-3,64,-17,14,-15,8,-9,7,-8,3,-3,1,-1,0,-1
256,124,-36,5.088865434980e-11,5.089e-11,-10.293379033,0.000508887,10000000,0,0.000000000000e+00,1.000000000000e-07,-7.000000000,1,0.623853537,-0.894855484,0.742233625,0.796064231,96,7,7,adc_s16,0.050000000,12,1,-16.000000000,-6.000000000,6.000000000,16.000000000,0,1,0,-1,-2,0,-2,64,-27,12,-13,7,-8,7,-7,3,-2,1,-1,0,-1
256,148,-12,5.107794626519e-11,5.108e-11,-10.291766573,0.000510779,10000000,0,0.000000000000e+00,1.000000000000e-07,-7.000000000,1,0.712903710,-0.961493330,0.766853634,0.788738161,96,7,7,adc_s16,0.050000000,12,1,-16.000000000,-6.000000000,6.000000000,16.000000000,0,1,0,0,-2,0,-3,64,-22,13,-14,8,-8,7,-7,3,-3,1,-1,0,-1
256,124,-40,5.510982382603e-11,5.511e-11,-10.258770977,0.000551098,10000000,0,0.000000000000e+00,1.000000000000e-07,-7.000000000,1,0.668562521,-0.901401927,0.762779049,0.770391774,96,7,7,adc_s16,0.050000000,12,1,-16.000000000,-6.000000000,6.000000000,16.000000000,0,1,0,-1,-2,0,-2,64,-27,11,-13,7,-8,7,-7,3,-2,1,-1,0,-1
256,144,-16,5.755540952653e-11,5.756e-11,-10.239913852,0.000575554,10000000,0,0.000000000000e+00,1.000000000000e-07,-7.000000000,1,0.714299722,-0.958003953,0.770952599,0.789110192,96,7,7,adc_s16,0.050000000,12,1,-16.000000000,-6.000000000,6.000000000,16.000000000,0,1,0,0,-2,0,-3,64,-22,13,-14,8,-8,7,-7,3,-3,1,-1,0,-1
256,160,0,6.087793427081e-11,6.088e-11,-10.215540093,0.000608779,10000000,0,0.000000000000e+00,1.000000000000e-07,-7.000000000,1,0.715914270,-0.976902174,0.761749672,0.808346304,96,7,7,adc_s16,0.050000000,12,1,-16.000000000,-6.000000000,6.000000000,16.000000000,0,1,0,0,-2,0,-3,64,-19,13,-14,8,-9,7,-8,3,-3,1,-1,0,-1
256,108,-44,6.169192920802e-11,6.169e-11,-10.209771648,0.000616919,10000000,0,0.000000000000e+00,1.000000000000e-07,-7.000000000,1,0.760718526,-0.892879200,0.819589740,0.834050031,96,7,7,adc_s16,0.050000000,12,1,-16.000000000,-6.000000000,6.000000000,16.000000000,0,1,0,-1,-1,-1,-1,64,-29,12,-13,7,-7,7,-7,3,-2,1,-1,0,-1
256,84,-76,6.297064943212e-11,6.297e-11,-10.200861828,0.000629706,10000000,0,0.000000000000e+00,1.000000000000e-07,-7.000000000,1,0.704891076,-0.819571393,0.809041821,0.821450348,96,7,7,adc_s16,0.050000000,12,1,-16.000000000,-6.000000000,6.000000000,16.000000000,0,1,0,-1,-1,-1,-1,64,-35,10,-11,6,-7,7,-7,3,-2,1,-1,0,-1
256,156,0,6.504553850591e-11,6.505e-11,-10.186782486,0.000650455,10000000,0,0.000000000000e+00,1.000000000000e-07,-7.000000000,1,0.770969923,-0.943892045,0.781083177,0.833218543,96,7,7,adc_s16,0.050000000,12,1,-16.000000000,-6.000000000,6.000000000,16.000000000,0,1,0,0,-2,0,-3,64,-20,14,-15,8,-9,7,-8,3,-3,1,-1,0,-1
256,108,-60,6.644597898207e-11,6.645e-11,-10.177531296,0.000664460,10000000,0,0.000000000000e+00,1.000000000000e-07,-7.000000000,1,0.615329169,-0.866940464,0.750178781,0.776930388,96,7,7,adc_s16,0.050000000,12,1,-16.000000000,-6.000000000,6.000000000,16.000000000,0,1,0,-1,-2,0,-2,64,-31,10,-11,6,-7,7,-7,3,-2,1,-1,1,-1
256,96,-60,6.780539341935e-11,6.781e-11,-10.168735760,0.000678054,10000000,0,0.000000000000e+00,1.000000000000e-07,-7.000000000,1,0.735774985,-0.846590909,0.816812796,0.834349872,96,7,7,adc_s16,0.050000000,12,1,-16.000000000,-6.000000000,6.000000000,16.000000000,0,1,0,-1,-1,-1,-1,64,-32,11,-12,7,-7,7,-7,3,-2,1,-1,0,-1
256,164,8,7.443629294447e-11,7.444e-11,-10.128215264,0.000744363,10000000,0,0.000000000000e+00,1.000000000000e-07,-7.000000000,1,0.750711270,-0.996695899,0.778955646,0.844485704,96,7,7,adc_s16,0.050000000,12,1,-16.000000000,-6.000000000,6.000000000,16.000000000,0,1,0,0,-2,0,-3,64,-18,14,-15,8,-9,7,-8,3,-3,1,-1,0,-1
256,172,16,7.473171640864e-11,7.473e-11,-10.126495043,0.000747317,10000000,0,0.000000000000e+00,1.000000000000e-07,-7.000000000,1,0.747324013,-1.009727026,0.758593921,0.836244977,96,7,7,adc_s16,0.050000000,12,1,-16.000000000,-6.000000000,6.000000000,16.000000000,0,1,0,0,-2,0,-3,64,-16,14,-15,8,-9,7,-8,3,-3,1,-1,0,-1
256,88,-64,7.865197209464e-11,7.865e-11,-10.104290384,0.000786520,10000000,0,0.000000000000e+00,1.000000000000e-07,-7.000000000,1,0.680833873,-0.835536067,0.815593388,0.831267409,96,7,7,adc_s16,0.050000000,12,1,-16.000000000,-6.000000000,6.000000000,16.000000000,0,1,0,-1,-1,-1,-1,64,-34,11,-12,7,-7,7,-7,3,-2,1,0,0,-1
256,144,-24,7.885963991641e-11,7.886e-11,-10.103145210,0.000788596,10000000,0,0.000000000000e+00,1.000000000000e-07,-7.000000000,1,0.678610318,-0.911314229,0.762160822,0.794678053,96,7,7,adc_s16,0.050000000,12,1,-16.000000000,-6.000000000,6.000000000,16.000000000,0,1,0,0,-2,0,-3,64,-23,12,-13,7,-8,7,-7,3,-3,1,-1,0,-1
256,104,-64,7.951045234721e-11,7.951e-11,-10.099575776,0.000795105,10000000,0,0.000000000000e+00,1.000000000000e-07,-7.000000000,1,0.653328468,-0.863451087,0.771727279,0.837022874,96,7,7,adc_s16,0.050000000,12,1,-16.000000000,-6.000000000,6.000000000,16.000000000,0,1,0,-1,-2,0,-2,64,-31,10,-11,6,-7,7,-7,3,-2,1,-1,1,-1
256,144,-12,8.000654163317e-11,8.001e-11,-10.096874502,0.000800065,10000000,0,0.000000000000e+00,1.000000000000e-07,-7.000000000,1,0.700427682,-0.952322134,0.769082360,0.830613220,96,7,7,adc_s16,0.050000000,12,1,-16.000000000,-6.000000000,6.000000000,16.000000000,0,1,0,-1,-2,0,-2,64,-22,13,-14,8,-8,7,-7,3,-3,1,-1,0,-1
256,92,-72,8.106423155466e-11,8.106e-11,-10.091170730,0.000810642,10000000,0,0.000000000000e+00,1.000000000000e-07,-7.000000000,1,0.657677769,-0.809257658,0.785100968,0.806678131,96,7,7,adc_s16,0.050000000,12,1,-16.000000000,-6.000000000,6.000000000,16.000000000,0,1,0,-1,-1,-1,-2,64,-34,10,-11,6,-7,7,-7,3,-2,1,-1,0,-1
256,144,-36,8.138855448471e-11,8.139e-11,-10.089436665,0.000813886,10000000,0,0.000000000000e+00,1.000000000000e-07,-7.000000000,1,0.787273241,-0.944293478,0.815553361,0.801277011,96,7,7,adc_s16,0.050000000,12,1,-16.000000000,-6.000000000,6.000000000,16.000000000,0,1,0,0,-2,1,-3,64,-24,10,-12,7,-8,7,-7,3,-3,1,-1,1,-1
256,132,-32,8.465274504540e-11,8.465e-11,-10.072358954,0.000846527,10000000,0,0.000000000000e+00,1.000000000000e-07,-7.000000000,1,0.675675073,-0.914927125,0.772454332,0.793880726,96,7,7,adc_s16,0.050000000,12,1,-16.000000000,-6.000000000,6.000000000,16.000000000,0,1,0,-1,-2,0,-2,64,-25,12,-13,7,-8,7,-7,3,-3,1,-1,0,-1
256,128,-40,8.897785760574e-11,8.898e-11,-10.050718055,0.000889779,10000000,0,0.000000000000e+00,1.000000000000e-07,-7.000000000,1,0.711167420,-0.931818182,0.749953387,0.833642578,96,7,7,adc_s16,0.050000000,12,1,-16.000000000,-6.000000000,6.000000000,16.000000000,0,1,0,-1,-2,0,-2,64,-26,11,-12,7,-7,7,-7,3,-3,1,-1,1,-1
256,176,12,9.999883814615e-11,10.000e-11,-10.000005046,0.000999988,10000000,0,0.000000000000e+00,1.000000000000e-07,-7.000000000,1,0.877404212,-0.987771739,0.815404776,0.820367215,96,7,7,adc_s16,0.050000000,12,1,-16.000000000,-6.000000000,6.000000000,16.000000000,0,1,0,0,-2,1,-3,64,-16,13,-15,8,-9,7,-8,3,-3,1,-1,0,-1
256,96,-64,1.025953399539e-10,1.026e-10,-9.988872365,0.001025953,10000000,0,0.000000000000e+00,1.000000000000e-07,-7.000000000,1,0.746959894,-0.846837945,0.845197872,0.837031006,96,7,7,adc_s16,0.050000000,12,1,-16.000000000,-6.000000000,6.000000000,16.000000000,0,1,0,-1,-1,-1,-1,64,-32,11,-12,6,-7,7,-7,3,-2,1,-1,0,-1
256,152,0,1.049872616317e-10,1.050e-10,-9.978863392,0.001049873,10000000,0,0.000000000000e+00,1.000000000000e-07,-7.000000000,1,0.765999666,-0.953372036,0.791240431,0.846312579,96,7,7,adc_s16,0.050000000,12,1,-16.000000000,-6.000000000,6.000000000,16.000000000,0,1,0,0,-2,0,-2,64,-20,14,-15,8,-9,7,-8,3,-3,1,-1,0,-1
256,136,-16,1.088269743448e-10,1.088e-10,-9.963263445,0.001088270,10000000,0,0.000000000000e+00,1.000000000000e-07,-7.000000000,1,0.690611030,-0.927803854,0.764058359,0.816821964,96,7,7,adc_s16,0.050000000,12,1,-16.000000000,-6.000000000,6.000000000,16.000000000,0,1,0,-1,-2,0,-2,64,-24,13,-14,8,-8,7,-7,3,-3,1,-1,0,-1
256,168,0,1.116382914489e-10,1.116e-10,-9.952186819,0.001116383,10000000,0,0.000000000000e+00,1.000000000000e-07,-7.000000000,1,0.799625765,-1.009943182,0.783084892,0.817027826,96,7,7,adc_s16,0.050000000,12,1,-16.000000000,-6.000000000,6.000000000,16.000000000,0,1,0,0,-2,1,-3,64,-18,13,-14,8,-9,7,-8,3,-3,1,-1,0,-1
256,128,-24,1.116490754473e-10,1.116e-10,-9.952144869,0.001116491,10000000,0,0.000000000000e+00,1.000000000000e-07,-7.000000000,1,0.701284714,-0.914278656,0.770457946,0.844733579,96,7,7,adc_s16,0.050000000,12,1,-16.000000000,-6.000000000,6.000000000,16.000000000,0,1,0,-1,-2,0,-2,64,-25,13,-14,8,-8,7,-7,3,-3,1,-1,0,-1
256,164,-8,1.210555409331e-10,1.211e-10,-9.917015327,0.001210555,10000000,0,0.000000000000e+00,1.000000000000e-07,-7.000000000,1,0.792160624,-1.009047678,0.795968032,0.821271229,96,7,7,adc_s16,0.050000000,12,1,-16.000000000,-6.000000000,6.000000000,16.000000000,0,1,0,0,-2,1,-3,64,-19,12,-13,7,-8,7,-8,3,-3,1,-1,1,-1
256,136,-36,1.237241047792e-10,1.237e-10,-9.907545680,0.001237241,10000000,0,0.000000000000e+00,1.000000000000e-07,-7.000000000,1,0.665127702,-0.890254447,0.744539944,0.795574719,96,7,7,adc_s16,0.050000000,12,1,-16.000000000,-6.000000000,6.000000000,16.000000000,0,1,0,0,-2,0,-3,64,-25,11,-12,7,-8,7,-7,3,-3,1,-1,1,-1
256,168,12,1.262442033742e-10,1.262e-10,-9.898788554,0.001262442,10000000,0,0.000000000000e+00,1.000000000000e-07,-7.000000000,1,0.746908717,-1.021677372,0.772755069,0.853163909,96,7,7,adc_s16,0.050000000,12,1,-16.000000000,-6.000000000,6.000000000,16.000000000,0,1,0,0,-2,0,-3,64,-17,14,-15,8,-9,7,-8,3,-3,1,-1,0,-1
256,116,-52,1.322402865125e-10,1.322e-10,-9.878636218,0.001322403,10000000,0,0.000000000000e+00,1.000000000000e-07,-7.000000000,1,0.669125640,-0.880589180,0.784017995,0.792386745,96,7,7,adc_s16,0.050000000,12,1,-16.000000000,-6.000000000,6.000000000,16.000000000,0,1,0,-1,-2,0,-2,64,-29,10,-12,7,-7,7,-7,3,-2,1,-1,1,-1
256,144,-40,1.324701657776e-10,1.325e-10,-9.877881920,0.001324702,10000000,0,0.000000000000e+00,1.000000000000e-07,-7.000000000,1,0.785493601,-0.943428854,0.805044377,0.803618650,96,7,7,adc_s16,0.050000000,12,1,-16.000000000,-6.000000000,6.000000000,16.000000000,0,1,0,0,-2,1,-3,64,-24,9,-11,6,-7,7,-8,3,-3,1,-1,1,-1
256,168,4,1.332140073625e-10,1.332e-10,-9.875450107,0.001332140,10000000,0,0.000000000000e+00,1.000000000000e-07,-7.000000000,1,0.773870811,-1.003643775,0.776448928,0.851145918,96,7,7,adc_s16,0.050000000,12,1,-16.000000000,-6.000000000,6.000000000,16.000000000,0,1,0,0,-2,0,-3,64,-18,13,-14,8,-9,7,-8,3,-3,1,-1,0,-1
256,112,-32,1.339484315841e-10,1.339e-10,-9.873062367,0.001339484,10000000,0,0.000000000000e+00,1.000000000000e-07,-7.000000000,1,0.797104681,-0.914896245,0.848452604,0.850972570,96,7,7,adc_s16,0.050000000,12,1,-16.000000000,-6.000000000,6.000000000,16.000000000,0,1,0,-1,-1,-1,-1,64,-28,13,-14,8,-8,7,-7,3,-2,1,-1,0,-1
256,180,20,1.361864630775e-10,1.362e-10,-9.865866059,0.001361865,10000000,0,0.000000000000e+00,1.000000000000e-07,-7.000000000,1,0.815977211,-1.030416255,0.792165610,0.843921623,96,7,7,adc_s16,0.050000000,12,1,-16.000000000,-6.000000000,6.000000000,16.000000000,0,1,0,0,-2,0,-3,64,-15,14,-15,8,-9,7,-8,3,-3,1,-1,0,-1
256,112,-36,1.390859967849e-10,1.391e-10,-9.856716593,0.001390860,10000000,0,0.000000000000e+00,1.000000000000e-07,-7.000000000,1,0.768401159,-0.901309289,0.827014316,0.841647346,96,7,7,adc_s16,0.050000000,12,1,-16.000000000,-6.000000000,6.000000000,16.000000000,0,1,0,-1,-1,-1,-1,64,-28,13,-14,7,-8,7,-7,3,-2,1,-1,0,-1
256,136,-28,1.423813514348e-10,1.424e-10,-9.846546889,0.001423814,10000000,0,0.000000000000e+00,1.000000000000e-07,-7.000000000,1,0.707698066,-0.908288043,0.813144321,0.807113474,96,7,7,adc_s16,0.050000000,12,1,-16.000000000,-6.000000000,6.000000000,16.000000000,0,1,0,-1,-2,0,-3,64,-24,12,-13,7,-8,7,-7,3,-3,1,-1,0,-1
256,128,-28,1.424328813841e-10,1.424e-10,-9.846389740,0.001424329,10000000,0,0.000000000000e+00,1.000000000000e-07,-7.000000000,1,0.746309270,-0.919342885,0.779168798,0.830605364,96,7,7,adc_s16,0.050000000,12,1,-16.000000000,-6.000000000,6.000000000,16.000000000,0,1,0,-1,-2,0,-2,64,-25,13,-13,7,-8,7,-7,3,-3,1,-1,0,-1
256,140,-12,1.433900917126e-10,1.434e-10,-9.843480857,0.001433901,10000000,0,0.000000000000e+00,1.000000000000e-07,-7.000000000,1,0.742837377,-0.951056077,0.755966758,0.831887611,96,7,7,adc_s16,0.050000000,12,1,-16.000000000,-6.000000000,6.000000000,16.000000000,0,1,0,-1,-2,0,-2,64,-23,14,-14,8,-8,7,-7,3,-3,1,-1,0,-1
256,112,-60,1.470902845295e-10,1.471e-10,-9.832416012,0.001470903,10000000,0,0.000000000000e+00,1.000000000000e-07,-7.000000000,1,0.654378554,-0.846837945,0.763772746,0.797289646,96,7,7,adc_s16,0.050000000,12,1,-16.000000000,-6.000000000,6.000000000,16.000000000,0,1,0,-1,-2,0,-2,64,-30,10,-11,6,-7,7,-7,3,-2,1,-1,1,-1
256,92,-64,1.501845855236e-10,1.502e-10,-9.823374640,0.001501846,10000000,0,0.000000000000e+00,1.000000000000e-07,-7.000000000,1,0.719383834,-0.841125247,0.833175061,0.844937022,96,7,7,adc_s16,0.050000000,12,1,-16.000000000,-6.000000000,6.000000000,16.000000000,0,1,0,-1,-1,-1,-1,64,-33,11,-12,7,-7,7,-7,3,-2,1,-1,0,-1
256,132,-20,1.535606167792e-10,1.536e-10,-9.813720152,0.001535606,10000000,0,0.000000000000e+00,1.000000000000e-07,-7.000000000,1,0.714780355,-0.924314476,0.779499696,0.853737459,96,7,7,adc_s16,0.050000000,12,1,-16.000000000,-6.000000000,6.000000000,16.000000000,0,1,0,-1,-2,0,-2,64,-24,13,-14,8,-8,7,-7,3,-3,1,-1,0,-1
256,96,-72,1.550782340004e-10,1.551e-10,-9.809449153,0.001550782,10000000,0,0.000000000000e+00,1.000000000000e-07,-7.000000000,1,0.651386577,-0.838068182,0.791545029,0.843197634,96,7,7,adc_s16,0.050000000,12,1,-16.000000000,-6.000000000,6.000000000,16.000000000,0,1,0,-1,-2,0,-2,64,-33,10,-11,6,-7,7,-7,3,-2,1,-1,1,-1
256,104,-48,1.603241862414e-10,1.603e-10,-9.795000956,0.001603242,10000000,0,0.000000000000e+00,1.000000000000e-07,-7.000000000,1,0.737368232,-0.865056818,0.828574404,0.864794091,96,7,7,adc_s16,0.050000000,12,1,-16.000000000,-6.000000000,6.000000000,16.000000000,0,1,0,-1,-1,-1,-1,64,-30,12,-13,7,-7,7,-7,3,-2,1,-1,0,-1
256,112,-40,1.605597343913e-10,1.606e-10,-9.794363359,0.001605597,10000000,0,0.000000000000e+00,1.000000000000e-07,-7.000000000,1,0.719567357,-0.879199605,0.816530888,0.867637796,96,7,7,adc_s16,0.050000000,12,1,-16.000000000,-6.000000000,6.000000000,16.000000000,0,1,0,-1,-1,-1,-2,64,-29,12,-13,7,-8,7,-7,3,-2,1,-1,0,-1
256,112,-48,1.617084232736e-10,1.617e-10,-9.791267357,0.001617084,10000000,0,0.000000000000e+00,1.000000000000e-07,-7.000000000,1,0.662537039,-0.883275692,0.783534843,0.841314970,96,7,7,adc_s16,0.050000000,12,1,-16.000000000,-6.000000000,6.000000000,16.000000000,0,1,0,-1,-2,0,-2,64,-29,11,-12,7,-7,7,-7,3,-2,1,-1,0,-1
256,132,-48,1.657647213057e-10,1.658e-10,-9.780507892,0.001657647,10000000,0,0.000000000000e+00,1.000000000000e-07,-7.000000000,1,0.691182574,-0.904922184,0.784522188,0.792570337,96,7,7,adc_s16,0.050000000,12,1,-16.000000000,-6.000000000,6.000000000,16.000000000,0,1,0,0,-2,0,-3,64,-26,9,-11,6,-7,7,-7,3,-3,1,-1,1,-1
256,128,-36,1.775940553867e-10,1.776e-10,-9.750571575,0.001775941,10000000,0,0.000000000000e+00,1.000000000000e-07,-7.000000000,1,0.697569128,-0.927618577,0.801796917,0.819824347,96,7,7,adc_s16,0.050000000,12,1,-16.000000000,-6.000000000,6.000000000,16.000000000,0,1,0,-1,-2,0,-2,64,-26,11,-13,7,-8,7,-7,3,-3,1,-1,0,-1
256,88,-68,1.789878307971e-10,1.790e-10,-9.747176495,0.001789878,10000000,0,0.000000000000e+00,1.000000000000e-07,-7.000000000,1,0.707210531,-0.816267292,0.842720653,0.851928628,96,7,7,adc_s16,0.050000000,12,1,-16.000000000,-6.000000000,6.000000000,16.000000000,0,1,0,-1,-1,-1,-1,64,-34,11,-12,7,-7,7,-7,3,-2,1,-1,0,-1
256,116,-48,1.802398797877e-10,1.802e-10,-9.744149111,0.001802399,10000000,0,0.000000000000e+00,1.000000000000e-07,-7.000000000,1,0.639387776,-0.885035820,0.764339511,0.798036492,96,7,7,adc_s16,0.050000000,12,1,-16.000000000,-6.000000000,6.000000000,16.000000000,0,1,0,-1,-2,0,-2,64,-29,11,-12,7,-7,7,-7,3,-2,1,-1,0,-1
256,108,-52,1.813659922865e-10,1.814e-10,-9.741444144,0.001813660,10000000,0,0.000000000000e+00,1.000000000000e-07,-7.000000000,1,0.646542393,-0.853724061,0.771074831,0.791677062,96,7,7,adc_s16,0.050000000,12,1,-16.000000000,-6.000000000,6.000000000,16.000000000,0,1,0,-1,-2,0,-2,64,-30,11,-12,7,-7,7,-7,3,-2,1,-1,0,-1
256,124,-28,1.898999911931e-10,1.899e-10,-9.721475055,0.001899000,10000000,0,0.000000000000e+00,1.000000000000e-07,-7.000000000,1,0.692006922,-0.887938488,0.780704337,0.856225505,96,7,7,adc_s16,0.050000000,12,1,-16.000000000,-6.000000000,6.000000000,16.000000000,0,1,0,-1,-2,0,-2,64,-26,13,-14,8,-8,7,-7,3,-3,1,-1,0,-1
256,164,-4,1.918535786993e-10,1.919e-10,-9.717030095,0.001918536,10000000,0,0.000000000000e+00,1.000000000000e-07,-7.000000000,1,0.806613827,-0.968410326,0.813653675,0.821643175,96,7,7,adc_s16,0.050000000,12,1,-16.000000000,-6.000000000,6.000000000,16.000000000,0,1,0,0,-2,0,-3,64,-19,12,-14,8,-8,7,-8,3,-3,1,-1,0,-1
256,140,-8,1.983624466305e-10,1.984e-10,-9.702540544,0.001983624,10000000,0,0.000000000000e+00,1.000000000000e-07,-7.000000000,1,0.736878965,-0.949820899,0.773756326,0.855947602,96,7,7,adc_s16,0.050000000,12,1,-16.000000000,-6.000000000,6.000000000,16.000000000,0,1,0,-1,-2,0,-2,64,-22,14,-15,8,-8,7,-7,3,-3,1,-1,0,-1
256,108,-64,2.012828881906e-10,2.013e-10,-9.696193145,0.002012829,10000000,0,0.000000000000e+00,1.000000000000e-07,-7.000000000,1,0.652810073,-0.865211215,0.775046363,0.805200766,96,7,7,adc_s16,0.050000000,12,1,-16.000000000,-6.000000000,6.000000000,16.000000000,0,1,0,-1,-2,0,-2,64,-31,10,-11,6,-7,7,-7,3,-2,1,-1,1,-1
256,104,-40,2.025879106771e-10,2.026e-10,-9.693386474,0.002025879,10000000,0,0.000000000000e+00,1.000000000000e-07,-7.000000000,1,0.784532245,-0.873208992,0.842821777,0.872394961,96,7,7,adc_s16,0.050000000,12,1,-16.000000000,-6.000000000,6.000000000,16.000000000,0,1,0,-1,-1,-1,-1,64,-30,13,-14,7,-8,7,-7,3,-2,1,-1,0,-1
256,156,4,2.210731033468e-10,2.211e-10,-9.655464092,0.002210731,10000000,0,0.000000000000e+00,1.000000000000e-07,-7.000000000,1,0.766593914,-0.966495800,0.793344491,0.847268034,96,7,7,adc_s16,0.050000000,12,1,-16.000000000,-6.000000000,6.000000000,16.000000000,0,1,0,0,-2,0,-2,64,-19,14,-15,8,-9,7,-8,3,-3,1,-1,0,-1
256,100,-52,2.255789032939e-10,2.256e-10,-9.646701519,0.002255789,10000000,0,0.000000000000e+00,1.000000000000e-07,-7.000000000,1,0.718235787,-0.870707757,0.838986930,0.867842973,96,7,7,adc_s16,0.050000000,12,1,-16.000000000,-6.000000000,6.000000000,16.000000000,0,1,0,-1,-1,-1,-1,64,-31,12,-13,7,-7,7,-7,3,-2,1,-1,0,-1
256,88,-76,2.386845995044e-10,2.387e-10,-9.622175602,0.002386846,10000000,0,0.000000000000e+00,1.000000000000e-07,-7.000000000,1,0.757139709,-0.823554842,0.843205492,0.884152176,96,7,7,adc_s16,0.050000000,12,1,-16.000000000,-6.000000000,6.000000000,16.000000000,0,1,0,-1,-1,-1,-1,64,-34,10,-11,6,-7,7,-7,3,-2,1,-1,0,-1
256,100,-56,2.420251342244e-10,2.420e-10,-9.616139530,0.002420251,10000000,0,0.000000000000e+00,1.000000000000e-07,-7.000000000,1,0.756383985,-0.870337204,0.835592254,0.862826719,96,7,7,adc_s16,0.050000000,12,1,-16.000000000,-6.000000000,6.000000000,16.000000000,0,1,0,-1,-1,-1,-1,64,-31,11,-12,7,-7,7,-7,3,-2,1,-1,0,-1
256,160,12,2.457635531520e-10,2.458e-10,-9.609482523,0.002457636,10000000,0,0.000000000000e+00,1.000000000000e-07,-7.000000000,1,0.852922422,-1.008522727,0.820261755,0.849555764,96,7,7,adc_s16,0.050000000,12,1,-16.000000000,-6.000000000,6.000000000,16.000000000,0,1,0,0,-2,0,-2,64,-18,15,-15,9,-9,7,-8,3,-3,1,-1,0,-1
256,148,-4,2.538541135846e-10,2.539e-10,-9.595415795,0.002538541,10000000,0,0.000000000000e+00,1.000000000000e-07,-7.000000000,1,0.718532239,-0.978415267,0.765073662,0.862445137,96,7,7,adc_s16,0.050000000,12,1,-16.000000000,-6.000000000,6.000000000,16.000000000,0,1,0,-1,-2,0,-2,64,-21,14,-15,8,-8,7,-7,3,-3,1,-1,0,-1
256,140,-28,2.647452061728e-10,2.647e-10,-9.577171895,0.002647452,10000000,0,0.000000000000e+00,1.000000000000e-07,-7.000000000,1,0.752612681,-0.938580781,0.786391211,0.809529680,96,7,7,adc_s16,0.050000000,12,1,-16.000000000,-6.000000000,6.000000000,16.000000000,0,1,0,0,-2,0,-3,64,-24,11,-13,7,-8,7,-7,3,-3,1,-1,0,-1
256,168,16,2.718979742521e-10,2.719e-10,-9.565594028,0.002718980,10000000,0,0.000000000000e+00,1.000000000000e-07,-7.000000000,1,0.774532906,-1.030447134,0.783629240,0.854032101,96,7,7,adc_s16,0.050000000,12,1,-16.000000000,-6.000000000,6.000000000,16.000000000,0,1,0,0,-2,0,-3,64,-17,15,-15,9,-9,7,-8,3,-3,1,-1,0,-1
256,180,28,2.731799199849e-10,2.732e-10,-9.563551227,0.002731799,10000000,0,0.000000000000e+00,1.000000000000e-07,-7.000000000,1,0.827000615,-1.028563488,0.788334829,0.863562939,96,7,7,adc_s16,0.050000000,12,1,-16.000000000,-6.000000000,6.000000000,16.000000000,0,1,0,0,-2,0,-3,64,-14,15,-16,9,-9,7,-8,2,-3,1,-1,0,-1
256,120,-20,2.795925281757e-10,2.796e-10,-9.553474439,0.002795925,10000000,0,0.000000000000e+00,1.000000000000e-07,-7.000000000,1,0.835243557,-0.935214921,0.843246823,0.852374854,96,7,7,adc_s16,0.050000000,12,1,-16.000000000,-6.000000000,6.000000000,16.000000000,0,1,0,-1,-1,-1,-1,64,-26,14,-15,8,-8,7,-7,3,-2,1,-1,0,-1
256,108,-36,2.856595969480e-10,2.857e-10,-9.544151181,0.002856596,10000000,0,0.000000000000e+00,1.000000000000e-07,-7.000000000,1,0.773771655,-0.896214180,0.840637660,0.888953174,96,7,7,adc_s16,0.050000000,12,1,-16.000000000,-6.000000000,6.000000000,16.000000000,0,1,0,-1,-1,-1,-1,64,-29,13,-14,8,-8,7,-7,3,-2,1,-1,0,-1
256,156,-12,3.051272991961e-10,3.051e-10,-9.515518935,0.003051273,10000000,0,0.000000000000e+00,1.000000000000e-07,-7.000000000,1,0.787573756,-0.952538291,0.811769785,0.834955403,96,7,7,adc_s16,0.050000000,12,1,-16.000000000,-6.000000000,6.000000000,16.000000000,0,1,0,0,-2,0,-3,64,-21,12,-13,7,-8,7,-8,3,-3,1,-1,0,-1
256,100,-48,3.071191270128e-10,3.071e-10,-9.512693135,0.003071191,10000000,0,0.000000000000e+00,1.000000000000e-07,-7.000000000,1,0.715952003,-0.872437006,0.837778539,0.860330555,96,7,7,adc_s16,0.050000000,12,1,-16.000000000,-6.000000000,6.000000000,16.000000000,0,1,0,-1,-1,-1,-1,64,-31,12,-13,7,-7,7,-7,3,-2,1,-1,0,-1
256,120,-44,3.164609633582e-10,3.165e-10,-9.499679854,0.003164610,10000000,0,0.000000000000e+00,1.000000000000e-07,-7.000000000,1,0.653871033,-0.887907609,0.742681958,0.821813784,96,7,7,adc_s16,0.050000000,12,1,-16.000000000,-6.000000000,6.000000000,16.000000000,0,1,0,-1,-2,0,-2,64,-28,11,-12,7,-7,7,-7,3,-2,1,-1,0,-1
256,132,-52,3.181293254224e-10,3.181e-10,-9.497396295,0.003181293,10000000,0,0.000000000000e+00,1.000000000000e-07,-7.000000000,1,0.822887747,-0.907886611,0.840882760,0.798717122,96,7,7,adc_s16,0.050000000,12,1,-16.000000000,-6.000000000,6.000000000,16.000000000,0,1,0,0,-2,0,-3,64,-27,9,-11,6,-7,7,-7,3,-3,1,-1,1,-1
256,116,-36,3.287699975306e-10,3.288e-10,-9.483107822,0.003287700,10000000,0,0.000000000000e+00,1.000000000000e-07,-7.000000000,1,0.703706044,-0.857367836,0.786537858,0.837212150,96,7,7,adc_s16,0.050000000,12,1,-16.000000000,-6.000000000,6.000000000,16.000000000,0,1,0,-1,-2,-1,-2,64,-28,13,-13,7,-8,7,-7,3,-2,1,-1,0,-1
256,108,-40,3.403319534805e-10,3.403e-10,-9.468097273,0.003403320,10000000,0,0.000000000000e+00,1.000000000000e-07,-7.000000000,1,0.792438703,-0.884603508,0.843443538,0.866338354,96,7,7,adc_s16,0.050000000,12,1,-16.000000000,-6.000000000,6.000000000,16.000000000,0,1,0,-1,-1,-1,-1,64,-29,13,-13,7,-8,7,-7,3,-2,1,-1,0,-1
256,164,20,3.408119991064e-10,3.408e-10,-9.467485123,0.003408120,10000000,0,0.000000000000e+00,1.000000000000e-07,-7.000000000,1,0.864944197,-1.039927125,0.812035325,0.853690534,96,7,7,adc_s16,0.050000000,12,1,-16.000000000,-6.000000000,6.000000000,16.000000000,0,1,0,0,-2,0,-2,64,-17,16,-16,9,-9,7,-8,3,-3,1,-1,0,-1
256,152,-12,3.415449569302e-10,3.415e-10,-9.466552123,0.003415450,10000000,0,0.000000000000e+00,1.000000000000e-07,-7.000000000,1,0.742981435,-0.916440217,0.799176217,0.817163015,96,7,7,adc_s16,0.050000000,12,1,-16.000000000,-6.000000000,6.000000000,16.000000000,0,1,0,0,-2,0,-3,64,-21,12,-14,8,-8,7,-8,3,-3,1,-1,0,-1
256,116,-44,3.469782968799e-10,3.470e-10,-9.459697689,0.003469783,10000000,0,0.000000000000e+00,1.000000000000e-07,-7.000000000,1,0.670404241,-0.874536808,0.776564835,0.828193081,96,7,7,adc_s16,0.050000000,12,1,-16.000000000,-6.000000000,6.000000000,16.000000000,0,1,0,-1,-2,0,-2,64,-28,11,-13,7,-7,7,-7,3,-2,1,-1,0,-1
256,92,-68,3.486248675640e-10,3.486e-10,-9.457641638,0.003486249,10000000,0,0.000000000000e+00,1.000000000000e-07,-7.000000000,1,0.746529959,-0.854218132,0.841592079,0.870686972,96,7,7,adc_s16,0.050000000,12,1,-16.000000000,-6.000000000,6.000000000,16.000000000,0,1,0,-1,-1,-1,-1,64,-33,11,-12,6,-7,7,-7,3,-2,1,-1,0,-1
256,96,-52,3.541034127651e-10,3.541e-10,-9.450869888,0.003541034,10000000,0,0.000000000000e+00,1.000000000000e-07,-7.000000000,1,0.698554892,-0.858695652,0.830054624,0.869033313,96,7,7,adc_s16,0.050000000,12,1,-16.000000000,-6.000000000,6.000000000,16.000000000,0,1,0,-1,-1,-1,-1,64,-32,12,-13,7,-7,7,-7,3,-2,1,-1,0,-1
256,176,16,3.776526070038e-10,3.777e-10,-9.422907513,0.003776526,10000000,0,0.000000000000e+00,1.000000000000e-07,-7.000000000,1,0.817073305,-1.011487154,0.803247173,0.870080836,96,7,7,adc_s16,0.050000000,12,1,-16.000000000,-6.000000000,6.000000000,16.000000000,0,1,0,0,-2,0,-3,64,-16,14,-15,8,-9,7,-8,3,-3,1,-1,0,-1
256,120,-32,3.789315080361e-10,3.789e-10,-9.421439282,0.003789315,10000000,0,0.000000000000e+00,1.000000000000e-07,-7.000000000,1,0.711697347,-0.888278162,0.803690971,0.840553404,96,7,7,adc_s16,0.050000000,12,1,-16.000000000,-6.000000000,6.000000000,16.000000000,0,1,0,-1,-2,-1,-2,64,-27,13,-13,7,-8,7,-7,3,-2,1,-1,0,-1
256,164,0,4.191499342752e-10,4.191e-10,-9.377630598,0.004191499,10000000,0,0.000000000000e+00,1.000000000000e-07,-7.000000000,1,0.781926047,-0.978662302,0.806848666,0.850500686,96,7,7,adc_s16,0.050000000,12,1,-16.000000000,-6.000000000,6.000000000,16.000000000,0,1,0,0,-2,0,-3,64,-19,13,-14,8,-9,7,-8,3,-3,1,-1,0,-1
256,160,8,4.470442452277e-10,4.470e-10,-9.349649491,0.004470442,10000000,0,0.000000000000e+00,1.000000000000e-07,-7.000000000,1,0.841813336,-0.966897233,0.833523798,0.885160710,96,7,7,adc_s16,0.050000000,12,1,-16.000000000,-6.000000000,6.000000000,16.000000000,0,1,0,0,-2,0,-3,64,-19,14,-15,8,-9,7,-8,3,-3,1,-1,0,-1
256,92,-76,5.260058352719e-10,5.260e-10,-9.279009438,0.005260058,10000000,0,0.000000000000e+00,1.000000000000e-07,-7.000000000,1,0.675872220,-0.820868330,0.829819701,0.882194560,96,7,7,adc_s16,0.050000000,12,1,-16.000000000,-6.000000000,6.000000000,16.000000000,0,1,0,-1,-1,0,-2,64,-34,9,-11,6,-7,7,-7,3,-2,1,-1,1,-1
256,160,-8,5.498899155998e-10,5.499e-10,-9.259724245,0.005498899,10000000,0,0.000000000000e+00,1.000000000000e-07,-7.000000000,1,0.814042101,-0.965044466,0.851513500,0.872270653,96,7,7,adc_s16,0.050000000,12,1,-16.000000000,-6.000000000,6.000000000,16.000000000,0,1,0,0,-2,0,-3,64,-20,12,-14,8,-8,7,-8,3,-3,1,-1,0,-1
256,156,12,6.148490583653e-10,6.148e-10,-9.211231488,0.006148491,10000000,0,0.000000000000e+00,1.000000000000e-07,-7.000000000,1,0.798873685,-0.978847579,0.800797986,0.885737154,96,7,7,adc_s16,0.050000000,12,1,-16.000000000,-6.000000000,6.000000000,16.000000000,0,1,0,0,-2,0,-2,64,-19,15,-16,9,-9,7,-8,3,-3,1,-1,0,-1
256,160,-12,6.242238855054e-10,6.242e-10,-9.204659617,0.006242239,10000000,0,0.000000000000e+00,1.000000000000e-07,-7.000000000,1,0.788511033,-0.993577075,0.808299931,0.849690664,96,7,7,adc_s16,0.050000000,12,1,-16.000000000,-6.000000000,6.000000000,16.000000000,0,1,0,0,-2,1,-3,64,-20,12,-13,7,-8,7,-8,3,-3,1,-1,1,-1
256,112,-28,6.636296341807e-10,6.636e-10,-9.178074229,0.006636296,10000000,0,0.000000000000e+00,1.000000000000e-07,-7.000000000,1,0.849154375,-0.891427866,0.877928417,0.873054829,96,7,7,adc_s16,0.050000000,12,1,-16.000000000,-6.000000000,6.000000000,16.000000000,0,1,0,-1,-1,-1,-1,64,-28,14,-14,8,-8,7,-7,3,-2,1,-1,0,-1
256,160,20,6.680956210739e-10,6.681e-10,-9.175161375,0.006680956,10000000,0,0.000000000000e+00,1.000000000000e-07,-7.000000000,1,0.862894425,-1.020627470,0.799936669,0.861954718,96,7,7,adc_s16,0.050000000,12,1,-16.000000000,-6.000000000,6.000000000,16.000000000,0,1,0,0,-2,0,-2,64,-18,16,-16,9,-9,7,-8,3,-3,1,-1,0,-1
256,88,-60,7.314449148811e-10,7.314e-10,-9.135818375,0.007314449,10000000,0,0.000000000000e+00,1.000000000000e-07,-7.000000000,1,0.798935288,-0.857645751,0.880741641,0.917673857,96,7,7,adc_s16,0.050000000,12,1,-16.000000000,-6.000000000,6.000000000,16.000000000,0,1,0,-1,-1,-1,-1,64,-33,12,-13,7,-7,7,-7,3,-2,1,0,0,-1
256,148,0,7.373909506167e-10,7.374e-10,-9.132302196,0.007373910,10000000,0,0.000000000000e+00,1.000000000000e-07,-7.000000000,1,0.760075402,-0.937160326,0.795292601,0.868573905,96,7,7,adc_s16,0.050000000,12,1,-16.000000000,-6.000000000,6.000000000,16.000000000,0,1,0,-1,-2,0,-2,64,-21,14,-15,8,-9,7,-7,3,-3,1,-1,0,-1
256,116,-56,7.518409906749e-10,7.518e-10,-9.123874000,0.007518410,10000000,0,0.000000000000e+00,1.000000000000e-07,-7.000000000,1,0.660164884,-0.878118824,0.790029516,0.833287071,96,7,7,adc_s16,0.050000000,12,1,-16.000000000,-6.000000000,6.000000000,16.000000000,0,1,0,-1,-2,0,-2,64,-29,10,-11,6,-7,7,-7,3,-2,1,-1,1,-1
256,84,-80,7.625652945651e-10,7.626e-10,-9.117722964,0.007625653,10000000,0,0.000000000000e+00,1.000000000000e-07,-7.000000000,1,0.784757445,-0.842545702,0.873700856,0.887438999,96,7,7,adc_s16,0.050000000,12,1,-16.000000000,-6.000000000,6.000000000,16.000000000,0,1,0,-1,-1,-1,-1,64,-35,10,-11,6,-6,7,-7,3,-2,1,-1,0,-1
256,168,20,7.943159193924e-10,7.943e-10,-9.100006733,0.007943159,10000000,0,0.000000000000e+00,1.000000000000e-07,-7.000000000,1,0.818755282,-1.012166502,0.805918801,0.898178728,96,7,7,adc_s16,0.050000000,12,1,-16.000000000,-6.000000000,6.000000000,16.000000000,0,1,0,0,-2,0,-3,64,-17,15,-16,9,-9,7,-8,3,-3,1,-1,0,-1
256,100,-76,8.192230064014e-10,8.192e-10,-9.086597860,0.008192230,10000000,0,0.000000000000e+00,1.000000000000e-07,-7.000000000,1,0.674952540,-0.832911314,0.786351924,0.821685644,96,7,7,adc_s16,0.050000000,12,1,-16.000000000,-6.000000000,6.000000000,16.000000000,0,1,0,-1,-2,0,-2,64,-33,9,-10,6,-7,7,-7,3,-2,1,-1,1,-1
256,172,12,8.247146610039e-10,8.247e-10,-9.083696285,0.008247147,10000000,0,0.000000000000e+00,1.000000000000e-07,-7.000000000,1,0.822387247,-1.023437500,0.817255473,0.899402517,96,7,7,adc_s16,0.050000000,12,1,-16.000000000,-6.000000000,6.000000000,16.000000000,0,1,0,0,-2,0,-3,64,-17,14,-15,8,-9,7,-8,3,-3,1,-1,0,-1
256,84,-60,8.318733333959e-10,8.319e-10,-9.079942797,0.008318733,10000000,0,0.000000000000e+00,1.000000000000e-07,-7.000000000,1,0.773741511,-0.850327322,0.855081531,0.893313116,96,7,7,adc_s16,0.050000000,12,1,-16.000000000,-6.000000000,6.000000000,16.000000000,0,1,0,-1,-1,-1,-1,64,-34,12,-13,7,-7,7,-7,3,-2,1,0,0,-1
256,104,-44,8.870346191895e-10,8.870e-10,-9.052059430,0.008870346,10000000,0,0.000000000000e+00,1.000000000000e-07,-7.000000000,1,0.807465093,-0.904706028,0.872462707,0.903364905,96,7,7,adc_s16,0.050000000,12,1,-16.000000000,-6.000000000,6.000000000,16.000000000,0,1,0,-1,-1,-1,-1,64,-30,13,-13,7,-7,7,-7,3,-2,1,-1,0,-1
256,184,20,9.029717890101e-10,9.030e-10,-9.044325818,0.009029718,10000000,0,0.000000000000e+00,1.000000000000e-07,-7.000000000,1,0.862547543,-1.044651680,0.813956340,0.879735093,96,7,7,adc_s16,0.050000000,12,1,-16.000000000,-6.000000000,6.000000000,16.000000000,0,1,0,0,-3,1,-4,64,-14,14,-15,8,-9,7,-8,3,-3,1,-1,0,-1
256,112,-44,9.108552163717e-10,9.109e-10,-9.040550650,0.009108552,10000000,0,0.000000000000e+00,1.000000000000e-07,-7.000000000,1,0.702243082,-0.868824111,0.801126671,0.851662884,96,7,7,adc_s16,0.050000000,12,1,-16.000000000,-6.000000000,6.000000000,16.000000000,0,1,0,-1,-2,-1,-2,64,-29,12,-13,7,-7,7,-7,3,-2,1,-1,0,-1
256,112,-64,9.203731612535e-10,9.204e-10,-9.036036054,0.009203732,10000000,0,0.000000000000e+00,1.000000000000e-07,-7.000000000,1,0.673790422,-0.872900198,0.774498639,0.833326777,96,7,7,adc_s16,0.050000000,12,1,-16.000000000,-6.000000000,6.000000000,16.000000000,0,1,0,-1,-2,0,-2,64,-30,9,-11,6,-7,7,-7,3,-2,1,-1,1,-1
256,184,28,9.312906897066e-10,9.313e-10,-9.030914739,0.009312907,10000000,0,0.000000000000e+00,1.000000000000e-07,-7.000000000,1,0.875109224,-1.030323617,0.816653867,0.896028996,96,7,7,adc_s16,0.050000000,12,1,-16.000000000,-6.000000000,6.000000000,16.000000000,0,1,0,0,-2,0,-3,64,-14,15,-16,9,-9,7,-8,2,-3,1,-1,0,-1
256,108,-68,9.893790972785e-10,9.894e-10,-9.004637269,0.009893791,10000000,0,0.000000000000e+00,1.000000000000e-07,-7.000000000,1,0.681879059,-0.837419713,0.812203161,0.829859365,96,7,7,adc_s16,0.050000000,12,1,-16.000000000,-6.000000000,6.000000000,16.000000000,0,1,0,-1,-2,0,-2,64,-31,9,-11,6,-7,7,-7,3,-2,1,-1,1,-1
256,180,32,1.021771869488e-09,1.022e-9,-8.990646058,0.010217719,10000000,0,0.000000000000e+00,1.000000000000e-07,-7.000000000,1,0.871958639,-1.054502223,0.796788390,0.892530317,96,7,7,adc_s16,0.050000000,12,1,-16.000000000,-6.000000000,6.000000000,16.000000000,0,1,0,0,-2,0,-3,64,-14,16,-16,9,-9,7,-8,2,-3,1,-1,0,-1
256,136,-40,1.053765298734e-09,1.054e-9,-8.977256107,0.010537653,10000000,0,0.000000000000e+00,1.000000000000e-07,-7.000000000,1,0.742948273,-0.895936265,0.809853577,0.833643966,96,7,7,adc_s16,0.050000000,12,1,-16.000000000,-6.000000000,6.000000000,16.000000000,0,1,0,0,-2,0,-3,64,-25,10,-12,7,-7,7,-7,3,-3,1,-1,1,-1
256,92,-60,1.060545207974e-09,1.061e-9,-8.974470814,0.010605452,10000000,0,0.000000000000e+00,1.000000000000e-07,-7.000000000,1,0.773115684,-0.829514575,0.869436280,0.911923314,96,7,7,adc_s16,0.050000000,12,1,-16.000000000,-6.000000000,6.000000000,16.000000000,0,1,0,-1,-1,-1,-1,64,-33,12,-12,7,-7,7,-7,3,-2,1,-1,0,-1
256,164,4,1.064281318857e-09,1.064e-9,-8.972943561,0.010642813,10000000,0,0.000000000000e+00,1.000000000000e-07,-7.000000000,1,0.812377153,-0.977674160,0.833382995,0.854789655,96,7,7,adc_s16,0.050000000,12,1,-16.000000000,-6.000000000,6.000000000,16.000000000,0,1,0,0,-2,0,-3,64,-18,13,-15,8,-9,7,-8,3,-3,1,-1,0,-1
256,108,-56,1.086808034206e-09,1.087e-9,-8.963847160,0.010868080,10000000,0,0.000000000000e+00,1.000000000000e-07,-7.000000000,1,0.709966136,-0.851994812,0.810176149,0.832649281,96,7,7,adc_s16,0.050000000,12,1,-16.000000000,-6.000000000,6.000000000,16.000000000,0,1,0,-1,-2,0,-2,64,-30,11,-12,7,-7,7,-7,3,-2,1,-1,0,-1
256,136,-32,1.096323403009e-09,1.096e-9,-8.960061315,0.010963234,10000000,0,0.000000000000e+00,1.000000000000e-07,-7.000000000,1,0.842339918,-0.881361166,0.879208819,0.889795608,96,7,7,adc_s16,0.050000000,12,1,-16.000000000,-6.000000000,6.000000000,16.000000000,0,1,0,-1,-2,0,-3,64,-25,11,-13,7,-8,7,-7,3,-3,1,-1,0,-1
256,88,-80,1.104161231818e-09,1.104e-9,-8.956967505,0.011041612,10000000,0,0.000000000000e+00,1.000000000000e-07,-7.000000000,1,0.683654486,-0.819849308,0.842135306,0.838381190,96,7,7,adc_s16,0.050000000,12,1,-16.000000000,-6.000000000,6.000000000,16.000000000,0,1,0,-1,-1,-1,-2,64,-35,9,-11,6,-6,7,-7,3,-2,1,-1,1,-1
256,164,12,1.105986172807e-09,1.106e-9,-8.956250303,0.011059862,10000000,0,0.000000000000e+00,1.000000000000e-07,-7.000000000,1,0.836275449,-0.998425148,0.831890536,0.914538651,96,7,7,adc_s16,0.050000000,12,1,-16.000000000,-6.000000000,6.000000000,16.000000000,0,1,0,0,-2,0,-3,64,-18,14,-15,8,-9,7,-8,3,-3,1,-1,0,-1
256,156,8,1.116430332550e-09,1.116e-9,-8.952168373,0.011164303,10000000,0,0.000000000000e+00,1.000000000000e-07,-7.000000000,1,0.805041044,-0.991693429,0.806305992,0.884752698,96,7,7,adc_s16,0.050000000,12,1,-16.000000000,-6.000000000,6.000000000,16.000000000,0,1,0,0,-2,0,-2,64,-19,15,-15,8,-9,7,-8,3,-3,1,-1,0,-1
256,104,-68,1.125793613525e-09,1.126e-9,-8.948541219,0.011257936,10000000,0,0.000000000000e+00,1.000000000000e-07,-7.000000000,1,0.658902266,-0.836647727,0.790099629,0.830037411,96,7,7,adc_s16,0.050000000,12,1,-16.000000000,-6.000000000,6.000000000,16.000000000,0,1,0,-1,-2,0,-2,64,-32,9,-11,6,-7,7,-7,3,-2,1,-1,1,-1
256,124,-16,1.171700925520e-09,1.172e-9,-8.931183227,0.011717009,10000000,0,0.000000000000e+00,1.000000000000e-07,-7.000000000,1,0.861721463,-0.925611413,0.867084859,0.915568700,96,7,7,adc_s16,0.050000000,12,1,-16.000000000,-6.000000000,6.000000000,16.000000000,0,1,0,-1,-1,-1,-1,64,-25,14,-15,8,-8,7,-7,3,-3,1,-1,0,-1
256,172,24,1.205009651331e-09,1.205e-9,-8.919009475,0.012050097,10000000,0,0.000000000000e+00,1.000000000000e-07,-7.000000000,1,0.886473653,-1.012444417,0.834996167,0.910217261,96,7,7,adc_s16,0.050000000,12,1,-16.000000000,-6.000000000,6.000000000,16.000000000,0,1,0,0,-2,0,-3,64,-16,15,-16,9,-9,7,-8,2,-3,1,-1,0,-1
256,136,-8,1.276301434438e-09,1.276e-9,-8.894046743,0.012763014,10000000,0,0.000000000000e+00,1.000000000000e-07,-7.000000000,1,0.792262081,-0.943861166,0.820648762,0.874098879,96,7,7,adc_s16,0.050000000,12,1,-16.000000000,-6.000000000,6.000000000,16.000000000,0,1,0,-1,-2,-1,-2,64,-23,14,-15,8,-8,7,-7,3,-3,1,-1,0,-1
256,80,-64,1.284210721868e-09,1.284e-9,-8.891363708,0.012842107,10000000,0,0.000000000000e+00,1.000000000000e-07,-7.000000000,1,0.756077913,-0.838438735,0.867954705,0.898144473,96,7,7,adc_s16,0.050000000,12,1,-16.000000000,-6.000000000,6.000000000,16.000000000,0,1,0,-1,-1,-1,-1,64,-35,12,-13,7,-7,7,-7,3,-2,1,0,0,-1
256,96,-56,1.302685002293e-09,1.303e-9,-8.885160587,0.013026850,10000000,0,0.000000000000e+00,1.000000000000e-07,-7.000000000,1,0.799163953,-0.891180830,0.862486887,0.919565599,96,7,7,adc_s16,0.050000000,12,1,-16.000000000,-6.000000000,6.000000000,16.000000000,0,1,0,-1,-1,-1,-1,64,-32,12,-12,7,-7,7,-7,3,-2,1,-1,0,-1
256,112,-52,1.309341874572e-09,1.309e-9,-8.882946943,0.013093419,10000000,0,0.000000000000e+00,1.000000000000e-07,-7.000000000,1,0.723478268,-0.881546443,0.831196667,0.899997322,96,7,7,adc_s16,0.050000000,12,1,-16.000000000,-6.000000000,6.000000000,16.000000000,0,1,0,-1,-2,0,-2,64,-29,11,-12,7,-7,7,-7,3,-2,1,-1,0,-1
256,128,-44,1.337100960900e-09,1.337e-9,-8.873835799,0.013371010,10000000,0,0.000000000000e+00,1.000000000000e-07,-7.000000000,1,0.798339306,-0.896739130,0.856247403,0.816920548,96,7,7,adc_s16,0.050000000,12,1,-16.000000000,-6.000000000,6.000000000,16.000000000,0,1,0,-1,-2,0,-3,64,-27,10,-12,7,-7,7,-7,3,-3,1,-1,1,-1
256,116,-32,1.365857010983e-09,1.366e-9,-8.864594764,0.013658570,10000000,0,0.000000000000e+00,1.000000000000e-07,-7.000000000,1,0.815311531,-0.932466650,0.873429250,0.932653213,96,7,7,adc_s16,0.050000000,12,1,-16.000000000,-6.000000000,6.000000000,16.000000000,0,1,0,-1,-1,-1,-1,64,-27,13,-14,8,-8,7,-7,3,-2,1,-1,0,-1
256,152,8,1.375287376269e-09,1.375e-9,-8.861606543,0.013752874,10000000,0,0.000000000000e+00,1.000000000000e-07,-7.000000000,1,0.773858472,-0.975358202,0.813985456,0.905183726,96,7,7,adc_s16,0.050000000,12,1,-16.000000000,-6.000000000,6.000000000,16.000000000,0,1,0,-1,-2,0,-2,64,-20,15,-16,9,-9,7,-7,3,-3,1,-1,0,-1
256,144,-4,1.435577622595e-09,1.436e-9,-8.842973320,0.014355776,10000000,0,0.000000000000e+00,1.000000000000e-07,-7.000000000,1,0.757369271,-0.967391304,0.808631654,0.876432223,96,7,7,adc_s16,0.050000000,12,1,-16.000000000,-6.000000000,6.000000000,16.000000000,0,1,0,-1,-2,0,-2,64,-22,14,-15,8,-9,7,-7,3,-3,1,-1,0,-1
256,132,-44,1.459393852521e-09,1.459e-9,-8.835827487,0.014593939,10000000,0,0.000000000000e+00,1.000000000000e-07,-7.000000000,1,0.722527099,-0.880712698,0.812159026,0.839993680,96,7,7,adc_s16,0.050000000,12,1,-16.000000000,-6.000000000,6.000000000,16.000000000,0,1,0,0,-2,0,-3,64,-26,10,-12,6,-7,7,-7,3,-3,1,-1,1,-1
256,128,-20,1.473143383295e-09,1.473e-9,-8.831754981,0.014731434,10000000,0,0.000000000000e+00,1.000000000000e-07,-7.000000000,1,0.768904945,-0.917243083,0.819612130,0.872041764,96,7,7,adc_s16,0.050000000,12,1,-16.000000000,-6.000000000,6.000000000,16.000000000,0,1,0,-1,-2,-1,-2,64,-25,14,-14,8,-8,7,-7,3,-3,1,-1,0,-1
256,144,-32,1.477664391044e-09,1.478e-9,-8.830424192,0.014776644,10000000,0,0.000000000000e+00,1.000000000000e-07,-7.000000000,1,0.808679731,-0.918231225,0.842362281,0.851393476,96,7,7,adc_s16,0.050000000,12,1,-16.000000000,-6.000000000,6.000000000,16.000000000,0,1,0,0,-2,0,-3,64,-24,10,-12,7,-8,7,-7,3,-3,1,-1,1,-1
256,132,-36,1.584205367651e-09,1.584e-9,-8.800188520,0.015842054,10000000,0,0.000000000000e+00,1.000000000000e-07,-7.000000000,1,0.773333952,-0.877995306,0.836973312,0.884694735,96,7,7,adc_s16,0.050000000,12,1,-16.000000000,-6.000000000,6.000000000,16.000000000,0,1,0,-1,-2,0,-3,64,-26,11,-12,7,-8,7,-7,3,-3,1,-1,0,-1
256,156,-20,1.609930161980e-09,1.610e-9,-8.793192963,0.016099302,10000000,0,0.000000000000e+00,1.000000000000e-07,-7.000000000,1,0.817693097,-0.948338686,0.826897658,0.861900895,96,7,7,adc_s16,0.050000000,12,1,-16.000000000,-6.000000000,6.000000000,16.000000000,0,1,0,0,-2,1,-3,64,-21,11,-13,7,-8,7,-8,3,-3,1,-1,1,-1
256,176,8,1.647391875623e-09,1.647e-9,-8.783203080,0.016473919,10000000,0,0.000000000000e+00,1.000000000000e-07,-7.000000000,1,0.821945034,-1.033102767,0.835091028,0.859936351,96,7,7,adc_s16,0.050000000,12,1,-16.000000000,-6.000000000,6.000000000,16.000000000,0,1,0,0,-3,1,-4,64,-16,13,-14,8,-9,7,-8,3,-3,1,-1,0,-1
256,140,-44,1.657832759676e-09,1.658e-9,-8.780459283,0.016578328,10000000,0,0.000000000000e+00,1.000000000000e-07,-7.000000000,1,0.774595196,-0.902884140,0.801885640,0.850291278,96,7,7,adc_s16,0.050000000,12,1,-16.000000000,-6.000000000,6.000000000,16.000000000,0,1,0,0,-2,1,-3,64,-25,9,-11,6,-7,7,-7,3,-3,1,-1,1,-1
256,144,-28,1.686459549987e-09,1.686e-9,-8.773024071,0.016864595,10000000,0,0.000000000000e+00,1.000000000000e-07,-7.000000000,1,0.704343343,-0.931077075,0.784904065,0.847867094,96,7,7,adc_s16,0.050000000,12,1,-16.000000000,-6.000000000,6.000000000,16.000000000,0,1,0,0,-2,0,-3,64,-23,11,-13,7,-8,7,-7,3,-3,1,-1,1,-1
256,104,-56,1.699474685985e-09,1.699e-9,-8.769685300,0.016994747,10000000,0,0.000000000000e+00,1.000000000000e-07,-7.000000000,1,0.707808306,-0.855422431,0.832706263,0.861168003,96,7,7,adc_s16,0.050000000,12,1,-16.000000000,-6.000000000,6.000000000,16.000000000,0,1,0,-1,-2,-1,-2,64,-31,11,-12,7,-7,7,-7,3,-2,1,-1,0,-1
256,188,28,1.713580389336e-09,1.714e-9,-8.766095517,0.017135804,10000000,0,0.000000000000e+00,1.000000000000e-07,-7.000000000,1,0.868208188,-1.056787302,0.788364916,0.875803881,96,7,7,adc_s16,0.050000000,12,1,-16.000000000,-6.000000000,6.000000000,16.000000000,0,1,0,0,-3,1,-3,64,-13,14,-15,9,-9,7,-8,2,-3,1,-1,0,-1
256,80,-72,1.809689401921e-09,1.810e-9,-8.742395957,0.018096894,10000000,0,0.000000000000e+00,1.000000000000e-07,-7.000000000,1,0.802468635,-0.834856719,0.886380632,0.939047399,96,7,7,adc_s16,0.050000000,12,1,-16.000000000,-6.000000000,6.000000000,16.000000000,0,1,0,-1,-1,-1,-1,64,-35,11,-12,7,-7,7,-7,3,-2,1,0,0,-1
256,136,-12,1.821825330404e-09,1.822e-9,-8.739493264,0.018218253,10000000,0,0.000000000000e+00,1.000000000000e-07,-7.000000000,1,0.794941862,-0.949295949,0.787748146,0.897809151,96,7,7,adc_s16,0.050000000,12,1,-16.000000000,-6.000000000,6.000000000,16.000000000,0,1,0,-1,-2,0,-2,64,-23,14,-14,8,-8,7,-7,3,-3,1,-1,0,-1
256,120,-48,1.851725386660e-09,1.852e-9,-8.732423419,0.018517254,10000000,0,0.000000000000e+00,1.000000000000e-07,-7.000000000,1,0.737167291,-0.897912549,0.780522737,0.860058850,96,7,7,adc_s16,0.050000000,12,1,-16.000000000,-6.000000000,6.000000000,16.000000000,0,1,0,-1,-2,0,-2,64,-28,11,-12,7,-7,7,-7,3,-2,1,-1,1,-1
256,160,-16,1.954026223570e-09,1.954e-9,-8.709069612,0.019540262,10000000,0,0.000000000000e+00,1.000000000000e-07,-7.000000000,1,0.807467722,-0.945405138,0.817035669,0.866172220,96,7,7,adc_s16,0.050000000,12,1,-16.000000000,-6.000000000,6.000000000,16.000000000,0,1,0,0,-2,1,-3,64,-20,11,-13,7,-8,7,-8,3,-3,1,-1,1,-1
256,180,16,2.023484204356e-09,2.023e-9,-8.693900181,0.020234842,10000000,0,0.000000000000e+00,1.000000000000e-07,-7.000000000,1,0.834476510,-1.024981472,0.804856138,0.857708980,96,7,7,adc_s16,0.050000000,12,1,-16.000000000,-6.000000000,6.000000000,16.000000000,0,1,0,0,-3,1,-3,64,-15,14,-15,8,-9,7,-8,3,-3,1,-1,0,-1
256,88,-52,2.037964514204e-09,2.038e-9,-8.690803382,0.020379645,10000000,0,0.000000000000e+00,1.000000000000e-07,-7.000000000,1,0.839643317,-0.849246542,0.890169516,0.924023759,96,7,7,adc_s16,0.050000000,12,1,-16.000000000,-6.000000000,6.000000000,16.000000000,0,1,0,-1,-1,-1,-1,64,-33,13,-13,7,-7,7,-7,3,-2,1,0,0,-1
256,104,-52,2.100354532606e-09,2.100e-9,-8.677707392,0.021003545,10000000,0,0.000000000000e+00,1.000000000000e-07,-7.000000000,1,0.848621639,-0.885931324,0.875319169,0.920533634,96,7,7,adc_s16,0.050000000,12,1,-16.000000000,-6.000000000,6.000000000,16.000000000,0,1,0,-1,-1,-1,-2,64,-30,12,-12,7,-7,7,-7,3,-2,1,-1,0,-1
256,120,-52,2.102355014070e-09,2.102e-9,-8.677293945,0.021023550,10000000,0,0.000000000000e+00,1.000000000000e-07,-7.000000000,1,0.696814090,-0.886425395,0.801423382,0.845123681,96,7,7,adc_s16,0.050000000,12,1,-16.000000000,-6.000000000,6.000000000,16.000000000,0,1,0,-1,-2,0,-2,64,-28,10,-12,6,-7,7,-7,3,-2,1,-1,1,-1
256,144,8,2.120750991837e-09,2.121e-9,-8.673510321,0.021207510,10000000,0,0.000000000000e+00,1.000000000000e-07,-7.000000000,1,0.868547452,-0.956151186,0.828410155,0.882777613,96,7,7,adc_s16,0.050000000,12,1,-16.000000000,-6.000000000,6.000000000,16.000000000,0,1,0,-1,-2,-1,-2,64,-21,16,-16,9,-9,7,-7,3,-3,1,-1,0,-1
256,156,16,2.144974376149e-09,2.145e-9,-8.668577892,0.021449744,10000000,0,0.000000000000e+00,1.000000000000e-07,-7.000000000,1,0.885831783,-1.029119318,0.818879203,0.864368937,96,7,7,adc_s16,0.050000000,12,1,-16.000000000,-6.000000000,6.000000000,16.000000000,0,1,0,-1,-2,0,-2,64,-18,16,-16,9,-9,7,-8,3,-3,1,-1,0,-1
256,100,-80,2.172786727265e-09,2.173e-9,-8.662982900,0.021727867,10000000,0,0.000000000000e+00,1.000000000000e-07,-7.000000000,1,0.740107435,-0.850080287,0.831656791,0.841936820,96,7,7,adc_s16,0.050000000,12,1,-16.000000000,-6.000000000,6.000000000,16.000000000,0,1,0,-1,-2,0,-2,64,-33,8,-10,6,-6,7,-7,3,-2,1,-1,1,-1
256,124,-44,2.189126702690e-09,2.189e-9,-8.659729102,0.021891267,10000000,0,0.000000000000e+00,1.000000000000e-07,-7.000000000,1,0.759173617,-0.893496789,0.819222145,0.910429540,96,7,7,adc_s16,0.050000000,12,1,-16.000000000,-6.000000000,6.000000000,16.000000000,0,1,0,-1,-2,0,-2,64,-27,11,-12,7,-7,7,-7,3,-2,1,-1,1,-1
256,124,-24,2.279627788439e-09,2.280e-9,-8.642136058,0.022796278,10000000,0,0.000000000000e+00,1.000000000000e-07,-7.000000000,1,0.778328229,-0.887814970,0.843249243,0.873233981,96,7,7,adc_s16,0.050000000,12,1,-16.000000000,-6.000000000,6.000000000,16.000000000,0,1,0,-1,-2,-1,-2,64,-26,13,-14,8,-8,7,-7,3,-3,1,-1,0,-1
256,148,-28,2.306183224743e-09,2.306e-9,-8.637106191,0.023061832,10000000,0,0.000000000000e+00,1.000000000000e-07,-7.000000000,1,0.749494242,-0.933578310,0.813381850,0.880399671,96,7,7,adc_s16,0.050000000,12,1,-16.000000000,-6.000000000,6.000000000,16.000000000,0,1,0,0,-2,0,-3,64,-23,11,-12,7,-8,7,-8,3,-3,1,-1,1,-1
256,84,-68,2.318177443114e-09,2.318e-9,-8.634853324,0.023181774,10000000,0,0.000000000000e+00,1.000000000000e-07,-7.000000000,1,0.823344122,-0.832046690,0.903140382,0.921118826,96,7,7,adc_s16,0.050000000,12,1,-16.000000000,-6.000000000,6.000000000,16.000000000,0,1,0,-1,-1,-1,-1,64,-34,11,-12,7,-7,7,-7,3,-2,1,0,0,-1
256,132,0,2.392920856416e-09,2.393e-9,-8.621071665,0.023929209,10000000,0,0.000000000000e+00,1.000000000000e-07,-7.000000000,1,1.004771228,-0.974956769,0.923540634,0.920080187,96,7,7,adc_s16,0.050000000,12,1,-16.000000000,-6.000000000,6.000000000,16.000000000,0,1,0,-1,-1,-1,-1,64,-23,16,-16,9,-9,7,-7,3,-3,1,-1,0,-1
256,100,-72,2.406679901752e-09,2.407e-9,-8.618581669,0.024066799,10000000,0,0.000000000000e+00,1.000000000000e-07,-7.000000000,1,0.672944086,-0.822041749,0.824339384,0.840650214,96,7,7,adc_s16,0.050000000,12,1,-16.000000000,-6.000000000,6.000000000,16.000000000,0,1,0,-1,-2,0,-2,64,-33,9,-11,6,-7,7,-7,3,-2,1,-1,1,-1
256,172,32,2.515275403905e-09,2.515e-9,-8.599414456,0.025152754,10000000,0,0.000000000000e+00,1.000000000000e-07,-7.000000000,1,0.965164132,-1.041965168,0.859261732,0.914171138,96,7,7,adc_s16,0.050000000,12,1,-16.000000000,-6.000000000,6.000000000,16.000000000,0,1,0,0,-2,0,-2,64,-15,16,-17,9,-9,7,-8,2,-3,1,-1,0,-1
256,104,-72,2.582067270051e-09,2.582e-9,-8.588032447,0.025820673,10000000,0,0.000000000000e+00,1.000000000000e-07,-7.000000000,1,0.694185545,-0.834918478,0.811294911,0.850599325,96,7,7,adc_s16,0.050000000,12,1,-16.000000000,-6.000000000,6.000000000,16.000000000,0,1,0,-1,-2,0,-2,64,-32,9,-11,6,-7,7,-7,3,-2,1,-1,1,-1
256,116,-24,2.590628204820e-09,2.591e-9,-8.586594911,0.025906282,10000000,0,0.000000000000e+00,1.000000000000e-07,-7.000000000,1,0.886362368,-0.937901433,0.873213556,0.930972125,96,7,7,adc_s16,0.050000000,12,1,-16.000000000,-6.000000000,6.000000000,16.000000000,0,1,0,-1,-1,-1,-1,64,-27,14,-14,8,-8,7,-7,3,-2,1,-1,0,-1
256,140,-40,2.606448491270e-09,2.606e-9,-8.583950853,0.026064485,10000000,0,0.000000000000e+00,1.000000000000e-07,-7.000000000,1,0.836635924,-0.901895998,0.851492724,0.862296579,96,7,7,adc_s16,0.050000000,12,1,-16.000000000,-6.000000000,6.000000000,16.000000000,0,1,0,0,-2,0,-3,64,-25,10,-12,6,-7,7,-7,3,-3,1,-1,1,-1
256,116,-28,2.680901602643e-09,2.681e-9,-8.571719126,0.026809016,10000000,0,0.000000000000e+00,1.000000000000e-07,-7.000000000,1,0.881698481,-0.936172184,0.872591354,0.936970670,96,7,7,adc_s16,0.050000000,12,1,-16.000000000,-6.000000000,6.000000000,16.000000000,0,1,0,-1,-1,-1,-1,64,-27,14,-14,8,-8,7,-7,3,-2,1,-1,0,-1
256,132,-16,2.682969386487e-09,2.683e-9,-8.571384283,0.026829694,10000000,0,0.000000000000e+00,1.000000000000e-07,-7.000000000,1,0.767571254,-0.937654397,0.807835229,0.914687616,96,7,7,adc_s16,0.050000000,12,1,-16.000000000,-6.000000000,6.000000000,16.000000000,0,1,0,-1,-2,0,-2,64,-24,14,-14,8,-8,7,-7,3,-3,1,-1,0,-1
256,80,-68,2.695226972604e-09,2.695e-9,-8.569404656,0.026952270,10000000,0,0.000000000000e+00,1.000000000000e-07,-7.000000000,1,0.844461240,-0.848196640,0.894776875,0.936132228,96,7,7,adc_s16,0.050000000,12,1,-16.000000000,-6.000000000,6.000000000,16.000000000,0,1,0,-1,-1,-1,-1,64,-35,12,-12,7,-7,7,-7,3,-2,1,0,0,-1
256,124,-12,2.740222552651e-09,2.740e-9,-8.562214164,0.027402226,10000000,0,0.000000000000e+00,1.000000000000e-07,-7.000000000,1,0.919176667,-0.940186512,0.888178790,0.904331948,96,7,7,adc_s16,0.050000000,12,1,-16.000000000,-6.000000000,6.000000000,16.000000000,0,1,0,-1,-1,-1,-1,64,-25,15,-15,8,-8,7,-7,3,-3,1,-1,0,-1
256,152,-28,2.887060275659e-09,2.887e-9,-8.539544149,0.028870603,10000000,0,0.000000000000e+00,1.000000000000e-07,-7.000000000,1,0.778139537,-0.944355237,0.814048465,0.872521266,96,7,7,adc_s16,0.050000000,12,1,-16.000000000,-6.000000000,6.000000000,16.000000000,0,1,0,0,-2,1,-3,64,-22,10,-12,7,-8,7,-8,3,-3,1,-1,1,-1
256,120,-28,3.079845954799e-09,3.080e-9,-8.511471005,0.030798460,10000000,0,0.000000000000e+00,1.000000000000e-07,-7.000000000,1,0.755141622,-0.879631917,0.849334717,0.863323908,96,7,7,adc_s16,0.050000000,12,1,-16.000000000,-6.000000000,6.000000000,16.000000000,0,1,0,-1,-2,-1,-2,64,-27,13,-14,8,-8,7,-7,3,-2,1,-1,0,-1
256,172,28,3.090703328804e-09,3.091e-9,-8.509942680,0.030907033,10000000,0,0.000000000000e+00,1.000000000000e-07,-7.000000000,1,0.970784923,-1.060245800,0.863260107,0.904917092,96,7,7,adc_s16,0.050000000,12,1,-16.000000000,-6.000000000,6.000000000,16.000000000,0,1,0,0,-2,0,-2,64,-15,16,-16,9,-9,7,-8,2,-3,1,-1,0,-1
256,176,24,3.139094883399e-09,3.139e-9,-8.503195557,0.031390949,10000000,0,0.000000000000e+00,1.000000000000e-07,-7.000000000,1,0.824066297,-1.013092885,0.813466994,0.936827066,96,7,7,adc_s16,0.050000000,12,1,-16.000000000,-6.000000000,6.000000000,16.000000000,0,1,0,0,-2,0,-3,64,-15,15,-16,9,-9,7,-8,2,-3,1,-1,0,-1
256,152,-24,3.227568341383e-09,3.228e-9,-8.491124553,0.032275683,10000000,0,0.000000000000e+00,1.000000000000e-07,-7.000000000,1,0.832136321,-0.955224802,0.839240662,0.882188808,96,7,7,adc_s16,0.050000000,12,1,-16.000000000,-6.000000000,6.000000000,16.000000000,0,1,0,0,-2,1,-3,64,-22,11,-13,7,-8,7,-8,3,-3,1,-1,1,-1
256,92,-56,3.283222109820e-09,3.283e-9,-8.483699736,0.032832221,10000000,0,0.000000000000e+00,1.000000000000e-07,-7.000000000,1,0.822552069,-0.864593626,0.898074004,0.953616526,96,7,7,adc_s16,0.050000000,12,1,-16.000000000,-6.000000000,6.000000000,16.000000000,0,1,0,-1,-1,-1,-1,64,-32,12,-13,7,-7,7,-7,3,-2,1,0,0,-1
256,96,-76,3.374751645704e-09,3.375e-9,-8.471758182,0.033747516,10000000,0,0.000000000000e+00,1.000000000000e-07,-7.000000000,1,0.695933577,-0.818552372,0.842641208,0.879948333,96,7,7,adc_s16,0.050000000,12,1,-16.000000000,-6.000000000,6.000000000,16.000000000,0,1,0,-1,-2,0,-2,64,-33,9,-11,6,-7,7,-7,3,-2,1,-1,1,-1
256,140,-36,3.381072147732e-09,3.381e-9,-8.470945562,0.033810721,10000000,0,0.000000000000e+00,1.000000000000e-07,-7.000000000,1,0.823001662,-0.924870306,0.863158361,0.867979914,96,7,7,adc_s16,0.050000000,12,1,-16.000000000,-6.000000000,6.000000000,16.000000000,0,1,0,0,-2,0,-3,64,-25,10,-12,7,-8,7,-7,3,-3,1,-1,1,-1
256,104,-60,3.390801587360e-09,3.391e-9,-8.469697622,0.033908016,10000000,0,0.000000000000e+00,1.000000000000e-07,-7.000000000,1,0.670920306,-0.821208004,0.822139657,0.856299830,96,7,7,adc_s16,0.050000000,12,1,-16.000000000,-6.000000000,6.000000000,16.000000000,0,1,0,-1,-2,0,-2,64,-31,10,-12,6,-7,7,-7,3,-2,1,-1,0,-1
256,132,-12,3.392142136168e-09,3.392e-9,-8.469525958,0.033921421,10000000,0,0.000000000000e+00,1.000000000000e-07,-7.000000000,1,0.783660306,-0.941483449,0.835484896,0.901190641,96,7,7,adc_s16,0.050000000,12,1,-16.000000000,-6.000000000,6.000000000,16.000000000,0,1,0,-1,-2,-1,-2,64,-24,14,-15,8,-8,7,-7,3,-3,1,-1,0,-1
256,156,-24,3.424171262393e-09,3.424e-9,-8.465444522,0.034241713,10000000,0,0.000000000000e+00,1.000000000000e-07,-7.000000000,1,0.828353337,-0.963160820,0.852406947,0.845209370,96,7,7,adc_s16,0.050000000,12,1,-16.000000000,-6.000000000,6.000000000,16.000000000,0,1,0,0,-2,1,-4,64,-21,10,-12,7,-8,7,-8,3,-3,1,-1,1,-1
256,88,-56,3.430928309993e-09,3.431e-9,-8.464588357,0.034309283,10000000,0,0.000000000000e+00,1.000000000000e-07,-7.000000000,1,0.847635785,-0.847517292,0.900015554,0.951977628,96,7,7,adc_s16,0.050000000,12,1,-16.000000000,-6.000000000,6.000000000,16.000000000,0,1,0,-1,-1,-1,-1,64,-33,13,-13,7,-7,7,-7,3,-2,1,0,0,-1
256,168,24,3.432148494642e-09,3.432e-9,-8.464433930,0.034321485,10000000,0,0.000000000000e+00,1.000000000000e-07,-7.000000000,1,0.949578837,-1.018712945,0.855797394,0.902635652,96,7,7,adc_s16,0.050000000,12,1,-16.000000000,-6.000000000,6.000000000,16.000000000,0,1,0,0,-2,0,-2,64,-16,16,-16,9,-9,7,-8,2,-3,1,-1,0,-1
256,192,32,3.491246592669e-09,3.491e-9,-8.457019475,0.034912466,10000000,0,0.000000000000e+00,1.000000000000e-07,-7.000000000,1,0.932442387,-1.086833004,0.839506799,0.889539671,96,7,7,adc_s16,0.050000000,12,1,-16.000000000,-6.000000000,6.000000000,16.000000000,0,1,0,0,-3,1,-4,64,-12,15,-16,9,-9,7,-8,2,-3,1,-1,0,-1
256,128,-56,3.765695087067e-09,3.766e-9,-8.424154848,0.037656951,10000000,0,0.000000000000e+00,1.000000000000e-07,-7.000000000,1,0.845628108,-0.886734190,0.885150265,0.857225525,96,7,7,adc_s16,0.050000000,12,1,-16.000000000,-6.000000000,6.000000000,16.000000000,0,1,0,0,-2,0,-3,64,-28,9,-11,6,-7,7,-7,3,-3,1,-1,1,-1
256,132,-40,3.782925198010e-09,3.783e-9,-8.422172246,0.037829252,10000000,0,0.000000000000e+00,1.000000000000e-07,-7.000000000,1,0.787513498,-0.886888587,0.827462448,0.840370645,96,7,7,adc_s16,0.050000000,12,1,-16.000000000,-6.000000000,6.000000000,16.000000000,0,1,0,-1,-2,0,-3,64,-26,11,-12,7,-7,7,-7,3,-3,1,-1,1,-1
256,144,0,3.789936596632e-09,3.790e-9,-8.421368055,0.037899366,10000000,0,0.000000000000e+00,1.000000000000e-07,-7.000000000,1,0.778958777,-0.990365613,0.822202240,0.921164213,96,7,7,adc_s16,0.050000000,12,1,-16.000000000,-6.000000000,6.000000000,16.000000000,0,1,0,-1,-2,0,-2,64,-21,15,-15,8,-9,7,-7,3,-3,1,-1,0,-1
256,128,-4,4.179021928503e-09,4.179e-9,-8.378925350,0.041790219,10000000,0,0.000000000000e+00,1.000000000000e-07,-7.000000000,1,0.974280090,-0.977519763,0.914859898,0.934468869,96,7,7,adc_s16,0.050000000,12,1,-16.000000000,-6.000000000,6.000000000,16.000000000,0,1,0,-1,-1,-1,-1,64,-24,16,-16,9,-9,7,-7,3,-3,1,-1,0,-1
256,136,-48,4.251854664409e-09,4.252e-9,-8.371421589,0.042518547,10000000,0,0.000000000000e+00,1.000000000000e-07,-7.000000000,1,0.783000033,-0.931385870,0.833252165,0.875715634,96,7,7,adc_s16,0.050000000,12,1,-16.000000000,-6.000000000,6.000000000,16.000000000,0,1,0,0,-2,1,-3,64,-26,9,-11,6,-7,7,-7,3,-3,1,-1,1,-1
256,168,28,4.296223711022e-09,4.296e-9,-8.366913112,0.042962237,10000000,0,0.000000000000e+00,1.000000000000e-07,-7.000000000,1,0.956827053,-1.045022233,0.867055594,0.929860643,96,7,7,adc_s16,0.050000000,12,1,-16.000000000,-6.000000000,6.000000000,16.000000000,0,1,0,0,-2,0,-2,64,-16,16,-17,9,-9,7,-8,2,-3,1,-1,0,-1
256,132,-60,4.320763344120e-09,4.321e-9,-8.364439520,0.043207633,10000000,0,0.000000000000e+00,1.000000000000e-07,-7.000000000,1,0.944859830,-0.875895504,0.911592327,0.828477921,96,7,7,adc_s16,0.050000000,12,1,-16.000000000,-6.000000000,6.000000000,16.000000000,0,1,0,0,-2,1,-4,64,-27,8,-10,6,-7,7,-7,3,-3,1,-1,1,-1
256,144,-8,4.373566284070e-09,4.374e-9,-8.359164287,0.043735663,10000000,0,0.000000000000e+00,1.000000000000e-07,-7.000000000,1,0.768696595,-0.945034585,0.811868014,0.922232008,96,7,7,adc_s16,0.050000000,12,1,-16.000000000,-6.000000000,6.000000000,16.000000000,0,1,0,-1,-2,0,-2,64,-22,14,-14,8,-8,7,-7,3,-3,1,-1,0,-1
256,92,-52,4.656764165865e-09,4.657e-9,-8.331915756,0.046567642,10000000,0,0.000000000000e+00,1.000000000000e-07,-7.000000000,1,0.880909685,-0.885221097,0.906187966,0.930254848,96,7,7,adc_s16,0.050000000,12,1,-16.000000000,-6.000000000,6.000000000,16.000000000,0,1,0,-1,-1,-1,-1,64,-32,13,-13,7,-7,7,-7,3,-2,1,0,0,-1
256,128,-16,4.851574605101e-09,4.852e-9,-8.314117286,0.048515746,10000000,0,0.000000000000e+00,1.000000000000e-07,-7.000000000,1,0.779276381,-0.910573123,0.830108018,0.922611704,96,7,7,adc_s16,0.050000000,12,1,-16.000000000,-6.000000000,6.000000000,16.000000000,0,1,0,-1,-2,-1,-2,64,-25,14,-15,8,-8,7,-7,3,-3,1,-1,0,-1
256,184,32,5.272312157652e-09,5.272e-9,-8.277998884,0.052723122,10000000,0,0.000000000000e+00,1.000000000000e-07,-7.000000000,1,0.940157942,-1.032052866,0.850493844,0.947689003,96,7,7,adc_s16,0.050000000,12,1,-16.000000000,-6.000000000,6.000000000,16.000000000,0,1,0,0,-2,0,-3,64,-14,15,-16,9,-9,7,-8,2,-3,1,-1,0,-1
256,144,4,5.301230883050e-09,5.301e-9,-8.275623281,0.053012309,10000000,0,0.000000000000e+00,1.000000000000e-07,-7.000000000,1,0.848344128,-0.946516798,0.844013576,0.942716678,96,7,7,adc_s16,0.050000000,12,1,-16.000000000,-6.000000000,6.000000000,16.000000000,0,1,0,-1,-2,-1,-2,64,-21,15,-16,9,-9,7,-7,3,-3,1,-1,0,-1
256,124,-56,5.357689961299e-09,5.358e-9,-8.271022422,0.053576900,10000000,0,0.000000000000e+00,1.000000000000e-07,-7.000000000,1,0.823965258,-0.890038291,0.879691242,0.850859463,96,7,7,adc_s16,0.050000000,12,1,-16.000000000,-6.000000000,6.000000000,16.000000000,0,1,0,-1,-2,0,-3,64,-28,9,-11,6,-7,7,-7,3,-2,1,-1,1,-1
256,128,-8,5.488810370138e-09,5.489e-9,-8.260521773,0.054888104,10000000,0,0.000000000000e+00,1.000000000000e-07,-7.000000000,1,0.952167588,-0.971467391,0.904212513,0.941199219,96,7,7,adc_s16,0.050000000,12,1,-16.000000000,-6.000000000,6.000000000,16.000000000,0,1,0,-1,-1,-1,-1,64,-24,15,-15,8,-8,7,-7,3,-3,1,-1,0,-1
256,84,-64,5.512398031661e-09,5.512e-9,-8.258659431,0.055123980,10000000,0,0.000000000000e+00,1.000000000000e-07,-7.000000000,1,0.874993846,-0.876883646,0.902884585,0.964944500,96,7,7,adc_s16,0.050000000,12,1,-16.000000000,-6.000000000,6.000000000,16.000000000,0,1,0,-1,-1,-1,-1,64,-34,12,-12,7,-7,7,-7,3,-2,1,0,0,-1
256,92,-48,5.766780593614e-09,5.767e-9,-8.239066572,0.057667806,10000000,0,0.000000000000e+00,1.000000000000e-07,-7.000000000,1,0.875399731,-0.886950346,0.905936496,0.937782822,96,7,7,adc_s16,0.050000000,12,1,-16.000000000,-6.000000000,6.000000000,16.000000000,0,1,0,-1,-1,-1,-1,64,-32,13,-13,7,-7,7,-7,3,-2,1,0,0,-1
256,100,-64,5.774980077236e-09,5.775e-9,-8.238449510,0.057749801,10000000,0,0.000000000000e+00,1.000000000000e-07,-7.000000000,1,0.686497177,-0.840939970,0.832435197,0.861437862,96,7,7,adc_s16,0.050000000,12,1,-16.000000000,-6.000000000,6.000000000,16.000000000,0,1,0,-1,-2,0,-2,64,-32,10,-12,6,-7,7,-7,3,-2,1,-1,0,-1
256,184,36,5.899988977596e-09,5.900e-9,-8.229148800,0.058999890,10000000,0,0.000000000000e+00,1.000000000000e-07,-7.000000000,1,0.905302207,-1.056879941,0.832076890,0.939355434,96,7,7,adc_s16,0.050000000,12,1,-16.000000000,-6.000000000,6.000000000,16.000000000,0,1,0,0,-2,0,-3,64,-13,16,-16,9,-10,7,-8,2,-3,1,-1,0,-1
256,148,4,6.120001397953e-09,6.120e-9,-8.213248479,0.061200014,10000000,0,0.000000000000e+00,1.000000000000e-07,-7.000000000,1,0.798786598,-0.981256176,0.817545989,0.939021851,96,7,7,adc_s16,0.050000000,12,1,-16.000000000,-6.000000000,6.000000000,16.000000000,0,1,0,-1,-2,0,-2,64,-20,15,-15,8,-9,7,-7,3,-3,1,-1,0,-1
256,128,-48,6.159232550141e-09,6.159e-9,-8.210473398,0.061592326,10000000,0,0.000000000000e+00,1.000000000000e-07,-7.000000000,1,0.818741091,-0.858695652,0.866818689,0.852139957,96,7,7,adc_s16,0.050000000,12,1,-16.000000000,-6.000000000,6.000000000,16.000000000,0,1,0,-1,-2,0,-3,64,-27,10,-12,6,-7,7,-7,3,-3,1,-1,1,-1
256,184,44,6.567019131998e-09,6.567e-9,-8.182631718,0.065670191,10000000,0,0.000000000000e+00,1.000000000000e-07,-7.000000000,1,0.967636848,-1.071331522,0.869080305,0.930207890,96,7,7,adc_s16,0.050000000,12,1,-16.000000000,-6.000000000,6.000000000,16.000000000,0,1,0,0,-2,0,-3,64,-13,17,-17,10,-10,7,-8,2,-3,1,-1,0,-1
256,176,32,6.810267377315e-09,6.810e-9,-8.166835837,0.068102674,10000000,0,0.000000000000e+00,1.000000000000e-07,-7.000000000,1,0.918293404,-1.044342885,0.838667234,0.947637668,96,7,7,adc_s16,0.050000000,12,1,-16.000000000,-6.000000000,6.000000000,16.000000000,0,1,0,0,-2,0,-3,64,-15,16,-16,9,-9,7,-8,2,-3,1,-1,0,-1
256,148,12,7.113168485588e-09,7.113e-9,-8.147936904,0.071131685,10000000,0,0.000000000000e+00,1.000000000000e-07,-7.000000000,1,0.892742260,-0.968039773,0.858146089,0.928149031,96,7,7,adc_s16,0.050000000,12,1,-16.000000000,-6.000000000,6.000000000,16.000000000,0,1,0,-1,-2,-1,-2,64,-20,16,-16,9,-9,7,-7,3,-3,1,-1,0,-1
256,96,-44,7.169924072359e-09,7.170e-9,-8.144485443,0.071699241,10000000,0,0.000000000000e+00,1.000000000000e-07,-7.000000000,1,0.922995263,-0.872776680,0.914029708,0.982600117,96,7,7,adc_s16,0.050000000,12,1,-16.000000000,-6.000000000,6.000000000,16.000000000,0,1,0,-1,-1,-1,-1,64,-31,13,-14,8,-7,7,-7,3,-2,1,0,0,-1
256,92,-80,7.218511316394e-09,7.219e-9,-8.141552358,0.072185113,10000000,0,0.000000000000e+00,1.000000000000e-07,-7.000000000,1,0.736273872,-0.832479002,0.849562537,0.903720150,96,7,7,adc_s16,0.050000000,12,1,-16.000000000,-6.000000000,6.000000000,16.000000000,0,1,0,-1,-2,0,-2,64,-34,9,-10,6,-6,7,-7,3,-2,1,-1,1,-1
256,164,24,7.508207770437e-09,7.508e-9,-8.124463718,0.075082078,10000000,0,0.000000000000e+00,1.000000000000e-07,-7.000000000,1,0.956743790,-1.014853014,0.876422679,0.934065297,96,7,7,adc_s16,0.050000000,12,1,-16.000000000,-6.000000000,6.000000000,16.000000000,0,1,0,0,-2,0,-2,64,-17,16,-16,9,-9,7,-8,2,-3,1,-1,0,-1
256,128,-12,7.630340761972e-09,7.630e-9,-8.117456067,0.076303408,10000000,0,0.000000000000e+00,1.000000000000e-07,-7.000000000,1,0.873353754,-0.935276680,0.875527619,0.915148806,96,7,7,adc_s16,0.050000000,12,1,-16.000000000,-6.000000000,6.000000000,16.000000000,0,1,0,-1,-2,-1,-1,64,-24,15,-15,8,-8,7,-7,3,-3,1,-1,0,-1
256,156,20,7.718225404859e-09,7.718e-9,-8.112482542,0.077182254,10000000,0,0.000000000000e+00,1.000000000000e-07,-7.000000000,1,0.912433312,-1.030848567,0.831699350,0.904543780,96,7,7,adc_s16,0.050000000,12,1,-16.000000000,-6.000000000,6.000000000,16.000000000,0,1,0,-1,-2,0,-2,64,-18,16,-16,9,-9,7,-8,3,-3,1,-1,0,-1
256,80,-80,7.722496601310e-09,7.722e-9,-8.112242274,0.077224966,10000000,0,0.000000000000e+00,1.000000000000e-07,-7.000000000,1,0.873716858,-0.829916008,0.938418561,0.955565348,96,7,7,adc_s16,0.050000000,12,1,-16.000000000,-6.000000000,6.000000000,16.000000000,0,1,0,-1,-1,-1,-1,64,-35,10,-11,6,-6,7,-7,3,-2,1,0,0,-1
256,196,32,7.761238216182e-09,7.761e-9,-8.110068987,0.077612382,10000000,0,0.000000000000e+00,1.000000000000e-07,-7.000000000,1,1.006221493,-1.069447875,0.847379236,0.931280423,96,7,7,adc_s16,0.050000000,12,1,-16.000000000,-6.000000000,6.000000000,16.000000000,0,1,0,0,-3,1,-4,64,-12,14,-15,9,-9,7,-8,2,-3,1,-1,0,-1
256,128,-60,7.885391217791e-09,7.885e-9,-8.103176755,0.078853912,10000000,0,0.000000000000e+00,1.000000000000e-07,-7.000000000,1,0.801288412,-0.870553360,0.860388797,0.886680721,96,7,7,adc_s16,0.050000000,12,1,-16.000000000,-6.000000000,6.000000000,16.000000000,0,1,0,0,-2,1,-3,64,-28,8,-10,6,-7,7,-7,3,-3,1,-1,1,-1
256,152,20,7.902668684948e-09,7.903e-9,-8.102226225,0.079026687,10000000,0,0.000000000000e+00,1.000000000000e-07,-7.000000000,1,0.916803406,-0.995244565,0.868672929,0.901583281,96,7,7,adc_s16,0.050000000,12,1,-16.000000000,-6.000000000,6.000000000,16.000000000,0,1,0,-1,-2,-1,-2,64,-19,17,-17,9,-9,7,-7,3,-3,1,-1,0,-1
256,180,24,8.201203584275e-09,8.201e-9,-8.086122407,0.082012036,10000000,0,0.000000000000e+00,1.000000000000e-07,-7.000000000,1,0.877904144,-1.014853014,0.843982211,0.967880513,96,7,7,adc_s16,0.050000000,12,1,-16.000000000,-6.000000000,6.000000000,16.000000000,0,1,0,0,-2,0,-3,64,-15,15,-16,9,-9,7,-8,2,-3,1,-1,0,-1
256,124,-52,8.219146177878e-09,8.219e-9,-8.085173296,0.082191462,10000000,0,0.000000000000e+00,1.000000000000e-07,-7.000000000,1,0.784231581,-0.884109437,0.859632528,0.878247147,96,7,7,adc_s16,0.050000000,12,1,-16.000000000,-6.000000000,6.000000000,16.000000000,0,1,0,-1,-2,0,-3,64,-28,10,-11,6,-7,7,-7,3,-2,1,-1,1,-1
256,148,-32,8.422320977415e-09,8.422e-9,-8.074568211,0.084223210,10000000,0,0.000000000000e+00,1.000000000000e-07,-7.000000000,1,0.791106207,-0.919250247,0.855017311,0.901537640,96,7,7,adc_s16,0.050000000,12,1,-16.000000000,-6.000000000,6.000000000,16.000000000,0,1,0,0,-2,1,-3,64,-23,10,-12,7,-8,7,-8,3,-3,1,-1,1,-1
256,148,-24,8.478702137308e-09,8.479e-9,-8.071670622,0.084787021,10000000,0,0.000000000000e+00,1.000000000000e-07,-7.000000000,1,0.862447342,-0.918632658,0.883723441,0.908596118,96,7,7,adc_s16,0.050000000,12,1,-16.000000000,-6.000000000,6.000000000,16.000000000,0,1,0,0,-2,0,-3,64,-23,11,-13,7,-8,7,-8,3,-3,1,-1,1,-1
256,148,8,8.555027586327e-09,8.555e-9,-8.067778586,0.085550276,10000000,0,0.000000000000e+00,1.000000000000e-07,-7.000000000,1,0.828261321,-0.973598073,0.847686179,0.963178429,96,7,7,adc_s16,0.050000000,12,1,-16.000000000,-6.000000000,6.000000000,16.000000000,0,1,0,-1,-2,0,-2,64,-20,15,-16,9,-9,7,-7,3,-3,1,-1,0,-1
256,80,-76,8.780940257550e-09,8.781e-9,-8.056458978,0.087809403,10000000,0,0.000000000000e+00,1.000000000000e-07,-7.000000000,1,0.886070576,-0.819787549,0.917103666,0.980841590,96,7,7,adc_s16,0.050000000,12,1,-16.000000000,-6.000000000,6.000000000,16.000000000,0,1,0,-1,-1,-1,-1,64,-35,11,-11,6,-7,7,-7,3,-2,1,0,0,-1
256,108,-24,9.212758760330e-09,9.213e-9,-8.035610301,0.092127588,10000000,0,0.000000000000e+00,1.000000000000e-07,-7.000000000,1,0.973366206,-0.895720109,0.946805069,0.959187731,96,7,7,adc_s16,0.050000000,12,1,-16.000000000,-6.000000000,6.000000000,16.000000000,0,1,0,-1,-1,-1,-1,64,-28,15,-15,8,-8,7,-7,3,-2,1,-1,0,-1
256,152,-20,9.536011872126e-09,9.536e-9,-8.020633217,0.095360119,10000000,0,0.000000000000e+00,1.000000000000e-07,-7.000000000,1,0.840368957,-0.915699111,0.854075594,0.914774968,96,7,7,adc_s16,0.050000000,12,1,-16.000000000,-6.000000000,6.000000000,16.000000000,0,1,0,0,-2,0,-3,64,-22,11,-13,7,-8,7,-8,3,-3,1,-1,1,-1
256,188,32,1.011629595734e-08,1.012e-8,-7.994978474,0.101162960,10000000,0,0.000000000000e+00,1.000000000000e-07,-7.000000000,1,0.926907069,-1.045547184,0.849351706,0.932448926,96,7,7,adc_s16,0.050000000,12,1,-16.000000000,-6.000000000,6.000000000,16.000000000,0,1,0,0,-3,0,-3,64,-13,15,-16,9,-9,7,-8,2,-3,1,-1,0,-1
256,192,40,1.014781437499e-08,1.015e-8,-7.993627486,0.101478144,10000000,0,0.000000000000e+00,1.000000000000e-07,-7.000000000,1,0.943241009,-1.054471344,0.844697696,0.948914602,96,7,7,adc_s16,0.050000000,12,1,-16.000000000,-6.000000000,6.000000000,16.000000000,0,1,0,0,-2,0,-3,64,-12,16,-16,9,-10,7,-8,2,-3,1,-1,0,-1
256,140,-4,1.026662811402e-08,1.027e-8,-7.988572169,0.102666281,10000000,0,0.000000000000e+00,1.000000000000e-07,-7.000000000,1,0.763348804,-0.963778409,0.823524079,0.962775037,96,7,7,adc_s16,0.050000000,12,1,-16.000000000,-6.000000000,6.000000000,16.000000000,0,1,0,-1,-2,0,-2,64,-22,15,-15,8,-9,7,-7,3,-3,1,-1,0,-1
256,192,36,1.033516526401e-08,1.034e-8,-7.985682574,0.103351653,10000000,0,0.000000000000e+00,1.000000000000e-07,-7.000000000,1,0.932345980,-1.061017787,0.826016088,0.934905029,96,7,7,adc_s16,0.050000000,12,1,-16.000000000,-6.000000000,6.000000000,16.000000000,0,1,0,0,-3,1,-3,64,-12,15,-16,9,-10,7,-8,2,-3,1,-1,0,-1
256,188,48,1.085737179531e-08,1.086e-8,-7.964275290,0.108573718,10000000,0,0.000000000000e+00,1.000000000000e-07,-7.000000000,1,0.984428865,-1.086184536,0.882979007,0.949332373,96,7,7,adc_s16,0.050000000,12,1,-16.000000000,-6.000000000,6.000000000,16.000000000,0,1,0,0,-2,0,-3,64,-12,17,-17,10,-10,7,-8,2,-3,1,-1,0,-1
256,136,0,1.119690708628e-08,1.120e-8,-7.950901926,0.111969071,10000000,0,0.000000000000e+00,1.000000000000e-07,-7.000000000,1,0.909988142,-0.942378953,0.867530768,0.963120946,96,7,7,adc_s16,0.050000000,12,1,-16.000000000,-6.000000000,6.000000000,16.000000000,0,1,0,-1,-2,-1,-1,64,-22,15,-16,9,-9,7,-7,3,-3,1,-1,0,-1
256,100,-36,1.124044225243e-08,1.124e-8,-7.949216601,0.112404423,10000000,0,0.000000000000e+00,1.000000000000e-07,-7.000000000,1,0.954292017,-0.908627717,0.939040849,0.980978461,96,7,7,adc_s16,0.050000000,12,1,-16.000000000,-6.000000000,6.000000000,16.000000000,0,1,0,-1,-1,-1,-1,64,-30,14,-14,8,-8,7,-7,3,-2,1,0,0,-1
256,112,-56,1.129430386477e-08,1.129e-8,-7.947140532,0.112943039,10000000,0,0.000000000000e+00,1.000000000000e-07,-7.000000000,1,0.679514283,-0.875864625,0.798479857,0.898973299,96,7,7,adc_s16,0.050000000,12,1,-16.000000000,-6.000000000,6.000000000,16.000000000,0,1,0,-1,-2,0,-2,64,-30,10,-12,6,-7,7,-7,3,-2,1,-1,1,-1
256,120,-16,1.172118064257e-08,1.172e-8,-7.931028641,0.117211806,10000000,0,0.000000000000e+00,1.000000000000e-07,-7.000000000,1,0.894001143,-0.922986660,0.910864165,0.950562303,96,7,7,adc_s16,0.050000000,12,1,-16.000000000,-6.000000000,6.000000000,16.000000000,0,1,0,-1,-1,-1,-1,64,-26,15,-15,8,-8,7,-7,3,-2,1,-1,0,-1
256,168,-4,1.186735448919e-08,1.187e-8,-7.925646085,0.118673545,10000000,0,0.000000000000e+00,1.000000000000e-07,-7.000000000,1,0.885928639,-0.997838439,0.852645515,0.925806802,96,7,7,adc_s16,0.050000000,12,1,-16.000000000,-6.000000000,6.000000000,16.000000000,0,1,0,0,-2,1,-3,64,-18,12,-14,7,-8,7,-8,3,-3,1,-1,1,-1
256,124,-64,1.201465737894e-08,1.201e-8,-7.920288609,0.120146574,10000000,0,0.000000000000e+00,1.000000000000e-07,-7.000000000,1,0.869352709,-0.862123271,0.891510541,0.898450918,96,7,7,adc_s16,0.050000000,12,1,-16.000000000,-6.000000000,6.000000000,16.000000000,0,1,0,0,-2,0,-3,64,-29,8,-10,6,-7,7,-7,3,-2,1,-1,1,-1
256,196,40,1.204296016664e-08,1.204e-8,-7.919266750,0.120429602,10000000,0,0.000000000000e+00,1.000000000000e-07,-7.000000000,1,0.927485126,-1.076735425,0.832351544,0.932918037,96,7,7,adc_s16,0.050000000,12,1,-16.000000000,-6.000000000,6.000000000,16.000000000,0,1,0,0,-3,1,-3,64,-11,15,-16,9,-10,7,-8,2,-3,1,-1,0,-1
256,188,40,1.241631633257e-08,1.242e-8,-7.906007231,0.124163163,10000000,0,0.000000000000e+00,1.000000000000e-07,-7.000000000,1,0.937343693,-1.039865366,0.844351267,0.967432192,96,7,7,adc_s16,0.050000000,12,1,-16.000000000,-6.000000000,6.000000000,16.000000000,0,1,0,0,-2,0,-3,64,-12,16,-17,9,-10,7,-8,2,-3,1,-1,0,-1
256,100,-40,1.271469766657e-08,1.271e-8,-7.895693962,0.127146977,10000000,0,0.000000000000e+00,1.000000000000e-07,-7.000000000,1,0.945212298,-0.885529891,0.931272469,0.991109236,96,7,7,adc_s16,0.050000000,12,1,-16.000000000,-6.000000000,6.000000000,16.000000000,0,1,0,-1,-1,-1,-1,64,-30,14,-14,8,-8,7,-7,3,-2,1,-1,0,-1
256,132,-8,1.285322010628e-08,1.285e-8,-7.890988055,0.128532201,10000000,0,0.000000000000e+00,1.000000000000e-07,-7.000000000,1,0.901962631,-0.960134634,0.890644953,0.946029923,96,7,7,adc_s16,0.050000000,12,1,-16.000000000,-6.000000000,6.000000000,16.000000000,0,1,0,-1,-2,-1,-1,64,-23,15,-15,8,-8,7,-7,3,-3,1,-1,0,-1
256,108,-72,1.320784768372e-08,1.321e-8,-7.879167948,0.132078477,10000000,0,0.000000000000e+00,1.000000000000e-07,-7.000000000,1,0.823913664,-0.823462204,0.901664632,0.898064426,96,7,7,adc_s16,0.050000000,12,1,-16.000000000,-6.000000000,6.000000000,16.000000000,0,1,0,-1,-2,0,-3,64,-31,9,-10,6,-7,7,-7,3,-2,1,-1,1,-1
256,104,-32,1.322666943729e-08,1.323e-8,-7.878549500,0.132266694,10000000,0,0.000000000000e+00,1.000000000000e-07,-7.000000000,1,0.977970312,-0.893836462,0.947862135,0.975376623,96,7,7,adc_s16,0.050000000,12,1,-16.000000000,-6.000000000,6.000000000,16.000000000,0,1,0,-1,-1,-1,-1,64,-29,14,-14,8,-8,7,-7,3,-2,1,-1,0,-1
256,184,48,1.323967575915e-08,1.324e-8,-7.878122651,0.132396758,10000000,0,0.000000000000e+00,1.000000000000e-07,-7.000000000,1,1.055946443,-1.065032115,0.902603337,0.959376102,96,7,7,adc_s16,0.050000000,12,1,-16.000000000,-6.000000000,6.000000000,16.000000000,0,1,0,0,-2,0,-2,64,-12,17,-18,10,-10,7,-8,2,-3,1,-1,0,-1
256,104,-76,1.399112865676e-08,1.399e-8,-7.854147250,0.139911287,10000000,0,0.000000000000e+00,1.000000000000e-07,-7.000000000,1,0.743779433,-0.857275198,0.849988704,0.896767600,96,7,7,adc_s16,0.050000000,12,1,-16.000000000,-6.000000000,6.000000000,16.000000000,0,1,0,-1,-2,0,-2,64,-32,8,-10,6,-6,7,-7,3,-2,1,-1,1,-1
256,188,52,1.420191521863e-08,1.420e-8,-7.847653084,0.142019152,10000000,0,0.000000000000e+00,1.000000000000e-07,-7.000000000,1,1.099183025,-1.089519516,0.906411146,0.949411151,96,7,7,adc_s16,0.050000000,12,1,-16.000000000,-6.000000000,6.000000000,16.000000000,0,1,0,0,-2,0,-2,64,-11,18,-18,10,-10,7,-8,2,-3,1,-1,0,-1
256,132,4,1.453171578581e-08,1.453e-8,-7.837683105,0.145317158,10000000,0,0.000000000000e+00,1.000000000000e-07,-7.000000000,1,1.087303666,-0.976686018,0.969857781,0.964101851,96,7,7,adc_s16,0.050000000,12,1,-16.000000000,-6.000000000,6.000000000,16.000000000,0,1,0,-1,-1,-1,-1,64,-23,16,-16,9,-9,7,-7,3,-3,1,-1,0,-1
256,176,28,1.455406357220e-08,1.455e-8,-7.837015732,0.145540636,10000000,0,0.000000000000e+00,1.000000000000e-07,-7.000000000,1,0.887672637,-1.014822134,0.855641471,0.987551128,96,7,7,adc_s16,0.050000000,12,1,-16.000000000,-6.000000000,6.000000000,16.000000000,0,1,0,0,-2,0,-3,64,-15,15,-16,9,-9,7,-8,2,-3,1,-1,0,-1
256,180,44,1.483078500851e-08,1.483e-8,-7.828835861,0.148307850,10000000,0,0.000000000000e+00,1.000000000000e-07,-7.000000000,1,1.082139608,-1.054625741,0.922470936,0.949120416,96,7,7,adc_s16,0.050000000,12,1,-16.000000000,-6.000000000,6.000000000,16.000000000,0,1,0,0,-2,0,-2,64,-13,17,-17,10,-10,7,-8,2,-3,1,-1,0,-1
256,96,-40,1.529356055681e-08,1.529e-8,-7.815491393,0.152935606,10000000,0,0.000000000000e+00,1.000000000000e-07,-7.000000000,1,0.916817537,-0.853754941,0.933022735,0.996156752,96,7,7,adc_s16,0.050000000,12,1,-16.000000000,-6.000000000,6.000000000,16.000000000,0,1,0,-1,-1,-1,-1,64,-31,14,-14,8,-8,7,-7,3,-2,1,0,0,-1
256,108,-32,1.541466871632e-08,1.541e-8,-7.812065804,0.154146687,10000000,0,0.000000000000e+00,1.000000000000e-07,-7.000000000,1,1.013468185,-0.887938488,0.967988059,0.971878673,96,7,7,adc_s16,0.050000000,12,1,-16.000000000,-6.000000000,6.000000000,16.000000000,0,1,0,-1,-1,-1,-1,64,-28,14,-14,8,-8,7,-7,3,-2,1,-1,0,-1
256,104,-36,1.731331675864e-08,1.731e-8,-7.761619725,0.173133168,10000000,0,0.000000000000e+00,1.000000000000e-07,-7.000000000,1,0.977231317,-0.892107213,0.950431378,0.997188426,96,7,7,adc_s16,0.050000000,12,1,-16.000000000,-6.000000000,6.000000000,16.000000000,0,1,0,-1,-1,-1,-1,64,-29,14,-14,8,-8,7,-7,3,-2,1,-1,0,-1
256,104,-28,1.755809351778e-08,1.756e-8,-7.755522642,0.175580935,10000000,0,0.000000000000e+00,1.000000000000e-07,-7.000000000,1,0.956537711,-0.890377964,0.925984680,0.991174020,96,7,7,adc_s16,0.050000000,12,1,-16.000000000,-6.000000000,6.000000000,16.000000000,0,1,0,-1,-1,-1,-1,64,-29,15,-15,8,-8,7,-7,3,-2,1,0,0,-1
256,108,-28,1.756576870946e-08,1.757e-8,-7.755332840,0.175657687,10000000,0,0.000000000000e+00,1.000000000000e-07,-7.000000000,1,1.016689695,-0.889667737,0.966620115,0.963876641,96,7,7,adc_s16,0.050000000,12,1,-16.000000000,-6.000000000,6.000000000,16.000000000,0,1,0,-1,-1,-1,-1,64,-28,14,-14,8,-8,7,-7,3,-2,1,-1,0,-1
256,96,-80,1.807729972806e-08,1.808e-8,-7.742866441,0.180772997,10000000,0,0.000000000000e+00,1.000000000000e-07,-7.000000000,1,0.733418275,-0.834239130,0.843758155,0.916260881,96,7,7,adc_s16,0.050000000,12,1,-16.000000000,-6.000000000,6.000000000,16.000000000,0,1,0,-1,-2,0,-2,64,-34,9,-10,6,-6,7,-7,3,-2,1,-1,1,-1
256,140,0,1.825649977356e-08,1.826e-8,-7.738582484,0.182564998,10000000,0,0.000000000000e+00,1.000000000000e-07,-7.000000000,1,0.890877745,-0.937345603,0.884977950,0.961536493,96,7,7,adc_s16,0.050000000,12,1,-16.000000000,-6.000000000,6.000000000,16.000000000,0,1,0,-1,-2,-1,-2,64,-22,15,-15,9,-9,7,-7,3,-3,1,-1,0,-1
256,124,-60,1.861152885998e-08,1.861e-8,-7.730217950,0.186115289,10000000,0,0.000000000000e+00,1.000000000000e-07,-7.000000000,1,0.890405208,-0.888309042,0.914864191,0.876307172,96,7,7,adc_s16,0.050000000,12,1,-16.000000000,-6.000000000,6.000000000,16.000000000,0,1,0,-1,-2,0,-3,64,-28,9,-11,6,-7,7,-7,3,-2,1,-1,1,-1
256,112,-24,1.899648164181e-08,1.900e-8,-7.721326828,0.189964816,10000000,0,0.000000000000e+00,1.000000000000e-07,-7.000000000,1,1.006799101,-0.926877470,0.950249922,0.973211439,96,7,7,adc_s16,0.050000000,12,1,-16.000000000,-6.000000000,6.000000000,16.000000000,0,1,0,-1,-1,-1,-1,64,-27,15,-15,8,-8,7,-7,3,-2,1,-1,0,-1
256,124,-20,1.910619275220e-08,1.911e-8,-7.718825845,0.191061928,10000000,0,0.000000000000e+00,1.000000000000e-07,-7.000000000,1,0.891204490,-0.937098567,0.888849875,0.967501158,96,7,7,adc_s16,0.050000000,12,1,-16.000000000,-6.000000000,6.000000000,16.000000000,0,1,0,-1,-2,-1,-1,64,-25,14,-14,8,-8,7,-7,3,-3,1,-1,0,-1
256,132,-56,1.944698018854e-08,1.945e-8,-7.711147828,0.194469802,10000000,0,0.000000000000e+00,1.000000000000e-07,-7.000000000,1,0.895227075,-0.899240366,0.902408993,0.907382822,96,7,7,adc_s16,0.050000000,12,1,-16.000000000,-6.000000000,6.000000000,16.000000000,0,1,0,0,-2,1,-3,64,-27,8,-11,6,-7,7,-7,3,-3,1,-1,1,-1
256,140,-48,1.965558695193e-08,1.966e-8,-7.706513983,0.196555870,10000000,0,0.000000000000e+00,1.000000000000e-07,-7.000000000,1,0.917727238,-0.909183547,0.923634670,0.879274299,96,7,7,adc_s16,0.050000000,12,1,-16.000000000,-6.000000000,6.000000000,16.000000000,0,1,0,0,-2,1,-4,64,-25,9,-11,6,-7,7,-7,3,-3,1,-1,1,-1
256,112,-72,2.025674482236e-08,2.026e-8,-7.693430343,0.202567448,10000000,0,0.000000000000e+00,1.000000000000e-07,-7.000000000,1,0.858866284,-0.827075099,0.886941024,0.871916545,96,7,7,adc_s16,0.050000000,12,1,-16.000000000,-6.000000000,6.000000000,16.000000000,0,1,0,-1,-2,0,-3,64,-31,8,-10,6,-7,7,-7,3,-2,1,-1,1,-1
256,120,-24,2.090464957875e-08,2.090e-8,-7.679757108,0.209046496,10000000,0,0.000000000000e+00,1.000000000000e-07,-7.000000000,1,0.920641809,-0.947690217,0.912780046,1.004037085,96,7,7,adc_s16,0.050000000,12,1,-16.000000000,-6.000000000,6.000000000,16.000000000,0,1,0,-1,-1,-1,-1,64,-26,14,-14,8,-8,7,-7,3,-2,1,-1,0,-1
256,152,16,2.152853952403e-08,2.153e-8,-7.666985431,0.215285395,10000000,0,0.000000000000e+00,1.000000000000e-07,-7.000000000,1,0.921154917,-0.999197134,0.887902001,0.973576918,96,7,7,adc_s16,0.050000000,12,1,-16.000000000,-6.000000000,6.000000000,16.000000000,0,1,0,-1,-2,-1,-2,64,-19,16,-16,9,-9,7,-7,3,-3,1,-1,0,-1
256,136,-4,2.198057665084e-08,2.198e-8,-7.657960918,0.219805767,10000000,0,0.000000000000e+00,1.000000000000e-07,-7.000000000,1,0.843860299,-0.948801877,0.850788821,0.957821217,96,7,7,adc_s16,0.050000000,12,1,-16.000000000,-6.000000000,6.000000000,16.000000000,0,1,0,-1,-2,-1,-2,64,-23,15,-15,8,-9,7,-7,3,-3,1,-1,0,-1
256,136,-44,2.207889831811e-08,2.208e-8,-7.656022601,0.220788983,10000000,0,0.000000000000e+00,1.000000000000e-07,-7.000000000,1,0.856634991,-0.882472826,0.890652564,0.922371385,96,7,7,adc_s16,0.050000000,12,1,-16.000000000,-6.000000000,6.000000000,16.000000000,0,1,0,0,-2,0,-3,64,-26,10,-12,6,-7,7,-7,3,-3,1,-1,1,-1
256,116,-68,2.214168412176e-08,2.214e-8,-7.654789349,0.221416841,10000000,0,0.000000000000e+00,1.000000000000e-07,-7.000000000,1,0.843639551,-0.846127717,0.885357965,0.875705533,96,7,7,adc_s16,0.050000000,12,1,-16.000000000,-6.000000000,6.000000000,16.000000000,0,1,0,-1,-2,0,-3,64,-30,8,-10,6,-7,7,-7,3,-2,1,-1,1,-1
256,176,40,2.395230692714e-08,2.395e-8,-7.620652652,0.239523069,10000000,0,0.000000000000e+00,1.000000000000e-07,-7.000000000,1,1.056732940,-1.038661067,0.914717244,0.958590994,96,7,7,adc_s16,0.050000000,12,1,-16.000000000,-6.000000000,6.000000000,16.000000000,0,1,0,0,-2,0,-2,64,-14,17,-17,10,-10,7,-8,2,-3,1,-1,0,-1
256,124,-48,2.396320192793e-08,2.396e-8,-7.620455153,0.239632019,10000000,0,0.000000000000e+00,1.000000000000e-07,-7.000000000,1,0.852471246,-0.874969121,0.876837190,0.871846308,96,7,7,adc_s16,0.050000000,12,1,-16.000000000,-6.000000000,6.000000000,16.000000000,0,1,0,-1,-2,0,-3,64,-28,10,-12,7,-7,7,-7,3,-2,1,-1,1,-1
256,96,-48,2.402234396080e-08,2.402e-8,-7.619384619,0.240223440,10000000,0,0.000000000000e+00,1.000000000000e-07,-7.000000000,1,0.918401433,-0.876976285,0.927045605,1.011277132,96,7,7,adc_s16,0.050000000,12,1,-16.000000000,-6.000000000,6.000000000,16.000000000,0,1,0,-1,-1,-1,-1,64,-31,13,-13,7,-7,7,-7,3,-2,1,0,0,-1
256,100,-44,2.415912896576e-08,2.416e-8,-7.616918728,0.241591290,10000000,0,0.000000000000e+00,1.000000000000e-07,-7.000000000,1,0.953669835,-0.902945899,0.955143410,1.008341940,96,7,7,adc_s16,0.050000000,12,1,-16.000000000,-6.000000000,6.000000000,16.000000000,0,1,0,-1,-1,-1,-1,64,-30,13,-13,7,-7,7,-7,3,-2,1,-1,0,-1
256,184,24,2.519749229551e-08,2.520e-8,-7.598642679,0.251974923,10000000,0,0.000000000000e+00,1.000000000000e-07,-7.000000000,1,0.902548664,-1.036005435,0.853761629,0.971782515,96,7,7,adc_s16,0.050000000,12,1,-16.000000000,-6.000000000,6.000000000,16.000000000,0,1,0,0,-3,1,-3,64,-14,14,-15,8,-9,7,-8,2,-3,1,-1,0,-1
256,76,-56,2.577452084864e-08,2.577e-8,-7.588809400,0.257745208,10000000,0,0.000000000000e+00,1.000000000000e-07,-7.000000000,1,1.027281311,-0.853724061,0.979046696,0.983031017,96,7,7,adc_s16,0.050000000,12,1,-16.000000000,-6.000000000,6.000000000,16.000000000,0,1,1,-1,-1,-2,0,64,-35,14,-14,7,-7,7,-7,3,-2,1,0,0,-1
256,136,4,2.653582295022e-08,2.654e-8,-7.576167439,0.265358230,10000000,0,0.000000000000e+00,1.000000000000e-07,-7.000000000,1,0.960170393,-0.947937253,0.895161857,0.971215773,96,7,7,adc_s16,0.050000000,12,1,-16.000000000,-6.000000000,6.000000000,16.000000000,0,1,0,-1,-2,-1,-1,64,-22,16,-16,9,-9,7,-7,3,-3,1,-1,0,-1
256,136,-56,2.672376489181e-08,2.672e-8,-7.573102358,0.267237649,10000000,0,0.000000000000e+00,1.000000000000e-07,-7.000000000,1,1.021874546,-0.879384881,0.960138734,0.884784227,96,7,7,adc_s16,0.050000000,12,1,-16.000000000,-6.000000000,6.000000000,16.000000000,0,1,0,0,-2,1,-4,64,-27,8,-10,6,-7,7,-7,3,-3,1,-1,1,-1
256,136,-52,2.724508793744e-08,2.725e-8,-7.564711786,0.272450879,10000000,0,0.000000000000e+00,1.000000000000e-07,-7.000000000,1,0.879313808,-0.929656621,0.889870571,0.933515846,96,7,7,adc_s16,0.050000000,12,1,-16.000000000,-6.000000000,6.000000000,16.000000000,0,1,0,0,-2,1,-3,64,-26,9,-11,6,-7,7,-7,3,-3,1,-1,1,-1
256,192,48,2.813159059192e-08,2.813e-8,-7.550805712,0.281315906,10000000,0,0.000000000000e+00,1.000000000000e-07,-7.000000000,1,0.955859273,-1.052000988,0.831518730,0.994681325,96,7,7,adc_s16,0.050000000,12,1,-16.000000000,-6.000000000,6.000000000,16.000000000,0,1,0,0,-2,0,-3,64,-11,17,-17,9,-10,7,-8,2,-3,1,-1,0,-1
256,200,32,2.817279632586e-08,2.817e-8,-7.550170044,0.281727963,10000000,0,0.000000000000e+00,1.000000000000e-07,-7.000000000,1,1.013286454,-1.087018281,0.885531601,0.941998525,96,7,7,adc_s16,0.050000000,12,1,-16.000000000,-6.000000000,6.000000000,16.000000000,0,1,0,0,-3,1,-4,64,-11,14,-15,8,-9,7,-8,2,-3,1,-1,0,-1
256,172,-4,3.248219010345e-08,3.248e-8,-7.488354696,0.324821901,10000000,0,0.000000000000e+00,1.000000000000e-07,-7.000000000,1,0.999261932,-1.005527421,0.898056576,0.902280312,96,7,7,adc_s16,0.050000000,12,1,-16.000000000,-6.000000000,6.000000000,16.000000000,0,1,0,0,-3,1,-4,64,-18,12,-13,7,-8,7,-8,3,-3,1,-1,1,-1
256,188,56,3.303017434355e-08,3.303e-8,-7.481089134,0.330301743,10000000,0,0.000000000000e+00,1.000000000000e-07,-7.000000000,1,1.138034964,-1.091248765,0.922082375,0.980128211,96,7,7,adc_s16,0.050000000,12,1,-16.000000000,-6.000000000,6.000000000,16.000000000,0,1,0,0,-2,0,-2,64,-11,18,-18,10,-10,7,-8,2,-3,1,-1,0,-1
256,120,-60,3.454805007019e-08,3.455e-8,-7.461576460,0.345480501,10000000,0,0.000000000000e+00,1.000000000000e-07,-7.000000000,1,0.836450697,-0.854681324,0.906527298,0.882149611,96,7,7,adc_s16,0.050000000,12,1,-16.000000000,-6.000000000,6.000000000,16.000000000,0,1,0,-1,-2,0,-3,64,-29,9,-11,6,-7,7,-7,3,-2,1,-1,1,-1
256,112,-20,3.497732216055e-08,3.498e-8,-7.456213443,0.349773222,10000000,0,0.000000000000e+00,1.000000000000e-07,-7.000000000,1,1.010609033,-0.928606719,0.953764794,0.998487887,96,7,7,adc_s16,0.050000000,12,1,-16.000000000,-6.000000000,6.000000000,16.000000000,0,1,0,-1,-1,-1,-1,64,-27,15,-15,8,-8,7,-7,3,-2,1,-1,0,-1
256,188,36,3.515428875343e-08,3.515e-8,-7.454021684,0.351542888,10000000,0,0.000000000000e+00,1.000000000000e-07,-7.000000000,1,1.025748560,-1.052711215,0.895040085,1.011718105,96,7,7,adc_s16,0.050000000,12,1,-16.000000000,-6.000000000,6.000000000,16.000000000,0,1,0,0,-2,0,-3,64,-13,15,-16,9,-10,7,-8,2,-3,1,-1,0,-1
256,76,-76,3.583668561299e-08,3.584e-8,-7.445672163,0.358366856,10000000,0,0.000000000000e+00,1.000000000000e-07,-7.000000000,1,0.994383152,-0.831614377,0.975127841,1.011969956,96,7,7,adc_s16,0.050000000,12,1,-16.000000000,-6.000000000,6.000000000,16.000000000,0,1,0,-1,-1,-1,-1,64,-35,11,-12,6,-7,7,-7,3,-2,1,0,0,-1
256,192,56,3.641548212236e-08,3.642e-8,-7.438713936,0.364154821,10000000,0,0.000000000000e+00,1.000000000000e-07,-7.000000000,1,1.024484389,-1.089303360,0.877801415,1.006906268,96,7,7,adc_s16,0.050000000,12,1,-16.000000000,-6.000000000,6.000000000,16.000000000,0,1,0,0,-2,0,-3,64,-11,18,-18,10,-10,7,-8,2,-3,1,-1,0,-1
256,180,40,3.651245717459e-08,3.651e-8,-7.437558939,0.365124572,10000000,0,0.000000000000e+00,1.000000000000e-07,-7.000000000,1,1.056898568,-1.054131670,0.904640273,0.981535223,96,7,7,adc_s16,0.050000000,12,1,-16.000000000,-6.000000000,6.000000000,16.000000000,0,1,0,0,-2,0,-2,64,-13,17,-17,9,-10,7,-8,2,-3,1,-1,0,-1
256,116,-72,3.685580916452e-08,3.686e-8,-7.433494049,0.368558092,10000000,0,0.000000000000e+00,1.000000000000e-07,-7.000000000,1,0.933413005,-0.826117836,0.911719693,0.900507970,96,7,7,adc_s16,0.050000000,12,1,-16.000000000,-6.000000000,6.000000000,16.000000000,0,1,0,-1,-2,0,-3,64,-30,8,-10,5,-7,7,-7,3,-2,1,-1,1,-1
256,180,12,3.784571623058e-08,3.785e-8,-7.421983271,0.378457162,10000000,0,0.000000000000e+00,1.000000000000e-07,-7.000000000,1,0.972654846,-1.036592144,0.914943288,0.983651942,96,7,7,adc_s16,0.050000000,12,1,-16.000000000,-6.000000000,6.000000000,16.000000000,0,1,0,0,-3,1,-4,64,-16,13,-14,8,-9,7,-8,3,-3,1,-1,0,-1
256,144,12,4.000072643860e-08,4.000e-8,-7.397932122,0.400007264,10000000,0,0.000000000000e+00,1.000000000000e-07,-7.000000000,1,1.030007159,-0.988512846,0.929943456,0.972664235,96,7,7,adc_s16,0.050000000,12,1,-16.000000000,-6.000000000,6.000000000,16.000000000,0,1,0,-1,-2,-1,-1,64,-20,16,-16,9,-9,7,-7,3,-3,1,-1,0,-1
256,192,52,4.008946425777e-08,4.009e-8,-7.396969747,0.400894643,10000000,0,0.000000000000e+00,1.000000000000e-07,-7.000000000,1,1.005438731,-1.089673913,0.877559819,0.998631975,96,7,7,adc_s16,0.050000000,12,1,-16.000000000,-6.000000000,6.000000000,16.000000000,0,1,0,0,-2,0,-3,64,-11,17,-17,10,-10,7,-8,2,-3,1,-1,0,-1
256,164,-20,4.034170948779e-08,4.034e-8,-7.394245702,0.403417095,10000000,0,0.000000000000e+00,1.000000000000e-07,-7.000000000,1,1.017192465,-0.934937006,0.904335818,0.887376687,96,7,7,adc_s16,0.050000000,12,1,-16.000000000,-6.000000000,6.000000000,16.000000000,0,1,0,0,-3,1,-4,64,-20,10,-12,7,-8,7,-8,3,-3,1,-1,1,-1
256,196,28,4.098169049767e-08,4.098e-8,-7.387410131,0.409816905,10000000,0,0.000000000000e+00,1.000000000000e-07,-7.000000000,1,1.026744691,-1.057960721,0.874303224,0.963927116,96,7,7,adc_s16,0.050000000,12,1,-16.000000000,-6.000000000,6.000000000,16.000000000,0,1,0,0,-3,1,-4,64,-12,14,-15,8,-9,7,-8,2,-3,1,-1,0,-1
256,128,-64,4.138317776530e-08,4.138e-8,-7.383176163,0.413831778,10000000,0,0.000000000000e+00,1.000000000000e-07,-7.000000000,1,0.900673125,-0.868824111,0.913920615,0.940201821,96,7,7,adc_s16,0.050000000,12,1,-16.000000000,-6.000000000,6.000000000,16.000000000,0,1,0,0,-2,1,-3,64,-28,8,-10,6,-7,7,-7,3,-3,1,-1,1,-1
256,152,-32,4.363944130817e-08,4.364e-8,-7.360120818,0.436394413,10000000,0,0.000000000000e+00,1.000000000000e-07,-7.000000000,1,0.993769903,-0.920516304,0.951822662,0.905199195,96,7,7,adc_s16,0.050000000,12,1,-16.000000000,-6.000000000,6.000000000,16.000000000,0,1,0,0,-2,1,-4,64,-23,10,-12,7,-8,7,-8,3,-3,1,-1,1,-1
256,152,12,4.427828480332e-08,4.428e-8,-7.353809211,0.442782848,10000000,0,0.000000000000e+00,1.000000000000e-07,-7.000000000,1,0.877079497,-1.001296937,0.849781958,1.005665592,96,7,7,adc_s16,0.050000000,12,1,-16.000000000,-6.000000000,6.000000000,16.000000000,0,1,0,-1,-2,0,-2,64,-19,16,-16,9,-9,7,-7,3,-3,1,-1,0,-1
256,180,48,4.531044770513e-08,4.531e-8,-7.343801647,0.453104477,10000000,0,0.000000000000e+00,1.000000000000e-07,-7.000000000,1,1.085956889,-1.067965662,0.937801691,0.992972056,96,7,7,adc_s16,0.050000000,12,1,-16.000000000,-6.000000000,6.000000000,16.000000000,0,1,0,0,-2,0,-2,64,-13,18,-18,10,-10,7,-8,2,-3,1,-1,0,-1
256,184,40,4.532369862345e-08,4.532e-8,-7.343674657,0.453236986,10000000,0,0.000000000000e+00,1.000000000000e-07,-7.000000000,1,1.041199507,-1.050457016,0.900907389,1.025566909,96,7,7,adc_s16,0.050000000,12,1,-16.000000000,-6.000000000,6.000000000,16.000000000,0,1,0,0,-2,0,-3,64,-13,16,-17,9,-10,7,-8,2,-3,1,-1,0,-1
256,164,28,4.591911951061e-08,4.592e-8,-7.338006448,0.459191195,10000000,0,0.000000000000e+00,1.000000000000e-07,-7.000000000,1,1.050248365,-1.039927125,0.930547043,0.997899509,96,7,7,adc_s16,0.050000000,12,1,-16.000000000,-6.000000000,6.000000000,16.000000000,0,1,0,0,-2,0,-2,64,-16,17,-17,9,-9,7,-8,2,-3,1,-1,0,-1
256,144,16,4.671377017650e-08,4.671e-8,-7.330555080,0.467137702,10000000,0,0.000000000000e+00,1.000000000000e-07,-7.000000000,1,1.004732869,-0.995059289,0.928083215,0.964321856,96,7,7,adc_s16,0.050000000,12,1,-16.000000000,-6.000000000,6.000000000,16.000000000,0,1,0,-1,-2,-1,-1,64,-20,17,-17,9,-9,7,-7,3,-3,1,-1,0,-1
256,180,36,4.759204472707e-08,4.759e-8,-7.322465636,0.475920447,10000000,0,0.000000000000e+00,1.000000000000e-07,-7.000000000,1,1.051761159,-1.010529891,0.900364244,1.026533245,96,7,7,adc_s16,0.050000000,12,1,-16.000000000,-6.000000000,6.000000000,16.000000000,0,1,0,0,-2,0,-3,64,-14,16,-17,9,-10,7,-8,2,-3,1,-1,0,-1
256,184,8,5.047361934055e-08,5.047e-8,-7.296935552,0.504736193,10000000,1,1.000000000000e-07,1.000000000000e-07,-7.000000000,0,1.010684498,-1.001049901,0.880036422,0.922308066,96,7,7,adc_s16,0.050000000,12,1,-16.000000000,-6.000000000,6.000000000,16.000000000,0,1,0,0,-3,1,-4,64,-15,12,-14,8,-9,7,-8,3,-3,1,-1,1,-1
256,196,52,5.067794235283e-08,5.068e-8,-7.295181027,0.506779424,10000000,1,1.000000000000e-07,1.000000000000e-07,-7.000000000,0,1.022651303,-1.091434042,0.886017566,1.009117035,96,7,7,adc_s16,0.050000000,12,1,-16.000000000,-6.000000000,6.000000000,16.000000000,0,1,0,0,-2,0,-3,64,-11,17,-17,10,-10,7,-8,2,-3,1,-1,0,-1
256,76,-60,5.074327088820e-08,5.074e-8,-7.294621542,0.507432709,10000000,1,1.000000000000e-07,1.000000000000e-07,-7.000000000,0,1.054673220,-0.818150939,1.016453731,1.008755611,96,7,7,adc_s16,0.050000000,12,1,-16.000000000,-6.000000000,6.000000000,16.000000000,0,1,1,-1,-1,-2,0,64,-35,13,-13,7,-7,7,-7,3,-2,1,0,0,-1
256,164,-12,5.086778821999e-08,5.087e-8,-7.293557145,0.508677882,10000000,1,1.000000000000e-07,1.000000000000e-07,-7.000000000,0,1.014511848,-0.951858943,0.940167323,0.926329117,96,7,7,adc_s16,0.050000000,12,1,-16.000000000,-6.000000000,6.000000000,16.000000000,0,1,0,0,-2,1,-4,64,-20,11,-13,7,-8,7,-8,3,-3,1,-1,1,-1
256,168,36,5.225059617336e-08,5.225e-8,-7.281908750,0.522505962,10000000,1,1.000000000000e-07,1.000000000000e-07,-7.000000000,0,1.142240266,-1.051939229,0.949832511,0.991422442,96,7,7,adc_s16,0.050000000,12,1,-16.000000000,-6.000000000,6.000000000,16.000000000,0,1,0,0,-2,0,-2,64,-15,17,-17,10,-10,7,-8,2,-3,1,-1,0,-1
256,124,-68,5.361424364057e-08,5.361e-8,-7.270719816,0.536142436,10000000,1,1.000000000000e-07,1.000000000000e-07,-7.000000000,0,0.951664249,-0.875957263,0.934293244,0.942466540,96,7,7,adc_s16,0.050000000,12,1,-16.000000000,-6.000000000,6.000000000,16.000000000,0,1,0,0,-2,1,-3,64,-29,8,-10,5,-7,7,-7,3,-2,1,-1,1,-1
256,92,-36,5.407418149168e-08,5.407e-8,-7.267010046,0.540741815,10000000,1,1.000000000000e-07,1.000000000000e-07,-7.000000000,0,1.141848033,-0.870893034,1.035988592,1.016881122,96,7,7,adc_s16,0.050000000,12,1,-16.000000000,-6.000000000,6.000000000,16.000000000,0,1,0,-1,-1,-2,0,64,-31,15,-15,8,-8,7,-7,3,-2,1,0,0,-1
256,80,-52,5.625002288506e-08,5.625e-8,-7.249877297,0.562500229,10000000,1,1.000000000000e-07,1.000000000000e-07,-7.000000000,0,1.146227627,-0.886610672,1.042846723,1.052239068,96,7,7,adc_s16,0.050000000,12,1,-16.000000000,-6.000000000,6.000000000,16.000000000,0,1,1,-1,-1,-2,0,64,-34,14,-14,8,-7,7,-7,3,-2,1,0,0,-1
256,128,0,5.888541844605e-08,5.889e-8,-7.229992234,0.588854184,10000000,1,1.000000000000e-07,1.000000000000e-07,-7.000000000,0,1.191696309,-0.973196640,1.019643024,1.023648945,96,7,7,adc_s16,0.050000000,12,1,-16.000000000,-6.000000000,6.000000000,16.000000000,0,1,0,-1,-1,-1,-1,64,-23,16,-16,9,-9,7,-7,3,-3,1,-1,0,-1
256,188,16,6.017888506349e-08,6.018e-8,-7.220555863,0.601788851,10000000,1,1.000000000000e-07,1.000000000000e-07,-7.000000000,0,0.963204375,-1.007009634,0.868389064,0.925855975,96,7,7,adc_s16,0.050000000,12,1,-16.000000000,-6.000000000,6.000000000,16.000000000,0,1,0,0,-3,1,-4,64,-14,13,-14,8,-9,7,-8,3,-3,1,-1,1,-1
256,116,-60,6.039535560666e-08,6.040e-8,-7.218996457,0.603953556,10000000,1,1.000000000000e-07,1.000000000000e-07,-7.000000000,0,0.852643716,-0.836616848,0.917485962,0.901048535,96,7,7,adc_s16,0.050000000,12,1,-16.000000000,-6.000000000,6.000000000,16.000000000,0,1,0,-1,-2,0,-3,64,-30,9,-11,6,-7,7,-7,3,-2,1,-1,1,-1
256,160,24,6.219923415568e-08,6.220e-8,-7.206214963,0.621992342,10000000,1,1.000000000000e-07,1.000000000000e-07,-7.000000000,0,0.989969830,-1.001235178,0.912463906,0.992970876,96,7,7,adc_s16,0.050000000,12,1,-16.000000000,-6.000000000,6.000000000,16.000000000,0,1,0,-1,-2,0,-2,64,-17,16,-17,9,-9,7,-8,2,-3,1,-1,0,-1
256,184,52,6.437330407978e-08,6.437e-8,-7.191294199,0.643733041,10000000,1,1.000000000000e-07,1.000000000000e-07,-7.000000000,0,1.109887002,-1.096405632,0.944604913,1.007393111,96,7,7,adc_s16,0.050000000,12,1,-16.000000000,-6.000000000,6.000000000,16.000000000,0,1,0,0,-2,0,-2,64,-12,18,-18,10,-10,7,-8,2,-3,1,-1,0,-1
256,120,-12,6.696286444511e-08,6.696e-8,-7.174165977,0.669628644,10000000,1,1.000000000000e-07,1.000000000000e-07,-7.000000000,0,1.097748236,-0.943490613,0.979990431,1.015901264,96,7,7,adc_s16,0.050000000,12,1,-16.000000000,-6.000000000,6.000000000,16.000000000,0,1,0,-1,-1,-1,-1,64,-25,15,-15,8,-8,7,-7,3,-2,1,-1,0,-1
256,196,48,6.786650808793e-08,6.787e-8,-7.168344496,0.678665081,10000000,1,1.000000000000e-07,1.000000000000e-07,-7.000000000,0,1.082135425,-1.069818429,0.918753900,1.037541690,96,7,7,adc_s16,0.050000000,12,1,-16.000000000,-6.000000000,6.000000000,16.000000000,0,1,0,0,-2,0,-3,64,-11,16,-17,9,-10,7,-8,2,-3,1,-1,0,-1
256,116,-64,6.847660716056e-08,6.848e-8,-7.164457766,0.684766072,10000000,1,1.000000000000e-07,1.000000000000e-07,-7.000000000,0,0.853153985,-0.834887599,0.917761398,0.904326868,96,7,7,adc_s16,0.050000000,12,1,-16.000000000,-6.000000000,6.000000000,16.000000000,0,1,0,-1,-2,0,-3,64,-30,9,-11,6,-7,7,-7,3,-2,1,-1,1,-1
256,140,8,6.959138494269e-08,6.959e-8,-7.157444520,0.695913849,10000000,1,1.000000000000e-07,1.000000000000e-07,-7.000000000,0,0.992979852,-0.985641057,0.927844240,0.999750482,96,7,7,adc_s16,0.050000000,12,1,-16.000000000,-6.000000000,6.000000000,16.000000000,0,1,0,-1,-2,-1,-1,64,-21,16,-16,9,-9,7,-7,3,-3,1,-1,0,-1
256,148,20,6.977091486089e-08,6.977e-8,-7.156325582,0.697709149,10000000,1,1.000000000000e-07,1.000000000000e-07,-7.000000000,0,1.040283621,-0.994102026,0.945048815,0.980747187,96,7,7,adc_s16,0.050000000,12,1,-16.000000000,-6.000000000,6.000000000,16.000000000,0,1,0,-1,-2,-1,-1,64,-19,17,-17,9,-9,7,-7,3,-3,1,-1,0,-1
256,112,-68,7.230149400552e-08,7.230e-8,-7.140852729,0.723014940,10000000,1,1.000000000000e-07,1.000000000000e-07,-7.000000000,0,0.874075122,-0.804594862,0.927451756,0.908363172,96,7,7,adc_s16,0.050000000,12,1,-16.000000000,-6.000000000,6.000000000,16.000000000,0,1,0,-1,-2,0,-3,64,-31,9,-11,6,-7,7,-7,3,-2,1,-1,1,-1
256,120,-56,7.260299588606e-08,7.260e-8,-7.139045458,0.726029959,10000000,1,1.000000000000e-07,1.000000000000e-07,-7.000000000,0,0.787059902,-0.861104249,0.881811576,0.935670420,96,7,7,adc_s16,0.050000000,12,1,-16.000000000,-6.000000000,6.000000000,16.000000000,0,1,0,-1,-2,0,-3,64,-29,10,-11,6,-7,7,-7,3,-2,1,-1,1,-1
256,168,40,7.523432637722e-08,7.523e-8,-7.123583963,0.752343264,10000000,1,1.000000000000e-07,1.000000000000e-07,-7.000000000,0,1.087710955,-1.065773221,0.928925658,1.018628092,96,7,7,adc_s16,0.050000000,12,1,-16.000000000,-6.000000000,6.000000000,16.000000000,0,1,0,0,-2,-1,-2,64,-15,18,-18,10,-10,7,-8,2,-3,1,-1,0,-1
256,76,-72,7.550783265493e-08,7.551e-8,-7.122007995,0.755078327,10000000,1,1.000000000000e-07,1.000000000000e-07,-7.000000000,0,1.005203464,-0.833096591,0.992927789,1.068033521,96,7,7,adc_s16,0.050000000,12,1,-16.000000000,-6.000000000,6.000000000,16.000000000,0,1,0,-1,-1,-1,-1,64,-35,11,-12,7,-7,7,-7,3,-2,1,0,0,-1
256,176,44,7.565073674312e-08,7.565e-8,-7.121186838,0.756507367,10000000,1,1.000000000000e-07,1.000000000000e-07,-7.000000000,0,1.066244625,-1.034832016,0.921307980,1.012145837,96,7,7,adc_s16,0.050000000,12,1,-16.000000000,-6.000000000,6.000000000,16.000000000,0,1,0,0,-2,0,-2,64,-14,18,-18,10,-10,7,-8,2,-3,1,-1,0,-1
256,188,44,7.665877885505e-08,7.666e-8,-7.115438103,0.766587789,10000000,1,1.000000000000e-07,1.000000000000e-07,-7.000000000,0,1.034855705,-1.041594615,0.898307317,1.037558030,96,7,7,adc_s16,0.050000000,12,1,-16.000000000,-6.000000000,6.000000000,16.000000000,0,1,0,0,-2,0,-3,64,-12,16,-17,9,-10,7,-8,2,-3,1,-1,0,-1
256,140,4,7.833949697906e-08,7.834e-8,-7.106019221,0.783394970,10000000,1,1.000000000000e-07,1.000000000000e-07,-7.000000000,0,0.970907890,-0.983911808,0.919713012,1.008481258,96,7,7,adc_s16,0.050000000,12,1,-16.000000000,-6.000000000,6.000000000,16.000000000,0,1,0,-1,-2,-1,-1,64,-21,16,-16,9,-9,7,-7,3,-3,1,-1,0,-1
256,144,20,7.890613939252e-08,7.891e-8,-7.102889205,0.789061394,10000000,1,1.000000000000e-07,1.000000000000e-07,-7.000000000,0,1.182980530,-0.999752964,0.983544427,1.014317421,96,7,7,adc_s16,0.050000000,12,1,-16.000000000,-6.000000000,6.000000000,16.000000000,0,1,0,-1,-1,-1,-1,64,-20,17,-17,9,-9,7,-7,3,-3,1,-1,0,-1
256,172,-8,8.036235619495e-08,8.036e-8,-7.094947338,0.803623562,10000000,1,1.000000000000e-07,1.000000000000e-07,-7.000000000,0,1.042103473,-0.957849555,0.938002489,0.908084194,96,7,7,adc_s16,0.050000000,12,1,-16.000000000,-6.000000000,6.000000000,16.000000000,0,1,0,0,-3,1,-4,64,-18,11,-13,7,-8,7,-8,3,-3,1,-1,1,-1
256,200,36,8.561020967471e-08,8.561e-8,-7.067474439,0.856102097,10000000,1,1.000000000000e-07,1.000000000000e-07,-7.000000000,0,1.141560096,-1.038352273,0.939869308,1.033739595,96,7,7,adc_s16,0.050000000,12,1,-16.000000000,-6.000000000,6.000000000,16.000000000,0,1,0,0,-3,1,-4,64,-11,14,-16,9,-10,7,-8,2,-3,1,-1,0,-1
256,196,44,8.621607109685e-08,8.622e-8,-7.064411772,0.862160711,10000000,1,1.000000000000e-07,1.000000000000e-07,-7.000000000,0,1.028325630,-1.094274951,0.869643092,1.019192076,96,7,7,adc_s16,0.050000000,12,1,-16.000000000,-6.000000000,6.000000000,16.000000000,0,1,0,0,-3,0,-3,64,-11,16,-17,9,-10,7,-8,2,-3,1,-1,0,-1
256,136,-60,8.716049621942e-08,8.716e-8,-7.059680306,0.871604962,10000000,1,1.000000000000e-07,1.000000000000e-07,-7.000000000,0,1.088968763,-0.877655632,0.989114829,0.924260904,96,7,7,adc_s16,0.050000000,12,1,-16.000000000,-6.000000000,6.000000000,16.000000000,0,1,0,0,-2,1,-4,64,-27,8,-10,6,-7,7,-7,3,-3,1,-1,1,-1
256,116,-20,9.904050039377e-08,9.904e-8,-7.004187174,0.990405004,10000000,1,1.000000000000e-07,1.000000000000e-07,-7.000000000,0,1.045777263,-0.919497283,0.995776224,1.037689982,96,7,7,adc_s16,0.050000000,12,1,-16.000000000,-6.000000000,6.000000000,16.000000000,0,1,0,-1,-1,-1,-1,64,-26,15,-15,8,-8,7,-7,3,-2,1,-1,0,-1
256,192,60,9.976188963695e-08,9.976e-8,-7.001035333,0.997618896,10000000,1,1.000000000000e-07,1.000000000000e-07,-7.000000000,0,1.208948316,-1.094738142,0.954902322,1.025135974,96,7,7,adc_s16,0.050000000,12,1,-16.000000000,-6.000000000,6.000000000,16.000000000,0,1,0,0,-2,0,-2,64,-11,18,-18,10,-10,7,-8,2,-3,1,-1,0,-1
256,168,32,1.002689372266e-07,1.003e-7,-6.998833588,1.002689372,10000000,1,1.000000000000e-07,1.000000000000e-07,-7.000000000,0,1.094309593,-1.005743577,0.942441489,1.029493235,96,7,7,adc_s16,0.050000000,12,1,-16.000000000,-6.000000000,6.000000000,16.000000000,0,1,0,0,-2,0,-2,64,-16,17,-17,9,-10,7,-8,2,-3,1,-1,0,-1
256,172,36,1.003999621794e-07,1.004e-7,-6.998266451,1.003999622,10000000,1,1.000000000000e-07,1.000000000000e-07,-7.000000000,0,1.097801862,-1.026648962,0.934908366,1.030216364,96,7,7,adc_s16,0.050000000,12,1,-16.000000000,-6.000000000,6.000000000,16.000000000,0,1,0,0,-2,0,-2,64,-15,17,-17,9,-10,7,-8,2,-3,1,-1,0,-1
256,192,28,1.013666604655e-07,1.014e-7,-6.994104861,1.013666605,10000000,1,1.000000000000e-07,1.000000000000e-07,-7.000000000,0,1.073089913,-1.040637352,0.936095441,1.041000183,96,7,7,adc_s16,0.050000000,12,1,-16.000000000,-6.000000000,6.000000000,16.000000000,0,1,0,0,-3,1,-4,64,-13,14,-15,8,-9,7,-8,2,-3,1,-1,0,-1
256,172,40,1.017070522973e-07,1.017e-7,-6.992648932,1.017070523,10000000,1,1.000000000000e-07,1.000000000000e-07,-7.000000000,0,1.169158323,-1.036900939,0.975755056,1.008008437,96,7,7,adc_s16,0.050000000,12,1,-16.000000000,-6.000000000,6.000000000,16.000000000,0,1,0,0,-2,0,-2,64,-14,17,-17,10,-10,7,-8,2,-3,1,-1,0,-1
256,184,12,1.033297624772e-07,1.033e-7,-6.985774569,1.033297625,10000000,1,1.000000000000e-07,1.000000000000e-07,-7.000000000,0,0.964133047,-1.036746542,0.881100825,0.953460942,96,7,7,adc_s16,0.050000000,12,1,-16.000000000,-6.000000000,6.000000000,16.000000000,0,1,0,0,-3,1,-4,64,-15,13,-14,8,-9,7,-8,3,-3,1,-1,1,-1
256,164,-24,1.053349172636e-07,1.053e-7,-6.977427642,1.053349173,10000000,1,1.000000000000e-07,1.000000000000e-07,-7.000000000,0,1.064463133,-0.933207757,0.930760867,0.920684492,96,7,7,adc_s16,0.050000000,12,1,-16.000000000,-6.000000000,6.000000000,16.000000000,0,1,0,0,-3,1,-4,64,-20,10,-12,7,-8,7,-8,3,-3,1,-1,1,-1
256,124,-4,1.080014758789e-07,1.080e-7,-6.966570310,1.080014759,10000000,1,1.000000000000e-07,1.000000000000e-07,-7.000000000,0,1.155475932,-0.975759634,1.014059313,1.052723412,96,7,7,adc_s16,0.050000000,12,1,-16.000000000,-6.000000000,6.000000000,16.000000000,0,1,0,-1,-1,-1,-1,64,-24,16,-16,9,-9,7,-7,3,-3,1,-1,0,-1
256,140,16,1.120451441686e-07,1.120e-7,-6.950606960,1.120451442,10000000,1,1.000000000000e-07,1.000000000000e-07,-7.000000000,0,1.143047734,-1.008615366,0.988717625,1.021027623,96,7,7,adc_s16,0.050000000,12,1,-16.000000000,-6.000000000,6.000000000,16.000000000,0,1,0,-1,-1,-1,-1,64,-21,17,-17,9,-9,7,-7,3,-3,1,-1,0,-1
256,200,40,1.136823546013e-07,1.137e-7,-6.944306940,1.136823546,10000000,1,1.000000000000e-07,1.000000000000e-07,-7.000000000,0,1.071712275,-1.067131917,0.902077401,1.038956793,96,7,7,adc_s16,0.050000000,12,1,-16.000000000,-6.000000000,6.000000000,16.000000000,0,1,0,0,-3,1,-4,64,-11,15,-16,9,-10,7,-8,2,-3,1,-1,0,-1
256,180,4,1.159389862998e-07,1.159e-7,-6.935770501,1.159389863,10000000,1,1.000000000000e-07,1.000000000000e-07,-7.000000000,0,1.025488138,-1.003365860,0.942502510,0.927178601,96,7,7,adc_s16,0.050000000,12,1,-16.000000000,-6.000000000,6.000000000,16.000000000,0,1,0,0,-3,1,-4,64,-16,12,-14,8,-9,7,-8,3,-3,1,-1,1,-1
256,152,24,1.161799763115e-07,1.162e-7,-6.934868716,1.161799763,10000000,1,1.000000000000e-07,1.000000000000e-07,-7.000000000,0,1.078822587,-1.005373024,0.961146269,1.016029959,96,7,7,adc_s16,0.050000000,12,1,-16.000000000,-6.000000000,6.000000000,16.000000000,0,1,0,-1,-2,-1,-1,64,-18,17,-17,9,-9,7,-7,2,-3,1,-1,0,-1
256,140,12,1.171193519682e-07,1.171e-7,-6.931371339,1.171193520,10000000,1,1.000000000000e-07,1.000000000000e-07,-7.000000000,0,1.211943549,-0.987493824,1.002638964,1.020251950,96,7,7,adc_s16,0.050000000,12,1,-16.000000000,-6.000000000,6.000000000,16.000000000,0,1,0,-1,-1,-1,-1,64,-21,17,-16,9,-9,7,-7,3,-3,1,-1,0,-1
256,148,-40,1.174712246865e-07,1.175e-7,-6.930068504,1.174712247,10000000,1,1.000000000000e-07,1.000000000000e-07,-7.000000000,0,1.008217818,-0.927402421,0.981480865,0.944155334,96,7,7,adc_s16,0.050000000,12,1,-16.000000000,-6.000000000,6.000000000,16.000000000,0,1,0,0,-2,1,-4,64,-24,9,-11,6,-7,7,-8,3,-3,1,-1,1,-1
256,188,12,1.218063423367e-07,1.218e-7,-6.914330098,1.218063423,10000000,1,1.000000000000e-07,1.000000000000e-07,-7.000000000,0,1.000098708,-1.022572875,0.897855422,0.949150121,96,7,7,adc_s16,0.050000000,12,1,-16.000000000,-6.000000000,6.000000000,16.000000000,0,1,0,0,-3,1,-4,64,-14,12,-14,8,-9,7,-8,3,-3,1,-1,1,-1
256,120,-64,1.253752933590e-07,1.254e-7,-6.901788038,1.253752934,10000000,1,1.000000000000e-07,1.000000000000e-07,-7.000000000,0,0.955975578,-0.850852273,0.961170186,0.922343297,96,7,7,adc_s16,0.050000000,12,1,-16.000000000,-6.000000000,6.000000000,16.000000000,0,1,0,-1,-2,0,-3,64,-29,8,-11,6,-7,7,-7,3,-2,1,-1,1,-1
256,156,28,1.254676741732e-07,1.255e-7,-6.901468153,1.254676742,10000000,1,1.000000000000e-07,1.000000000000e-07,-7.000000000,0,1.076946660,-1.008862401,0.955474186,0.989500100,96,7,7,adc_s16,0.050000000,12,1,-16.000000000,-6.000000000,6.000000000,16.000000000,0,1,0,-1,-2,-1,-1,64,-18,17,-17,9,-9,7,-7,2,-3,1,-1,0,-1
256,188,60,1.291052917510e-07,1.291e-7,-6.889055957,1.291052918,10000000,1,1.000000000000e-07,1.000000000000e-07,-7.000000000,0,1.271766726,-1.104465168,0.972992000,1.018045057,96,7,7,adc_s16,0.050000000,12,1,-16.000000000,-6.000000000,6.000000000,16.000000000,0,1,0,0,-2,0,-2,64,-11,19,-18,10,-10,7,-8,2,-3,1,-1,0,-1
256,176,48,1.294665552395e-07,1.295e-7,-6.887842407,1.294665552,10000000,1,1.000000000000e-07,1.000000000000e-07,-7.000000000,0,1.183186281,-1.066205534,0.988202868,1.034020749,96,7,7,adc_s16,0.050000000,12,1,-16.000000000,-6.000000000,6.000000000,16.000000000,0,1,0,0,-2,0,-2,64,-13,18,-18,10,-10,7,-8,2,-3,1,-1,0,-1
256,76,-80,1.316299960972e-07,1.316e-7,-6.880645132,1.316299961,10000000,1,1.000000000000e-07,1.000000000000e-07,-7.000000000,0,1.066579586,-0.828155879,1.035113571,1.068361091,96,7,7,adc_s16,0.050000000,12,1,-16.000000000,-6.000000000,6.000000000,16.000000000,0,1,0,-1,-1,-1,-1,64,-35,10,-11,6,-6,7,-7,3,-2,1,0,0,-1
256,144,-48,1.323072017053e-07,1.323e-7,-6.878416516,1.323072017,10000000,1,1.000000000000e-07,1.000000000000e-07,-7.000000000,0,1.167459855,-0.871047431,1.031201252,0.926817968,96,7,7,adc_s16,0.050000000,12,1,-16.000000000,-6.000000000,6.000000000,16.000000000,0,1,0,0,-2,1,-4,64,-25,8,-11,6,-7,7,-8,3,-3,1,-1,1,-1
256,176,36,1.326260725195e-07,1.326e-7,-6.877371091,1.326260725,10000000,1,1.000000000000e-07,1.000000000000e-07,-7.000000000,0,1.047453116,-1.019515810,0.935121614,1.032786725,96,7,7,adc_s16,0.050000000,12,1,-16.000000000,-6.000000000,6.000000000,16.000000000,0,1,0,0,-2,0,-2,64,-14,17,-17,9,-10,7,-8,2,-3,1,-1,0,-1
256,140,-52,1.329583532885e-07,1.330e-7,-6.876284372,1.329583533,10000000,1,1.000000000000e-07,1.000000000000e-07,-7.000000000,0,1.158100264,-0.883368330,1.032431248,0.926364374,96,7,7,adc_s16,0.050000000,12,1,-16.000000000,-6.000000000,6.000000000,16.000000000,0,1,0,0,-2,1,-4,64,-26,8,-11,6,-7,7,-7,3,-3,1,-1,1,-1
256,116,-16,1.342754544610e-07,1.343e-7,-6.872003369,1.342754545,10000000,1,1.000000000000e-07,1.000000000000e-07,-7.000000000,0,1.052069710,-0.921226532,0.997427335,1.036811799,96,7,7,adc_s16,0.050000000,12,1,-16.000000000,-6.000000000,6.000000000,16.000000000,0,1,0,-1,-1,-1,-1,64,-26,15,-15,8,-8,7,-7,3,-2,1,-1,0,-1
256,176,-4,1.349921391718e-07,1.350e-7,-6.869691520,1.349921392,10000000,1,1.000000000000e-07,1.000000000000e-07,-7.000000000,0,1.025581767,-0.996417984,0.935399880,0.933945162,96,7,7,adc_s16,0.050000000,12,1,-16.000000000,-6.000000000,6.000000000,16.000000000,0,1,0,0,-3,1,-4,64,-17,11,-13,7,-8,7,-8,3,-3,1,-1,1,-1
256,84,-48,1.382572163133e-07,1.383e-7,-6.859312192,1.382572163,10000000,1,1.000000000000e-07,1.000000000000e-07,-7.000000000,0,1.164287819,-0.861073370,1.053126824,1.065167642,96,7,7,adc_s16,0.050000000,12,1,-16.000000000,-6.000000000,6.000000000,16.000000000,0,1,0,-1,-1,-2,0,64,-33,14,-14,8,-7,7,-7,3,-2,1,0,0,-1
256,104,-80,1.384955097268e-07,1.385e-7,-6.858564307,1.384955097,10000000,1,1.000000000000e-07,1.000000000000e-07,-7.000000000,0,0.927762488,-0.825160573,0.964081379,0.932303683,96,7,7,adc_s16,0.050000000,12,1,-16.000000000,-6.000000000,6.000000000,16.000000000,0,1,0,-1,-2,0,-3,64,-33,8,-10,5,-6,7,-7,3,-2,1,-1,1,-1
256,140,-56,1.427153088392e-07,1.427e-7,-6.845529438,1.427153088,10000000,1,1.000000000000e-07,1.000000000000e-07,-7.000000000,0,1.066725467,-0.880527421,1.004337401,0.954474883,96,7,7,adc_s16,0.050000000,12,1,-16.000000000,-6.000000000,6.000000000,16.000000000,0,1,0,0,-2,1,-4,64,-26,8,-10,6,-7,7,-7,3,-3,1,-1,1,-1
256,92,-32,1.468706223593e-07,1.469e-7,-6.833065065,1.468706224,10000000,1,1.000000000000e-07,1.000000000000e-07,-7.000000000,0,1.209610023,-0.872622283,1.065380776,1.051652839,96,7,7,adc_s16,0.050000000,12,1,-16.000000000,-6.000000000,6.000000000,16.000000000,0,1,0,-1,-1,-2,0,64,-31,15,-15,8,-8,7,-7,3,-2,1,0,0,-1
256,168,-16,1.522621476873e-07,1.523e-7,-6.817408049,1.522621477,10000000,2,2.000000000000e-07,2.000000000000e-07,-6.698970004,0,0.997929465,-0.964241601,0.919107889,0.949043900,96,7,7,adc_s16,0.050000000,12,1,-16.000000000,-6.000000000,6.000000000,16.000000000,0,1,0,0,-3,1,-4,64,-19,10,-12,7,-8,7,-8,3,-3,1,-1,1,-1
256,120,-4,1.540702073961e-07,1.541e-7,-6.812281333,1.540702074,10000000,2,2.000000000000e-07,2.000000000000e-07,-6.698970004,0,1.190337791,-0.972764328,1.015425476,1.063577432,96,7,7,adc_s16,0.050000000,12,1,-16.000000000,-6.000000000,6.000000000,16.000000000,0,1,0,-1,-1,-1,-1,64,-25,16,-16,9,-9,7,-7,3,-2,1,-1,0,-1
256,80,-60,1.557544234862e-07,1.558e-7,-6.807559610,1.557544235,10000000,2,2.000000000000e-07,2.000000000000e-07,-6.698970004,0,1.192580736,-0.845602767,1.076062918,1.060557640,96,7,7,adc_s16,0.050000000,12,1,-16.000000000,-6.000000000,6.000000000,16.000000000,0,1,0,-1,-1,-1,0,64,-34,13,-13,7,-7,7,-7,3,-2,1,0,0,-1
256,148,28,1.558448826520e-07,1.558e-7,-6.807307454,1.558448827,10000000,2,2.000000000000e-07,2.000000000000e-07,-6.698970004,0,1.265722722,-0.998425148,1.029345262,1.054127782,96,7,7,adc_s16,0.050000000,12,1,-16.000000000,-6.000000000,6.000000000,16.000000000,0,1,0,-1,-1,-1,-1,64,-19,18,-18,10,-9,7,-7,2,-3,1,-1,0,-1
256,188,24,1.566292515297e-07,1.566e-7,-6.805127127,1.566292515,10000000,2,2.000000000000e-07,2.000000000000e-07,-6.698970004,0,1.092501334,-1.063333745,0.953338616,1.054317791,96,7,7,adc_s16,0.050000000,12,1,-16.000000000,-6.000000000,6.000000000,16.000000000,0,1,0,0,-3,1,-4,64,-14,14,-15,8,-9,7,-8,2,-3,1,-1,0,-1
256,192,44,1.608381526818e-07,1.608e-7,-6.793610924,1.608381527,10000000,2,2.000000000000e-07,2.000000000000e-07,-6.698970004,0,1.089990617,-1.043354743,0.925707290,1.070848066,96,7,7,adc_s16,0.050000000,12,1,-16.000000000,-6.000000000,6.000000000,16.000000000,0,1,0,0,-2,0,-3,64,-12,16,-17,9,-10,7,-8,2,-3,1,-1,0,-1
256,148,-36,1.623814529766e-07,1.624e-7,-6.789463577,1.623814530,10000000,2,2.000000000000e-07,2.000000000000e-07,-6.698970004,0,1.021514011,-0.923449852,0.951196211,0.972121213,96,7,7,adc_s16,0.050000000,12,1,-16.000000000,-6.000000000,6.000000000,16.000000000,0,1,0,0,-2,1,-4,64,-23,10,-12,6,-8,7,-8,3,-3,1,-1,1,-1
256,180,8,1.626464704096e-07,1.626e-7,-6.788755357,1.626464704,10000000,2,2.000000000000e-07,2.000000000000e-07,-6.698970004,0,1.058845897,-1.005095109,0.958360052,0.953385351,96,7,7,adc_s16,0.050000000,12,1,-16.000000000,-6.000000000,6.000000000,16.000000000,0,1,0,0,-3,1,-4,64,-16,12,-14,8,-9,7,-8,3,-3,1,-1,1,-1
256,172,44,1.680560544641e-07,1.681e-7,-6.774545837,1.680560545,10000000,2,2.000000000000e-07,2.000000000000e-07,-6.698970004,0,1.157744779,-1.033071887,0.966600653,1.045167807,96,7,7,adc_s16,0.050000000,12,1,-16.000000000,-6.000000000,6.000000000,16.000000000,0,1,0,0,-2,0,-2,64,-14,18,-18,10,-10,7,-8,2,-3,1,-1,0,-1
256,108,-80,1.680774282620e-07,1.681e-7,-6.774490606,1.680774283,10000000,2,2.000000000000e-07,2.000000000000e-07,-6.698970004,0,1.020938255,-0.825067935,1.016228426,0.920814078,96,7,7,adc_s16,0.050000000,12,1,-16.000000000,-6.000000000,6.000000000,16.000000000,0,1,0,-1,-2,0,-3,64,-32,7,-10,5,-6,7,-7,3,-2,1,-1,1,-1
256,84,-44,1.694378884397e-07,1.694e-7,-6.770989469,1.694378884,10000000,2,2.000000000000e-07,2.000000000000e-07,-6.698970004,0,1.226248899,-0.876142540,1.078538615,1.058944675,96,7,7,adc_s16,0.050000000,12,1,-16.000000000,-6.000000000,6.000000000,16.000000000,0,1,1,-1,-1,-2,0,64,-33,14,-14,8,-7,7,-7,3,-2,1,0,0,-1
256,156,-28,1.730559983290e-07,1.731e-7,-6.761813343,1.730559983,10000000,2,2.000000000000e-07,2.000000000000e-07,-6.698970004,0,1.068372012,-0.942656868,0.973817259,0.926215959,96,7,7,adc_s16,0.050000000,12,1,-16.000000000,-6.000000000,6.000000000,16.000000000,0,1,0,0,-3,1,-4,64,-22,10,-12,7,-8,7,-8,3,-3,1,-1,1,-1
256,172,48,1.738645197336e-07,1.739e-7,-6.759789035,1.738645197,10000000,2,2.000000000000e-07,2.000000000000e-07,-6.698970004,0,1.236273065,-1.063333745,0.972802931,1.050817691,96,7,7,adc_s16,0.050000000,12,1,-16.000000000,-6.000000000,6.000000000,16.000000000,0,1,0,0,-2,-1,-2,64,-14,18,-18,10,-10,7,-8,2,-3,1,-1,0,-1
256,176,4,1.746159725898e-07,1.746e-7,-6.757916033,1.746159726,10000000,2,2.000000000000e-07,2.000000000000e-07,-6.698970004,0,1.075384871,-0.991724308,0.958590320,0.956980557,96,7,7,adc_s16,0.050000000,12,1,-16.000000000,-6.000000000,6.000000000,16.000000000,0,1,0,0,-3,1,-4,64,-17,12,-14,8,-9,7,-8,3,-3,1,-1,1,-1
256,144,-44,1.767892476852e-07,1.768e-7,-6.752544152,1.767892477,10000000,2,2.000000000000e-07,2.000000000000e-07,-6.698970004,0,1.035735053,-0.916131423,0.972354230,0.959589414,96,7,7,adc_s16,0.050000000,12,1,-16.000000000,-6.000000000,6.000000000,16.000000000,0,1,0,0,-2,1,-4,64,-25,9,-11,6,-7,7,-8,3,-3,1,-1,1,-1
256,116,-12,1.804677770090e-07,1.805e-7,-6.743600331,1.804677770,10000000,2,2.000000000000e-07,2.000000000000e-07,-6.698970004,0,1.138523007,-0.940618824,1.027363408,1.059096905,96,7,7,adc_s16,0.050000000,12,1,-16.000000000,-6.000000000,6.000000000,16.000000000,0,1,0,-1,-1,-1,-1,64,-26,16,-16,9,-8,7,-7,3,-2,1,-1,0,-1
256,108,-20,1.809629994626e-07,1.810e-7,-6.742410214,1.809629995,10000000,2,2.000000000000e-07,2.000000000000e-07,-6.698970004,0,1.223089083,-0.911036314,1.049653234,1.074685037,96,7,7,adc_s16,0.050000000,12,1,-16.000000000,-6.000000000,6.000000000,16.000000000,0,1,0,-1,-1,-1,0,64,-28,15,-15,8,-8,7,-7,3,-2,1,0,0,-1
256,132,-4,1.857563626279e-07,1.858e-7,-6.731056302,1.857563626,10000000,2,2.000000000000e-07,2.000000000000e-07,-6.698970004,0,0.994808815,-0.945065464,0.931652204,1.061321042,96,7,7,adc_s16,0.050000000,12,1,-16.000000000,-6.000000000,6.000000000,16.000000000,0,1,0,-1,-2,-1,-1,64,-23,15,-15,9,-9,7,-7,3,-3,1,-1,0,-1
256,172,-12,1.948854829197e-07,1.949e-7,-6.710220510,1.948854829,10000000,2,2.000000000000e-07,2.000000000000e-07,-6.698970004,0,1.086303203,-0.956120306,0.959498245,0.941696771,96,7,7,adc_s16,0.050000000,12,1,-16.000000000,-6.000000000,6.000000000,16.000000000,0,1,0,0,-3,1,-4,64,-18,11,-13,7,-8,7,-8,3,-3,1,-1,1,-1
256,200,24,2.107254322666e-07,2.107e-7,-6.676283047,2.107254323,10000000,2,2.000000000000e-07,2.000000000000e-07,-6.698970004,0,1.146097580,-1.045392787,0.955087481,1.025890424,96,7,7,adc_s16,0.050000000,12,1,-16.000000000,-6.000000000,6.000000000,16.000000000,0,1,0,0,-3,1,-4,64,-12,13,-14,8,-9,7,-8,2,-3,1,-1,1,-1
256,196,20,2.128024330333e-07,2.128e-7,-6.672023411,2.128024330,10000000,2,2.000000000000e-07,2.000000000000e-07,-6.698970004,0,1.147744364,-1.057466650,0.959836379,0.984458839,96,7,7,adc_s16,0.050000000,12,1,-16.000000000,-6.000000000,6.000000000,16.000000000,0,1,0,0,-3,1,-4,64,-13,13,-14,8,-9,7,-8,3,-3,1,-1,1,-1
256,124,0,2.144140321658e-07,2.144e-7,-6.668746796,2.144140322,10000000,2,2.000000000000e-07,2.000000000000e-07,-6.698970004,0,1.263877297,-0.980823864,1.071091160,1.056738015,96,7,7,adc_s16,0.050000000,12,1,-16.000000000,-6.000000000,6.000000000,16.000000000,0,1,0,-1,-1,-1,-1,64,-24,17,-16,9,-9,7,-7,3,-3,1,-1,0,-1
256,84,-52,2.225165371669e-07,2.225e-7,-6.652637707,2.225165372,10000000,2,2.000000000000e-07,2.000000000000e-07,-6.698970004,0,1.196668837,-0.869472579,1.069115123,1.088304967,96,7,7,adc_s16,0.050000000,12,1,-16.000000000,-6.000000000,6.000000000,16.000000000,0,1,0,-1,-1,-1,0,64,-33,13,-13,7,-7,7,-7,3,-2,1,0,0,-1
256,196,56,2.238136042522e-07,2.238e-7,-6.650113519,2.238136043,10000000,2,2.000000000000e-07,2.000000000000e-07,-6.698970004,0,1.185691412,-1.082664279,0.959050820,1.100561177,96,7,7,adc_s16,0.050000000,12,1,-16.000000000,-6.000000000,6.000000000,16.000000000,0,1,0,0,-2,0,-3,64,-11,17,-18,10,-10,7,-8,2,-3,1,-1,0,-1
256,164,32,2.242313632049e-07,2.242e-7,-6.649303643,2.242313632,10000000,2,2.000000000000e-07,2.000000000000e-07,-6.698970004,0,1.166919620,-1.003983449,0.985374793,1.063711199,96,7,7,adc_s16,0.050000000,12,1,-16.000000000,-6.000000000,6.000000000,16.000000000,0,1,0,0,-2,0,-2,64,-16,17,-17,9,-10,7,-8,2,-3,1,-1,0,-1
256,192,24,2.328697673309e-07,2.329e-7,-6.632886891,2.328697673,10000000,2,2.000000000000e-07,2.000000000000e-07,-6.698970004,0,1.129570706,-1.022356719,0.968625996,1.022425816,96,7,7,adc_s16,0.050000000,12,1,-16.000000000,-6.000000000,6.000000000,16.000000000,0,1,0,0,-3,1,-4,64,-13,13,-15,8,-9,7,-8,2,-3,1,-1,0,-1
256,196,36,2.371322093060e-07,2.371e-7,-6.625009452,2.371322093,10000000,2,2.000000000000e-07,2.000000000000e-07,-6.698970004,0,1.089405629,-1.060307559,0.929441739,1.073877946,96,7,7,adc_s16,0.050000000,12,1,-16.000000000,-6.000000000,6.000000000,16.000000000,0,1,0,0,-3,1,-4,64,-12,15,-16,9,-10,7,-8,2,-3,1,-1,0,-1
256,120,-76,2.437111368127e-07,2.437e-7,-6.613124625,2.437111368,10000000,2,2.000000000000e-07,2.000000000000e-07,-6.698970004,0,0.960556172,-0.847764328,0.932010055,1.009009284,96,7,7,adc_s16,0.050000000,12,1,-16.000000000,-6.000000000,6.000000000,16.000000000,0,1,0,0,-2,1,-3,64,-30,7,-9,5,-6,7,-7,3,-2,1,-1,1,-1
256,180,0,2.437995584825e-07,2.438e-7,-6.612967085,2.437995585,10000000,2,2.000000000000e-07,2.000000000000e-07,-6.698970004,0,1.052919631,-1.004848073,0.949235819,0.968241703,96,7,7,adc_s16,0.050000000,12,1,-16.000000000,-6.000000000,6.000000000,16.000000000,0,1,0,0,-3,1,-4,64,-16,11,-13,7,-9,7,-8,3,-3,1,-1,1,-1
256,180,52,2.439125496664e-07,2.439e-7,-6.612765854,2.439125497,10000000,2,2.000000000000e-07,2.000000000000e-07,-6.698970004,0,1.190738508,-1.069694911,0.989326835,1.065735871,96,7,7,adc_s16,0.050000000,12,1,-16.000000000,-6.000000000,6.000000000,16.000000000,0,1,0,0,-2,0,-2,64,-13,18,-18,10,-10,7,-8,2,-3,1,-1,0,-1
256,184,60,2.522106351947e-07,2.522e-7,-6.598236604,2.522106352,10000000,3,3.000000000000e-07,3.000000000000e-07,-6.522878745,0,1.273265030,-1.098875988,0.982202965,1.061551711,96,7,7,adc_s16,0.050000000,12,1,-16.000000000,-6.000000000,6.000000000,16.000000000,0,1,0,0,-2,0,-2,64,-11,19,-19,10,-10,7,-8,2,-3,1,-1,0,-1
256,120,-68,2.547856329295e-07,2.548e-7,-6.593825065,2.547856329,10000000,3,3.000000000000e-07,3.000000000000e-07,-6.522878745,0,0.967128580,-0.847887846,0.953563796,0.967993186,96,7,7,adc_s16,0.050000000,12,1,-16.000000000,-6.000000000,6.000000000,16.000000000,0,1,0,-1,-2,0,-3,64,-30,8,-10,6,-7,7,-7,3,-2,1,-1,1,-1
256,204,36,2.637130725804e-07,2.637e-7,-6.578868341,2.637130726,10000000,3,3.000000000000e-07,3.000000000000e-07,-6.522878745,0,1.183844702,-1.038753706,0.960278337,1.060967143,96,7,7,adc_s16,0.050000000,12,1,-16.000000000,-6.000000000,6.000000000,16.000000000,0,1,0,0,-3,1,-4,64,-11,14,-15,9,-10,7,-8,2,-3,1,-1,0,-1
256,136,8,2.641072914566e-07,2.641e-7,-6.578219609,2.641072915,10000000,3,3.000000000000e-07,3.000000000000e-07,-6.522878745,0,1.163359595,-0.991168478,1.015627458,1.060189694,96,7,7,adc_s16,0.050000000,12,1,-16.000000000,-6.000000000,6.000000000,16.000000000,0,1,0,-1,-1,-1,-1,64,-22,17,-16,9,-9,7,-7,3,-3,1,-1,0,-1
256,120,-72,2.656851446171e-07,2.657e-7,-6.575632728,2.656851446,10000000,3,3.000000000000e-07,3.000000000000e-07,-6.522878745,0,1.022335521,-0.841094368,0.989798124,1.008384255,96,7,7,adc_s16,0.050000000,12,1,-16.000000000,-6.000000000,6.000000000,16.000000000,0,1,0,0,-2,1,-3,64,-30,7,-10,5,-7,7,-7,3,-2,1,-1,1,-1
256,148,16,2.687822100770e-07,2.688e-7,-6.570599479,2.687822101,10000000,3,3.000000000000e-07,3.000000000000e-07,-6.522878745,0,1.071252316,-0.969274951,0.959083806,1.056457029,96,7,7,adc_s16,0.050000000,12,1,-16.000000000,-6.000000000,6.000000000,16.000000000,0,1,0,-1,-2,-1,-1,64,-19,16,-16,9,-9,7,-7,3,-3,1,-1,0,-1
256,160,-20,2.694522875276e-07,2.695e-7,-6.569518125,2.694522875,10000000,3,3.000000000000e-07,3.000000000000e-07,-6.522878745,0,1.021308977,-0.960968379,0.979656536,0.994887926,96,7,7,adc_s16,0.050000000,12,1,-16.000000000,-6.000000000,6.000000000,16.000000000,0,1,0,0,-2,1,-4,64,-21,11,-13,7,-8,7,-8,3,-3,1,-1,1,-1
256,108,-76,2.800763601171e-07,2.801e-7,-6.552723546,2.800763601,10000000,3,3.000000000000e-07,3.000000000000e-07,-6.522878745,0,0.918644021,-0.825067935,0.958828009,0.962229598,96,7,7,adc_s16,0.050000000,12,1,-16.000000000,-6.000000000,6.000000000,16.000000000,0,1,0,-1,-2,0,-3,64,-32,8,-10,6,-6,7,-7,3,-2,1,-1,1,-1
256,188,20,2.825437946473e-07,2.825e-7,-6.548914226,2.825437946,10000000,3,3.000000000000e-07,3.000000000000e-07,-6.522878745,0,1.084276585,-1.031466156,0.946363324,1.020883804,96,7,7,adc_s16,0.050000000,12,1,-16.000000000,-6.000000000,6.000000000,16.000000000,0,1,0,0,-3,1,-4,64,-14,13,-15,8,-9,7,-8,3,-3,1,-1,0,-1
256,196,16,2.877833123237e-07,2.878e-7,-6.540934393,2.877833123,10000000,3,3.000000000000e-07,3.000000000000e-07,-6.522878745,0,1.178817801,-1.004230484,0.969374711,0.988208482,96,7,7,adc_s16,0.050000000,12,1,-16.000000000,-6.000000000,6.000000000,16.000000000,0,1,0,0,-3,1,-4,64,-13,12,-14,8,-9,7,-8,3,-3,1,-1,1,-1
256,128,8,2.900574114673e-07,2.901e-7,-6.537516033,2.900574115,10000000,3,3.000000000000e-07,3.000000000000e-07,-6.522878745,0,1.242875677,-0.967761858,1.057304997,1.066557714,96,7,7,adc_s16,0.050000000,12,1,-16.000000000,-6.000000000,6.000000000,16.000000000,0,1,0,-1,-1,-1,-1,64,-23,17,-17,9,-9,7,-7,3,-3,1,-1,0,-1
256,120,-8,2.919890725436e-07,2.920e-7,-6.534633401,2.919890725,10000000,3,3.000000000000e-07,3.000000000000e-07,-6.522878745,0,1.191985830,-0.982645751,1.028584795,1.073955067,96,7,7,adc_s16,0.050000000,12,1,-16.000000000,-6.000000000,6.000000000,16.000000000,0,1,0,-1,-1,-1,-1,64,-25,16,-16,9,-8,7,-7,3,-2,1,-1,0,-1
256,124,4,2.928256107911e-07,2.928e-7,-6.533390942,2.928256108,10000000,3,3.000000000000e-07,3.000000000000e-07,-6.522878745,0,1.382391109,-0.971560030,1.097399186,1.044890040,96,7,7,adc_s16,0.050000000,12,1,-16.000000000,-6.000000000,6.000000000,16.000000000,0,1,0,-1,-1,-1,0,64,-24,17,-17,9,-9,7,-7,3,-3,1,-1,0,-1
256,184,16,2.970975377396e-07,2.971e-7,-6.527100947,2.970975377,10000000,3,3.000000000000e-07,3.000000000000e-07,-6.522878745,0,1.103861999,-1.014636858,0.971472028,0.997108130,96,7,7,adc_s16,0.050000000,12,1,-16.000000000,-6.000000000,6.000000000,16.000000000,0,1,0,0,-3,1,-4,64,-15,13,-15,8,-9,7,-8,3,-3,1,-1,0,-1
256,184,56,3.027485048609e-07,3.027e-7,-6.518917993,3.027485049,10000000,3,3.000000000000e-07,3.000000000000e-07,-6.522878745,0,1.217151136,-1.098134881,0.996779044,1.076414519,96,7,7,adc_s16,0.050000000,12,1,-16.000000000,-6.000000000,6.000000000,16.000000000,0,1,0,0,-2,0,-2,64,-12,18,-18,10,-10,7,-8,2,-3,1,-1,0,-1
256,132,8,3.047639308447e-07,3.048e-7,-6.516036434,3.047639308,10000000,3,3.000000000000e-07,3.000000000000e-07,-6.522878745,0,1.195941016,-0.994966650,1.039594626,1.068571833,96,7,7,adc_s16,0.050000000,12,1,-16.000000000,-6.000000000,6.000000000,16.000000000,0,1,0,-1,-1,-1,-1,64,-22,17,-17,9,-9,7,-7,3,-3,1,-1,0,-1
256,112,-76,3.092386050503e-07,3.092e-7,-6.509706294,3.092386051,10000000,3,3.000000000000e-07,3.000000000000e-07,-6.522878745,0,0.962287175,-0.822875494,0.961586223,0.973342271,96,7,7,adc_s16,0.050000000,12,1,-16.000000000,-6.000000000,6.000000000,16.000000000,0,1,0,-1,-2,0,-3,64,-31,8,-10,5,-6,7,-7,3,-2,1,-1,1,-1
256,128,-72,3.100596499633e-07,3.101e-7,-6.508554748,3.100596500,10000000,3,3.000000000000e-07,3.000000000000e-07,-6.522878745,0,1.159249028,-0.825963439,1.049952962,0.979971560,96,7,7,adc_s16,0.050000000,12,1,-16.000000000,-6.000000000,6.000000000,16.000000000,0,1,0,0,-2,1,-4,64,-29,7,-9,5,-7,7,-7,3,-3,1,-1,1,-1
256,136,12,3.263563975492e-07,3.264e-7,-6.486307869,3.263563975,10000000,3,3.000000000000e-07,3.000000000000e-07,-6.522878745,0,1.234902687,-1.005125988,1.035410110,1.075209071,96,7,7,adc_s16,0.050000000,12,1,-16.000000000,-6.000000000,6.000000000,16.000000000,0,1,0,-1,-1,-1,-1,64,-21,17,-17,9,-9,7,-7,3,-3,1,-1,0,-1
256,116,-80,3.272918687811e-07,3.273e-7,-6.485064784,3.272918688,10000000,3,3.000000000000e-07,3.000000000000e-07,-6.522878745,0,0.968944518,-0.855515069,0.969880828,1.013558589,96,7,7,adc_s16,0.050000000,12,1,-16.000000000,-6.000000000,6.000000000,16.000000000,0,1,0,0,-2,1,-3,64,-31,7,-9,5,-6,7,-7,3,-2,1,-1,1,-1
256,192,64,3.316181433597e-07,3.316e-7,-6.479361717,3.316181434,10000000,3,3.000000000000e-07,3.000000000000e-07,-6.522878745,0,1.275446880,-1.104125494,0.980083422,1.077193852,96,7,7,adc_s16,0.050000000,12,1,-16.000000000,-6.000000000,6.000000000,16.000000000,0,1,0,0,-2,0,-2,64,-11,19,-19,10,-10,7,-8,2,-3,1,-1,0,-1
256,196,60,3.541488801098e-07,3.541e-7,-6.450814127,3.541488801,10000000,4,4.000000000000e-07,4.000000000000e-07,-6.397940009,0,1.201136682,-1.092792737,0.974926768,1.108459024,96,7,7,adc_s16,0.050000000,12,1,-16.000000000,-6.000000000,6.000000000,16.000000000,0,1,0,0,-2,0,-3,64,-11,18,-18,10,-10,7,-8,2,-3,1,-1,0,-1
256,84,-56,3.556832557228e-07,3.557e-7,-6.448936579,3.556832557,10000000,4,4.000000000000e-07,4.000000000000e-07,-6.397940009,0,1.234469286,-0.867743330,1.087149755,1.115655915,96,7,7,adc_s16,0.050000000,12,1,-16.000000000,-6.000000000,6.000000000,16.000000000,0,1,0,-1,-1,-1,0,64,-33,13,-13,7,-7,7,-7,3,-2,1,0,0,-1
256,76,-68,3.703906048730e-07,3.704e-7,-6.431340038,3.703906049,10000000,4,4.000000000000e-07,4.000000000000e-07,-6.397940009,0,1.232246925,-0.829514575,1.100700385,1.123784406,96,7,7,adc_s16,0.050000000,12,1,-16.000000000,-6.000000000,6.000000000,16.000000000,0,1,0,-1,-1,-1,0,64,-35,12,-12,7,-7,7,-7,3,-2,1,0,0,-1
256,160,-24,3.889757132784e-07,3.890e-7,-6.410077514,3.889757133,10000000,4,4.000000000000e-07,4.000000000000e-07,-6.397940009,0,1.040673314,-0.934288538,0.983773555,0.964262236,96,7,7,adc_s16,0.050000000,12,1,-16.000000000,-6.000000000,6.000000000,16.000000000,0,1,0,0,-3,1,-4,64,-21,10,-12,7,-8,7,-8,3,-3,1,-1,1,-1
256,188,64,3.941067641899e-07,3.941e-7,-6.404386111,3.941067642,10000000,4,4.000000000000e-07,4.000000000000e-07,-6.397940009,0,1.293354947,-1.102365366,0.989215745,1.085090928,96,7,7,adc_s16,0.050000000,12,1,-16.000000000,-6.000000000,6.000000000,16.000000000,0,1,0,0,-2,0,-2,64,-11,19,-19,10,-10,7,-8,2,-3,1,-1,0,-1
256,96,-28,4.035941169136e-07,4.036e-7,-6.394055173,4.035941169,10000000,4,4.000000000000e-07,4.000000000000e-07,-6.397940009,0,1.250805288,-0.898097826,1.080473032,1.108469869,96,7,7,adc_s16,0.050000000,12,1,-16.000000000,-6.000000000,6.000000000,16.000000000,0,1,0,-1,-1,-2,0,64,-30,15,-15,8,-8,7,-7,3,-2,1,0,0,-1
256,80,-56,4.130169735656e-07,4.130e-7,-6.384032100,4.130169736,10000000,4,4.000000000000e-07,4.000000000000e-07,-6.397940009,0,1.246881322,-0.837327075,1.097011410,1.079689409,96,7,7,adc_s16,0.050000000,12,1,-16.000000000,-6.000000000,6.000000000,16.000000000,0,1,1,-1,-1,-1,0,64,-34,13,-13,7,-7,7,-7,3,-2,1,0,0,-1
256,100,-20,4.188542412715e-07,4.189e-7,-6.377937083,4.188542413,10000000,4,4.000000000000e-07,4.000000000000e-07,-6.397940009,0,1.342315599,-0.911592144,1.107370233,1.103224554,96,7,7,adc_s16,0.050000000,12,1,-16.000000000,-6.000000000,6.000000000,16.000000000,0,1,0,-1,-1,-2,0,64,-29,16,-16,9,-8,7,-7,3,-2,1,0,0,-1
256,160,28,4.196102999010e-07,4.196e-7,-6.377153860,4.196102999,10000000,4,4.000000000000e-07,4.000000000000e-07,-6.397940009,0,1.033600406,-1.003458498,0.919397576,1.070188182,96,7,7,adc_s16,0.050000000,12,1,-16.000000000,-6.000000000,6.000000000,16.000000000,0,1,0,-1,-2,-1,-2,64,-17,17,-17,9,-9,7,-8,2,-3,1,-1,0,-1
256,100,-28,4.272818665726e-07,4.273e-7,-6.369285538,4.272818666,10000000,4,4.000000000000e-07,4.000000000000e-07,-6.397940009,0,1.345504066,-0.900599061,1.098799774,1.090922274,96,7,7,adc_s16,0.050000000,12,1,-16.000000000,-6.000000000,6.000000000,16.000000000,0,1,0,-1,-1,-1,0,64,-29,15,-15,8,-8,7,-7,3,-2,1,0,0,-1
256,200,48,4.619199535076e-07,4.619e-7,-6.335433277,4.619199535,10000000,5,5.000000000000e-07,5.000000000000e-07,-6.301029996,0,1.192116534,-1.055768281,0.962578378,1.090150516,96,7,7,adc_s16,0.050000000,12,1,-16.000000000,-6.000000000,6.000000000,16.000000000,0,1,0,0,-3,1,-3,64,-11,16,-17,9,-10,7,-8,2,-3,1,-1,0,-1
256,156,32,4.754682133082e-07,4.755e-7,-6.322878512,4.754682133,10000000,5,5.000000000000e-07,5.000000000000e-07,-6.301029996,0,1.160975011,-1.035418725,0.991171114,1.073592019,96,7,7,adc_s16,0.050000000,12,1,-16.000000000,-6.000000000,6.000000000,16.000000000,0,1,0,-1,-2,-1,-1,64,-17,18,-18,10,-10,7,-7,2,-3,1,-1,0,-1
256,192,20,4.820313737041e-07,4.820e-7,-6.316924694,4.820313737,10000000,5,5.000000000000e-07,5.000000000000e-07,-6.301029996,0,1.071811491,-1.049283597,0.936761298,1.000620093,96,7,7,adc_s16,0.050000000,12,1,-16.000000000,-6.000000000,6.000000000,16.000000000,0,1,0,0,-3,1,-4,64,-13,13,-15,8,-9,7,-8,3,-3,1,-1,1,-1
256,184,64,4.943016798832e-07,4.943e-7,-6.306007914,4.943016799,10000000,5,5.000000000000e-07,5.000000000000e-07,-6.301029996,0,1.360466194,-1.102952075,1.037048973,1.076009450,96,7,7,adc_s16,0.050000000,12,1,-16.000000000,-6.000000000,6.000000000,16.000000000,0,1,0,0,-2,-1,-2,64,-11,20,-19,11,-10,7,-8,2,-3,1,-1,0,-1
256,200,20,5.134485081605e-07,5.134e-7,-6.289503104,5.134485082,10000000,5,5.000000000000e-07,5.000000000000e-07,-6.301029996,0,1.170938470,-1.055891798,0.999950059,1.008033438,96,7,7,adc_s16,0.050000000,12,1,-16.000000000,-6.000000000,6.000000000,16.000000000,0,1,0,0,-3,1,-4,64,-12,12,-14,8,-9,7,-8,3,-3,1,-1,1,-1
256,92,-40,5.157230409162e-07,5.157e-7,-6.287583465,5.157230409,10000000,5,5.000000000000e-07,5.000000000000e-07,-6.301029996,0,1.306736076,-0.876821887,1.094051832,1.140599513,96,7,7,adc_s16,0.050000000,12,1,-16.000000000,-6.000000000,6.000000000,16.000000000,0,1,0,-1,-1,-1,0,64,-31,14,-14,8,-8,7,-7,3,-2,1,0,0,-1
256,100,-24,5.323925306589e-07,5.324e-7,-6.273768046,5.323925307,10000000,5,5.000000000000e-07,5.000000000000e-07,-6.301029996,0,1.359031554,-0.902081275,1.119145007,1.069804931,96,7,7,adc_s16,0.050000000,12,1,-16.000000000,-6.000000000,6.000000000,16.000000000,0,1,0,-1,-1,-2,0,64,-29,16,-15,8,-8,7,-7,3,-2,1,0,0,-1
256,200,44,5.353270846539e-07,5.353e-7,-6.271380783,5.353270847,10000000,5,5.000000000000e-07,5.000000000000e-07,-6.301029996,0,1.177938901,-1.068861166,0.958037771,1.114904703,96,7,7,adc_s16,0.050000000,12,1,-16.000000000,-6.000000000,6.000000000,16.000000000,0,1,0,0,-3,1,-4,64,-11,15,-16,9,-10,7,-8,2,-3,1,-1,0,-1
256,156,24,5.414430901270e-07,5.414e-7,-6.266447184,5.414430901,10000000,5,5.000000000000e-07,5.000000000000e-07,-6.301029996,0,1.026645177,-1.006268528,0.918562346,1.084477925,96,7,7,adc_s16,0.050000000,12,1,-16.000000000,-6.000000000,6.000000000,16.000000000,0,1,0,-1,-2,-1,-2,64,-18,17,-17,9,-9,7,-8,2,-3,1,-1,0,-1
256,128,4,5.547418850672e-07,5.547e-7,-6.255909042,5.547418851,10000000,6,6.000000000000e-07,6.000000000000e-07,-6.221848750,0,1.309754792,-0.962203557,1.085625812,1.118341294,96,7,7,adc_s16,0.050000000,12,1,-16.000000000,-6.000000000,6.000000000,16.000000000,0,1,0,-1,-1,-1,-1,64,-23,17,-16,9,-9,7,-7,3,-3,1,-1,0,-1
256,76,-64,5.690467422254e-07,5.690e-7,-6.244852059,5.690467422,10000000,6,6.000000000000e-07,6.000000000000e-07,-6.221848750,0,1.252066681,-0.844089674,1.123004847,1.111300018,96,7,7,adc_s16,0.050000000,12,1,-16.000000000,-6.000000000,6.000000000,16.000000000,0,1,1,-1,-1,-1,0,64,-35,13,-13,7,-7,7,-7,3,-2,1,0,0,-1
256,164,-16,5.876601130028e-07,5.877e-7,-6.230873786,5.876601130,10000000,6,6.000000000000e-07,6.000000000000e-07,-6.221848750,0,1.087800432,-0.936666255,0.956366149,1.000140301,96,7,7,adc_s16,0.050000000,12,1,-16.000000000,-6.000000000,6.000000000,16.000000000,0,1,0,0,-3,1,-4,64,-20,11,-13,7,-8,7,-8,3,-3,1,-1,1,-1
256,96,-32,5.902504228611e-07,5.903e-7,-6.228963693,5.902504229,10000000,6,6.000000000000e-07,6.000000000000e-07,-6.221848750,0,1.296673641,-0.881422925,1.088876622,1.148461290,96,7,7,adc_s16,0.050000000,12,1,-16.000000000,-6.000000000,6.000000000,16.000000000,0,1,0,-1,-1,-1,0,64,-30,15,-15,8,-8,7,-7,3,-2,1,0,0,-1
256,152,32,5.934694432034e-07,5.935e-7,-6.226601637,5.934694432,10000000,6,6.000000000000e-07,6.000000000000e-07,-6.221848750,0,1.234874126,-1.020195158,1.015268330,1.084401486,96,7,7,adc_s16,0.050000000,12,1,-16.000000000,-6.000000000,6.000000000,16.000000000,0,1,0,-1,-2,-1,-1,64,-18,18,-18,10,-10,7,-7,2,-3,1,-1,0,-1
256,88,-40,6.008516951860e-07,6.009e-7,-6.221232709,6.008516952,10000000,6,6.000000000000e-07,6.000000000000e-07,-6.221848750,0,1.278064132,-0.854310771,1.110412422,1.106977340,96,7,7,adc_s16,0.050000000,12,1,-16.000000000,-6.000000000,6.000000000,16.000000000,0,1,0,-1,-1,-2,0,64,-32,15,-14,8,-8,7,-7,3,-2,1,0,0,-1
256,100,-32,6.169020156840e-07,6.169e-7,-6.209783811,6.169020157,10000000,6,6.000000000000e-07,6.000000000000e-07,-6.221848750,0,1.274087048,-0.910480484,1.101299864,1.131671736,96,7,7,adc_s16,0.050000000,12,1,-16.000000000,-6.000000000,6.000000000,16.000000000,0,1,0,-1,-1,-1,0,64,-30,15,-14,8,-8,7,-7,3,-2,1,0,0,-1
256,180,56,6.308764700449e-07,6.309e-7,-6.200055670,6.308764700,10000000,6,6.000000000000e-07,6.000000000000e-07,-6.221848750,0,1.340756499,-1.093533844,1.043559520,1.077229741,96,7,7,adc_s16,0.050000000,12,1,-16.000000000,-6.000000000,6.000000000,16.000000000,0,1,0,0,-2,0,-2,64,-12,19,-18,10,-10,7,-8,2,-3,1,-1,0,-1
256,188,8,6.376558567478e-07,6.377e-7,-6.195413647,6.376558567,10000000,6,6.000000000000e-07,6.000000000000e-07,-6.221848750,0,1.207230010,-1.002810030,0.979671837,1.031686720,96,7,7,adc_s16,0.050000000,12,1,-16.000000000,-6.000000000,6.000000000,16.000000000,0,1,0,0,-3,1,-4,64,-15,12,-14,8,-9,7,-8,3,-3,1,-1,1,-1
256,132,-72,6.596589981231e-07,6.597e-7,-6.180680509,6.596589981,10000000,7,7.000000000000e-07,7.000000000000e-07,-6.154901960,0,1.257914494,-0.844769022,1.090603567,0.987564306,96,7,7,adc_s16,0.050000000,12,1,-16.000000000,-6.000000000,6.000000000,16.000000000,0,1,0,0,-2,1,-4,64,-28,6,-9,5,-7,7,-7,3,-3,1,-1,1,-1
256,116,-76,6.939212821198e-07,6.939e-7,-6.158689793,6.939212821,10000000,7,7.000000000000e-07,7.000000000000e-07,-6.154901960,0,1.155671466,-0.808454792,1.030382106,1.005689951,96,7,7,adc_s16,0.050000000,12,1,-16.000000000,-6.000000000,6.000000000,16.000000000,0,1,0,-1,-2,0,-3,64,-31,7,-10,5,-6,7,-7,3,-2,1,-1,1,-1
256,204,24,6.962603377996e-07,6.963e-7,-6.157228344,6.962603378,10000000,7,7.000000000000e-07,7.000000000000e-07,-6.154901960,0,1.357502986,-1.044559042,1.036466750,1.015925638,96,7,7,adc_s16,0.050000000,12,1,-16.000000000,-6.000000000,6.000000000,16.000000000,0,1,0,0,-3,1,-5,64,-11,12,-14,8,-9,7,-8,2,-3,1,-1,1,-1
256,168,-20,7.052508529035e-07,7.053e-7,-6.151656380,7.052508529,10000000,7,7.000000000000e-07,7.000000000000e-07,-6.154901960,0,1.230290903,-0.936697134,1.008200612,1.005024064,96,7,7,adc_s16,0.050000000,12,1,-16.000000000,-6.000000000,6.000000000,16.000000000,0,1,0,0,-3,1,-4,64,-20,10,-12,7,-8,7,-8,3,-3,1,-1,1,-1
256,204,28,7.099037263417e-07,7.099e-7,-6.148800544,7.099037263,10000000,7,7.000000000000e-07,7.000000000000e-07,-6.154901960,0,1.246724357,-1.044806077,1.018256470,1.068267143,96,7,7,adc_s16,0.050000000,12,1,-16.000000000,-6.000000000,6.000000000,16.000000000,0,1,0,0,-3,1,-4,64,-11,13,-15,8,-9,7,-8,2,-3,1,-1,1,-1
256,116,-8,7.254005944725e-07,7.254e-7,-6.139422093,7.254005945,10000000,7,7.000000000000e-07,7.000000000000e-07,-6.154901960,0,1.359572356,-0.947659338,1.129406185,1.108207947,96,7,7,adc_s16,0.050000000,12,1,-16.000000000,-6.000000000,6.000000000,16.000000000,0,1,0,-1,-1,-1,0,64,-26,16,-16,9,-8,7,-7,3,-2,1,-1,0,-1
256,176,52,7.413778544824e-07,7.414e-7,-6.129960391,7.413778545,10000000,7,7.000000000000e-07,7.000000000000e-07,-6.154901960,0,1.229239025,-1.079545455,0.994457295,1.114315811,96,7,7,adc_s16,0.050000000,12,1,-16.000000000,-6.000000000,6.000000000,16.000000000,0,1,0,0,-2,-1,-2,64,-13,19,-18,10,-10,7,-8,2,-3,1,-1,0,-1
256,72,-60,7.832583161283e-07,7.833e-7,-6.106094985,7.832583161,10000000,8,8.000000000000e-07,8.000000000000e-07,-6.096910013,0,1.287581105,-0.816390810,1.126171977,1.118032700,96,7,7,adc_s16,0.050000000,12,1,-16.000000000,-6.000000000,6.000000000,16.000000000,0,1,1,-1,-1,-2,0,64,-35,13,-13,7,-7,7,-7,3,-2,1,0,0,-1
256,148,24,7.905837301365e-07,7.906e-7,-6.102052127,7.905837301,10000000,8,8.000000000000e-07,8.000000000000e-07,-6.096910013,0,1.290930182,-1.033751235,1.036088718,1.111941669,96,7,7,adc_s16,0.050000000,12,1,-16.000000000,-6.000000000,6.000000000,16.000000000,0,1,0,-1,-2,-1,-1,64,-19,18,-17,10,-9,7,-7,2,-3,1,-1,0,-1
256,200,56,8.000835627085e-07,8.001e-7,-6.096864652,8.000835627,10000000,8,8.000000000000e-07,8.000000000000e-07,-6.096910013,0,1.250127030,-1.094923419,1.004709400,1.140060957,96,7,7,adc_s16,0.050000000,12,1,-16.000000000,-6.000000000,6.000000000,16.000000000,0,1,0,0,-2,0,-3,64,-11,17,-17,10,-10,7,-8,2,-3,1,-1,0,-1
256,172,0,8.243521724748e-07,8.244e-7,-6.083887213,8.243521725,10000000,8,8.000000000000e-07,8.000000000000e-07,-6.096910013,0,1.096141694,-0.957849555,0.988881962,1.018559493,96,7,7,adc_s16,0.050000000,12,1,-16.000000000,-6.000000000,6.000000000,16.000000000,0,1,0,0,-3,1,-4,64,-18,12,-14,8,-9,7,-8,3,-3,1,-1,1,-1
256,72,-64,8.298434092043e-07,8.298e-7,-6.081003851,8.298434092,10000000,8,8.000000000000e-07,8.000000000000e-07,-6.096910013,0,1.302600116,-0.814661561,1.133788683,1.116467201,96,7,7,adc_s16,0.050000000,12,1,-16.000000000,-6.000000000,6.000000000,16.000000000,0,1,1,-1,-1,-2,0,64,-35,13,-13,7,-7,7,-7,3,-2,1,0,0,-1
256,132,12,8.706459832990e-07,8.706e-7,-6.060158399,8.706459833,10000000,9,9.000000000000e-07,9.000000000000e-07,-6.045757491,0,1.280102013,-0.996695899,1.081258040,1.125313059,96,7,7,adc_s16,0.050000000,12,1,-16.000000000,-6.000000000,6.000000000,16.000000000,0,1,0,-1,-1,-1,-1,64,-22,17,-17,9,-9,7,-7,3,-3,1,-1,0,-1
256,160,40,8.746253032340e-07,8.746e-7,-6.058177963,8.746253032,10000000,9,9.000000000000e-07,9.000000000000e-07,-6.045757491,0,1.370291390,-1.013710474,1.045143029,1.068240438,96,7,7,adc_s16,0.050000000,12,1,-16.000000000,-6.000000000,6.000000000,16.000000000,0,1,0,-1,-2,-1,-1,64,-16,19,-18,10,-10,7,-8,2,-3,1,-1,0,-1
256,196,64,9.012155570107e-07,9.012e-7,-6.045171320,9.012155570,10000000,9,9.000000000000e-07,9.000000000000e-07,-6.045757491,0,1.419570811,-1.098227520,1.055087358,1.132972932,96,7,7,adc_s16,0.050000000,12,1,-16.000000000,-6.000000000,6.000000000,16.000000000,0,1,0,0,-2,0,-2,64,-11,18,-18,10,-10,7,-8,2,-3,1,-1,0,-1
256,80,-40,9.053050412575e-07,9.053e-7,-6.043205061,9.053050413,10000000,9,9.000000000000e-07,9.000000000000e-07,-6.045757491,0,1.396613048,-0.845973320,1.150955774,1.145615185,96,7,7,adc_s16,0.050000000,12,1,-16.000000000,-6.000000000,6.000000000,16.000000000,0,1,1,-1,-1,-2,0,64,-33,15,-15,8,-8,7,-7,3,-2,1,0,0,-1
256,140,24,9.116040952964e-07,9.116e-7,-6.040193732,9.116040953,10000000,9,9.000000000000e-07,9.000000000000e-07,-6.045757491,0,1.421898661,-1.004415761,1.101475900,1.133913288,96,7,7,adc_s16,0.050000000,12,1,-16.000000000,-6.000000000,6.000000000,16.000000000,0,1,0,-1,-1,-1,-1,64,-20,18,-18,10,-9,7,-7,2,-3,1,-1,0,-1
256,76,-52,9.141713568173e-07,9.142e-7,-6.038972390,9.141713568,10000000,9,9.000000000000e-07,9.000000000000e-07,-6.045757491,0,1.392296401,-0.884850543,1.153662493,1.153353514,96,7,7,adc_s16,0.050000000,12,1,-16.000000000,-6.000000000,6.000000000,16.000000000,0,1,1,-1,-1,-2,0,64,-34,14,-14,8,-7,7,-7,3,-2,1,0,0,-1
256,104,-16,9.234958844661e-07,9.235e-7,-6.034565036,9.234958845,10000000,9,9.000000000000e-07,9.000000000000e-07,-6.045757491,0,1.399730860,-0.927803854,1.139607882,1.153761094,96,7,7,adc_s16,0.050000000,12,1,-16.000000000,-6.000000000,6.000000000,16.000000000,0,1,0,-1,-1,-2,0,64,-28,16,-16,9,-8,7,-7,3,-2,1,0,0,-1
256,160,36,9.602472489038e-07,9.602e-7,-6.017616928,9.602472489,10000000,10,1.000000000000e-06,1.000000000000e-06,-6.000000000,0,1.256774962,-0.989130435,1.032237583,1.076230037,96,7,7,adc_s16,0.050000000,12,1,-16.000000000,-6.000000000,6.000000000,16.000000000,0,1,0,-1,-2,-1,-1,64,-16,18,-18,10,-10,7,-8,2,-3,1,-1,0,-1
256,168,-12,9.626576580388e-07,9.627e-7,-6.016528130,9.626576580,10000000,10,1.000000000000e-06,1.000000000000e-06,-6.000000000,0,1.062843028,-0.939908597,0.961993593,1.024981471,96,7,7,adc_s16,0.050000000,12,1,-16.000000000,-6.000000000,6.000000000,16.000000000,0,1,0,0,-3,1,-4,64,-19,11,-13,7,-8,7,-8,3,-3,1,-1,1,-1
256,204,32,9.761351372242e-07,9.761e-7,-6.010490054,9.761351372,10000000,10,1.000000000000e-06,1.000000000000e-06,-6.000000000,0,1.286809547,-1.046535326,1.035705790,1.107280083,96,7,7,adc_s16,0.050000000,12,1,-16.000000000,-6.000000000,6.000000000,16.000000000,0,1,0,0,-3,1,-4,64,-11,13,-15,8,-9,7,-8,2,-3,1,-1,1,-1
256,88,-36,9.761781527511e-07,9.762e-7,-6.010470916,9.761781528,10000000,10,1.000000000000e-06,1.000000000000e-06,-6.000000000,0,1.413438316,-0.901741601,1.152683635,1.167619918,96,7,7,adc_s16,0.050000000,12,1,-16.000000000,-6.000000000,6.000000000,16.000000000,0,1,1,-1,-1,-2,0,64,-31,15,-15,8,-8,7,-7,3,-2,1,0,0,-1
256,168,-8,9.907819256509e-07,9.908e-7,-6.004021925,9.907819257,10000000,10,1.000000000000e-06,1.000000000000e-06,-6.000000000,0,1.087055492,-0.941637846,0.979444614,1.027863212,96,7,7,adc_s16,0.050000000,12,1,-16.000000000,-6.000000000,6.000000000,16.000000000,0,1,0,0,-3,1,-4,64,-19,11,-13,7,-8,7,-8,3,-3,1,-1,1,-1
256,112,-80,1.027561263778e-06,1.028e-6,-5.988192276,10.275612638,10000000,10,1.000000000000e-06,1.000000000000e-06,-6.000000000,0,1.020294145,-0.818675889,0.986149446,1.046707587,96,7,7,adc_s16,0.050000000,12,1,-16.000000000,-6.000000000,6.000000000,16.000000000,0,1,0,-1,-2,0,-3,64,-32,7,-9,5,-6,7,-7,3,-2,1,-1,1,-1
256,84,-40,1.122716391345e-06,1.123e-6,-5.949729937,11.227163913,10000000,11,1.100000000000e-06,1.100000000000e-06,-5.958607315,0,1.372594564,-0.871448864,1.153155277,1.153543654,96,7,7,adc_s16,0.050000000,12,1,-16.000000000,-6.000000000,6.000000000,16.000000000,0,1,1,-1,-1,-2,0,64,-32,15,-15,8,-8,7,-7,3,-2,1,0,0,-1
256,184,4,1.130012369550e-06,1.130e-6,-5.946916803,11.300123695,10000000,11,1.100000000000e-06,1.100000000000e-06,-5.958607315,0,1.197063519,-0.983016304,0.991126132,1.061843751,96,7,7,adc_s16,0.050000000,12,1,-16.000000000,-6.000000000,6.000000000,16.000000000,0,1,0,0,-3,1,-4,64,-16,12,-13,7,-9,7,-8,3,-3,1,-1,1,-1
256,176,-8,1.145564624612e-06,1.146e-6,-5.940980406,11.455646246,10000000,11,1.100000000000e-06,1.100000000000e-06,-5.958607315,0,1.264668663,-0.959609684,1.046033738,1.024998356,96,7,7,adc_s16,0.050000000,12,1,-16.000000000,-6.000000000,6.000000000,16.000000000,0,1,0,0,-3,1,-4,64,-18,11,-13,7,-8,7,-8,3,-3,1,-1,1,-1
256,164,40,1.186778358040e-06,1.187e-6,-5.925630382,11.867783580,10000000,12,1.200000000000e-06,1.200000000000e-06,-5.920818754,0,1.235693903,-0.992619812,1.013333681,1.100969978,96,7,7,adc_s16,0.050000000,12,1,-16.000000000,-6.000000000,6.000000000,16.000000000,0,1,0,-1,-2,-1,-1,64,-16,18,-18,10,-10,7,-8,2,-3,1,-1,0,-1
256,144,28,1.236798956461e-06,1.237e-6,-5.907700890,12.367989565,10000000,12,1.200000000000e-06,1.200000000000e-06,-5.920818754,0,1.465861869,-0.996665020,1.119867332,1.159558395,96,7,7,adc_s16,0.050000000,12,1,-16.000000000,-6.000000000,6.000000000,16.000000000,0,1,0,-1,-1,-1,-1,64,-19,18,-18,10,-9,7,-7,2,-3,1,-1,0,-1
256,136,-64,1.253094079068e-06,1.253e-6,-5.902016322,12.530940791,10000000,13,1.300000000000e-06,1.300000000000e-06,-5.886056648,0,1.272959048,-0.881114130,1.107155226,1.021928917,96,7,7,adc_s16,0.050000000,12,1,-16.000000000,-6.000000000,6.000000000,16.000000000,0,1,0,0,-2,1,-4,64,-27,7,-10,5,-7,7,-7,3,-3,1,-1,1,-1
256,180,64,1.270262430680e-06,1.270e-6,-5.896106546,12.702624307,10000000,13,1.300000000000e-06,1.300000000000e-06,-5.886056648,0,1.421916108,-1.104773962,1.055010913,1.138663289,96,7,7,adc_s16,0.050000000,12,1,-16.000000000,-6.000000000,6.000000000,16.000000000,0,1,0,0,-2,-1,-2,64,-12,20,-19,11,-10,7,-8,2,-3,1,-1,0,-1
256,164,36,1.296664934832e-06,1.297e-6,-5.887172233,12.966649348,10000000,13,1.300000000000e-06,1.300000000000e-06,-5.886056648,0,1.173299512,-1.038568429,1.001792897,1.105394169,96,7,7,adc_s16,0.050000000,12,1,-16.000000000,-6.000000000,6.000000000,16.000000000,0,1,0,-1,-2,-1,-2,64,-16,18,-17,10,-10,7,-8,2,-3,1,-1,0,-1
256,192,12,1.319538649976e-06,1.320e-6,-5.879577885,13.195386500,10000000,13,1.300000000000e-06,1.300000000000e-06,-5.886056648,0,1.190914981,-1.024333004,0.996547444,1.062884908,96,7,7,adc_s16,0.050000000,12,1,-16.000000000,-6.000000000,6.000000000,16.000000000,0,1,0,0,-3,1,-4,64,-14,12,-14,8,-9,7,-8,3,-3,1,-1,1,-1
256,176,56,1.342091696274e-06,1.342e-6,-5.872217811,13.420916963,10000000,13,1.300000000000e-06,1.300000000000e-06,-5.886056648,0,1.291778938,-1.065958498,1.028783528,1.169207876,96,7,7,adc_s16,0.050000000,12,1,-16.000000000,-6.000000000,6.000000000,16.000000000,0,1,0,0,-2,-1,-2,64,-13,19,-19,10,-10,7,-8,2,-3,1,-1,0,-1
256,156,36,1.349030865199e-06,1.349e-6,-5.869978114,13.490308652,10000000,13,1.300000000000e-06,1.300000000000e-06,-5.886056648,0,1.260924486,-1.037147974,1.041862003,1.114392650,96,7,7,adc_s16,0.050000000,12,1,-16.000000000,-6.000000000,6.000000000,16.000000000,0,1,0,-1,-2,-1,-1,64,-17,18,-18,10,-10,7,-7,2,-3,1,-1,0,-1
256,136,16,1.357086236951e-06,1.357e-6,-5.867392554,13.570862370,10000000,14,1.400000000000e-06,1.400000000000e-06,-5.853871964,0,1.359669062,-0.993885870,1.097419496,1.134272113,96,7,7,adc_s16,0.050000000,12,1,-16.000000000,-6.000000000,6.000000000,16.000000000,0,1,0,-1,-1,-1,-1,64,-21,18,-17,9,-9,7,-7,3,-3,1,-1,0,-1
256,124,-72,1.363811054151e-06,1.364e-6,-5.865245794,13.638110542,10000000,14,1.400000000000e-06,1.400000000000e-06,-5.853871964,0,1.175757529,-0.836555089,1.070272313,1.022835143,96,7,7,adc_s16,0.050000000,12,1,-16.000000000,-6.000000000,6.000000000,16.000000000,0,1,0,0,-2,1,-4,64,-29,7,-10,5,-7,7,-7,3,-2,1,-1,1,-1
256,104,-24,1.398622994874e-06,1.399e-6,-5.854299336,13.986229949,10000000,14,1.400000000000e-06,1.400000000000e-06,-5.853871964,0,1.398552340,-0.907546937,1.135981201,1.188253214,96,7,7,adc_s16,0.050000000,12,1,-16.000000000,-6.000000000,6.000000000,16.000000000,0,1,0,-1,-1,-1,0,64,-28,15,-15,8,-8,7,-7,3,-2,1,0,0,-1
256,192,68,1.410927712483e-06,1.411e-6,-5.850495236,14.109277125,10000000,14,1.400000000000e-06,1.400000000000e-06,-5.853871964,0,1.382540097,-1.141674901,1.045830619,1.148500908,96,7,7,adc_s16,0.050000000,12,1,-16.000000000,-6.000000000,6.000000000,16.000000000,0,1,0,0,-2,0,-2,64,-11,19,-19,11,-10,7,-8,2,-3,1,-1,0,-1
256,116,0,1.417568315539e-06,1.418e-6,-5.848456002,14.175683155,10000000,14,1.400000000000e-06,1.400000000000e-06,-5.853871964,0,1.496423961,-0.946794713,1.167866053,1.172734234,96,7,7,adc_s16,0.050000000,12,1,-16.000000000,-6.000000000,6.000000000,16.000000000,0,1,0,-1,-1,-2,0,64,-25,17,-17,9,-9,7,-7,3,-2,1,0,0,-1
256,128,-76,1.481669710246e-06,1.482e-6,-5.829248597,14.816697102,10000000,15,1.500000000000e-06,1.500000000000e-06,-5.823908741,0,1.264738452,-0.866724308,1.111015303,1.007701180,96,7,7,adc_s16,0.050000000,12,1,-16.000000000,-6.000000000,6.000000000,16.000000000,0,1,0,0,-2,1,-4,64,-29,6,-9,5,-6,7,-7,3,-3,1,-1,1,-1
256,176,-12,1.484021470752e-06,1.484e-6,-5.828559816,14.840214708,10000000,15,1.500000000000e-06,1.500000000000e-06,-5.823908741,0,1.184524275,-0.966897233,1.029216358,1.044645129,96,7,7,adc_s16,0.050000000,12,1,-16.000000000,-6.000000000,6.000000000,16.000000000,0,1,0,0,-3,1,-4,64,-18,10,-12,7,-8,7,-8,3,-3,1,-1,1,-1
256,72,-80,1.496126779507e-06,1.496e-6,-5.825031603,14.961267795,10000000,15,1.500000000000e-06,1.500000000000e-06,-5.823908741,0,1.409656915,-0.825901680,1.149273935,1.175423330,96,7,7,adc_s16,0.050000000,12,1,-16.000000000,-6.000000000,6.000000000,16.000000000,0,1,0,-1,-1,-1,-1,64,-35,11,-12,6,-6,7,-7,3,-2,1,0,0,-1
256,112,-16,1.502997975514e-06,1.503e-6,-5.823041604,15.029979755,10000000,15,1.500000000000e-06,1.500000000000e-06,-5.823908741,0,1.291839824,-0.907114625,1.108199316,1.171501495,96,7,7,adc_s16,0.050000000,12,1,-16.000000000,-6.000000000,6.000000000,16.000000000,0,1,0,-1,-1,-1,-1,64,-27,16,-15,9,-8,7,-7,3,-2,1,-1,0,-1
256,144,-52,1.550689817972e-06,1.551e-6,-5.809475065,15.506898180,10000000,16,1.600000000000e-06,1.600000000000e-06,-5.795880017,0,1.163416866,-0.864006917,1.040925098,1.029872018,96,7,7,adc_s16,0.050000000,12,1,-16.000000000,-6.000000000,6.000000000,16.000000000,0,1,0,0,-3,1,-4,64,-25,8,-10,6,-7,7,-8,3,-3,1,-1,1,-1
256,80,-48,1.579466283149e-06,1.579e-6,-5.801489641,15.794662831,10000000,16,1.600000000000e-06,1.600000000000e-06,-5.795880017,0,1.444900789,-0.872653162,1.174316993,1.158549883,96,7,7,adc_s16,0.050000000,12,1,-16.000000000,-6.000000000,6.000000000,16.000000000,0,1,1,-1,-1,-2,0,64,-33,14,-14,8,-7,7,-7,3,-2,1,0,0,-1
256,192,16,1.606459324817e-06,1.606e-6,-5.794130266,16.064593248,10000000,16,1.600000000000e-06,1.600000000000e-06,-5.795880017,0,1.228197633,-1.026062253,1.019520270,1.074127146,96,7,7,adc_s16,0.050000000,12,1,-16.000000000,-6.000000000,6.000000000,16.000000000,0,1,0,0,-3,1,-4,64,-14,12,-14,8,-9,7,-8,3,-3,1,-1,1,-1
256,180,60,1.611137072877e-06,1.611e-6,-5.792867509,16.111370729,10000000,16,1.600000000000e-06,1.600000000000e-06,-5.795880017,0,1.312326574,-1.100944911,1.027184429,1.166007205,96,7,7,adc_s16,0.050000000,12,1,-16.000000000,-6.000000000,6.000000000,16.000000000,0,1,0,0,-2,-1,-2,64,-12,19,-19,10,-10,7,-8,2,-3,1,-1,0,-1
256,168,48,1.660227096388e-06,1.660e-6,-5.779832502,16.602270964,10000000,17,1.700000000000e-06,1.700000000000e-06,-5.769551079,0,1.436835066,-1.041810771,1.065883823,1.088920151,96,7,7,adc_s16,0.050000000,12,1,-16.000000000,-6.000000000,6.000000000,16.000000000,0,1,0,-1,-2,-1,-1,64,-14,19,-18,10,-10,7,-8,2,-3,1,-1,0,-1
256,192,8,1.683665018602e-06,1.684e-6,-5.773744311,16.836650186,10000000,17,1.700000000000e-06,1.700000000000e-06,-5.769551079,0,1.210209530,-0.992341897,0.980469199,1.075426186,96,7,7,adc_s16,0.050000000,12,1,-16.000000000,-6.000000000,6.000000000,16.000000000,0,1,0,0,-3,1,-4,64,-14,11,-13,7,-9,7,-8,3,-3,1,-1,1,-1
256,168,44,1.690991673443e-06,1.691e-6,-5.771858531,16.909916734,10000000,17,1.700000000000e-06,1.700000000000e-06,-5.769551079,0,1.229195735,-1.024394763,1.011857871,1.138958485,96,7,7,adc_s16,0.050000000,12,1,-16.000000000,-6.000000000,6.000000000,16.000000000,0,1,0,-1,-2,-1,-2,64,-15,18,-18,10,-10,7,-8,2,-3,1,-1,0,-1
256,188,68,1.700256522286e-06,1.700e-6,-5.769485550,17.002565223,10000000,17,1.700000000000e-06,1.700000000000e-06,-5.769551079,0,1.406190249,-1.103600543,1.062262790,1.138430387,96,7,7,adc_s16,0.050000000,12,1,-16.000000000,-6.000000000,6.000000000,16.000000000,0,1,0,0,-2,0,-2,64,-11,20,-19,11,-11,7,-8,2,-3,1,-1,0,-1
256,180,-4,1.723400606130e-06,1.723e-6,-5.763613759,17.234006061,10000000,17,1.700000000000e-06,1.700000000000e-06,-5.769551079,0,1.242417719,-0.998178113,1.043850349,1.054858922,96,7,7,adc_s16,0.050000000,12,1,-16.000000000,-6.000000000,6.000000000,16.000000000,0,1,0,0,-3,1,-4,64,-17,11,-13,7,-8,7,-8,3,-3,1,-1,1,-1
256,160,32,1.738986533454e-06,1.739e-6,-5.759703781,17.389865335,10000000,17,1.700000000000e-06,1.700000000000e-06,-5.769551079,0,1.205487565,-0.996417984,1.009574417,1.146028905,96,7,7,adc_s16,0.050000000,12,1,-16.000000000,-6.000000000,6.000000000,16.000000000,0,1,0,-1,-2,-1,-2,64,-17,17,-17,10,-10,7,-8,2,-3,1,-1,0,-1
256,88,-44,1.748819187417e-06,1.749e-6,-5.757255090,17.488191874,10000000,17,1.700000000000e-06,1.700000000000e-06,-5.769551079,0,1.324721849,-0.876791008,1.112020704,1.191258193,96,7,7,adc_s16,0.050000000,12,1,-16.000000000,-6.000000000,6.000000000,16.000000000,0,1,0,-1,-1,-1,0,64,-32,14,-14,8,-7,7,-7,3,-2,1,0,0,-1
256,172,-16,1.780823657880e-06,1.781e-6,-5.749379083,17.808236579,10000000,18,1.800000000000e-06,1.800000000000e-06,-5.744727495,0,1.205298664,-0.966001729,1.028216275,1.068401210,96,7,7,adc_s16,0.050000000,12,1,-16.000000000,-6.000000000,6.000000000,16.000000000,0,1,0,0,-3,1,-4,64,-19,10,-12,7,-8,7,-8,3,-3,1,-1,1,-1
256,72,-76,1.790248199774e-06,1.790e-6,-5.747086754,17.902481998,10000000,18,1.800000000000e-06,1.800000000000e-06,-5.744727495,0,1.409631999,-0.814661561,1.168977771,1.189532281,96,7,7,adc_s16,0.050000000,12,1,-16.000000000,-6.000000000,6.000000000,16.000000000,0,1,1,-1,-1,-1,-1,64,-35,11,-12,7,-7,7,-7,3,-2,1,0,0,-1
256,72,-56,1.801789432949e-06,1.802e-6,-5.744295964,18.017894329,10000000,18,1.800000000000e-06,1.800000000000e-06,-5.744727495,0,1.343909863,-0.855175395,1.151489658,1.174234756,96,7,7,adc_s16,0.050000000,12,1,-16.000000000,-6.000000000,6.000000000,16.000000000,0,1,1,-1,-1,-2,0,64,-35,14,-14,8,-7,7,-7,3,-2,1,0,0,-1
256,152,-36,1.825308845415e-06,1.825e-6,-5.738663642,18.253088454,10000000,18,1.800000000000e-06,1.800000000000e-06,-5.744727495,0,1.159649297,-0.912858202,1.051182576,1.033423651,96,7,7,adc_s16,0.050000000,12,1,-16.000000000,-6.000000000,6.000000000,16.000000000,0,1,0,0,-3,1,-4,64,-23,9,-11,6,-8,7,-8,3,-3,1,-1,1,-1
256,172,-20,1.841236333185e-06,1.841e-6,-5.734890464,18.412363332,10000000,18,1.800000000000e-06,1.800000000000e-06,-5.744727495,0,1.319161287,-0.945621294,1.071834721,1.035953601,96,7,7,adc_s16,0.050000000,12,1,-16.000000000,-6.000000000,6.000000000,16.000000000,0,1,0,0,-3,1,-4,64,-19,9,-12,7,-8,7,-8,3,-3,1,-1,1,-1
256,120,4,1.915912954227e-06,1.916e-6,-5.717624226,19.159129542,10000000,19,1.900000000000e-06,1.900000000000e-06,-5.721246399,0,1.623826440,-0.984992589,1.185645523,1.164998520,96,7,7,adc_s16,0.050000000,12,1,-16.000000000,-6.000000000,6.000000000,16.000000000,0,1,0,-1,-1,-1,0,64,-24,17,-17,9,-9,7,-7,3,-2,1,-1,0,-1
256,156,40,1.931496526917e-06,1.931e-6,-5.714106068,19.314965269,10000000,19,1.900000000000e-06,1.900000000000e-06,-5.721246399,0,1.371902294,-1.021584733,1.082458631,1.134613913,96,7,7,adc_s16,0.050000000,12,1,-16.000000000,-6.000000000,6.000000000,16.000000000,0,1,0,-1,-2,-1,-1,64,-17,19,-18,10,-10,7,-7,2,-3,1,-1,0,-1
256,88,-32,2.000255470295e-06,2.000e-6,-5.698914533,20.002554703,10000000,20,2.000000000000e-06,2.000000000000e-06,-5.698970004,0,1.538514319,-0.892107213,1.203141331,1.151105997,96,7,7,adc_s16,0.050000000,12,1,-16.000000000,-6.000000000,6.000000000,16.000000000,0,1,1,-1,-1,-2,0,64,-31,16,-15,8,-8,7,-7,3,-2,1,0,0,-1
256,96,-36,2.054578730304e-06,2.055e-6,-5.687277212,20.545787303,10000000,21,2.100000000000e-06,2.100000000000e-06,-5.677780705,0,1.357043057,-0.884634387,1.138315188,1.223274840,96,7,7,adc_s16,0.050000000,12,1,-16.000000000,-6.000000000,6.000000000,16.000000000,0,1,0,-1,-1,-1,0,64,-30,14,-14,8,-8,7,-7,3,-2,1,0,0,-1
256,204,40,2.057778349540e-06,2.058e-6,-5.686601406,20.577783495,10000000,21,2.100000000000e-06,2.100000000000e-06,-5.677780705,0,1.430657251,-1.041841650,1.077490888,1.197471621,96,7,7,adc_s16,0.050000000,12,1,-16.000000000,-6.000000000,6.000000000,16.000000000,0,1,0,0,-3,1,-4,64,-11,14,-16,9,-10,7,-8,2,-3,1,-1,0,-1
256,200,28,2.107480660831e-06,2.107e-6,-5.676236402,21.074806608,10000000,21,2.100000000000e-06,2.100000000000e-06,-5.677780705,0,1.307383892,-1.044281126,1.042796396,1.104745537,96,7,7,adc_s16,0.050000000,12,1,-16.000000000,-6.000000000,6.000000000,16.000000000,0,1,0,0,-3,1,-4,64,-12,13,-15,8,-9,7,-8,2,-3,1,-1,1,-1
256,184,68,2.129809195685e-06,2.130e-6,-5.671659302,21.298091957,10000000,21,2.100000000000e-06,2.100000000000e-06,-5.677780705,0,1.475183010,-1.099617095,1.098850455,1.151612416,96,7,7,adc_s16,0.050000000,12,1,-16.000000000,-6.000000000,6.000000000,16.000000000,0,1,0,0,-2,-1,-2,64,-11,20,-19,11,-11,7,-8,2,-3,1,-1,0,-1
256,156,-36,2.215730764479e-06,2.216e-6,-5.654483012,22.157307645,10000000,22,2.200000000000e-06,2.200000000000e-06,-5.657577319,0,1.145529681,-0.916841650,1.051362488,1.055881805,96,7,7,adc_s16,0.050000000,12,1,-16.000000000,-6.000000000,6.000000000,16.000000000,0,1,0,0,-3,1,-4,64,-22,9,-11,6,-8,7,-8,3,-3,1,-1,1,-1
256,172,52,2.257573551207e-06,2.258e-6,-5.646358092,22.575735512,10000000,23,2.300000000000e-06,2.300000000000e-06,-5.638272164,0,1.368296171,-1.062839674,1.075190202,1.182189358,96,7,7,adc_s16,0.050000000,12,1,-16.000000000,-6.000000000,6.000000000,16.000000000,0,1,0,0,-2,-1,-1,64,-14,19,-19,10,-10,7,-8,2,-3,1,-1,0,-1
256,132,-64,2.274970022522e-06,2.275e-6,-5.643024322,22.749700225,10000000,23,2.300000000000e-06,2.300000000000e-06,-5.638272164,0,1.282419796,-0.858355978,1.135136477,1.054977334,96,7,7,adc_s16,0.050000000,12,1,-16.000000000,-6.000000000,6.000000000,16.000000000,0,1,0,0,-2,1,-4,64,-28,7,-10,5,-7,7,-7,3,-3,1,-1,1,-1
256,184,0,2.275418340119e-06,2.275e-6,-5.642938746,22.754183401,10000000,23,2.300000000000e-06,2.300000000000e-06,-5.638272164,0,1.262626032,-1.006608202,1.052133765,1.081106343,96,7,7,adc_s16,0.050000000,12,1,-16.000000000,-6.000000000,6.000000000,16.000000000,0,1,0,0,-3,1,-4,64,-16,11,-13,7,-9,7,-8,3,-3,1,-1,1,-1
256,152,28,2.280539556996e-06,2.281e-6,-5.641962390,22.805395570,10000000,23,2.300000000000e-06,2.300000000000e-06,-5.638272164,0,1.340133630,-1.032052866,1.075412288,1.157477050,96,7,7,adc_s16,0.050000000,12,1,-16.000000000,-6.000000000,6.000000000,16.000000000,0,1,0,-1,-2,-1,-1,64,-18,18,-17,10,-9,7,-7,2,-3,1,-1,0,-1
256,72,-68,2.367717758143e-06,2.368e-6,-5.625670069,23.677177581,10000000,24,2.400000000000e-06,2.400000000000e-06,-5.619788758,0,1.436910890,-0.846282115,1.205750140,1.219469896,96,7,7,adc_s16,0.050000000,12,1,-16.000000000,-6.000000000,6.000000000,16.000000000,0,1,1,-1,-1,-1,0,64,-35,12,-13,7,-7,7,-7,3,-2,1,0,0,-1
256,84,-36,2.371672030243e-06,2.372e-6,-5.624945368,23.716720302,10000000,24,2.400000000000e-06,2.400000000000e-06,-5.619788758,0,1.488013448,-0.873795702,1.194197291,1.153936848,96,7,7,adc_s16,0.050000000,12,1,-16.000000000,-6.000000000,6.000000000,16.000000000,0,1,1,-1,-1,-2,0,64,-32,16,-15,8,-8,7,-7,3,-2,1,0,0,-1
256,152,-40,2.379493682629e-06,2.379e-6,-5.623515444,23.794936826,10000000,24,2.400000000000e-06,2.400000000000e-06,-5.619788758,0,1.149040950,-0.928668478,1.055374824,1.049349948,96,7,7,adc_s16,0.050000000,12,1,-16.000000000,-6.000000000,6.000000000,16.000000000,0,1,0,0,-3,1,-4,64,-23,9,-11,6,-7,7,-8,3,-3,1,-1,1,-1
256,120,-80,2.384274020465e-06,2.384e-6,-5.622643833,23.842740205,10000000,24,2.400000000000e-06,2.400000000000e-06,-5.619788758,0,1.276363065,-0.824172431,1.122565528,1.050147748,96,7,7,adc_s16,0.050000000,12,1,-16.000000000,-6.000000000,6.000000000,16.000000000,0,1,0,0,-2,1,-4,64,-31,6,-9,5,-6,7,-7,3,-2,1,-1,1,-1
256,160,44,2.388151696434e-06,2.388e-6,-5.621938090,23.881516964,10000000,24,2.400000000000e-06,2.400000000000e-06,-5.619788758,0,1.465216324,-1.015439723,1.089241668,1.129074530,96,7,7,adc_s16,0.050000000,12,1,-16.000000000,-6.000000000,6.000000000,16.000000000,0,1,0,-1,-2,-1,-1,64,-16,19,-18,10,-10,7,-8,2,-3,1,-1,0,-1
256,108,-12,2.392141481766e-06,2.392e-6,-5.621213138,23.921414818,10000000,24,2.400000000000e-06,2.400000000000e-06,-5.619788758,0,1.461363969,-0.936851532,1.168320042,1.170735841,96,7,7,adc_s16,0.050000000,12,1,-16.000000000,-6.000000000,6.000000000,16.000000000,0,1,0,-1,-1,-2,0,64,-27,16,-16,9,-8,7,-7,3,-2,1,0,0,-1
256,196,68,2.513588705078e-06,2.514e-6,-5.599705784,25.135887051,10000000,25,2.500000000000e-06,2.500000000000e-06,-5.602059991,0,1.505100514,-1.107614872,1.088140054,1.193559487,96,7,7,adc_s16,0.050000000,12,1,-16.000000000,-6.000000000,6.000000000,16.000000000,0,1,0,0,-2,0,-2,64,-11,19,-19,10,-10,7,-8,2,-3,1,-1,0,-1
256,164,48,2.566550173899e-06,2.567e-6,-5.590650241,25.665501739,10000000,26,2.600000000000e-06,2.600000000000e-06,-5.585026652,0,1.403015704,-1.056354990,1.079232117,1.151620542,96,7,7,adc_s16,0.050000000,12,1,-16.000000000,-6.000000000,6.000000000,16.000000000,0,1,0,-1,-2,-1,-1,64,-15,19,-19,10,-10,7,-8,2,-3,1,-1,0,-1
256,124,-76,2.584980189084e-06,2.585e-6,-5.587542781,25.849801891,10000000,26,2.600000000000e-06,2.600000000000e-06,-5.585026652,0,1.209482605,-0.847301136,1.108403473,1.052695641,96,7,7,adc_s16,0.050000000,12,1,-16.000000000,-6.000000000,6.000000000,16.000000000,0,1,0,0,-2,1,-4,64,-30,7,-9,5,-6,7,-7,3,-2,1,-1,1,-1
256,92,-44,2.614791040647e-06,2.615e-6,-5.582563012,26.147910406,10000000,26,2.600000000000e-06,2.600000000000e-06,-5.585026652,0,1.444802798,-0.895967144,1.165473572,1.220620628,96,7,7,adc_s16,0.050000000,12,1,-16.000000000,-6.000000000,6.000000000,16.000000000,0,1,0,-1,-1,-1,0,64,-31,14,-14,8,-7,7,-7,3,-2,1,0,0,-1
256,184,72,2.718129636752e-06,2.718e-6,-5.565729834,27.181296368,10000000,27,2.700000000000e-06,2.700000000000e-06,-5.568636236,0,1.625316857,-1.106410573,1.137777955,1.163301182,96,7,7,adc_s16,0.050000000,12,1,-16.000000000,-6.000000000,6.000000000,16.000000000,0,1,0,0,-2,-1,-1,64,-11,21,-20,11,-11,7,-8,2,-3,1,-1,0,-1
256,176,-16,2.777483664689e-06,2.777e-6,-5.556348487,27.774836647,10000000,28,2.800000000000e-06,2.800000000000e-06,-5.552841969,0,1.227870051,-0.965167984,1.049753296,1.079596459,96,7,7,adc_s16,0.050000000,12,1,-16.000000000,-6.000000000,6.000000000,16.000000000,0,1,0,0,-3,1,-4,64,-18,10,-12,7,-8,7,-8,3,-3,1,-1,1,-1
256,204,44,2.793037379438e-06,2.793e-6,-5.553923252,27.930373794,10000000,28,2.800000000000e-06,2.800000000000e-06,-5.552841969,0,1.352293070,-1.070621294,1.043454884,1.210377184,96,7,7,adc_s16,0.050000000,12,1,-16.000000000,-6.000000000,6.000000000,16.000000000,0,1,0,0,-3,1,-4,64,-11,15,-16,9,-10,7,-8,2,-3,1,-1,0,-1
256,76,-44,2.848057526244e-06,2.848e-6,-5.545451243,28.480575262,10000000,28,2.800000000000e-06,2.800000000000e-06,-5.552841969,0,1.586778160,-0.852982955,1.247600645,1.199660002,96,7,7,adc_s16,0.050000000,12,1,-16.000000000,-6.000000000,6.000000000,16.000000000,0,1,1,-1,-1,-2,1,64,-34,15,-15,8,-8,7,-7,3,-2,1,0,0,-1
256,148,-44,2.900913076881e-06,2.901e-6,-5.537465284,29.009130769,10000000,29,2.900000000000e-06,2.900000000000e-06,-5.537602002,0,1.180940229,-0.908504200,1.056040860,1.063203587,96,7,7,adc_s16,0.050000000,12,1,-16.000000000,-6.000000000,6.000000000,16.000000000,0,1,0,0,-3,1,-4,64,-24,9,-11,6,-7,7,-8,3,-3,1,-1,1,-1
256,176,0,2.906116039498e-06,2.906e-6,-5.536687049,29.061160395,10000000,29,2.900000000000e-06,2.900000000000e-06,-5.537602002,0,1.192932816,-0.941699605,1.022354720,1.086500443,96,7,7,adc_s16,0.050000000,12,1,-16.000000000,-6.000000000,6.000000000,16.000000000,0,1,0,0,-3,1,-4,64,-17,12,-14,7,-9,7,-8,3,-3,1,-1,1,-1
256,196,24,2.921411123369e-06,2.921e-6,-5.534407321,29.214111234,10000000,29,2.900000000000e-06,2.900000000000e-06,-5.537602002,0,1.332176085,-1.025104990,1.064658288,1.100320754,96,7,7,adc_s16,0.050000000,12,1,-16.000000000,-6.000000000,6.000000000,16.000000000,0,1,0,0,-3,1,-4,64,-13,13,-15,8,-9,7,-8,2,-3,1,-1,1,-1
256,148,32,2.994337669458e-06,2.994e-6,-5.523699226,29.943376695,10000000,30,3.000000000000e-06,3.000000000000e-06,-5.522878745,0,1.560328487,-1.028934042,1.152746423,1.214838911,96,7,7,adc_s16,0.050000000,12,1,-16.000000000,-6.000000000,6.000000000,16.000000000,0,1,0,-1,-1,-1,-1,64,-18,19,-18,10,-10,7,-7,2,-3,1,-1,0,-1
256,72,-52,3.040184758054e-06,3.040e-6,-5.517100023,30.401847581,10000000,30,3.000000000000e-06,3.000000000000e-06,-5.522878745,0,1.481162722,-0.874567688,1.196212027,1.190943386,96,7,7,adc_s16,0.050000000,12,1,-16.000000000,-6.000000000,6.000000000,16.000000000,0,1,1,-1,-1,-2,0,64,-35,15,-14,8,-7,7,-7,3,-2,1,0,0,-1
256,88,-48,3.077744668868e-06,3.078e-6,-5.511767412,30.777446689,10000000,31,3.100000000000e-06,3.100000000000e-06,-5.508638306,0,1.386694252,-0.875061759,1.145082388,1.229802089,96,7,7,adc_s16,0.050000000,12,1,-16.000000000,-6.000000000,6.000000000,16.000000000,0,1,0,-1,-1,-1,0,64,-32,14,-14,8,-7,7,-7,3,-2,1,0,0,-1
256,148,-48,3.094054892969e-06,3.094e-6,-5.509471986,30.940548930,10000000,31,3.100000000000e-06,3.100000000000e-06,-5.508638306,0,1.301890817,-0.896893528,1.096051419,1.043496968,96,7,7,adc_s16,0.050000000,12,1,-16.000000000,-6.000000000,6.000000000,16.000000000,0,1,0,0,-3,1,-4,64,-24,8,-11,6,-7,7,-8,3,-3,1,-1,1,-1
256,80,-44,3.110607002902e-06,3.111e-6,-5.507154855,31.106070029,10000000,31,3.100000000000e-06,3.100000000000e-06,-5.508638306,0,1.521748084,-0.864130435,1.204716771,1.191715630,96,7,7,adc_s16,0.050000000,12,1,-16.000000000,-6.000000000,6.000000000,16.000000000,0,1,1,-1,-1,-2,0,64,-33,15,-14,8,-8,7,-7,3,-2,1,0,0,-1
256,164,44,3.208961036515e-06,3.209e-6,-5.493635556,32.089610365,10000000,32,3.200000000000e-06,3.200000000000e-06,-5.494850022,0,1.401454304,-1.022387599,1.084111904,1.128550083,96,7,7,adc_s16,0.050000000,12,1,-16.000000000,-6.000000000,6.000000000,16.000000000,0,1,0,-1,-2,-1,-1,64,-15,19,-18,10,-10,7,-8,2,-3,1,-1,0,-1
256,208,24,3.258504793516e-06,3.259e-6,-5.486981636,32.585047935,10000000,33,3.300000000000e-06,3.300000000000e-06,-5.481486060,0,1.471198696,-1.039525692,1.114773608,1.092166877,96,7,7,adc_s16,0.050000000,12,1,-16.000000000,-6.000000000,6.000000000,16.000000000,0,1,0,0,-3,2,-5,64,-11,12,-14,8,-9,7,-8,2,-3,1,-1,1,-1
256,176,60,3.268812730573e-06,3.269e-6,-5.485609959,32.688127306,10000000,33,3.300000000000e-06,3.300000000000e-06,-5.481486060,0,1.657092632,-1.087944664,1.180282475,1.167838682,96,7,7,adc_s16,0.050000000,12,1,-16.000000000,-6.000000000,6.000000000,16.000000000,0,1,0,0,-2,-1,-1,64,-12,20,-19,11,-10,7,-8,2,-3,1,-1,0,-1
256,168,52,3.391737117721e-06,3.392e-6,-5.469577816,33.917371177,10000000,34,3.400000000000e-06,3.400000000000e-06,-5.468521083,0,1.425527460,-1.051445158,1.091613308,1.162975120,96,7,7,adc_s16,0.050000000,12,1,-16.000000000,-6.000000000,6.000000000,16.000000000,0,1,0,-1,-2,-1,-1,64,-14,19,-19,10,-10,7,-8,2,-3,1,-1,0,-1
256,92,-24,3.406342378011e-06,3.406e-6,-5.467711702,34.063423780,10000000,34,3.400000000000e-06,3.400000000000e-06,-5.468521083,0,1.572626787,-0.936233943,1.220829457,1.199234485,96,7,7,adc_s16,0.050000000,12,1,-16.000000000,-6.000000000,6.000000000,16.000000000,0,1,1,-1,-1,-2,0,64,-30,16,-16,9,-8,7,-7,3,-2,1,0,0,-1
256,76,-48,3.587420486008e-06,3.587e-6,-5.445217716,35.874204860,10000000,36,3.600000000000e-06,3.600000000000e-06,-5.443697499,0,1.539206379,-0.884356472,1.225243722,1.197735609,96,7,7,adc_s16,0.050000000,12,1,-16.000000000,-6.000000000,6.000000000,16.000000000,0,1,1,-1,-1,-2,0,64,-34,15,-14,8,-7,7,-7,3,-2,1,0,0,-1
256,180,68,3.600377007050e-06,3.600e-6,-5.443652020,36.003770070,10000000,36,3.600000000000e-06,3.600000000000e-06,-5.443697499,0,1.656224845,-1.109097085,1.181338873,1.191679905,96,7,7,adc_s16,0.050000000,12,1,-16.000000000,-6.000000000,6.000000000,16.000000000,0,1,0,0,-2,-1,-1,64,-11,20,-20,11,-11,7,-8,2,-3,1,-1,0,-1
256,92,-28,3.659136863148e-06,3.659e-6,-5.436621346,36.591368631,10000000,37,3.700000000000e-06,3.700000000000e-06,-5.431798276,0,1.558601069,-0.882256670,1.211041262,1.207480039,96,7,7,adc_s16,0.050000000,12,1,-16.000000000,-6.000000000,6.000000000,16.000000000,0,1,0,-1,-1,-2,0,64,-30,16,-15,8,-8,7,-7,3,-2,1,0,0,-1
256,156,44,3.660601760218e-06,3.661e-6,-5.436447516,36.606017602,10000000,37,3.700000000000e-06,3.700000000000e-06,-5.431798276,0,1.596357035,-1.045670702,1.178253903,1.213438184,96,7,7,adc_s16,0.050000000,12,1,-16.000000000,-6.000000000,6.000000000,16.000000000,0,1,0,-1,-1,-1,-1,64,-16,19,-19,10,-10,7,-7,2,-3,1,-1,0,-1
256,200,60,3.701839647280e-06,3.702e-6,-5.431582398,37.018396473,10000000,37,3.700000000000e-06,3.700000000000e-06,-5.431798276,0,1.510569210,-1.086153656,1.115196356,1.263394838,96,7,7,adc_s16,0.050000000,12,1,-16.000000000,-6.000000000,6.000000000,16.000000000,0,1,0,0,-2,0,-3,64,-11,17,-18,10,-10,7,-8,2,-3,1,-1,0,-1
256,116,4,3.802748219385e-06,3.803e-6,-5.419902428,38.027482194,10000000,38,3.800000000000e-06,3.800000000000e-06,-5.420216403,0,1.620624858,-0.944818429,1.219561403,1.199995904,96,7,7,adc_s16,0.050000000,12,1,-16.000000000,-6.000000000,6.000000000,16.000000000,0,1,0,-1,-1,-2,0,64,-25,18,-17,9,-9,7,-7,3,-2,1,0,0,-1
256,160,-28,3.812351879214e-06,3.812e-6,-5.418807021,38.123518792,10000000,38,3.800000000000e-06,3.800000000000e-06,-5.420216403,0,1.198109691,-0.930830040,1.054579941,1.098344611,96,7,7,adc_s16,0.050000000,12,1,-16.000000000,-6.000000000,6.000000000,16.000000000,0,1,0,0,-3,1,-4,64,-21,10,-12,6,-8,7,-8,3,-3,1,-1,1,-1
256,108,-16,3.831632007065e-06,3.832e-6,-5.416616208,38.316320071,10000000,38,3.800000000000e-06,3.800000000000e-06,-5.420216403,0,1.551643211,-0.946115366,1.184498598,1.250556640,96,7,7,adc_s16,0.050000000,12,1,-16.000000000,-6.000000000,6.000000000,16.000000000,0,1,0,-1,-1,-1,0,64,-27,16,-16,9,-8,7,-7,3,-2,1,0,0,-1
256,188,4,3.839626190028e-06,3.840e-6,-5.415711055,38.396261900,10000000,38,3.800000000000e-06,3.800000000000e-06,-5.420216403,0,1.234308856,-0.994534338,1.037166231,1.119993461,96,7,7,adc_s16,0.050000000,12,1,-16.000000000,-6.000000000,6.000000000,16.000000000,0,1,0,0,-3,1,-4,64,-15,11,-13,7,-9,7,-8,3,-3,1,-1,1,-1
256,172,56,3.982935068468e-06,3.983e-6,-5.399796774,39.829350685,10000000,40,4.000000000000e-06,4.000000000000e-06,-5.397940009,0,1.476979977,-1.039618330,1.100830756,1.146224449,96,7,7,adc_s16,0.050000000,12,1,-16.000000000,-6.000000000,6.000000000,16.000000000,0,1,0,-1,-2,-1,-1,64,-13,20,-19,10,-10,7,-8,2,-3,1,-1,0,-1
256,124,-8,4.005523425643e-06,4.006e-6,-5.397340724,40.055234256,10000000,40,4.000000000000e-06,4.000000000000e-06,-5.397940009,0,1.476208598,-0.938457263,1.144105177,1.241033456,96,7,7,adc_s16,0.050000000,12,1,-16.000000000,-6.000000000,6.000000000,16.000000000,0,1,0,-1,-1,-1,-1,64,-24,16,-15,9,-8,7,-7,3,-3,1,-1,0,-1
256,180,-12,4.077348066085e-06,4.077e-6,-5.389622213,40.773480661,10000000,41,4.100000000000e-06,4.100000000000e-06,-5.387216143,0,1.412065787,-0.973227520,1.103454256,1.049852148,96,7,7,adc_s16,0.050000000,12,1,-16.000000000,-6.000000000,6.000000000,16.000000000,0,1,0,0,-3,1,-5,64,-17,10,-12,7,-8,7,-8,3,-3,1,-1,1,-1
256,136,20,4.145741392265e-06,4.146e-6,-5.382397792,41.457413923,10000000,41,4.100000000000e-06,4.100000000000e-06,-5.387216143,0,1.577065325,-1.010313735,1.175022337,1.236488920,96,7,7,adc_s16,0.050000000,12,1,-16.000000000,-6.000000000,6.000000000,16.000000000,0,1,0,-1,-1,-1,-1,64,-21,18,-17,10,-9,7,-7,3,-3,1,-1,0,-1
256,144,32,4.236867063417e-06,4.237e-6,-5.372955162,42.368670634,10000000,42,4.200000000000e-06,4.200000000000e-06,-5.376750710,0,1.605349996,-1.018898221,1.185206977,1.231546242,96,7,7,adc_s16,0.050000000,12,1,-16.000000000,-6.000000000,6.000000000,16.000000000,0,1,0,-1,-1,-1,-1,64,-19,19,-18,10,-10,7,-7,2,-3,1,-1,0,-1
256,200,64,4.343909539671e-06,4.344e-6,-5.362119227,43.439095397,10000000,43,4.300000000000e-06,4.300000000000e-06,-5.366531544,0,1.517498119,-1.096282115,1.127030360,1.259354607,96,7,7,adc_s16,0.050000000,12,1,-16.000000000,-6.000000000,6.000000000,16.000000000,0,1,0,0,-2,0,-3,64,-11,18,-18,10,-10,7,-8,2,-3,1,-1,0,-1
256,112,-12,4.425915917415e-06,4.426e-6,-5.353996841,44.259159174,10000000,44,4.400000000000e-06,4.400000000000e-06,-5.356547324,0,1.620911481,-0.949234190,1.211315689,1.233787745,96,7,7,adc_s16,0.050000000,12,1,-16.000000000,-6.000000000,6.000000000,16.000000000,0,1,0,-1,-1,-1,0,64,-26,16,-16,9,-8,7,-7,3,-2,1,0,0,-1
256,128,-68,4.610912238732e-06,4.611e-6,-5.336213144,46.109122387,10000000,46,4.600000000000e-06,4.600000000000e-06,-5.337242168,0,1.333752095,-0.853754941,1.133911390,1.102873026,96,7,7,adc_s16,0.050000000,12,1,-16.000000000,-6.000000000,6.000000000,16.000000000,0,1,0,0,-2,1,-4,64,-29,7,-10,5,-7,7,-7,3,-3,1,-1,1,-1
256,140,28,4.612490359086e-06,4.612e-6,-5.336064529,46.124903591,10000000,46,4.600000000000e-06,4.600000000000e-06,-5.337242168,0,1.549503366,-0.997992836,1.175723496,1.211806305,96,7,7,adc_s16,0.050000000,12,1,-16.000000000,-6.000000000,6.000000000,16.000000000,0,1,0,-1,-1,-1,-1,64,-20,19,-18,10,-9,7,-7,2,-3,1,-1,0,-1
256,132,-68,4.668143122895e-06,4.668e-6,-5.330855837,46.681431229,10000000,47,4.700000000000e-06,4.700000000000e-06,-5.327902142,0,1.322556013,-0.856626729,1.156394550,1.098961186,96,7,7,adc_s16,0.050000000,12,1,-16.000000000,-6.000000000,6.000000000,16.000000000,0,1,0,0,-2,1,-4,64,-28,7,-10,5,-7,7,-7,3,-3,1,-1,1,-1
256,132,16,4.830684492282e-06,4.831e-6,-5.315991327,48.306844923,10000000,48,4.800000000000e-06,4.800000000000e-06,-5.318758763,0,1.744050700,-1.001883646,1.231496561,1.239226853,96,7,7,adc_s16,0.050000000,12,1,-16.000000000,-6.000000000,6.000000000,16.000000000,0,1,0,-1,-1,-1,0,64,-22,18,-17,10,-9,7,-7,3,-3,1,-1,0,-1
256,188,72,4.893567737890e-06,4.894e-6,-5.310374396,48.935677379,10000000,49,4.900000000000e-06,4.900000000000e-06,-5.309803920,0,1.544513271,-1.101994812,1.130636948,1.245542512,96,7,7,adc_s16,0.050000000,12,1,-16.000000000,-6.000000000,6.000000000,16.000000000,0,1,0,0,-2,-1,-2,64,-11,20,-20,11,-11,7,-8,2,-3,1,-1,0,-1
256,148,40,5.189629629596e-06,5.190e-6,-5.284863636,51.896296296,10000000,52,5.200000000000e-06,5.200000000000e-06,-5.283996656,0,1.623847651,-1.041532856,1.199894433,1.212560804,96,7,7,adc_s16,0.050000000,12,1,-16.000000000,-6.000000000,6.000000000,16.000000000,0,1,0,-1,-1,-1,-1,64,-18,20,-19,10,-10,7,-7,2,-3,1,-1,0,-1
256,144,24,5.267950263500e-06,5.268e-6,-5.278358334,52.679502635,10000000,53,5.300000000000e-06,5.300000000000e-06,-5.275724130,0,1.622533409,-1.009140316,1.205390871,1.227742137,96,7,7,adc_s16,0.050000000,12,1,-16.000000000,-6.000000000,6.000000000,16.000000000,0,1,0,-1,-1,-1,-1,64,-19,18,-17,10,-9,7,-7,2,-3,1,-1,0,-1
256,192,72,5.313665850000e-06,5.314e-6,-5.274605760,53.136658500,10000000,53,5.300000000000e-06,5.300000000000e-06,-5.275724130,0,1.531307600,-1.107089921,1.119191933,1.216313769,96,7,7,adc_s16,0.050000000,12,1,-16.000000000,-6.000000000,6.000000000,16.000000000,0,1,0,0,-2,0,-2,64,-11,20,-19,11,-11,7,-8,2,-3,1,-1,0,-1
256,180,-8,5.375075661634e-06,5.375e-6,-5.269615418,53.750756616,10000000,54,5.400000000000e-06,5.400000000000e-06,-5.267606240,0,1.349572449,-0.984838192,1.105318255,1.112664201,96,7,7,adc_s16,0.050000000,12,1,-16.000000000,-6.000000000,6.000000000,16.000000000,0,1,0,0,-3,1,-4,64,-17,10,-13,7,-8,7,-8,3,-3,1,-1,1,-1
256,148,36,5.482144920745e-06,5.482e-6,-5.261049488,54.821449207,10000000,55,5.500000000000e-06,5.500000000000e-06,-5.259637311,0,1.648686241,-1.030663291,1.191471685,1.249271601,96,7,7,adc_s16,0.050000000,12,1,-16.000000000,-6.000000000,6.000000000,16.000000000,0,1,0,-1,-1,-1,-1,64,-18,19,-18,10,-10,7,-7,2,-3,1,-1,0,-1
256,152,36,5.524324490378e-06,5.524e-6,-5.257720820,55.243244904,10000000,55,5.500000000000e-06,5.500000000000e-06,-5.259637311,0,1.605400067,-1.022912549,1.187244288,1.263120432,96,7,7,adc_s16,0.050000000,12,1,-16.000000000,-6.000000000,6.000000000,16.000000000,0,1,0,-1,-1,-1,-1,64,-17,19,-18,10,-10,7,-7,2,-3,1,-1,0,-1
256,128,-80,5.772090617549e-06,5.772e-6,-5.238666859,57.720906175,10000000,58,5.800000000000e-06,5.800000000000e-06,-5.236572006,0,1.404710020,-0.864995059,1.172865716,1.084940452,96,7,7,adc_s16,0.050000000,12,1,-16.000000000,-6.000000000,6.000000000,16.000000000,0,1,0,0,-2,1,-4,64,-29,6,-9,5,-6,7,-7,3,-3,1,-1,1,-1
256,108,-8,5.886396051223e-06,5.886e-6,-5.230150521,58.863960512,10000000,59,5.900000000000e-06,5.900000000000e-06,-5.229147988,0,1.617055959,-0.955996789,1.213992884,1.228449019,96,7,7,adc_s16,0.050000000,12,1,-16.000000000,-6.000000000,6.000000000,16.000000000,0,1,0,-1,-1,-2,0,64,-27,17,-16,9,-8,7,-7,3,-2,1,0,0,-1
256,184,-4,5.919739874354e-06,5.920e-6,-5.227697377,59.197398744,10000000,59,5.900000000000e-06,5.900000000000e-06,-5.229147988,0,1.321882236,-0.997344368,1.079735544,1.117435795,96,7,7,adc_s16,0.050000000,12,1,-16.000000000,-6.000000000,6.000000000,16.000000000,0,1,0,0,-3,1,-4,64,-16,10,-13,7,-8,7,-8,3,-3,1,-1,1,-1
256,124,-80,6.222272489819e-06,6.222e-6,-5.206050974,62.222724898,10000000,62,6.200000000000e-06,6.200000000000e-06,-5.207608311,0,1.316767113,-0.832849555,1.156258395,1.104286845,96,7,7,adc_s16,0.050000000,12,1,-16.000000000,-6.000000000,6.000000000,16.000000000,0,1,0,0,-2,1,-4,64,-30,6,-9,5,-6,7,-7,3,-2,1,-1,1,-1
256,168,-28,6.269048013189e-06,6.269e-6,-5.202798404,62.690480132,10000000,63,6.300000000000e-06,6.300000000000e-06,-5.200659451,0,1.295386734,-0.915946146,1.115646816,1.123845012,96,7,7,adc_s16,0.050000000,12,1,-16.000000000,-6.000000000,6.000000000,16.000000000,0,1,0,0,-3,1,-4,64,-20,9,-11,6,-8,7,-8,3,-3,1,-1,1,-1
256,168,56,6.272675797238e-06,6.273e-6,-5.202547158,62.726757972,10000000,63,6.300000000000e-06,6.300000000000e-06,-5.200659451,0,1.556404252,-1.054780138,1.132178545,1.186438487,96,7,7,adc_s16,0.050000000,12,1,-16.000000000,-6.000000000,6.000000000,16.000000000,0,1,0,-1,-2,-1,-1,64,-14,20,-19,11,-10,7,-8,2,-3,1,-1,0,-1
256,112,-4,6.321162490416e-06,6.321e-6,-5.199203046,63.211624904,10000000,63,6.300000000000e-06,6.300000000000e-06,-5.200659451,0,1.613964378,-0.946763834,1.237173382,1.239147921,96,7,7,adc_s16,0.050000000,12,1,-16.000000000,-6.000000000,6.000000000,16.000000000,0,1,0,-1,-1,-2,0,64,-26,17,-16,9,-9,7,-7,3,-2,1,0,0,-1
256,200,52,6.405967606308e-06,6.406e-6,-5.193415262,64.059676063,10000000,64,6.400000000000e-06,6.400000000000e-06,-5.193820026,0,1.457224662,-1.099493577,1.082882720,1.264814395,96,7,7,adc_s16,0.050000000,12,1,-16.000000000,-6.000000000,6.000000000,16.000000000,0,1,0,0,-3,0,-3,64,-11,16,-17,9,-10,7,-8,2,-3,1,-1,0,-1
256,148,-52,6.566306646686e-06,6.566e-6,-5.182678840,65.663066467,10000000,66,6.600000000000e-06,6.600000000000e-06,-5.180456064,0,1.460099051,-0.843410326,1.155593054,1.085191117,96,7,7,adc_s16,0.050000000,12,1,-16.000000000,-6.000000000,6.000000000,16.000000000,0,1,0,0,-3,1,-4,64,-25,7,-10,6,-7,7,-8,3,-3,1,-1,1,-1
256,160,48,6.645361688762e-06,6.645e-6,-5.177481377,66.453616888,10000000,66,6.600000000000e-06,6.600000000000e-06,-5.180456064,0,1.514447138,-1.064105731,1.144285881,1.224143608,96,7,7,adc_s16,0.050000000,12,1,-16.000000000,-6.000000000,6.000000000,16.000000000,0,1,0,-1,-2,-1,-1,64,-15,20,-19,10,-10,7,-7,2,-3,1,-1,0,-1
256,140,-60,6.703279383490e-06,6.703e-6,-5.173712679,67.032793835,10000000,67,6.700000000000e-06,6.700000000000e-06,-5.173925197,0,1.356988176,-0.862740860,1.143868445,1.069240156,96,7,7,adc_s16,0.050000000,12,1,-16.000000000,-6.000000000,6.000000000,16.000000000,0,1,0,0,-3,1,-4,64,-26,7,-10,5,-7,7,-7,3,-3,1,-1,1,-1
256,200,68,7.097036266318e-06,7.097e-6,-5.148922975,70.970362663,10000000,71,7.100000000000e-06,7.100000000000e-06,-5.148741651,0,1.629645005,-1.102581522,1.155362052,1.287312558,96,7,7,adc_s16,0.050000000,12,1,-16.000000000,-6.000000000,6.000000000,16.000000000,0,1,0,0,-2,0,-3,64,-11,19,-19,10,-10,7,-8,2,-3,1,-1,0,-1
256,204,52,7.225572156509e-06,7.226e-6,-5.141127758,72.255721565,10000000,72,7.200000000000e-06,7.200000000000e-06,-5.142667504,0,1.525698669,-1.059257658,1.115270079,1.262478438,96,7,7,adc_s16,0.050000000,12,1,-16.000000000,-6.000000000,6.000000000,16.000000000,0,1,0,0,-3,1,-3,64,-11,16,-17,9,-10,7,-8,2,-3,1,-1,0,-1
256,104,-8,7.348062108043e-06,7.348e-6,-5.133827182,73.480621080,10000000,73,7.300000000000e-06,7.300000000000e-06,-5.136677140,0,1.675207197,-0.925704051,1.262176980,1.290793068,96,7,7,adc_s16,0.050000000,12,1,-16.000000000,-6.000000000,6.000000000,16.000000000,0,1,0,-1,-1,-2,0,64,-27,17,-17,9,-8,7,-7,3,-2,1,0,0,-1
256,128,20,7.720687118417e-06,7.721e-6,-5.112344047,77.206871184,10000000,77,7.700000000000e-06,7.700000000000e-06,-5.113509275,0,1.779450942,-0.984807312,1.271914140,1.220473291,96,7,7,adc_s16,0.050000000,12,1,-16.000000000,-6.000000000,6.000000000,16.000000000,0,1,0,-1,-1,-2,0,64,-22,19,-18,10,-9,7,-7,3,-3,1,-1,0,-1
256,196,12,7.858629230138e-06,7.859e-6,-5.104653201,78.586292301,10000000,79,7.900000000000e-06,7.900000000000e-06,-5.102372909,0,1.499204989,-1.024363883,1.160649924,1.110773718,96,7,7,adc_s16,0.050000000,12,1,-16.000000000,-6.000000000,6.000000000,16.000000000,0,1,0,0,-3,1,-5,64,-13,12,-14,7,-9,7,-8,3,-3,1,-1,1,-1
256,188,0,7.937240749077e-06,7.937e-6,-5.100330447,79.372407491,10000000,79,7.900000000000e-06,7.900000000000e-06,-5.102372909,0,1.443416287,-1.005156868,1.132525153,1.113702595,96,7,7,adc_s16,0.050000000,12,1,-16.000000000,-6.000000000,6.000000000,16.000000000,0,1,0,0,-3,1,-5,64,-15,11,-13,7,-9,7,-8,3,-3,1,-1,1,-1
256,124,16,7.966069262296e-06,7.966e-6,-5.098755922,79.660692623,10000000,80,8.000000000000e-06,8.000000000000e-06,-5.096910013,0,1.744268342,-0.988729002,1.260133550,1.213078030,96,7,7,adc_s16,0.050000000,12,1,-16.000000000,-6.000000000,6.000000000,16.000000000,0,1,0,-1,-1,-2,0,64,-23,19,-18,10,-9,7,-7,3,-3,1,0,0,-1
256,140,36,8.017484381465e-06,8.017e-6,-5.095961877,80.174843815,10000000,80,8.000000000000e-06,8.000000000000e-06,-5.096910013,0,1.915867892,-1.010468132,1.297555915,1.234690391,96,7,7,adc_s16,0.050000000,12,1,-16.000000000,-6.000000000,6.000000000,16.000000000,0,1,0,-1,-1,-2,0,64,-19,20,-19,10,-10,7,-7,2,-3,1,-1,0,-1
256,204,48,8.057925334055e-06,8.058e-6,-5.093776761,80.579253341,10000000,81,8.100000000000e-06,8.100000000000e-06,-5.091514981,0,1.468699810,-1.076797184,1.127330452,1.270154369,96,7,7,adc_s16,0.050000000,12,1,-16.000000000,-6.000000000,6.000000000,16.000000000,0,1,0,0,-3,1,-4,64,-11,16,-17,9,-10,7,-8,2,-3,1,-1,0,-1
256,152,-48,8.127676591064e-06,8.128e-6,-5.090033586,81.276765911,10000000,81,8.100000000000e-06,8.100000000000e-06,-5.091514981,0,1.357956403,-0.869256423,1.127608354,1.137451544,96,7,7,adc_s16,0.050000000,12,1,-16.000000000,-6.000000000,6.000000000,16.000000000,0,1,0,0,-3,1,-4,64,-24,8,-10,6,-7,7,-8,3,-3,1,-1,1,-1
256,68,-64,8.223952437800e-06,8.224e-6,-5.084919410,82.239524378,10000000,82,8.200000000000e-06,8.200000000000e-06,-5.086186148,0,1.605362573,-0.812901433,1.261131912,1.254051589,96,7,7,adc_s16,0.050000000,12,1,-16.000000000,-6.000000000,6.000000000,16.000000000,0,1,1,-1,-1,-2,0,64,-35,13,-13,7,-7,7,-7,3,-2,1,0,0,-1
256,116,-4,8.229447077205e-06,8.229e-6,-5.084629343,82.294470772,10000000,82,8.200000000000e-06,8.200000000000e-06,-5.086186148,0,1.710391828,-0.955193923,1.253984361,1.297440328,96,7,7,adc_s16,0.050000000,12,1,-16.000000000,-6.000000000,6.000000000,16.000000000,0,1,0,-1,-1,-1,0,64,-25,17,-16,9,-9,7,-7,3,-2,1,-1,0,-1
256,124,8,8.232387928469e-06,8.232e-6,-5.084474173,82.323879285,10000000,82,8.200000000000e-06,8.200000000000e-06,-5.086186148,0,1.758691490,-1.012938488,1.266968599,1.227058653,96,7,7,adc_s16,0.050000000,12,1,-16.000000000,-6.000000000,6.000000000,16.000000000,0,1,0,-1,-1,-1,0,64,-23,18,-17,9,-9,7,-7,3,-3,1,-1,0,-1
256,152,44,8.375340614396e-06,8.375e-6,-5.076997522,83.753406144,10000000,84,8.400000000000e-06,8.400000000000e-06,-5.075720714,0,1.665707342,-1.035634881,1.225055198,1.246884411,96,7,7,adc_s16,0.050000000,12,1,-16.000000000,-6.000000000,6.000000000,16.000000000,0,1,0,-1,-1,-1,-1,64,-17,20,-19,10,-10,7,-7,2,-3,1,-1,0,-1
256,208,20,8.493338960290e-06,8.493e-6,-5.070921543,84.933389603,10000000,85,8.500000000000e-06,8.500000000000e-06,-5.070581074,0,1.593977978,-1.050395257,1.163617319,1.103136301,96,7,7,adc_s16,0.050000000,12,1,-16.000000000,-6.000000000,6.000000000,16.000000000,0,1,0,0,-3,2,-5,64,-11,11,-14,8,-9,7,-8,3,-3,1,-1,1,-1
256,188,76,8.567112989186e-06,8.567e-6,-5.067165505,85.671129892,10000000,86,8.600000000000e-06,8.600000000000e-06,-5.065501549,0,1.612005965,-1.083837698,1.139284523,1.267311572,96,7,7,adc_s16,0.050000000,12,1,-16.000000000,-6.000000000,6.000000000,16.000000000,0,1,0,0,-2,-1,-2,64,-11,21,-20,11,-11,7,-8,2,-3,1,-1,0,-1
256,160,-32,8.607857994673e-06,8.608e-6,-5.065104906,86.078579947,10000000,86,8.600000000000e-06,8.600000000000e-06,-5.065501549,0,1.351937016,-0.920331028,1.147407421,1.161406563,96,7,7,adc_s16,0.050000000,12,1,-16.000000000,-6.000000000,6.000000000,16.000000000,0,1,0,0,-3,1,-4,64,-22,9,-11,6,-8,7,-8,3,-3,1,-1,1,-1
256,192,-4,8.860281568960e-06,8.860e-6,-5.052552477,88.602815690,10000000,89,8.900000000000e-06,8.900000000000e-06,-5.050609993,0,1.506744818,-1.014451581,1.131955462,1.112998517,96,7,7,adc_s16,0.050000000,12,1,-16.000000000,-6.000000000,6.000000000,16.000000000,0,1,0,0,-3,2,-5,64,-15,10,-12,7,-8,7,-8,3,-3,1,-1,1,-1
256,152,40,8.974940862665e-06,8.975e-6,-5.046968404,89.749408627,10000000,90,9.000000000000e-06,9.000000000000e-06,-5.045757491,0,1.696240336,-1.024641798,1.223216859,1.290915358,96,7,7,adc_s16,0.050000000,12,1,-16.000000000,-6.000000000,6.000000000,16.000000000,0,1,0,-1,-1,-1,-1,64,-17,19,-18,10,-10,7,-7,2,-3,1,-1,0,-1
256,120,8,9.129224825003e-06,9.129e-6,-5.039566097,91.292248250,10000000,91,9.100000000000e-06,9.100000000000e-06,-5.040958608,0,1.828954845,-0.978199111,1.272350088,1.270255538,96,7,7,adc_s16,0.050000000,12,1,-16.000000000,-6.000000000,6.000000000,16.000000000,0,1,0,-1,-1,-2,0,64,-24,18,-17,10,-9,7,-7,3,-2,1,0,0,-1
256,136,-68,9.223607967441e-06,9.224e-6,-5.035099164,92.236079674,10000000,92,9.200000000000e-06,9.200000000000e-06,-5.036212173,0,1.348154749,-0.879878953,1.165899241,1.093098906,96,7,7,adc_s16,0.050000000,12,1,-16.000000000,-6.000000000,6.000000000,16.000000000,0,1,0,0,-3,1,-4,64,-27,6,-9,5,-7,7,-7,3,-3,1,-1,1,-1
256,100,-16,9.478029227073e-06,9.478e-6,-5.023281956,94.780292271,10000000,95,9.500000000000e-06,9.500000000000e-06,-5.022276395,0,1.772938165,-0.938766057,1.263007295,1.261257992,96,7,7,adc_s16,0.050000000,12,1,-16.000000000,-6.000000000,6.000000000,16.000000000,0,1,0,-1,-1,-2,0,64,-28,17,-16,9,-8,7,-7,3,-2,1,0,0,-1
256,184,76,9.664324575623e-06,9.664e-6,-5.014828493,96.643245756,10000000,97,9.700000000000e-06,9.700000000000e-06,-5.013228266,0,1.801172795,-1.108139822,1.213816393,1.254097247,96,7,7,adc_s16,0.050000000,12,1,-16.000000000,-6.000000000,6.000000000,16.000000000,0,1,0,0,-2,-1,-1,64,-11,21,-20,11,-11,7,-8,2,-3,1,-1,0,-1
256,72,-72,9.734674864975e-06,9.735e-6,-5.011678549,97.346748650,10000000,97,9.700000000000e-06,9.700000000000e-06,-5.013228266,0,1.727608702,-0.828989625,1.284425603,1.283782640,96,7,7,adc_s16,0.050000000,12,1,-16.000000000,-6.000000000,6.000000000,16.000000000,0,1,1,-1,-1,-1,0,64,-35,12,-12,7,-7,7,-7,3,-2,1,0,0,-1
256,136,32,9.797102870155e-06,9.797e-6,-5.008902332,97.971028702,10000000,98,9.800000000000e-06,9.800000000000e-06,-5.008773924,0,1.875511225,-1.004508399,1.293702418,1.226874120,96,7,7,adc_s16,0.050000000,12,1,-16.000000000,-6.000000000,6.000000000,16.000000000,0,1,0,-1,-1,-2,0,64,-20,20,-19,10,-10,7,-7,2,-3,1,-1,0,-1
256,88,-28,9.977616837171e-06,9.978e-6,-5.000973178,99.776168372,10000000,100,1.000000000000e-05,1.000000000000e-05,-5.000000000,0,1.748861573,-0.909893775,1.277661827,1.294247700,96,7,7,adc_s16,0.050000000,12,1,-16.000000000,-6.000000000,6.000000000,16.000000000,0,1,1,-1,-1,-2,0,64,-31,16,-15,9,-8,7,-7,3,-2,1,0,0,-1
256,96,-20,9.986102532066e-06,9.986e-6,-5.000603979,99.861025321,10000000,100,1.000000000000e-05,1.000000000000e-05,-5.000000000,0,1.702619062,-0.921566206,1.252955202,1.259291003,96,7,7,adc_s16,0.050000000,12,1,-16.000000000,-6.000000000,6.000000000,16.000000000,0,1,0,-1,-1,-2,0,64,-29,17,-16,9,-8,7,-7,3,-2,1,0,0,-1
256,172,60,9.993775124922e-06,9.994e-6,-5.000270427,99.937751249,10000000,100,1.000000000000e-05,1.000000000000e-05,-5.000000000,0,1.606269676,-1.064568923,1.166362328,1.196348026,96,7,7,adc_s16,0.050000000,12,1,-16.000000000,-6.000000000,6.000000000,16.000000000,0,1,0,-1,-2,-1,-1,64,-13,20,-19,11,-10,7,-8,2,-3,1,-1,0,-1
256,140,20,1.000571549133e-05,1.001e-5,-4.999751850,100.057154913,10000000,100,1.000000000000e-05,1.000000000000e-05,-5.000000000,0,1.586177667,-1.008985919,1.205834357,1.308384165,96,7,7,adc_s16,0.050000000,12,1,-16.000000000,-6.000000000,6.000000000,16.000000000,0,1,0,-1,-1,-1,-1,64,-20,18,-17,10,-9,7,-7,3,-3,1,-1,0,-1
256,164,-32,1.001366104999e-05,1.001e-5,-4.999407113,100.136610500,10000000,100,1.000000000000e-05,1.000000000000e-05,-5.000000000,0,1.334863634,-0.932096097,1.140555197,1.154578404,96,7,7,adc_s16,0.050000000,12,1,-16.000000000,-6.000000000,6.000000000,16.000000000,0,1,0,0,-3,1,-4,64,-21,9,-11,6,-8,7,-8,3,-3,1,-1,1,-1
256,108,-4,1.029822989517e-05,1.030e-5,-4.987237417,102.982298952,10000000,103,1.030000000000e-05,1.030000000000e-05,-4.987162775,0,1.748778102,-0.946732955,1.273298879,1.266922361,96,7,7,adc_s16,0.050000000,12,1,-16.000000000,-6.000000000,6.000000000,16.000000000,0,1,0,-1,-1,-2,0,64,-26,18,-17,9,-9,7,-7,3,-2,1,0,0,-1
256,176,64,1.037018687544e-05,1.037e-5,-4.984213417,103.701868754,10000000,104,1.040000000000e-05,1.040000000000e-05,-4.982966661,0,1.660352949,-1.072257905,1.169869136,1.208037698,96,7,7,adc_s16,0.050000000,12,1,-16.000000000,-6.000000000,6.000000000,16.000000000,0,1,0,-1,-2,-1,-1,64,-12,20,-19,11,-10,7,-8,2,-3,1,-1,0,-1
256,160,-36,1.041611612758e-05,1.042e-5,-4.982294187,104.161161276,10000000,104,1.040000000000e-05,1.040000000000e-05,-4.982966661,0,1.500288715,-0.911561265,1.190665401,1.185064526,96,7,7,adc_s16,0.050000000,12,1,-16.000000000,-6.000000000,6.000000000,16.000000000,0,1,0,0,-3,1,-4,64,-22,8,-11,6,-8,7,-8,3,-3,1,-1,1,-1
256,196,0,1.044917554496e-05,1.045e-5,-4.980917975,104.491755450,10000000,104,1.040000000000e-05,1.040000000000e-05,-4.982966661,0,1.493426636,-0.979650445,1.138507208,1.127613415,96,7,7,adc_s16,0.050000000,12,1,-16.000000000,-6.000000000,6.000000000,16.000000000,0,1,0,0,-3,2,-5,64,-14,10,-12,7,-8,7,-8,3,-3,1,-1,1,-1
256,208,36,1.049265236790e-05,1.049e-5,-4.979114716,104.926523679,10000000,105,1.050000000000e-05,1.050000000000e-05,-4.978810701,0,1.603092173,-1.061511858,1.151496578,1.285864512,96,7,7,adc_s16,0.050000000,12,1,-16.000000000,-6.000000000,6.000000000,16.000000000,0,1,0,0,-3,1,-4,64,-11,14,-15,8,-10,7,-8,2,-3,1,-1,1,-1
256,156,-44,1.060825855613e-05,1.061e-5,-4.974355904,106.082585561,10000000,106,1.060000000000e-05,1.060000000000e-05,-4.974694135,0,1.326022290,-0.895720109,1.138608587,1.140895516,96,7,7,adc_s16,0.050000000,12,1,-16.000000000,-6.000000000,6.000000000,16.000000000,0,1,0,0,-3,1,-4,64,-23,8,-10,6,-7,7,-8,3,-3,1,-1,1,-1
256,132,20,1.077981330567e-05,1.078e-5,-4.967388761,107.798133057,10000000,108,1.080000000000e-05,1.080000000000e-05,-4.966576245,0,1.841761891,-0.973598073,1.277941399,1.298174279,96,7,7,adc_s16,0.050000000,12,1,-16.000000000,-6.000000000,6.000000000,16.000000000,0,1,0,-1,-1,-1,0,64,-21,18,-18,10,-9,7,-7,3,-3,1,-1,0,-1
256,164,52,1.102070799961e-05,1.102e-5,-4.957790504,110.207079996,10000000,110,1.100000000000e-05,1.100000000000e-05,-4.958607315,0,1.508902768,-1.053761117,1.148917758,1.229828900,96,7,7,adc_s16,0.050000000,12,1,-16.000000000,-6.000000000,6.000000000,16.000000000,0,1,0,-1,-2,-1,-1,64,-15,20,-19,10,-10,7,-8,2,-3,1,-1,0,-1
256,204,20,1.121868480383e-05,1.122e-5,-4.950058054,112.186848038,10000000,112,1.120000000000e-05,1.120000000000e-05,-4.950781977,0,1.632089728,-1.041594615,1.165557889,1.139959391,96,7,7,adc_s16,0.050000000,12,1,-16.000000000,-6.000000000,6.000000000,16.000000000,0,1,0,0,-3,1,-5,64,-12,12,-14,8,-9,7,-8,3,-3,1,-1,1,-1
256,208,28,1.136366547786e-05,1.136e-5,-4.944481559,113.636654779,10000000,114,1.140000000000e-05,1.140000000000e-05,-4.943095149,0,1.545260332,-1.073369565,1.150650103,1.183966168,96,7,7,adc_s16,0.050000000,12,1,-16.000000000,-6.000000000,6.000000000,16.000000000,0,1,0,0,-3,1,-5,64,-11,13,-14,8,-9,7,-8,2,-3,1,-1,1,-1
256,204,64,1.139220694278e-05,1.139e-5,-4.943392135,113.922069428,10000000,114,1.140000000000e-05,1.140000000000e-05,-4.943095149,0,1.695345064,-1.098042243,1.204628795,1.331998992,96,7,7,adc_s16,0.050000000,12,1,-16.000000000,-6.000000000,6.000000000,16.000000000,0,1,0,0,-2,0,-3,64,-11,18,-18,10,-10,7,-8,2,-3,1,-1,0,-1
256,196,72,1.155423987739e-05,1.155e-5,-4.937258620,115.542398774,10000000,116,1.160000000000e-05,1.160000000000e-05,-4.935542011,0,1.716796457,-1.112432065,1.183835157,1.298689511,96,7,7,adc_s16,0.050000000,12,1,-16.000000000,-6.000000000,6.000000000,16.000000000,0,1,0,0,-2,0,-2,64,-11,19,-19,11,-11,7,-8,2,-3,1,-1,0,-1
256,156,-40,1.159934242625e-05,1.160e-5,-4.935566630,115.993424263,10000000,116,1.160000000000e-05,1.160000000000e-05,-4.935542011,0,1.451552934,-0.919559042,1.162720830,1.141251321,96,7,7,adc_s16,0.050000000,12,1,-16.000000000,-6.000000000,6.000000000,16.000000000,0,1,0,0,-3,1,-4,64,-23,8,-11,6,-7,7,-8,3,-3,1,-1,1,-1
256,100,-12,1.160467664835e-05,1.160e-5,-4.935366956,116.046766483,10000000,116,1.160000000000e-05,1.160000000000e-05,-4.935542011,0,1.817853228,-0.940495306,1.276167576,1.269808177,96,7,7,adc_s16,0.050000000,12,1,-16.000000000,-6.000000000,6.000000000,16.000000000,0,1,0,-1,-1,-2,0,64,-28,17,-16,9,-8,7,-7,3,-2,1,0,0,-1
256,180,72,1.161108421013e-05,1.161e-5,-4.935127225,116.110842101,10000000,116,1.160000000000e-05,1.160000000000e-05,-4.935542011,0,1.700965168,-1.090692935,1.183623203,1.207659565,96,7,7,adc_s16,0.050000000,12,1,-16.000000000,-6.000000000,6.000000000,16.000000000,0,1,0,-1,-2,-1,-1,64,-11,21,-20,11,-11,7,-8,2,-3,1,-1,0,-1
256,104,-4,1.162127738601e-05,1.162e-5,-4.934746133,116.212773860,10000000,116,1.160000000000e-05,1.160000000000e-05,-4.935542011,0,1.764075340,-0.963500494,1.280720494,1.283859185,96,7,7,adc_s16,0.050000000,12,1,-16.000000000,-6.000000000,6.000000000,16.000000000,0,1,0,-1,-1,-2,0,64,-27,18,-17,9,-9,7,-7,3,-2,1,0,0,-1
256,208,40,1.194641724774e-05,1.195e-5,-4.922762321,119.464172477,10000000,119,1.190000000000e-05,1.190000000000e-05,-4.924453039,0,1.679742351,-1.043601779,1.186341007,1.316128529,96,7,7,adc_s16,0.050000000,12,1,-16.000000000,-6.000000000,6.000000000,16.000000000,0,1,0,0,-3,1,-4,64,-11,14,-16,9,-10,7,-8,2,-3,1,-1,0,-1
256,96,-16,1.248155532211e-05,1.248e-5,-4.903731294,124.815553221,10000000,125,1.250000000000e-05,1.250000000000e-05,-4.903089987,0,1.745051611,-0.923295455,1.267288313,1.261803054,96,7,7,adc_s16,0.050000000,12,1,-16.000000000,-6.000000000,6.000000000,16.000000000,0,1,0,-1,-1,-2,0,64,-29,17,-16,9,-8,7,-7,3,-2,1,0,0,-1
256,104,-20,1.267596583617e-05,1.268e-5,-4.897018940,126.759658362,10000000,127,1.270000000000e-05,1.270000000000e-05,-4.896196279,0,1.745612609,-0.970664526,1.261527776,1.329519085,96,7,7,adc_s16,0.050000000,12,1,-16.000000000,-6.000000000,6.000000000,16.000000000,0,1,0,-1,-1,-1,0,64,-28,16,-15,9,-8,7,-7,3,-2,1,0,0,-1
256,128,12,1.268040486527e-05,1.268e-5,-4.896866880,126.804048653,10000000,127,1.270000000000e-05,1.270000000000e-05,-4.896196279,0,1.815924930,-0.998888340,1.292941754,1.269100128,96,7,7,adc_s16,0.050000000,12,1,-16.000000000,-6.000000000,6.000000000,16.000000000,0,1,0,-1,-1,-1,0,64,-22,18,-17,9,-9,7,-7,3,-3,1,-1,0,-1
256,132,24,1.269705286740e-05,1.270e-5,-4.896297072,126.970528674,10000000,127,1.270000000000e-05,1.270000000000e-05,-4.896196279,0,1.840414158,-1.005218626,1.303495888,1.251067256,96,7,7,adc_s16,0.050000000,12,1,-16.000000000,-6.000000000,6.000000000,16.000000000,0,1,0,-1,-1,-2,0,64,-21,19,-18,10,-9,7,-7,2,-3,1,-1,0,-1
256,124,12,1.273264447240e-05,1.273e-5,-4.895081387,127.326444724,10000000,127,1.270000000000e-05,1.270000000000e-05,-4.896196279,0,1.804371539,-0.974030385,1.285272646,1.296520469,96,7,7,adc_s16,0.050000000,12,1,-16.000000000,-6.000000000,6.000000000,16.000000000,0,1,0,-1,-1,-2,0,64,-23,18,-17,10,-9,7,-7,3,-3,1,-1,0,-1
256,112,0,1.280504347478e-05,1.281e-5,-4.892618943,128.050434748,10000000,128,1.280000000000e-05,1.280000000000e-05,-4.892790030,0,1.811554418,-0.941329051,1.295105780,1.297671001,96,7,7,adc_s16,0.050000000,12,1,-16.000000000,-6.000000000,6.000000000,16.000000000,0,1,0,-1,-1,-2,0,64,-25,18,-17,9,-9,7,-7,3,-2,1,0,0,-1
256,68,-68,1.289185330224e-05,1.289e-5,-4.889684645,128.918533022,10000000,129,1.290000000000e-05,1.290000000000e-05,-4.889410290,0,1.690236156,-0.811172184,1.295200261,1.280774296,96,7,7,adc_s16,0.050000000,12,1,-16.000000000,-6.000000000,6.000000000,16.000000000,0,1,1,-1,-1,-2,0,64,-35,13,-13,7,-7,7,-7,3,-2,1,0,0,-1
256,112,-8,1.290436842581e-05,1.290e-5,-4.889263246,129.043684258,10000000,129,1.290000000000e-05,1.290000000000e-05,-4.889410290,0,1.802531910,-0.937252964,1.300964705,1.309674024,96,7,7,adc_s16,0.050000000,12,1,-16.000000000,-6.000000000,6.000000000,16.000000000,0,1,0,-1,-1,-1,0,64,-26,17,-16,9,-8,7,-7,3,-2,1,0,0,-1
256,152,-44,1.343622889900e-05,1.344e-5,-4.871722606,134.362288990,10000000,134,1.340000000000e-05,1.340000000000e-05,-4.872895202,0,1.496356055,-0.900382905,1.186262177,1.137340065,96,7,7,adc_s16,0.050000000,12,1,-16.000000000,-6.000000000,6.000000000,16.000000000,0,1,0,0,-3,1,-4,64,-24,8,-11,6,-7,7,-8,3,-3,1,-1,1,-1
256,84,-32,1.354791127042e-05,1.355e-5,-4.868127656,135.479112704,10000000,135,1.350000000000e-05,1.350000000000e-05,-4.869666232,0,1.821522239,-0.884912302,1.343699167,1.260729076,96,7,7,adc_s16,0.050000000,12,1,-16.000000000,-6.000000000,6.000000000,16.000000000,0,1,1,-1,-1,-2,1,64,-32,16,-15,8,-8,7,-7,3,-2,1,0,0,-1
256,100,-8,1.368674686521e-05,1.369e-5,-4.863699765,136.867468652,10000000,137,1.370000000000e-05,1.370000000000e-05,-4.863279433,0,1.961912718,-0.934072381,1.368443743,1.289051636,96,7,7,adc_s16,0.050000000,12,1,-16.000000000,-6.000000000,6.000000000,16.000000000,0,1,0,-1,-1,-2,1,64,-28,18,-17,9,-9,7,-7,3,-2,1,0,0,-1
256,136,28,1.398039798992e-05,1.398e-5,-4.854480465,139.803979899,10000000,140,1.400000000000e-05,1.400000000000e-05,-4.853871964,0,1.896749309,-1.015501482,1.299133088,1.268077656,96,7,7,adc_s16,0.050000000,12,1,-16.000000000,-6.000000000,6.000000000,16.000000000,0,1,0,-1,-1,-2,0,64,-20,19,-18,10,-9,7,-7,2,-3,1,-1,0,-1
256,208,44,1.400649936090e-05,1.401e-5,-4.853670394,140.064993609,10000000,140,1.400000000000e-05,1.400000000000e-05,-4.853871964,0,1.597541947,-1.072381423,1.153506011,1.326013148,96,7,7,adc_s16,0.050000000,12,1,-16.000000000,-6.000000000,6.000000000,16.000000000,0,1,0,0,-3,1,-4,64,-11,15,-16,9,-10,7,-8,2,-3,1,-1,0,-1
256,128,16,1.401089767955e-05,1.401e-5,-4.853534039,140.108976795,10000000,140,1.400000000000e-05,1.400000000000e-05,-4.853871964,0,1.871666369,-0.975296443,1.289594766,1.301287396,96,7,7,adc_s16,0.050000000,12,1,-16.000000000,-6.000000000,6.000000000,16.000000000,0,1,0,-1,-1,-2,0,64,-22,18,-17,10,-9,7,-7,3,-3,1,-1,0,-1
256,160,-40,1.428835728063e-05,1.429e-5,-4.845017699,142.883572806,10000000,143,1.430000000000e-05,1.430000000000e-05,-4.844663963,0,1.461261109,-0.902050395,1.187889474,1.154557587,96,7,7,adc_s16,0.050000000,12,1,-16.000000000,-6.000000000,6.000000000,16.000000000,0,1,0,0,-3,1,-4,64,-22,8,-11,6,-7,7,-8,3,-3,1,-1,1,-1
256,204,12,1.438612191746e-05,1.439e-5,-4.842056264,143.861219175,10000000,144,1.440000000000e-05,1.440000000000e-05,-4.841637508,0,1.503713883,-1.023808053,1.146350972,1.163522261,96,7,7,adc_s16,0.050000000,12,1,-16.000000000,-6.000000000,6.000000000,16.000000000,0,1,0,0,-3,2,-5,64,-12,11,-13,7,-9,7,-8,3,-3,1,-1,1,-1
256,160,56,1.446755244487e-05,1.447e-5,-4.839604935,144.675524449,10000000,145,1.450000000000e-05,1.450000000000e-05,-4.838631998,0,1.812768877,-1.077816206,1.265251685,1.289065160,96,7,7,adc_s16,0.050000000,12,1,-16.000000000,-6.000000000,6.000000000,16.000000000,0,1,0,-1,-1,-1,-1,64,-15,21,-20,11,-10,7,-7,2,-3,1,-1,0,-1
256,184,-12,1.459519054315e-05,1.460e-5,-4.835790231,145.951905432,10000000,146,1.460000000000e-05,1.460000000000e-05,-4.835647144,0,1.627673657,-0.957077569,1.213738636,1.120198291,96,7,7,adc_s16,0.050000000,12,1,-16.000000000,-6.000000000,6.000000000,16.000000000,0,1,0,0,-3,2,-5,64,-17,9,-12,7,-8,7,-8,3,-3,1,-1,1,-1
256,108,0,1.520398287715e-05,1.520e-5,-4.818042628,152.039828772,10000000,152,1.520000000000e-05,1.520000000000e-05,-4.818156412,0,1.825116322,-0.948462204,1.301913340,1.291225915,96,7,7,adc_s16,0.050000000,12,1,-16.000000000,-6.000000000,6.000000000,16.000000000,0,1,0,-1,-1,-2,0,64,-26,18,-17,9,-9,7,-7,3,-2,1,0,0,-1
256,204,56,1.521963239979e-05,1.522e-5,-4.817595837,152.196323998,10000000,152,1.520000000000e-05,1.520000000000e-05,-4.818156412,0,1.512210288,-1.080996789,1.123554258,1.303955306,96,7,7,adc_s16,0.050000000,12,1,-16.000000000,-6.000000000,6.000000000,16.000000000,0,1,0,0,-3,0,-3,64,-11,17,-17,10,-10,7,-8,2,-3,1,-1,0,-1
256,152,-52,1.524705510002e-05,1.525e-5,-4.816814030,152.470551000,10000000,152,1.520000000000e-05,1.520000000000e-05,-4.818156412,0,1.594842688,-0.897541996,1.210269491,1.156367369,96,7,7,adc_s16,0.050000000,12,1,-16.000000000,-6.000000000,6.000000000,16.000000000,0,1,0,0,-3,1,-4,64,-24,7,-10,5,-7,7,-8,3,-3,1,-1,1,-1
256,120,0,1.529431281945e-05,1.529e-5,-4.815470031,152.943128195,10000000,153,1.530000000000e-05,1.530000000000e-05,-4.815308569,0,1.776060189,-0.976593379,1.282871745,1.334575832,96,7,7,adc_s16,0.050000000,12,1,-16.000000000,-6.000000000,6.000000000,16.000000000,0,1,0,-1,-1,-1,0,64,-24,17,-16,9,-9,7,-7,3,-2,1,-1,0,-1
256,128,24,1.536658592033e-05,1.537e-5,-4.813422611,153.665859203,10000000,154,1.540000000000e-05,1.540000000000e-05,-4.812479279,0,1.909358103,-0.977890316,1.320544595,1.260846002,96,7,7,adc_s16,0.050000000,12,1,-16.000000000,-6.000000000,6.000000000,16.000000000,0,1,0,-1,-1,-2,0,64,-22,19,-18,10,-9,7,-7,2,-3,1,-1,0,-1
256,168,-24,1.548427419512e-05,1.548e-5,-4.810109147,154.842741951,10000000,155,1.550000000000e-05,1.550000000000e-05,-4.809668302,0,1.519256457,-0.935461957,1.175742833,1.195436216,96,7,7,adc_s16,0.050000000,12,1,-16.000000000,-6.000000000,6.000000000,16.000000000,0,1,0,0,-3,1,-4,64,-20,9,-12,6,-8,7,-8,3,-3,1,-1,1,-1
256,144,40,1.622031686642e-05,1.622e-5,-4.789940666,162.203168664,10000000,162,1.620000000000e-05,1.620000000000e-05,-4.790484985,0,1.960442407,-1.016427866,1.316587123,1.285760645,96,7,7,adc_s16,0.050000000,12,1,-16.000000000,-6.000000000,6.000000000,16.000000000,0,1,0,-1,-1,-2,0,64,-18,20,-19,10,-10,7,-7,2,-3,1,-1,0,-1
256,172,64,1.636562216885e-05,1.637e-5,-4.786067480,163.656221689,10000000,164,1.640000000000e-05,1.640000000000e-05,-4.785156152,0,1.592572825,-1.053081769,1.182608669,1.242669657,96,7,7,adc_s16,0.050000000,12,1,-16.000000000,-6.000000000,6.000000000,16.000000000,0,1,0,-1,-2,-1,-1,64,-13,21,-20,11,-10,7,-8,2,-3,1,-1,0,-1
256,200,16,1.662444618648e-05,1.662e-5,-4.779252814,166.244461865,10000000,166,1.660000000000e-05,1.660000000000e-05,-4.779891912,0,1.652801558,-1.011795949,1.207685634,1.165798430,96,7,7,adc_s16,0.050000000,12,1,-16.000000000,-6.000000000,6.000000000,16.000000000,0,1,0,0,-3,1,-5,64,-13,12,-14,8,-9,7,-8,3,-3,1,-1,1,-1
256,156,-32,1.718870909127e-05,1.719e-5,-4.764756739,171.887090913,10000000,172,1.720000000000e-05,1.720000000000e-05,-4.764471553,0,1.371416104,-0.916471097,1.132339089,1.185464130,96,7,7,adc_s16,0.050000000,12,1,-16.000000000,-6.000000000,6.000000000,16.000000000,0,1,0,0,-3,1,-4,64,-22,9,-12,6,-8,7,-8,3,-3,1,-1,1,-1
256,144,-56,1.797182732601e-05,1.797e-5,-4.745407763,179.718273260,10000000,180,1.800000000000e-05,1.800000000000e-05,-4.744727495,0,1.507643466,-0.865983202,1.217925773,1.156119988,96,7,7,adc_s16,0.050000000,12,1,-16.000000000,-6.000000000,6.000000000,16.000000000,0,1,0,0,-3,1,-4,64,-26,7,-10,6,-7,7,-8,3,-3,1,-1,1,-1
256,68,-72,1.836166999154e-05,1.836e-5,-4.736087822,183.616699915,10000000,184,1.840000000000e-05,1.840000000000e-05,-4.735182177,0,1.810729293,-0.836987401,1.317661188,1.334270069,96,7,7,adc_s16,0.050000000,12,1,-16.000000000,-6.000000000,6.000000000,16.000000000,0,1,1,-1,-1,-2,0,64,-35,12,-12,7,-7,7,-7,3,-2,1,0,0,-1
256,200,12,1.841606413486e-05,1.842e-5,-4.734803181,184.160641349,10000000,184,1.840000000000e-05,1.840000000000e-05,-4.735182177,0,1.524226565,-1.015501482,1.152881627,1.181817406,96,7,7,adc_s16,0.050000000,12,1,-16.000000000,-6.000000000,6.000000000,16.000000000,0,1,0,0,-3,2,-5,64,-13,11,-13,7,-9,7,-8,3,-3,1,-1,1,-1
256,184,-20,1.843039991857e-05,1.843e-5,-4.734465241,184.303999186,10000000,184,1.840000000000e-05,1.840000000000e-05,-4.735182177,0,1.666168019,-0.943367095,1.233028499,1.137823830,96,7,7,adc_s16,0.050000000,12,1,-16.000000000,-6.000000000,6.000000000,16.000000000,0,1,0,0,-3,2,-5,64,-17,8,-11,6,-8,7,-8,3,-3,1,-1,1,-1
256,168,-32,1.873998114685e-05,1.874e-5,-4.727230850,187.399811469,10000000,187,1.870000000000e-05,1.870000000000e-05,-4.728158393,0,1.683431617,-0.924098320,1.273198636,1.174592413,96,7,7,adc_s16,0.050000000,12,1,-16.000000000,-6.000000000,6.000000000,16.000000000,0,1,0,0,-3,1,-5,64,-20,8,-11,6,-8,7,-8,3,-3,1,-1,1,-1
256,156,48,1.879357498814e-05,1.879e-5,-4.725990599,187.935749881,10000000,188,1.880000000000e-05,1.880000000000e-05,-4.725842151,0,1.803265647,-1.080008646,1.266008675,1.342344609,96,7,7,adc_s16,0.050000000,12,1,-16.000000000,-6.000000000,6.000000000,16.000000000,0,1,0,-1,-1,-1,-1,64,-16,20,-19,11,-10,7,-7,2,-3,1,-1,0,-1
256,180,-20,1.905103348187e-05,1.905e-5,-4.720081460,190.510334819,10000000,191,1.910000000000e-05,1.910000000000e-05,-4.718966633,0,1.576493213,-0.963099061,1.188687922,1.156074722,96,7,7,adc_s16,0.050000000,12,1,-16.000000000,-6.000000000,6.000000000,16.000000000,0,1,0,0,-3,2,-5,64,-18,9,-11,6,-8,7,-8,3,-3,1,-1,1,-1
256,160,52,1.942512668279e-05,1.943e-5,-4.711636140,194.251266828,10000000,194,1.940000000000e-05,1.940000000000e-05,-4.712198270,0,1.867039737,-1.068799407,1.273914007,1.339332494,96,7,7,adc_s16,0.050000000,12,1,-16.000000000,-6.000000000,6.000000000,16.000000000,0,1,0,-1,-1,-1,-1,64,-15,20,-19,11,-10,7,-7,2,-3,1,-1,0,-1
256,188,-8,1.969685928846e-05,1.970e-5,-4.705603018,196.968592885,10000000,197,1.970000000000e-05,1.970000000000e-05,-4.705533774,0,1.524280849,-0.976130188,1.165936992,1.170825196,96,7,7,adc_s16,0.050000000,12,1,-16.000000000,-6.000000000,6.000000000,16.000000000,0,1,0,0,-3,2,-5,64,-16,10,-12,7,-8,7,-8,3,-3,1,-1,1,-1
256,68,-60,2.010395623927e-05,2.010e-5,-4.696718470,201.039562393,10000000,201,2.010000000000e-05,2.010000000000e-05,-4.696803943,0,1.695777449,-0.851686018,1.299562999,1.349885306,96,7,7,adc_s16,0.050000000,12,1,-16.000000000,-6.000000000,6.000000000,16.000000000,0,1,1,-1,-1,-2,0,64,-35,14,-14,8,-7,7,-7,3,-2,1,0,0,-1
256,68,-48,2.083910439614e-05,2.084e-5,-4.681120950,208.391043961,10000000,208,2.080000000000e-05,2.080000000000e-05,-4.681936665,0,2.136609018,-0.880342144,1.435429477,1.399155104,96,7,7,adc_s16,0.050000000,12,1,-16.000000000,-6.000000000,6.000000000,16.000000000,0,1,1,-1,0,-2,1,64,-35,15,-15,8,-7,7,-7,3,-2,1,0,0,-1
256,92,-20,2.095249942751e-05,2.095e-5,-4.678764163,209.524994275,10000000,210,2.100000000000e-05,2.100000000000e-05,-4.677780705,0,2.000809201,-0.941174654,1.368377167,1.315454281,96,7,7,adc_s16,0.050000000,12,1,-16.000000000,-6.000000000,6.000000000,16.000000000,0,1,1,-1,-1,-2,1,64,-30,17,-16,9,-8,7,-7,3,-2,1,0,0,-1
256,136,24,2.100113548452e-05,2.100e-5,-4.677757223,210.011354845,10000000,210,2.100000000000e-05,2.100000000000e-05,-4.677780705,0,2.037591950,-1.018218874,1.334370497,1.301041658,96,7,7,adc_s16,0.050000000,12,1,-16.000000000,-6.000000000,6.000000000,16.000000000,0,1,0,-1,-1,-1,0,64,-20,19,-18,10,-9,7,-7,2,-3,1,-1,0,-1
256,140,32,2.150387701659e-05,2.150e-5,-4.667483232,215.038770166,10000000,215,2.150000000000e-05,2.150000000000e-05,-4.667561540,0,2.127956814,-1.034924654,1.359878652,1.319774031,96,7,7,adc_s16,0.050000000,12,1,-16.000000000,-6.000000000,6.000000000,16.000000000,0,1,0,-1,-1,-1,0,64,-19,19,-18,10,-10,7,-7,2,-3,1,-1,0,-1
256,136,36,2.152625078993e-05,2.153e-5,-4.667031604,215.262507899,10000000,215,2.150000000000e-05,2.150000000000e-05,-4.667561540,0,2.027995628,-1.006237648,1.350048087,1.291045637,96,7,7,adc_s16,0.050000000,12,1,-16.000000000,-6.000000000,6.000000000,16.000000000,0,1,0,-1,-1,-2,0,64,-20,20,-19,10,-10,7,-7,2,-3,1,-1,0,-1
256,160,-44,2.159618278517e-05,2.160e-5,-4.665623005,215.961827852,10000000,216,2.160000000000e-05,2.160000000000e-05,-4.665546249,0,1.658427279,-0.898838933,1.249538009,1.130206191,96,7,7,adc_s16,0.050000000,12,1,-16.000000000,-6.000000000,6.000000000,16.000000000,0,1,0,0,-3,1,-5,64,-22,7,-10,6,-7,7,-8,3,-3,1,-1,1,-1
256,184,-8,2.173943537490e-05,2.174e-5,-4.662751740,217.394353749,10000000,217,2.170000000000e-05,2.170000000000e-05,-4.663540266,0,1.673892327,-0.976716897,1.214774011,1.173058967,96,7,7,adc_s16,0.050000000,12,1,-16.000000000,-6.000000000,6.000000000,16.000000000,0,1,0,0,-3,1,-5,64,-17,10,-12,7,-8,7,-8,3,-3,1,-1,1,-1
256,104,-12,2.189029844298e-05,2.189e-5,-4.659748317,218.902984430,10000000,219,2.190000000000e-05,2.190000000000e-05,-4.659555885,0,1.847475116,-0.952507411,1.304321742,1.342393637,96,7,7,adc_s16,0.050000000,12,1,-16.000000000,-6.000000000,6.000000000,16.000000000,0,1,0,-1,-1,-2,0,64,-27,17,-16,9,-8,7,-7,3,-2,1,0,0,-1
256,68,-56,2.213946995098e-05,2.214e-5,-4.654832781,221.394699510,10000000,221,2.210000000000e-05,2.210000000000e-05,-4.655607726,0,1.919619956,-0.832293725,1.373195084,1.336004079,96,7,7,adc_s16,0.050000000,12,1,-16.000000000,-6.000000000,6.000000000,16.000000000,0,1,1,-1,-1,-2,1,64,-35,14,-14,8,-7,7,-7,3,-2,1,0,0,-1
256,200,8,2.214750310086e-05,2.215e-5,-4.654675229,221.475031009,10000000,221,2.210000000000e-05,2.210000000000e-05,-4.655607726,0,1.528792700,-1.013772233,1.155703406,1.195979383,96,7,7,adc_s16,0.050000000,12,1,-16.000000000,-6.000000000,6.000000000,16.000000000,0,1,0,0,-3,2,-5,64,-13,11,-13,7,-9,7,-8,3,-3,1,-1,1,-1
256,196,76,2.288038111940e-05,2.288e-5,-4.640536746,228.803811194,10000000,229,2.290000000000e-05,2.290000000000e-05,-4.640164518,0,1.792726701,-1.107367836,1.236132734,1.369227305,96,7,7,adc_s16,0.050000000,12,1,-16.000000000,-6.000000000,6.000000000,16.000000000,0,1,0,0,-2,0,-2,64,-11,20,-20,11,-11,7,-8,2,-3,1,-1,0,-1
256,164,56,2.289469154299e-05,2.289e-5,-4.640265203,228.946915430,10000000,229,2.290000000000e-05,2.290000000000e-05,-4.640164518,0,1.770711442,-1.053020010,1.221976044,1.301198622,96,7,7,adc_s16,0.050000000,12,1,-16.000000000,-6.000000000,6.000000000,16.000000000,0,1,0,-1,-2,-1,-1,64,-14,20,-19,11,-10,7,-8,2,-3,1,-1,0,-1
256,176,68,2.292012733646e-05,2.292e-5,-4.639782974,229.201273365,10000000,229,2.290000000000e-05,2.290000000000e-05,-4.640164518,0,1.662860379,-1.068181818,1.212645043,1.282659158,96,7,7,adc_s16,0.050000000,12,1,-16.000000000,-6.000000000,6.000000000,16.000000000,0,1,0,-1,-2,-1,-1,64,-12,21,-20,11,-11,7,-8,2,-3,1,-1,0,-1
256,212,24,2.295997368442e-05,2.296e-5,-4.639028614,229.599736844,10000000,230,2.300000000000e-05,2.300000000000e-05,-4.638272164,0,1.758053534,-1.041285820,1.236301070,1.235712087,96,7,7,adc_s16,0.050000000,12,1,-16.000000000,-6.000000000,6.000000000,16.000000000,0,1,0,0,-3,2,-5,64,-11,12,-14,8,-9,7,-8,2,-3,1,-1,1,-1
256,172,-36,2.296322396006e-05,2.296e-5,-4.638967138,229.632239601,10000000,230,2.300000000000e-05,2.300000000000e-05,-4.638272164,0,1.693879444,-0.933763587,1.254198453,1.141200249,96,7,7,adc_s16,0.050000000,12,1,-16.000000000,-6.000000000,6.000000000,16.000000000,0,1,0,0,-3,2,-5,64,-20,7,-10,6,-7,7,-8,3,-3,1,-1,1,-1
256,192,76,2.334154684412e-05,2.334e-5,-4.631870367,233.415468441,10000000,233,2.330000000000e-05,2.330000000000e-05,-4.632644079,0,1.827780568,-1.105484190,1.250837927,1.375505632,96,7,7,adc_s16,0.050000000,12,1,-16.000000000,-6.000000000,6.000000000,16.000000000,0,1,0,0,-2,-1,-2,64,-11,20,-20,11,-11,7,-8,2,-3,1,-1,0,-1
256,96,-12,2.419817307064e-05,2.420e-5,-4.616217421,241.981730706,10000000,242,2.420000000000e-05,2.420000000000e-05,-4.616184634,0,2.009424420,-0.928853755,1.384582323,1.301263494,96,7,7,adc_s16,0.050000000,12,1,-16.000000000,-6.000000000,6.000000000,16.000000000,0,1,1,-1,-1,-2,1,64,-29,18,-17,9,-8,7,-7,3,-2,1,0,0,-1
256,124,20,2.474769091850e-05,2.475e-5,-4.606465317,247.476909185,10000000,247,2.470000000000e-05,2.470000000000e-05,-4.607303047,0,2.110266060,-0.989964180,1.374083444,1.320978306,96,7,7,adc_s16,0.050000000,12,1,-16.000000000,-6.000000000,6.000000000,16.000000000,0,1,0,-1,-1,-2,0,64,-22,19,-18,10,-9,7,-7,3,-3,1,0,0,-1
256,96,-24,2.533916979011e-05,2.534e-5,-4.596207618,253.391697901,10000000,253,2.530000000000e-05,2.530000000000e-05,-4.596879479,0,1.817118745,-0.901309289,1.326648761,1.389764485,96,7,7,adc_s16,0.050000000,12,1,-16.000000000,-6.000000000,6.000000000,16.000000000,0,1,0,-1,-1,-2,0,64,-29,16,-15,9,-8,7,-7,3,-2,1,0,0,-1
256,176,-24,2.551612233193e-05,2.552e-5,-4.593185324,255.161223319,10000000,255,2.550000000000e-05,2.550000000000e-05,-4.593459820,0,1.614467089,-0.954421937,1.219426886,1.179445851,96,7,7,adc_s16,0.050000000,12,1,-16.000000000,-6.000000000,6.000000000,16.000000000,0,1,0,0,-3,2,-5,64,-19,9,-11,6,-8,7,-8,3,-3,1,-1,1,-1
256,188,80,2.604752722626e-05,2.605e-5,-4.584233499,260.475272263,10000000,260,2.600000000000e-05,2.600000000000e-05,-4.585026652,0,1.970184789,-1.111629200,1.283826966,1.343093728,96,7,7,adc_s16,0.050000000,12,1,-16.000000000,-6.000000000,6.000000000,16.000000000,0,1,0,0,-2,-1,-1,64,-11,21,-20,11,-11,7,-8,2,-3,1,-1,0,-1
256,80,-32,2.682596069296e-05,2.683e-5,-4.571444716,268.259606930,10000000,268,2.680000000000e-05,2.680000000000e-05,-4.571865206,0,2.031198256,-0.890192688,1.404066434,1.353048783,96,7,7,adc_s16,0.050000000,12,1,-16.000000000,-6.000000000,6.000000000,16.000000000,0,1,1,-1,-1,-2,1,64,-32,16,-16,9,-8,7,-7,3,-2,1,0,0,-1
256,184,80,2.689920577269e-05,2.690e-5,-4.570260543,268.992057727,10000000,269,2.690000000000e-05,2.690000000000e-05,-4.570247720,0,1.978435619,-1.134449111,1.303362607,1.324235016,96,7,7,adc_s16,0.050000000,12,1,-16.000000000,-6.000000000,6.000000000,16.000000000,0,1,0,0,-2,-1,-1,64,-11,22,-20,11,-11,7,-8,2,-3,1,-1,0,-1
256,212,28,2.726647088832e-05,2.727e-5,-4.564371069,272.664708883,10000000,273,2.730000000000e-05,2.730000000000e-05,-4.563837353,0,1.798901618,-1.043015069,1.256351902,1.271325572,96,7,7,adc_s16,0.050000000,12,1,-16.000000000,-6.000000000,6.000000000,16.000000000,0,1,0,0,-3,2,-5,64,-11,12,-14,8,-9,7,-8,2,-3,1,-1,1,-1
256,196,4,2.796864520097e-05,2.797e-5,-4.553328570,279.686452010,10000000,280,2.800000000000e-05,2.800000000000e-05,-4.552841969,0,1.695467941,-0.986320405,1.212344617,1.193775195,96,7,7,adc_s16,0.050000000,12,1,-16.000000000,-6.000000000,6.000000000,16.000000000,0,1,0,0,-3,2,-5,64,-14,10,-13,7,-9,7,-8,3,-3,1,-1,1,-1
256,196,80,2.812362436060e-05,2.812e-5,-4.550928711,281.236243606,10000000,281,2.810000000000e-05,2.810000000000e-05,-4.551293680,0,1.859457993,-1.112308547,1.251241637,1.381456993,96,7,7,adc_s16,0.050000000,12,1,-16.000000000,-6.000000000,6.000000000,16.000000000,0,1,0,0,-2,0,-2,64,-11,21,-20,11,-11,7,-8,2,-3,1,-1,0,-1
256,164,60,2.825236661778e-05,2.825e-5,-4.548945167,282.523666178,10000000,283,2.830000000000e-05,2.830000000000e-05,-4.548213564,0,1.901409580,-1.096127717,1.305022930,1.345305669,96,7,7,adc_s16,0.050000000,12,1,-16.000000000,-6.000000000,6.000000000,16.000000000,0,1,0,-1,-1,-1,-1,64,-14,21,-20,11,-10,7,-8,2,-3,1,-1,0,-1
256,208,32,2.907650715649e-05,2.908e-5,-4.536457765,290.765071565,10000000,291,2.910000000000e-05,2.910000000000e-05,-4.536107011,0,1.789738846,-1.022109684,1.251827277,1.275274003,96,7,7,adc_s16,0.050000000,12,1,-16.000000000,-6.000000000,6.000000000,16.000000000,0,1,0,0,-3,1,-5,64,-11,13,-15,8,-9,7,-8,2,-3,1,-1,1,-1
256,148,-56,2.908882870453e-05,2.909e-5,-4.536273766,290.888287045,10000000,291,2.910000000000e-05,2.910000000000e-05,-4.536107011,0,1.654130470,-0.865272974,1.260141244,1.199180413,96,7,7,adc_s16,0.050000000,12,1,-16.000000000,-6.000000000,6.000000000,16.000000000,0,1,0,0,-3,1,-4,64,-25,7,-10,5,-7,7,-8,3,-3,1,-1,1,-1
256,152,48,3.025265053298e-05,3.025e-5,-4.519236569,302.526505330,10000000,303,3.030000000000e-05,3.030000000000e-05,-4.518557371,0,2.106791656,-1.065526186,1.372802122,1.364763161,96,7,7,adc_s16,0.050000000,12,1,-16.000000000,-6.000000000,6.000000000,16.000000000,0,1,0,-1,-1,-1,0,64,-17,20,-19,11,-10,7,-7,2,-3,1,-1,0,-1
256,140,-64,3.043361368095e-05,3.043e-5,-4.516646477,304.336136809,10000000,304,3.040000000000e-05,3.040000000000e-05,-4.517126416,0,1.527780108,-0.856070899,1.237977532,1.208682125,96,7,7,adc_s16,0.050000000,12,1,-16.000000000,-6.000000000,6.000000000,16.000000000,0,1,0,0,-3,1,-4,64,-27,7,-9,5,-7,7,-8,3,-3,1,-1,1,-1
256,192,0,3.063120899941e-05,3.063e-5,-4.513835861,306.312089994,10000000,306,3.060000000000e-05,3.060000000000e-05,-4.514278574,0,1.678874475,-1.010746047,1.208631930,1.202849653,96,7,7,adc_s16,0.050000000,12,1,-16.000000000,-6.000000000,6.000000000,16.000000000,0,1,0,0,-3,2,-5,64,-15,10,-13,7,-8,7,-8,3,-3,1,-1,1,-1
256,156,-48,3.083749020472e-05,3.084e-5,-4.510920975,308.374902047,10000000,308,3.080000000000e-05,3.080000000000e-05,-4.511449283,0,1.702903923,-0.911900939,1.286512858,1.157445886,96,7,7,adc_s16,0.050000000,12,1,-16.000000000,-6.000000000,6.000000000,16.000000000,0,1,0,0,-3,1,-5,64,-23,7,-10,6,-7,7,-8,3,-3,1,-1,1,-1
256,192,-8,3.085861294985e-05,3.086e-5,-4.510623599,308.586129498,10000000,309,3.090000000000e-05,3.090000000000e-05,-4.510041521,0,1.605343692,-0.998147233,1.217685953,1.197340215,96,7,7,adc_s16,0.050000000,12,1,-16.000000000,-6.000000000,6.000000000,16.000000000,0,1,0,0,-3,2,-5,64,-15,9,-12,7,-8,7,-8,3,-3,1,-1,1,-1
256,132,-80,3.122949365187e-05,3.123e-5,-4.505435057,312.294936519,10000000,312,3.120000000000e-05,3.120000000000e-05,-4.505845406,0,1.641560275,-0.847239377,1.254309761,1.175093288,96,7,7,adc_s16,0.050000000,12,1,-16.000000000,-6.000000000,6.000000000,16.000000000,0,1,0,0,-3,1,-4,64,-29,5,-8,5,-6,7,-7,3,-3,1,-1,1,-1
256,164,-36,3.128653362960e-05,3.129e-5,-4.504642552,312.865336296,10000000,313,3.130000000000e-05,3.130000000000e-05,-4.504455662,0,1.739668896,-0.892323370,1.297731998,1.160281974,96,7,7,adc_s16,0.050000000,12,1,-16.000000000,-6.000000000,6.000000000,16.000000000,0,1,0,0,-3,1,-5,64,-21,8,-11,6,-8,7,-8,3,-3,1,-1,1,-1
256,188,-12,3.180603964907e-05,3.181e-5,-4.497490404,318.060396491,10000000,318,3.180000000000e-05,3.180000000000e-05,-4.497572880,0,1.751750212,-0.957108449,1.257928170,1.204365114,96,7,7,adc_s16,0.050000000,12,1,-16.000000000,-6.000000000,6.000000000,16.000000000,0,1,0,0,-3,2,-5,64,-16,9,-12,6,-8,7,-8,3,-3,1,-1,1,-1
256,180,76,3.208830197664e-05,3.209e-5,-4.493653264,320.883019766,10000000,321,3.210000000000e-05,3.210000000000e-05,-4.493494968,0,1.879001044,-1.092422184,1.256706942,1.296221342,96,7,7,adc_s16,0.050000000,12,1,-16.000000000,-6.000000000,6.000000000,16.000000000,0,1,0,-1,-2,-1,-1,64,-11,21,-20,11,-11,7,-8,2,-3,1,-1,0,-1
256,168,60,3.248500070774e-05,3.249e-5,-4.488317119,324.850007077,10000000,325,3.250000000000e-05,3.250000000000e-05,-4.488116639,0,1.826306105,-1.062808794,1.259872793,1.300443429,96,7,7,adc_s16,0.050000000,12,1,-16.000000000,-6.000000000,6.000000000,16.000000000,0,1,0,-1,-2,-1,-1,64,-13,20,-19,11,-10,7,-8,2,-3,1,-1,0,-1
256,144,36,3.282581762361e-05,3.283e-5,-4.483784448,328.258176236,10000000,328,3.280000000000e-05,3.280000000000e-05,-4.484126156,0,2.076014104,-1.032608696,1.378116463,1.333458577,96,7,7,adc_s16,0.050000000,12,1,-16.000000000,-6.000000000,6.000000000,16.000000000,0,1,0,-1,-1,-1,0,64,-18,20,-19,10,-10,7,-7,2,-3,1,-1,0,-1
256,180,-24,3.290496096278e-05,3.290e-5,-4.482738620,329.049609628,10000000,329,3.290000000000e-05,3.290000000000e-05,-4.482804102,0,1.709581163,-0.980020998,1.275079627,1.184057013,96,7,7,adc_s16,0.050000000,12,1,-16.000000000,-6.000000000,6.000000000,16.000000000,0,1,0,0,-3,2,-5,64,-18,8,-11,6,-8,7,-8,3,-3,1,-1,1,-1
256,200,76,3.325232058175e-05,3.325e-5,-4.478178041,332.523205818,10000000,333,3.330000000000e-05,3.330000000000e-05,-4.477555766,0,1.884341755,-1.112339427,1.264992630,1.376544155,96,7,7,adc_s16,0.050000000,12,1,-16.000000000,-6.000000000,6.000000000,16.000000000,0,1,0,0,-2,0,-2,64,-11,20,-19,11,-11,7,-8,2,-3,1,-1,0,-1
256,168,-40,3.344732528399e-05,3.345e-5,-4.475638606,334.473252840,10000000,334,3.340000000000e-05,3.340000000000e-05,-4.476253533,0,1.729749802,-0.945466897,1.286317473,1.155341439,96,7,7,adc_s16,0.050000000,12,1,-16.000000000,-6.000000000,6.000000000,16.000000000,0,1,0,0,-3,2,-5,64,-21,7,-10,6,-7,7,-8,3,-3,1,-1,1,-1
256,208,60,3.348197883700e-05,3.348e-5,-4.475188882,334.819788370,10000000,335,3.350000000000e-05,3.350000000000e-05,-4.474955193,0,1.788830548,-1.095355731,1.216431273,1.385150632,96,7,7,adc_s16,0.050000000,12,1,-16.000000000,-6.000000000,6.000000000,16.000000000,0,1,0,0,-3,1,-3,64,-11,17,-17,10,-10,7,-8,2,-3,1,-1,0,-1
256,140,-68,3.350443463200e-05,3.350e-5,-4.474897706,335.044346320,10000000,335,3.350000000000e-05,3.350000000000e-05,-4.474955193,0,1.674449650,-0.853724061,1.261046430,1.191485457,96,7,7,adc_s16,0.050000000,12,1,-16.000000000,-6.000000000,6.000000000,16.000000000,0,1,0,0,-3,1,-4,64,-27,6,-9,5,-7,7,-8,3,-3,1,-1,1,-1
256,192,80,3.394988675946e-05,3.395e-5,-4.469161670,339.498867595,10000000,339,3.390000000000e-05,3.390000000000e-05,-4.469800302,0,1.886756901,-1.087327075,1.252069236,1.393807347,96,7,7,adc_s16,0.050000000,12,1,-16.000000000,-6.000000000,6.000000000,16.000000000,0,1,0,0,-2,-1,-2,64,-11,21,-20,11,-11,7,-8,2,-3,1,-1,0,-1
256,172,-24,3.409556144790e-05,3.410e-5,-4.467302154,340.955614479,10000000,341,3.410000000000e-05,3.410000000000e-05,-4.467245621,0,1.749792427,-0.934257658,1.272706264,1.189190392,96,7,7,adc_s16,0.050000000,12,1,-16.000000000,-6.000000000,6.000000000,16.000000000,0,1,0,0,-3,1,-5,64,-19,9,-12,6,-8,7,-8,3,-3,1,-1,1,-1
256,208,48,3.429486511411e-05,3.429e-5,-4.464770901,342.948651141,10000000,343,3.430000000000e-05,3.430000000000e-05,-4.464705880,0,1.772583008,-1.074110672,1.226222209,1.411759923,96,7,7,adc_s16,0.050000000,12,1,-16.000000000,-6.000000000,6.000000000,16.000000000,0,1,0,0,-3,1,-4,64,-11,15,-16,9,-10,7,-8,2,-3,1,-1,0,-1
256,164,-28,3.508167781613e-05,3.508e-5,-4.454919644,350.816778161,10000000,351,3.510000000000e-05,3.510000000000e-05,-4.454692884,0,1.571602364,-0.929996294,1.237518902,1.243391687,96,7,7,adc_s16,0.050000000,12,1,-16.000000000,-6.000000000,6.000000000,16.000000000,0,1,0,0,-3,1,-4,64,-21,9,-12,6,-8,7,-8,3,-3,1,-1,1,-1
256,192,4,3.555622928989e-05,3.556e-5,-4.449084302,355.562292899,10000000,356,3.560000000000e-05,3.560000000000e-05,-4.448550002,0,1.744732424,-1.008646245,1.257364200,1.245617289,96,7,7,adc_s16,0.050000000,12,1,-16.000000000,-6.000000000,6.000000000,16.000000000,0,1,0,0,-3,1,-5,64,-15,11,-13,7,-9,7,-8,3,-3,1,-1,1,-1
256,196,8,3.590797786804e-05,3.591e-5,-4.444809051,359.079778680,10000000,359,3.590000000000e-05,3.590000000000e-05,-4.444905551,0,1.707800598,-0.996942935,1.227477455,1.250276338,96,7,7,adc_s16,0.050000000,12,1,-16.000000000,-6.000000000,6.000000000,16.000000000,0,1,0,0,-3,1,-5,64,-14,11,-13,7,-9,7,-8,3,-3,1,-1,1,-1
256,116,12,3.692230855464e-05,3.692e-5,-4.432711153,369.223085546,10000000,369,3.690000000000e-05,3.690000000000e-05,-4.432973634,0,2.035259051,-0.998672184,1.367029802,1.374274688,96,7,7,adc_s16,0.050000000,12,1,-16.000000000,-6.000000000,6.000000000,16.000000000,0,1,0,-1,-1,-2,0,64,-24,19,-18,10,-9,7,-7,3,-2,1,0,0,-1
256,140,40,3.718255117737e-05,3.718e-5,-4.429660816,371.825511774,10000000,372,3.720000000000e-05,3.720000000000e-05,-4.429457060,0,2.129561833,-1.010715168,1.384055674,1.347848416,96,7,7,adc_s16,0.050000000,12,1,-16.000000000,-6.000000000,6.000000000,16.000000000,0,1,0,-1,-1,-2,0,64,-19,20,-19,11,-10,7,-7,2,-3,1,-1,0,-1
256,168,64,3.768219977653e-05,3.768e-5,-4.423863752,376.821997765,10000000,377,3.770000000000e-05,3.770000000000e-05,-4.423658650,0,1.957427217,-1.100111166,1.322116461,1.377395533,96,7,7,adc_s16,0.050000000,12,1,-16.000000000,-6.000000000,6.000000000,16.000000000,0,1,0,-1,-1,-1,-1,64,-13,21,-20,11,-10,7,-8,2,-3,1,-1,0,-1
256,128,28,3.775262991859e-05,3.775e-5,-4.423052789,377.526299186,10000000,378,3.780000000000e-05,3.780000000000e-05,-4.422508200,0,2.056014141,-1.027050395,1.374308538,1.347909750,96,7,7,adc_s16,0.050000000,12,1,-16.000000000,-6.000000000,6.000000000,16.000000000,0,1,0,-1,-1,-2,0,64,-21,20,-19,10,-9,7,-7,2,-3,1,0,0,-1
256,132,28,3.907248628704e-05,3.907e-5,-4.408128953,390.724862870,10000000,391,3.910000000000e-05,3.910000000000e-05,-4.407823243,0,2.056540692,-1.014235425,1.371814411,1.345871600,96,7,7,adc_s16,0.050000000,12,1,-16.000000000,-6.000000000,6.000000000,16.000000000,0,1,0,-1,-1,-2,0,64,-21,20,-18,10,-9,7,-7,2,-3,1,-1,0,-1
256,156,52,3.912397675191e-05,3.912e-5,-4.407557008,391.239767519,10000000,391,3.910000000000e-05,3.910000000000e-05,-4.407823243,0,2.006951644,-1.061110425,1.330846233,1.369499973,96,7,7,adc_s16,0.050000000,12,1,-16.000000000,-6.000000000,6.000000000,16.000000000,0,1,0,-1,-1,-1,-1,64,-16,21,-19,11,-10,7,-7,2,-3,1,-1,0,-1
256,76,-40,3.939420494147e-05,3.939e-5,-4.404567660,393.942049415,10000000,394,3.940000000000e-05,3.940000000000e-05,-4.404503778,0,2.052577590,-0.865458251,1.409225484,1.367920320,96,7,7,adc_s16,0.050000000,12,1,-16.000000000,-6.000000000,6.000000000,16.000000000,0,1,1,-1,-1,-2,1,64,-33,16,-15,8,-8,7,-7,3,-2,1,0,0,-1
256,132,32,3.940965538150e-05,3.941e-5,-4.404397363,394.096553815,10000000,394,3.940000000000e-05,3.940000000000e-05,-4.404503778,0,2.170209275,-1.002748271,1.401575462,1.349500232,96,7,7,adc_s16,0.050000000,12,1,-16.000000000,-6.000000000,6.000000000,16.000000000,0,1,0,-1,-1,-2,0,64,-20,20,-19,10,-10,7,-7,2,-3,1,-1,0,-1
256,116,8,3.947306621452e-05,3.947e-5,-4.403699137,394.730662145,10000000,395,3.950000000000e-05,3.950000000000e-05,-4.403402904,0,2.132791259,-0.976438982,1.383865571,1.391705480,96,7,7,adc_s16,0.050000000,12,1,-16.000000000,-6.000000000,6.000000000,16.000000000,0,1,0,-1,-1,-2,0,64,-24,18,-17,10,-9,7,-7,3,-2,1,0,0,-1
256,112,8,4.015101365482e-05,4.015e-5,-4.396303486,401.510136548,10000000,402,4.020000000000e-05,4.020000000000e-05,-4.395773947,0,1.957998073,-0.960721344,1.360592312,1.377531599,96,7,7,adc_s16,0.050000000,12,1,-16.000000000,-6.000000000,6.000000000,16.000000000,0,1,0,-1,-1,-2,0,64,-25,19,-18,10,-9,7,-7,3,-2,1,0,0,-1
256,176,-28,4.022963261866e-05,4.023e-5,-4.395453933,402.296326187,10000000,402,4.020000000000e-05,4.020000000000e-05,-4.395773947,0,1.757212157,-0.938241107,1.267422235,1.212524952,96,7,7,adc_s16,0.050000000,12,1,-16.000000000,-6.000000000,6.000000000,16.000000000,0,1,0,0,-3,2,-5,64,-19,8,-11,6,-8,7,-8,3,-3,1,-1,1,-1
256,204,68,4.026952953468e-05,4.027e-5,-4.395023444,402.695295347,10000000,403,4.030000000000e-05,4.030000000000e-05,-4.394694954,0,1.973568700,-1.099771492,1.315173377,1.444208463,96,7,7,adc_s16,0.050000000,12,1,-16.000000000,-6.000000000,6.000000000,16.000000000,0,1,0,0,-2,0,-3,64,-11,18,-18,10,-10,7,-8,2,-3,1,-1,0,-1
256,144,-64,4.086196110736e-05,4.086e-5,-4.388680794,408.619611074,10000000,409,4.090000000000e-05,4.090000000000e-05,-4.388276692,0,1.612420574,-0.866724308,1.275583151,1.218559152,96,7,7,adc_s16,0.050000000,12,1,-16.000000000,-6.000000000,6.000000000,16.000000000,0,1,0,0,-3,1,-4,64,-26,6,-9,5,-7,7,-8,3,-3,1,-1,1,-1
256,176,76,4.101844386799e-05,4.102e-5,-4.387020820,410.184438680,10000000,410,4.100000000000e-05,4.100000000000e-05,-4.387216143,0,1.926606913,-1.081645257,1.261800237,1.350564885,96,7,7,adc_s16,0.050000000,12,1,-16.000000000,-6.000000000,6.000000000,16.000000000,0,1,0,-1,-2,-1,-1,64,-11,22,-21,11,-11,7,-8,2,-3,1,-1,0,-1
256,184,-16,4.107802046656e-05,4.108e-5,-4.386390493,410.780204666,10000000,411,4.110000000000e-05,4.110000000000e-05,-4.386158178,0,1.796639912,-0.953372036,1.276404792,1.218841919,96,7,7,adc_s16,0.050000000,12,1,-16.000000000,-6.000000000,6.000000000,16.000000000,0,1,0,0,-3,2,-5,64,-17,9,-12,6,-8,7,-8,3,-3,1,-1,1,-1
256,144,48,4.242247238788e-05,4.242e-5,-4.372404024,424.224723879,10000000,424,4.240000000000e-05,4.240000000000e-05,-4.372634143,0,2.121843410,-1.039896245,1.388921607,1.380501796,96,7,7,adc_s16,0.050000000,12,1,-16.000000000,-6.000000000,6.000000000,16.000000000,0,1,0,-1,-1,-2,0,64,-18,21,-20,11,-10,7,-7,2,-3,1,-1,0,-1
256,68,-44,4.283032266857e-05,4.283e-5,-4.368248654,428.303226686,10000000,428,4.280000000000e-05,4.280000000000e-05,-4.368556231,0,2.272886033,-0.860702816,1.495119516,1.432579191,96,7,7,adc_s16,0.050000000,12,1,-16.000000000,-6.000000000,6.000000000,16.000000000,0,1,1,-1,0,-2,1,64,-35,16,-15,8,-8,7,-7,3,-2,1,0,0,-1
256,72,-44,4.288544744202e-05,4.289e-5,-4.367690054,428.854474420,10000000,429,4.290000000000e-05,4.290000000000e-05,-4.367542708,0,2.313961199,-0.883337451,1.497797487,1.437429986,96,7,7,adc_s16,0.050000000,12,1,-16.000000000,-6.000000000,6.000000000,16.000000000,0,1,1,-1,0,-2,1,64,-34,16,-15,8,-8,7,-7,3,-2,1,0,0,-1
256,212,16,4.442221636218e-05,4.442e-5,-4.352399777,444.222163622,10000000,444,4.440000000000e-05,4.440000000000e-05,-4.352617030,0,1.780930096,-1.029922184,1.260761262,1.263797415,96,7,7,adc_s16,0.050000000,12,1,-16.000000000,-6.000000000,6.000000000,16.000000000,0,1,0,0,-3,2,-5,64,-11,11,-13,7,-9,7,-8,3,-3,1,-1,1,-1
256,120,12,4.554132711454e-05,4.554e-5,-4.341594318,455.413271145,10000000,455,4.550000000000e-05,4.550000000000e-05,-4.341988603,0,2.059606581,-0.961647727,1.382948652,1.414925175,96,7,7,adc_s16,0.050000000,12,1,-16.000000000,-6.000000000,6.000000000,16.000000000,0,1,0,-1,-1,-2,0,64,-23,19,-18,10,-9,7,-7,3,-2,1,0,0,-1
256,204,4,4.686375457287e-05,4.686e-5,-4.329162920,468.637545729,10000000,469,4.690000000000e-05,4.690000000000e-05,-4.328827157,0,1.730020561,-1.036283350,1.237409961,1.274095292,96,7,7,adc_s16,0.050000000,12,1,-16.000000000,-6.000000000,6.000000000,16.000000000,0,1,0,0,-3,2,-5,64,-13,10,-12,7,-9,7,-8,3,-3,1,-1,1,-1
256,72,-40,4.741706413622e-05,4.742e-5,-4.324065339,474.170641362,10000000,474,4.740000000000e-05,4.740000000000e-05,-4.324221658,0,2.332165748,-0.885066700,1.506000479,1.449539576,96,7,7,adc_s16,0.050000000,12,1,-16.000000000,-6.000000000,6.000000000,16.000000000,0,1,1,-1,0,-2,1,64,-34,16,-15,8,-8,7,-7,3,-2,1,0,0,-1
256,112,4,4.742967626976e-05,4.743e-5,-4.323949840,474.296762698,10000000,474,4.740000000000e-05,4.740000000000e-05,-4.324221658,0,2.049835877,-0.964426877,1.381602135,1.428833945,96,7,7,adc_s16,0.050000000,12,1,-16.000000000,-6.000000000,6.000000000,16.000000000,0,1,0,-1,-1,-2,0,64,-25,18,-17,10,-9,7,-7,3,-2,1,0,0,-1
256,72,-36,4.743948305958e-05,4.744e-5,-4.323860052,474.394830596,10000000,474,4.740000000000e-05,4.740000000000e-05,-4.324221658,0,2.370165556,-0.864439229,1.516038847,1.445049026,96,7,7,adc_s16,0.050000000,12,1,-16.000000000,-6.000000000,6.000000000,16.000000000,0,1,1,-1,0,-2,1,64,-34,17,-16,9,-8,7,-7,3,-2,1,0,0,-1
256,152,52,4.829658160665e-05,4.830e-5,-4.316083607,482.965816067,10000000,483,4.830000000000e-05,4.830000000000e-05,-4.316052869,0,2.108419619,-1.061573617,1.380865064,1.351687047,96,7,7,adc_s16,0.050000000,12,1,-16.000000000,-6.000000000,6.000000000,16.000000000,0,1,0,-1,-1,-2,0,64,-16,21,-20,11,-10,7,-7,2,-3,1,-1,0,-1
256,200,-4,4.849630547244e-05,4.850e-5,-4.314291345,484.963054724,10000000,485,4.850000000000e-05,4.850000000000e-05,-4.314258261,0,1.881944594,-0.993268281,1.296214380,1.225849871,96,7,7,adc_s16,0.050000000,12,1,-16.000000000,-6.000000000,6.000000000,16.000000000,0,1,0,0,-3,2,-5,64,-14,9,-12,7,-8,7,-8,3,-3,1,-1,1,-1
256,172,-32,4.889235628370e-05,4.889e-5,-4.310759032,488.923562837,10000000,489,4.890000000000e-05,4.890000000000e-05,-4.310691141,0,1.809060999,-0.944880188,1.316333674,1.233640829,96,7,7,adc_s16,0.050000000,12,1,-16.000000000,-6.000000000,6.000000000,16.000000000,0,1,0,0,-3,2,-5,64,-20,8,-11,6,-8,7,-8,3,-3,1,-1,1,-1
256,200,72,4.959438875208e-05,4.959e-5,-4.304567458,495.943887521,10000000,496,4.960000000000e-05,4.960000000000e-05,-4.304518324,0,2.046429470,-1.095046937,1.321229432,1.459606564,96,7,7,adc_s16,0.050000000,12,1,-16.000000000,-6.000000000,6.000000000,16.000000000,0,1,0,0,-2,0,-2,64,-11,19,-19,10,-11,7,-8,2,-3,1,-1,0,-1
256,172,68,5.067098741845e-05,5.067e-5,-4.295240633,506.709874185,10000000,507,5.070000000000e-05,5.070000000000e-05,-4.294992041,0,1.869101130,-1.066421690,1.297105761,1.348879389,96,7,7,adc_s16,0.050000000,12,1,-16.000000000,-6.000000000,6.000000000,16.000000000,0,1,0,-1,-2,-1,-1,64,-12,21,-20,11,-11,7,-8,2,-3,1,-1,0,-1
256,124,28,5.122650677024e-05,5.123e-5,-4.290505258,512.265067702,10000000,512,5.120000000000e-05,5.120000000000e-05,-4.290730039,0,2.199663802,-0.999722085,1.408462888,1.394815306,96,7,7,adc_s16,0.050000000,12,1,-16.000000000,-6.000000000,6.000000000,16.000000000,0,1,0,-1,-1,-2,0,64,-22,20,-19,10,-10,7,-7,2,-3,1,0,0,-1
256,160,60,5.193716520714e-05,5.194e-5,-4.284521758,519.371652071,10000000,519,5.190000000000e-05,5.190000000000e-05,-4.284832642,0,2.187436635,-1.076086957,1.393938665,1.372637908,96,7,7,adc_s16,0.050000000,12,1,-16.000000000,-6.000000000,6.000000000,16.000000000,0,1,0,-1,-1,-1,0,64,-15,21,-20,11,-10,7,-7,2,-3,1,-1,0,-1
256,132,-76,5.202964555089e-05,5.203e-5,-4.283749133,520.296455509,10000000,520,5.200000000000e-05,5.200000000000e-05,-4.283996656,0,1.674521590,-0.835134634,1.279336618,1.238619511,96,7,7,adc_s16,0.050000000,12,1,-16.000000000,-6.000000000,6.000000000,16.000000000,0,1,0,0,-3,1,-4,64,-29,6,-9,5,-6,7,-7,3,-3,1,-1,1,-1
256,136,-72,5.223871180454e-05,5.224e-5,-4.282007541,522.387118045,10000000,522,5.220000000000e-05,5.220000000000e-05,-4.282329497,0,1.660072330,-0.835041996,1.277562666,1.211833657,96,7,7,adc_s16,0.050000000,12,1,-16.000000000,-6.000000000,6.000000000,16.000000000,0,1,0,0,-3,1,-4,64,-28,6,-9,5,-7,7,-7,3,-3,1,-1,1,-1
256,80,-36,5.270796401324e-05,5.271e-5,-4.278123759,527.079640132,10000000,527,5.270000000000e-05,5.270000000000e-05,-4.278189385,0,2.111693111,-0.881422925,1.447955783,1.376365524,96,7,7,adc_s16,0.050000000,12,1,-16.000000000,-6.000000000,6.000000000,16.000000000,0,1,1,-1,-1,-2,1,64,-32,16,-15,8,-8,7,-7,3,-2,1,0,0,-1
256,144,-60,5.283307395757e-05,5.283e-5,-4.277094120,528.330739576,10000000,528,5.280000000000e-05,5.280000000000e-05,-4.277366077,0,1.717636101,-0.857336957,1.320528345,1.243706776,96,7,7,adc_s16,0.050000000,12,1,-16.000000000,-6.000000000,6.000000000,16.000000000,0,1,0,0,-3,1,-4,64,-26,7,-10,5,-7,7,-8,3,-3,1,-1,1,-1
256,120,16,5.324166567930e-05,5.324e-5,-4.273748366,532.416656793,10000000,532,5.320000000000e-05,5.320000000000e-05,-4.274088368,0,2.116737877,-0.963376976,1.400656242,1.418910059,96,7,7,adc_s16,0.050000000,12,1,-16.000000000,-6.000000000,6.000000000,16.000000000,0,1,0,-1,-1,-2,0,64,-23,19,-18,10,-9,7,-7,3,-2,1,0,0,-1
256,180,80,5.325993056611e-05,5.326e-5,-4.273599404,532.599305661,10000000,533,5.330000000000e-05,5.330000000000e-05,-4.273272791,0,1.911703938,-1.085134634,1.254986477,1.386359339,96,7,7,adc_s16,0.050000000,12,1,-16.000000000,-6.000000000,6.000000000,16.000000000,0,1,0,-1,-2,-1,-1,64,-11,22,-21,11,-11,7,-8,2,-3,1,-1,0,-1
256,164,64,5.351871025129e-05,5.352e-5,-4.271494361,535.187102513,10000000,535,5.350000000000e-05,5.350000000000e-05,-4.271646218,0,2.039216626,-1.097856966,1.358755769,1.413099857,96,7,7,adc_s16,0.050000000,12,1,-16.000000000,-6.000000000,6.000000000,16.000000000,0,1,0,-1,-1,-1,-1,64,-14,21,-20,11,-10,7,-8,2,-3,1,-1,0,-1
256,176,72,5.457830669102e-05,5.458e-5,-4.262979943,545.783066910,10000000,546,5.460000000000e-05,5.460000000000e-05,-4.262807357,0,1.838413741,-1.069911067,1.282122643,1.369466038,96,7,7,adc_s16,0.050000000,12,1,-16.000000000,-6.000000000,6.000000000,16.000000000,0,1,0,-1,-2,-1,-1,64,-12,21,-20,11,-11,7,-8,2,-3,1,-1,0,-1
256,200,0,5.478755246121e-05,5.479e-5,-4.261318100,547.875524612,10000000,548,5.480000000000e-05,5.480000000000e-05,-4.261219442,0,1.789166615,-0.981410573,1.262478970,1.270585814,96,7,7,adc_s16,0.050000000,12,1,-16.000000000,-6.000000000,6.000000000,16.000000000,0,1,0,0,-3,2,-5,64,-14,10,-12,7,-8,7,-8,3,-3,1,-1,1,-1
256,172,72,5.539391372788e-05,5.539e-5,-4.256537950,553.939137279,10000000,554,5.540000000000e-05,5.540000000000e-05,-4.256490235,0,2.215050576,-1.091742836,1.368643291,1.387475448,96,7,7,adc_s16,0.050000000,12,1,-16.000000000,-6.000000000,6.000000000,16.000000000,0,1,0,-1,-1,-1,-1,64,-12,22,-20,11,-11,7,-8,2,-3,1,-1,0,-1
256,104,0,5.575442984973e-05,5.575e-5,-4.253720621,557.544298497,10000000,558,5.580000000000e-05,5.580000000000e-05,-4.253365801,0,2.256519469,-0.976963933,1.457431807,1.421132853,96,7,7,adc_s16,0.050000000,12,1,-16.000000000,-6.000000000,6.000000000,16.000000000,0,1,0,-1,-1,-2,1,64,-27,18,-17,10,-9,7,-7,3,-2,1,0,0,-1
256,148,52,5.650581766414e-05,5.651e-5,-4.247906836,565.058176641,10000000,565,5.650000000000e-05,5.650000000000e-05,-4.247951552,0,2.180902587,-1.051414279,1.404509174,1.386710371,96,7,7,adc_s16,0.050000000,12,1,-16.000000000,-6.000000000,6.000000000,16.000000000,0,1,0,-1,-1,-2,0,64,-17,21,-20,11,-10,7,-7,2,-3,1,-1,0,-1
256,204,60,5.670991632412e-05,5.671e-5,-4.246340994,567.099163241,10000000,567,5.670000000000e-05,5.670000000000e-05,-4.246416941,0,1.806788836,-1.082602520,1.250800669,1.456143477,96,7,7,adc_s16,0.050000000,12,1,-16.000000000,-6.000000000,6.000000000,16.000000000,0,1,0,0,-3,0,-3,64,-11,17,-18,10,-10,7,-8,2,-3,1,-1,0,-1
256,208,16,5.675166310087e-05,5.675e-5,-4.246021407,567.516631009,10000000,568,5.680000000000e-05,5.680000000000e-05,-4.245651664,0,1.804396545,-1.027297431,1.271598774,1.285872786,96,7,7,adc_s16,0.050000000,12,1,-16.000000000,-6.000000000,6.000000000,16.000000000,0,1,0,0,-3,2,-5,64,-12,11,-13,7,-9,7,-8,3,-3,1,-1,1,-1
256,164,-44,5.684401028236e-05,5.684e-5,-4.245315291,568.440102824,10000000,568,5.680000000000e-05,5.680000000000e-05,-4.245651664,0,1.769838009,-0.930737401,1.313096263,1.204857840,96,7,7,adc_s16,0.050000000,12,1,-16.000000000,-6.000000000,6.000000000,16.000000000,0,1,0,0,-3,2,-5,64,-22,7,-10,6,-7,7,-8,3,-3,1,-1,1,-1
256,204,16,5.843930855889e-05,5.844e-5,-4.233294931,584.393085589,10000000,584,5.840000000000e-05,5.840000000000e-05,-4.233587153,0,1.774182619,-1.031960227,1.270496000,1.282298299,96,7,7,adc_s16,0.050000000,12,1,-16.000000000,-6.000000000,6.000000000,16.000000000,0,1,0,0,-3,2,-5,64,-12,11,-14,7,-9,7,-8,3,-3,1,-1,1,-1
256,84,-24,6.123309165180e-05,6.123e-5,-4.213013813,612.330916518,10000000,612,6.120000000000e-05,6.120000000000e-05,-4.213248578,0,2.260690951,-0.921103014,1.459771834,1.407604159,96,7,7,adc_s16,0.050000000,12,1,-16.000000000,-6.000000000,6.000000000,16.000000000,0,1,1,-1,-1,-2,1,64,-31,17,-16,9,-8,7,-7,3,-2,1,0,0,-1
256,84,-28,6.144229761906e-05,6.144e-5,-4.211532552,614.422976191,10000000,614,6.140000000000e-05,6.140000000000e-05,-4.211831629,0,2.256224122,-0.919373765,1.459996618,1.406784914,96,7,7,adc_s16,0.050000000,12,1,-16.000000000,-6.000000000,6.000000000,16.000000000,0,1,1,-1,-1,-2,1,64,-31,17,-16,9,-8,7,-7,3,-2,1,0,0,-1
256,116,16,6.164266828657e-05,6.164e-5,-4.210118571,616.426682866,10000000,616,6.160000000000e-05,6.160000000000e-05,-4.210419288,0,2.160802542,-1.000401433,1.412141494,1.410634348,96,7,7,adc_s16,0.050000000,12,1,-16.000000000,-6.000000000,6.000000000,16.000000000,0,1,0,-1,-1,-2,0,64,-24,19,-18,10,-9,7,-7,3,-2,1,0,0,-1
256,68,-80,6.165061774950e-05,6.165e-5,-4.210062567,616.506177495,10000000,617,6.170000000000e-05,6.170000000000e-05,-4.209714836,0,2.037507493,-0.849462698,1.427266452,1.466969135,96,7,7,adc_s16,0.050000000,12,1,-16.000000000,-6.000000000,6.000000000,16.000000000,0,1,1,-1,-1,-1,0,64,-35,11,-12,6,-6,7,-7,3,-2,1,0,0,-1
256,124,24,6.216103182953e-05,6.216e-5,-4.206481785,621.610318295,10000000,622,6.220000000000e-05,6.220000000000e-05,-4.206209615,0,2.269335477,-0.977982955,1.435261985,1.393941566,96,7,7,adc_s16,0.050000000,12,1,-16.000000000,-6.000000000,6.000000000,16.000000000,0,1,0,-1,-1,-2,0,64,-22,20,-18,10,-9,7,-7,2,-3,1,0,0,-1
256,180,-16,6.285707651791e-05,6.286e-5,-4.201645822,628.570765179,10000000,629,6.290000000000e-05,6.290000000000e-05,-4.201349355,0,1.847122917,-0.943336215,1.304790564,1.235679450,96,7,7,adc_s16,0.050000000,12,1,-16.000000000,-6.000000000,6.000000000,16.000000000,0,1,0,0,-3,1,-5,64,-18,9,-12,7,-8,7,-8,3,-3,1,-1,1,-1
256,172,76,6.291193856891e-05,6.291e-5,-4.201266932,629.119385689,10000000,629,6.290000000000e-05,6.290000000000e-05,-4.201349355,0,2.206738054,-1.104588686,1.379939213,1.416865751,96,7,7,adc_s16,0.050000000,12,1,-16.000000000,-6.000000000,6.000000000,16.000000000,0,1,0,-1,-1,-1,-1,64,-12,22,-21,12,-11,7,-8,2,-3,1,-1,0,-1
256,72,-48,6.331599208455e-05,6.332e-5,-4.198486584,633.159920845,10000000,633,6.330000000000e-05,6.330000000000e-05,-4.198596290,0,2.167385017,-0.856534091,1.436344119,1.406621803,96,7,7,adc_s16,0.050000000,12,1,-16.000000000,-6.000000000,6.000000000,16.000000000,0,1,1,-1,-1,-2,1,64,-34,15,-14,8,-7,7,-7,3,-2,1,0,0,-1
256,176,-32,6.366433871153e-05,6.366e-5,-4.196103768,636.643387115,10000000,637,6.370000000000e-05,6.370000000000e-05,-4.195860568,0,1.842691609,-0.936511858,1.302567388,1.254803033,96,7,7,adc_s16,0.050000000,12,1,-16.000000000,-6.000000000,6.000000000,16.000000000,0,1,0,0,-3,2,-5,64,-19,8,-11,6,-8,7,-8,3,-3,1,-1,1,-1
256,148,44,6.409188042293e-05,6.409e-5,-4.193196986,640.918804229,10000000,641,6.410000000000e-05,6.410000000000e-05,-4.193141970,0,2.302756035,-1.062036808,1.441390255,1.449534891,96,7,7,adc_s16,0.050000000,12,1,-16.000000000,-6.000000000,6.000000000,16.000000000,0,1,0,-1,-1,-1,0,64,-17,20,-19,11,-10,7,-7,2,-3,1,-1,0,-1
256,144,44,6.527245679025e-05,6.527e-5,-4.185270041,652.724567903,10000000,653,6.530000000000e-05,6.530000000000e-05,-4.185086819,0,2.269825133,-1.018774704,1.421104831,1.384865037,96,7,7,adc_s16,0.050000000,12,1,-16.000000000,-6.000000000,6.000000000,16.000000000,0,1,0,-1,-1,-2,0,64,-18,21,-19,11,-10,7,-7,2,-3,1,-1,0,-1
256,148,-60,6.643803967310e-05,6.644e-5,-4.177583190,664.380396731,10000000,664,6.640000000000e-05,6.640000000000e-05,-4.177831921,0,1.846517315,-0.858355978,1.341461778,1.228011162,96,7,7,adc_s16,0.050000000,12,1,-16.000000000,-6.000000000,6.000000000,16.000000000,0,1,0,0,-3,1,-5,64,-25,6,-9,5,-7,7,-8,3,-3,1,-1,1,-1
256,156,-56,6.830893625317e-05,6.831e-5,-4.165522478,683.089362532,10000000,683,6.830000000000e-05,6.830000000000e-05,-4.165579296,0,1.896817395,-0.890408844,1.326913138,1.239441163,96,7,7,adc_s16,0.050000000,12,1,-16.000000000,-6.000000000,6.000000000,16.000000000,0,1,0,0,-3,2,-5,64,-24,6,-9,5,-7,7,-8,3,-3,1,-1,1,-1
256,160,-48,6.835968951410e-05,6.836e-5,-4.165199918,683.596895141,10000000,684,6.840000000000e-05,6.840000000000e-05,-4.164943898,0,1.957813922,-0.899209486,1.356321829,1.233412411,96,7,7,adc_s16,0.050000000,12,1,-16.000000000,-6.000000000,6.000000000,16.000000000,0,1,0,0,-3,2,-5,64,-23,7,-10,5,-7,7,-8,3,-3,1,-1,1,-1
256,112,12,6.845758421059e-05,6.846e-5,-4.164578431,684.575842106,10000000,685,6.850000000000e-05,6.850000000000e-05,-4.164309429,0,2.329524387,-1.001852767,1.473901019,1.408806268,96,7,7,adc_s16,0.050000000,12,1,-16.000000000,-6.000000000,6.000000000,16.000000000,0,1,0,-1,-1,-2,1,64,-25,19,-18,10,-9,7,-7,3,-2,1,0,0,-1
256,64,-68,6.858706497095e-05,6.859e-5,-4.163757781,685.870649710,10000000,686,6.860000000000e-05,6.860000000000e-05,-4.163675884,0,2.062853185,-0.809412055,1.432624314,1.428000698,96,7,7,adc_s16,0.050000000,12,1,-16.000000000,-6.000000000,6.000000000,16.000000000,0,1,1,-1,-1,-2,0,64,-35,13,-13,7,-7,7,-7,3,-2,1,0,0,-1
256,160,68,6.980709468284e-05,6.981e-5,-4.156100437,698.070946828,10000000,698,6.980000000000e-05,6.980000000000e-05,-4.156144577,0,2.388893759,-1.062994071,1.458993194,1.399584229,96,7,7,adc_s16,0.050000000,12,1,-16.000000000,-6.000000000,6.000000000,16.000000000,0,1,0,-1,-1,-2,0,64,-14,22,-21,11,-11,7,-7,2,-3,1,-1,0,-1
256,148,48,6.991595784487e-05,6.992e-5,-4.155423688,699.159578449,10000000,699,6.990000000000e-05,6.990000000000e-05,-4.155522824,0,2.341753317,-1.064013093,1.456109564,1.404452746,96,7,7,adc_s16,0.050000000,12,1,-16.000000000,-6.000000000,6.000000000,16.000000000,0,1,0,-1,-1,-2,0,64,-17,21,-19,11,-10,7,-7,2,-3,1,-1,0,-1
256,188,-4,7.052043844577e-05,7.052e-5,-4.151684996,705.204384458,10000000,705,7.050000000000e-05,7.050000000000e-05,-4.151810883,0,1.881227558,-1.000586709,1.286253393,1.274750719,96,7,7,adc_s16,0.050000000,12,1,-16.000000000,-6.000000000,6.000000000,16.000000000,0,1,0,0,-3,1,-5,64,-16,10,-13,7,-8,7,-8,3,-3,1,-1,1,-1
256,208,52,7.132461786276e-05,7.132e-5,-4.146760546,713.246178628,10000000,713,7.130000000000e-05,7.130000000000e-05,-4.146910470,0,1.908020886,-1.080286561,1.310713440,1.464587619,96,7,7,adc_s16,0.050000000,12,1,-16.000000000,-6.000000000,6.000000000,16.000000000,0,1,0,0,-3,1,-4,64,-11,16,-17,9,-10,7,-8,2,-3,1,-1,0,-1
256,168,-36,7.296063555779e-05,7.296e-5,-4.136911392,729.606355578,10000000,730,7.300000000000e-05,7.300000000000e-05,-4.136677140,0,1.865127690,-0.936079545,1.329243331,1.235660304,96,7,7,adc_s16,0.050000000,12,1,-16.000000000,-6.000000000,6.000000000,16.000000000,0,1,0,0,-3,2,-5,64,-21,8,-11,6,-8,7,-8,3,-3,1,-1,1,-1
256,176,80,7.330950849809e-05,7.331e-5,-4.134839692,733.095084981,10000000,733,7.330000000000e-05,7.330000000000e-05,-4.134896025,0,2.266956271,-1.107831028,1.378930994,1.432211399,96,7,7,adc_s16,0.050000000,12,1,-16.000000000,-6.000000000,6.000000000,16.000000000,0,1,0,-1,-1,-1,-1,64,-11,22,-21,12,-11,7,-8,2,-3,1,-1,0,-1
256,168,72,7.340505024152e-05,7.341e-5,-4.134274060,734.050502415,10000000,734,7.340000000000e-05,7.340000000000e-05,-4.134303940,0,2.414492913,-1.122591403,1.458373656,1.432805394,96,7,7,adc_s16,0.050000000,12,1,-16.000000000,-6.000000000,6.000000000,16.000000000,0,1,0,-1,-1,-1,0,64,-13,22,-21,11,-11,7,-8,2,-3,1,-1,0,-1
256,208,12,7.364482270766e-05,7.364e-5,-4.132857779,736.448227077,10000000,736,7.360000000000e-05,7.360000000000e-05,-4.133122186,0,1.933345755,-1.013092885,1.318882265,1.289997094,96,7,7,adc_s16,0.050000000,12,1,-16.000000000,-6.000000000,6.000000000,16.000000000,0,1,0,0,-3,2,-5,64,-12,10,-13,7,-9,7,-8,3,-3,1,-1,1,-1
256,96,-8,7.547019471583e-05,7.547e-5,-4.122224530,754.701947158,10000000,755,7.550000000000e-05,7.550000000000e-05,-4.122053048,0,2.363838125,-0.941699605,1.492612791,1.409495542,96,7,7,adc_s16,0.050000000,12,1,-16.000000000,-6.000000000,6.000000000,16.000000000,0,1,1,-1,-1,-2,1,64,-28,18,-17,9,-9,7,-7,3,-2,1,0,0,-1
256,76,-32,7.706946318182e-05,7.707e-5,-4.113117666,770.694631818,10000000,771,7.710000000000e-05,7.710000000000e-05,-4.112945622,0,2.441447418,-0.918817935,1.566649186,1.485575267,96,7,7,adc_s16,0.050000000,12,1,-16.000000000,-6.000000000,6.000000000,16.000000000,0,1,1,-1,0,-2,1,64,-33,17,-16,9,-8,7,-7,3,-2,1,0,0,-1
256,80,-28,7.730774145299e-05,7.731e-5,-4.111777014,773.077414530,10000000,773,7.730000000000e-05,7.730000000000e-05,-4.111820506,0,2.516947130,-0.896739130,1.554915979,1.487004442,96,7,7,adc_s16,0.050000000,12,1,-16.000000000,-6.000000000,6.000000000,16.000000000,0,1,1,-1,0,-2,1,64,-32,17,-16,9,-8,7,-7,3,-2,1,0,0,-1
256,168,68,7.875304960915e-05,7.875e-5,-4.103732620,787.530496092,10000000,788,7.880000000000e-05,7.880000000000e-05,-4.103473783,0,2.159659902,-1.105545949,1.379130084,1.428279809,96,7,7,adc_s16,0.050000000,12,1,-16.000000000,-6.000000000,6.000000000,16.000000000,0,1,0,-1,-1,-1,-1,64,-13,22,-20,11,-11,7,-8,2,-3,1,-1,0,-1
256,120,24,7.887945942653e-05,7.888e-5,-4.103036074,788.794594265,10000000,789,7.890000000000e-05,7.890000000000e-05,-4.102922997,0,2.322534084,-1.011548913,1.466785799,1.409288692,96,7,7,adc_s16,0.050000000,12,1,-16.000000000,-6.000000000,6.000000000,16.000000000,0,1,0,-1,-1,-2,1,64,-23,20,-19,10,-9,7,-7,2,-2,1,0,0,-1
256,164,-40,8.143641515853e-05,8.144e-5,-4.089181352,814.364151585,10000000,814,8.140000000000e-05,8.140000000000e-05,-4.089375595,0,1.819195972,-0.901463686,1.334094210,1.264348273,96,7,7,adc_s16,0.050000000,12,1,-16.000000000,-6.000000000,6.000000000,16.000000000,0,1,0,0,-3,1,-5,64,-22,8,-10,6,-7,7,-8,3,-3,1,-1,1,-1
256,68,-52,8.178821627517e-05,8.179e-5,-4.087309263,817.882162752,10000000,818,8.180000000000e-05,8.180000000000e-05,-4.087246696,0,2.413677199,-0.836987401,1.545950479,1.499900221,96,7,7,adc_s16,0.050000000,12,1,-16.000000000,-6.000000000,6.000000000,16.000000000,0,1,1,-1,0,-2,1,64,-35,15,-14,8,-7,7,-7,3,-2,1,0,0,-1
256,152,56,8.224583789107e-05,8.225e-5,-4.084886071,822.458378911,10000000,822,8.220000000000e-05,8.220000000000e-05,-4.085128182,0,2.244179612,-1.063302866,1.427245798,1.417468108,96,7,7,adc_s16,0.050000000,12,1,-16.000000000,-6.000000000,6.000000000,16.000000000,0,1,0,-1,-1,-2,0,64,-16,21,-20,11,-10,7,-7,2,-3,1,-1,0,-1
256,172,-28,8.315793688476e-05,8.316e-5,-4.080096294,831.579368848,10000000,832,8.320000000000e-05,8.320000000000e-05,-4.079876674,0,1.997600807,-0.927587698,1.388705830,1.333199631,96,7,7,adc_s16,0.050000000,12,1,-16.000000000,-6.000000000,6.000000000,16.000000000,0,1,0,0,-3,1,-5,64,-20,8,-11,6,-8,7,-8,3,-3,1,-1,1,-1
256,140,-72,8.339462206770e-05,8.339e-5,-4.078861955,833.946220677,10000000,834,8.340000000000e-05,8.340000000000e-05,-4.078833949,0,2.054768193,-0.827661808,1.381459520,1.211262509,96,7,7,adc_s16,0.050000000,12,1,-16.000000000,-6.000000000,6.000000000,16.000000000,0,1,0,0,-3,1,-5,64,-27,6,-9,5,-7,7,-8,3,-3,1,-1,1,-1
256,160,64,8.441500999820e-05,8.442e-5,-4.073580324,844.150099982,10000000,844,8.440000000000e-05,8.440000000000e-05,-4.073657553,0,2.481100940,-1.082756917,1.474165197,1.402794994,96,7,7,adc_s16,0.050000000,12,1,-16.000000000,-6.000000000,6.000000000,16.000000000,0,1,0,-1,-1,-2,0,64,-14,22,-20,11,-10,7,-7,2,-3,1,-1,0,-1
256,100,-4,8.451982429335e-05,8.452e-5,-4.073041414,845.198242933,10000000,845,8.450000000000e-05,8.450000000000e-05,-4.073143291,0,2.434113370,-0.958899457,1.512344630,1.424472156,96,7,7,adc_s16,0.050000000,12,1,-16.000000000,-6.000000000,6.000000000,16.000000000,0,1,1,-1,-1,-2,1,64,-27,18,-17,9,-9,7,-7,3,-2,1,0,0,-1
256,208,8,8.491673030574e-05,8.492e-5,-4.071006737,849.167303057,10000000,849,8.490000000000e-05,8.490000000000e-05,-4.071092310,0,1.931789374,-1.011363636,1.322149347,1.306457822,96,7,7,adc_s16,0.050000000,12,1,-16.000000000,-6.000000000,6.000000000,16.000000000,0,1,0,0,-3,2,-5,64,-12,10,-13,7,-9,7,-8,3,-3,1,-1,1,-1
256,180,-32,8.497273073361e-05,8.497e-5,-4.070720425,849.727307336,10000000,850,8.500000000000e-05,8.500000000000e-05,-4.070581074,0,1.985119223,-0.962728508,1.340539253,1.312181350,96,7,7,adc_s16,0.050000000,12,1,-16.000000000,-6.000000000,6.000000000,16.000000000,0,1,0,0,-3,2,-5,64,-19,7,-10,6,-8,7,-8,3,-3,1,-1,1,-1
256,88,-20,8.601112576471e-05,8.601e-5,-4.065445368,860.111257647,10000000,860,8.600000000000e-05,8.600000000000e-05,-4.065501549,0,2.338508983,-0.939414526,1.487075292,1.455279795,96,7,7,adc_s16,0.050000000,12,1,-16.000000000,-6.000000000,6.000000000,16.000000000,0,1,1,-1,-1,-2,1,64,-30,17,-16,9,-8,7,-7,3,-2,1,0,0,-1
256,88,-24,8.680049113597e-05,8.680e-5,-4.061477817,868.004911360,10000000,868,8.680000000000e-05,8.680000000000e-05,-4.061480275,0,2.331559639,-0.937685277,1.486130503,1.465183931,96,7,7,adc_s16,0.050000000,12,1,-16.000000000,-6.000000000,6.000000000,16.000000000,0,1,1,-1,-1,-2,1,64,-30,17,-16,9,-8,7,-7,3,-2,1,0,0,-1
256,64,-40,8.689417179239e-05,8.689e-5,-4.061009352,868.941717924,10000000,869,8.690000000000e-05,8.690000000000e-05,-4.060980224,0,2.262343382,-0.852643281,1.480390442,1.452750291,96,7,7,adc_s16,0.050000000,12,1,-16.000000000,-6.000000000,6.000000000,16.000000000,0,1,1,-2,0,-3,1,64,-35,17,-16,9,-8,7,-7,3,-2,1,0,0,-1
256,152,-60,8.792988331373e-05,8.793e-5,-4.055863503,879.298833137,10000000,879,8.790000000000e-05,8.790000000000e-05,-4.056011125,0,1.957343446,-0.892848320,1.360168274,1.254764773,96,7,7,adc_s16,0.050000000,12,1,-16.000000000,-6.000000000,6.000000000,16.000000000,0,1,0,0,-3,2,-5,64,-25,6,-9,5,-7,7,-8,3,-3,1,-1,1,-1
256,156,60,8.793177252956e-05,8.793e-5,-4.055854172,879.317725296,10000000,879,8.790000000000e-05,8.790000000000e-05,-4.056011125,0,2.402213613,-1.067656868,1.465809959,1.409528516,96,7,7,adc_s16,0.050000000,12,1,-16.000000000,-6.000000000,6.000000000,16.000000000,0,1,0,-1,-1,-2,0,64,-15,22,-20,11,-10,7,-7,2,-3,1,-1,0,-1
256,108,4,8.882103541811e-05,8.882e-5,-4.051484168,888.210354181,10000000,888,8.880000000000e-05,8.880000000000e-05,-4.051587034,0,2.177736496,-0.975883152,1.448785277,1.467979583,96,7,7,adc_s16,0.050000000,12,1,-16.000000000,-6.000000000,6.000000000,16.000000000,0,1,0,-1,-1,-2,0,64,-26,19,-17,10,-9,7,-7,3,-2,1,0,0,-1
256,212,40,8.928208221497e-05,8.928e-5,-4.049235690,892.820822150,10000000,893,8.930000000000e-05,8.930000000000e-05,-4.049148541,0,2.043995533,-1.066112895,1.335687903,1.472243165,96,7,7,adc_s16,0.050000000,12,1,-16.000000000,-6.000000000,6.000000000,16.000000000,0,1,0,0,-3,1,-4,64,-11,14,-15,8,-10,7,-8,2,-3,1,-1,0,-1
256,92,-12,8.960356136747e-05,8.960e-5,-4.047674729,896.035613675,10000000,896,8.960000000000e-05,8.960000000000e-05,-4.047691990,0,2.331928210,-0.927093626,1.498522536,1.427869907,96,7,7,adc_s16,0.050000000,12,1,-16.000000000,-6.000000000,6.000000000,16.000000000,0,1,1,-1,-1,-2,1,64,-29,18,-17,9,-8,7,-7,3,-2,1,0,0,-1
256,64,-52,9.035486305109e-05,9.035e-5,-4.044048468,903.548630511,10000000,904,9.040000000000e-05,9.040000000000e-05,-4.043831570,0,2.540695930,-0.876852767,1.568152662,1.548559258,96,7,7,adc_s16,0.050000000,12,1,-16.000000000,-6.000000000,6.000000000,16.000000000,0,1,1,-1,0,-2,1,64,-35,15,-15,8,-7,7,-7,3,-2,1,0,0,-1
256,156,56,9.330084890788e-05,9.330e-5,-4.030114405,933.008489079,10000000,933,9.330000000000e-05,9.330000000000e-05,-4.030118356,0,2.370863322,-1.072597579,1.459608861,1.422861021,96,7,7,adc_s16,0.050000000,12,1,-16.000000000,-6.000000000,6.000000000,16.000000000,0,1,0,-1,-1,-1,0,64,-15,21,-20,11,-10,7,-7,2,-3,1,-1,0,-1
256,76,-36,9.393390392039e-05,9.393e-5,-4.027177628,939.339039204,10000000,939,9.390000000000e-05,9.390000000000e-05,-4.027334408,0,2.563708215,-0.892755682,1.580705771,1.472766649,96,7,7,adc_s16,0.050000000,12,1,-16.000000000,-6.000000000,6.000000000,16.000000000,0,1,1,-1,0,-2,1,64,-33,16,-15,9,-8,7,-7,3,-2,1,0,0,-1
256,188,-20,9.394782728137e-05,9.395e-5,-4.027113259,939.478272814,10000000,939,9.390000000000e-05,9.390000000000e-05,-4.027334408,0,1.990363585,-0.945127223,1.356614508,1.282773601,96,7,7,adc_s16,0.050000000,12,1,-16.000000000,-6.000000000,6.000000000,16.000000000,0,1,0,0,-3,2,-5,64,-17,8,-11,6,-8,7,-8,3,-3,1,-1,1,-1
256,208,4,9.426058442401e-05,9.426e-5,-4.025669872,942.605844240,10000000,943,9.430000000000e-05,9.430000000000e-05,-4.025488307,0,2.099974510,-1.017910079,1.370519686,1.264305001,96,7,7,adc_s16,0.050000000,12,1,-16.000000000,-6.000000000,6.000000000,16.000000000,0,1,0,0,-3,2,-6,64,-12,9,-12,7,-9,7,-8,3,-3,1,-1,1,-1
256,136,-76,9.430727396987e-05,9.431e-5,-4.025454809,943.072739699,10000000,943,9.430000000000e-05,9.430000000000e-05,-4.025488307,0,1.805519616,-0.861968874,1.351548409,1.246070198,96,7,7,adc_s16,0.050000000,12,1,-16.000000000,-6.000000000,6.000000000,16.000000000,0,1,0,0,-3,1,-4,64,-28,5,-9,5,-6,7,-7,3,-3,1,-1,1,-1
256,68,-76,9.473852704451e-05,9.474e-5,-4.023473372,947.385270445,10000000,947,9.470000000000e-05,9.470000000000e-05,-4.023650021,0,2.264878328,-0.825500247,1.474403399,1.489586054,96,7,7,adc_s16,0.050000000,12,1,-16.000000000,-6.000000000,6.000000000,16.000000000,0,1,1,-1,-1,-1,0,64,-35,12,-12,7,-7,7,-7,3,-2,1,0,0,-1
256,80,-24,9.700656538598e-05,9.701e-5,-4.013198872,970.065653860,10000000,970,9.700000000000e-05,9.700000000000e-05,-4.013228266,0,2.584356949,-0.898468379,1.577591475,1.516139143,96,7,7,adc_s16,0.050000000,12,1,-16.000000000,-6.000000000,6.000000000,16.000000000,0,1,1,-1,0,-2,1,64,-32,17,-16,9,-8,7,-7,3,-2,1,0,0,-1
256,204,76,9.893264534810e-05,9.893e-5,-4.004660378,989.326453481,10000000,989,9.890000000000e-05,9.890000000000e-05,-4.004803708,0,2.291746912,-1.117681571,1.396724452,1.518384073,96,7,7,adc_s16,0.050000000,12,1,-16.000000000,-6.000000000,6.000000000,16.000000000,0,1,0,0,-2,0,-2,64,-11,19,-19,11,-11,7,-8,2,-3,1,-1,0,-1
256,196,-4,9.958038211419e-05,9.958e-5,-4.001826212,995.803821142,10000000,996,9.960000000000e-05,9.960000000000e-05,-4.001740662,0,1.878299842,-1.001636611,1.320992851,1.317603273,96,7,7,adc_s16,0.050000000,12,1,-16.000000000,-6.000000000,6.000000000,16.000000000,0,1,0,0,-3,2,-5,64,-15,9,-12,7,-8,7,-8,3,-3,1,-1,1,-1
256,128,32,1.001495826823e-04,1.001e-4,-3.999350856,1001.495826823,10000000,1001,1.001000000000e-04,1.001000000000e-04,-3.999565923,0,2.315312308,-1.010499012,1.459356846,1.455613690,96,7,7,adc_s16,0.050000000,12,1,-16.000000000,-6.000000000,6.000000000,16.000000000,0,1,0,-1,-1,-2,0,64,-21,20,-19,11,-10,7,-7,2,-3,1,0,0,-1
256,196,-12,1.003514174418e-04,1.004e-4,-3.998476489,1003.514174418,10000000,1004,1.004000000000e-04,1.004000000000e-04,-3.998266287,0,2.207843080,-0.972856966,1.404538330,1.230773997,96,7,7,adc_s16,0.050000000,12,1,-16.000000000,-6.000000000,6.000000000,16.000000000,0,1,0,0,-3,2,-6,64,-15,8,-11,6,-8,7,-8,3,-3,1,-1,1,-1
256,92,-16,1.017393891396e-04,1.017e-4,-3.992510874,1017.393891396,10000000,1017,1.017000000000e-04,1.017000000000e-04,-3.992679047,0,2.420544864,-0.965631176,1.505163795,1.443121157,96,7,7,adc_s16,0.050000000,12,1,-16.000000000,-6.000000000,6.000000000,16.000000000,0,1,1,-1,-1,-2,1,64,-29,17,-16,9,-8,7,-7,3,-2,1,0,0,-1
256,120,20,1.017997388735e-04,1.018e-4,-3.992253336,1017.997388735,10000000,1018,1.018000000000e-04,1.018000000000e-04,-3.992252222,0,2.339741039,-1.005125988,1.463312221,1.473481969,96,7,7,adc_s16,0.050000000,12,1,-16.000000000,-6.000000000,6.000000000,16.000000000,0,1,0,-1,-1,-2,0,64,-23,20,-18,10,-9,7,-7,3,-2,1,0,0,-1
256,152,-68,1.032816512063e-04,1.033e-4,-3.985976827,1032.816512063,10000000,1033,1.033000000000e-04,1.033000000000e-04,-3.985899678,0,1.981972969,-0.874320652,1.373432421,1.295873582,96,7,7,adc_s16,0.050000000,12,1,-16.000000000,-6.000000000,6.000000000,16.000000000,0,1,0,0,-3,2,-5,64,-25,5,-8,5,-7,7,-8,3,-3,1,-1,1,-1
256,212,44,1.045908780835e-04,1.046e-4,-3.980506191,1045.908780835,10000000,1046,1.046000000000e-04,1.046000000000e-04,-3.980468315,0,2.178403222,-1.047091156,1.376480084,1.520270503,96,7,7,adc_s16,0.050000000,12,1,-16.000000000,-6.000000000,6.000000000,16.000000000,0,1,0,0,-3,1,-4,64,-11,14,-16,9,-10,7,-8,2,-3,1,-1,0,-1
256,196,-8,1.045934481837e-04,1.046e-4,-3.980495519,1045.934481837,10000000,1046,1.046000000000e-04,1.046000000000e-04,-3.980468315,0,2.044740682,-0.986443923,1.367470878,1.304211772,96,7,7,adc_s16,0.050000000,12,1,-16.000000000,-6.000000000,6.000000000,16.000000000,0,1,0,0,-3,2,-5,64,-15,9,-12,6,-8,7,-8,3,-3,1,-1,1,-1
256,68,-36,1.046742099311e-04,1.047e-4,-3.980160308,1046.742099311,10000000,1047,1.047000000000e-04,1.047000000000e-04,-3.980053318,0,2.524056276,-0.870213686,1.568682959,1.537079558,96,7,7,adc_s16,0.050000000,12,1,-16.000000000,-6.000000000,6.000000000,16.000000000,0,1,1,-1,0,-3,1,64,-34,17,-16,9,-8,7,-7,3,-2,1,0,0,-1
256,144,-68,1.051378742905e-04,1.051e-4,-3.978240808,1051.378742905,10000000,1051,1.051000000000e-04,1.051000000000e-04,-3.978397284,0,1.983153341,-0.842391304,1.402432695,1.257571129,96,7,7,adc_s16,0.050000000,12,1,-16.000000000,-6.000000000,6.000000000,16.000000000,0,1,0,0,-3,1,-5,64,-26,6,-9,5,-7,7,-8,3,-3,1,-1,1,-1
256,64,-64,1.053887960645e-04,1.054e-4,-3.977205557,1053.887960645,10000000,1054,1.054000000000e-04,1.054000000000e-04,-3.977159389,0,2.211621046,-0.825963439,1.477987465,1.461338727,96,7,7,adc_s16,0.050000000,12,1,-16.000000000,-6.000000000,6.000000000,16.000000000,0,1,1,-1,-1,-2,0,64,-35,14,-13,7,-7,7,-7,3,-2,1,0,0,-1
256,200,4,1.075139786266e-04,1.075e-4,-3.968535066,1075.139786266,10000000,1075,1.075000000000e-04,1.075000000000e-04,-3.968591536,0,2.013528922,-0.988080534,1.334068716,1.326545271,96,7,7,adc_s16,0.050000000,12,1,-16.000000000,-6.000000000,6.000000000,16.000000000,0,1,0,0,-3,2,-5,64,-14,10,-13,7,-9,7,-8,3,-3,1,-1,1,-1
256,152,-56,1.075551567065e-04,1.076e-4,-3.968368763,1075.551567065,10000000,1076,1.076000000000e-04,1.076000000000e-04,-3.968187729,0,1.953989949,-0.869997530,1.366731402,1.268142128,96,7,7,adc_s16,0.050000000,12,1,-16.000000000,-6.000000000,6.000000000,16.000000000,0,1,0,0,-3,1,-5,64,-24,7,-10,5,-7,7,-8,3,-3,1,-1,1,-1
256,132,36,1.082820172179e-04,1.083e-4,-3.965443662,1082.820172179,10000000,1083,1.083000000000e-04,1.083000000000e-04,-3.965371543,0,2.449349245,-1.028934042,1.476330458,1.460816276,96,7,7,adc_s16,0.050000000,12,1,-16.000000000,-6.000000000,6.000000000,16.000000000,0,1,0,-1,-1,-2,0,64,-20,21,-19,11,-10,7,-7,2,-3,1,0,0,-1
256,156,-60,1.089992545131e-04,1.090e-4,-3.962576472,1089.992545131,10000000,1090,1.090000000000e-04,1.090000000000e-04,-3.962573502,0,1.994513080,-0.888679595,1.360091544,1.288007570,96,7,7,adc_s16,0.050000000,12,1,-16.000000000,-6.000000000,6.000000000,16.000000000,0,1,0,0,-3,2,-5,64,-24,6,-9,5,-7,7,-8,3,-3,1,-1,1,-1
256,188,-16,1.106229347363e-04,1.106e-4,-3.956154824,1106.229347363,10000000,1106,1.106000000000e-04,1.106000000000e-04,-3.956244873,0,1.863096531,-0.982800148,1.333507345,1.338621922,96,7,7,adc_s16,0.050000000,12,1,-16.000000000,-6.000000000,6.000000000,16.000000000,0,1,0,0,-3,2,-5,64,-17,9,-11,6,-8,7,-8,3,-3,1,-1,1,-1
256,212,48,1.124604014665e-04,1.125e-4,-3.949000370,1124.604014665,10000000,1125,1.125000000000e-04,1.125000000000e-04,-3.948847478,0,2.087686457,-1.075870800,1.347327249,1.535447799,96,7,7,adc_s16,0.050000000,12,1,-16.000000000,-6.000000000,6.000000000,16.000000000,0,1,0,0,-3,1,-4,64,-11,15,-16,9,-10,7,-8,2,-3,1,-1,0,-1
256,204,72,1.125235469511e-04,1.125e-4,-3.948756587,1125.235469511,10000000,1125,1.125000000000e-04,1.125000000000e-04,-3.948847478,0,2.280259695,-1.095818923,1.418358306,1.558262401,96,7,7,adc_s16,0.050000000,12,1,-16.000000000,-6.000000000,6.000000000,16.000000000,0,1,0,0,-2,0,-3,64,-11,19,-19,10,-11,7,-8,2,-3,1,-1,0,-1
256,176,-36,1.135385813133e-04,1.135e-4,-3.944856537,1135.385813133,10000000,1135,1.135000000000e-04,1.135000000000e-04,-3.945004138,0,2.015737809,-0.935523715,1.376296747,1.289089884,96,7,7,adc_s16,0.050000000,12,1,-16.000000000,-6.000000000,6.000000000,16.000000000,0,1,0,0,-3,2,-5,64,-20,7,-10,6,-7,7,-8,3,-3,1,-1,1,-1
256,64,-72,1.139276965954e-04,1.139e-4,-3.943370683,1139.276965954,10000000,1139,1.139000000000e-04,1.139000000000e-04,-3.943476276,0,2.217581340,-0.807682806,1.486397998,1.490371902,96,7,7,adc_s16,0.050000000,12,1,-16.000000000,-6.000000000,6.000000000,16.000000000,0,1,1,-1,-1,-2,0,64,-35,13,-13,7,-7,7,-7,3,-2,1,0,0,-1
256,88,-16,1.143759097994e-04,1.144e-4,-3.941665438,1143.759097994,10000000,1144,1.144000000000e-04,1.144000000000e-04,-3.941573976,0,2.596295044,-0.947072628,1.592430732,1.537862851,96,7,7,adc_s16,0.050000000,12,1,-16.000000000,-6.000000000,6.000000000,16.000000000,0,1,1,-1,0,-2,1,64,-30,18,-17,9,-8,7,-7,3,-2,1,0,0,-1
256,200,80,1.144183213013e-04,1.144e-4,-3.941504428,1144.183213013,10000000,1144,1.144000000000e-04,1.144000000000e-04,-3.941573976,0,2.224809838,-1.110857213,1.404595165,1.545130850,96,7,7,adc_s16,0.050000000,12,1,-16.000000000,-6.000000000,6.000000000,16.000000000,0,1,0,0,-2,0,-2,64,-11,20,-20,11,-11,7,-8,2,-3,1,-1,0,-1
256,160,-56,1.152906905179e-04,1.153e-4,-3.938205760,1152.906905179,10000000,1153,1.153000000000e-04,1.153000000000e-04,-3.938170693,0,1.935722362,-0.895503953,1.384021358,1.247090478,96,7,7,adc_s16,0.050000000,12,1,-16.000000000,-6.000000000,6.000000000,16.000000000,0,1,0,0,-3,2,-5,64,-23,6,-9,5,-7,7,-8,3,-3,1,-1,1,-1
256,204,8,1.156076627554e-04,1.156e-4,-3.937013379,1156.076627554,10000000,1156,1.156000000000e-04,1.156000000000e-04,-3.937042166,0,1.971328414,-1.020473073,1.349705295,1.336787410,96,7,7,adc_s16,0.050000000,12,1,-16.000000000,-6.000000000,6.000000000,16.000000000,0,1,0,0,-3,2,-5,64,-13,10,-13,7,-9,7,-8,3,-3,1,-1,1,-1
256,176,-20,1.162503003549e-04,1.163e-4,-3.934605916,1162.503003549,10000000,1163,1.163000000000e-04,1.163000000000e-04,-3.934420285,0,2.079746032,-0.937747036,1.394200403,1.305116378,96,7,7,adc_s16,0.050000000,12,1,-16.000000000,-6.000000000,6.000000000,16.000000000,0,1,0,0,-3,1,-5,64,-19,9,-12,6,-8,7,-8,3,-3,1,-1,1,-1
256,212,32,1.175399782289e-04,1.175e-4,-3.929814394,1175.399782289,10000000,1175,1.175000000000e-04,1.175000000000e-04,-3.929962133,0,2.127327611,-1.023869812,1.378939139,1.415761818,96,7,7,adc_s16,0.050000000,12,1,-16.000000000,-6.000000000,6.000000000,16.000000000,0,1,0,0,-3,1,-5,64,-11,13,-15,8,-9,7,-8,2,-3,1,-1,1,-1
256,148,-72,1.179379084918e-04,1.179e-4,-3.928346578,1179.379084918,10000000,1179,1.179000000000e-04,1.179000000000e-04,-3.928486195,0,2.036311138,-0.815989377,1.379260424,1.254744897,96,7,7,adc_s16,0.050000000,12,1,-16.000000000,-6.000000000,6.000000000,16.000000000,0,1,0,0,-3,2,-5,64,-26,5,-8,5,-6,7,-8,3,-3,1,-1,1,-1
256,140,48,1.199317557669e-04,1.199e-4,-3.921065808,1199.317557669,10000000,1199,1.199000000000e-04,1.199000000000e-04,-3.921180817,0,2.436471723,-1.038136117,1.498052079,1.490564107,96,7,7,adc_s16,0.050000000,12,1,-16.000000000,-6.000000000,6.000000000,16.000000000,0,1,0,-1,-1,-2,0,64,-18,21,-20,11,-10,7,-7,2,-3,1,-1,0,-1
256,216,28,1.240980886410e-04,1.241e-4,-3.906234907,1240.980886410,10000000,1241,1.241000000000e-04,1.241000000000e-04,-3.906228219,0,2.155611028,-1.044775198,1.390694800,1.421851084,96,7,7,adc_s16,0.050000000,12,1,-16.000000000,-6.000000000,6.000000000,16.000000000,0,1,0,0,-3,2,-5,64,-11,12,-14,8,-9,7,-8,2,-3,1,-1,1,-1
256,164,-48,1.244933971583e-04,1.245e-4,-3.904853682,1244.933971583,10000000,1245,1.245000000000e-04,1.245000000000e-04,-3.904830649,0,1.994653912,-0.916779891,1.388433034,1.273901638,96,7,7,adc_s16,0.050000000,12,1,-16.000000000,-6.000000000,6.000000000,16.000000000,0,1,0,0,-3,2,-5,64,-22,7,-10,5,-7,7,-8,3,-3,1,-1,1,-1
256,192,-16,1.246482117414e-04,1.246e-4,-3.904313948,1246.482117414,10000000,1246,1.246000000000e-04,1.246000000000e-04,-3.904481958,0,1.945439052,-0.987648221,1.349494904,1.340091246,96,7,7,adc_s16,0.050000000,12,1,-16.000000000,-6.000000000,6.000000000,16.000000000,0,1,0,0,-3,2,-5,64,-16,8,-11,6,-8,7,-8,3,-3,1,-1,1,-1
256,164,72,1.283772756317e-04,1.284e-4,-3.891511845,1283.772756317,10000000,1284,1.284000000000e-04,1.284000000000e-04,-3.891434976,0,2.514332805,-1.083034832,1.501704082,1.458295574,96,7,7,adc_s16,0.050000000,12,1,-16.000000000,-6.000000000,6.000000000,16.000000000,0,1,0,-1,-1,-2,0,64,-13,22,-21,12,-11,7,-7,2,-3,1,-1,0,-1
256,148,60,1.287715487661e-04,1.288e-4,-3.890180081,1287.715487661,10000000,1288,1.288000000000e-04,1.288000000000e-04,-3.890084137,0,2.524737163,-1.077723567,1.505344551,1.491331368,96,7,7,adc_s16,0.050000000,12,1,-16.000000000,-6.000000000,6.000000000,16.000000000,0,1,0,-1,-1,-2,0,64,-16,22,-21,11,-10,7,-7,2,-3,1,-1,0,-1
256,192,-12,1.307065969376e-04,1.307e-4,-3.883702492,1307.065969376,10000000,1307,1.307000000000e-04,1.307000000000e-04,-3.883724412,0,2.091141770,-0.958868577,1.385519501,1.343074629,96,7,7,adc_s16,0.050000000,12,1,-16.000000000,-6.000000000,6.000000000,16.000000000,0,1,0,0,-3,2,-5,64,-16,9,-12,6,-8,7,-8,3,-3,1,-1,1,-1
256,88,-12,1.352188289849e-04,1.352e-4,-3.868962829,1352.188289849,10000000,1352,1.352000000000e-04,1.352000000000e-04,-3.869023308,0,2.666775801,-0.948801877,1.611776823,1.563435582,96,7,7,adc_s16,0.050000000,12,1,-16.000000000,-6.000000000,6.000000000,16.000000000,0,1,1,-1,0,-2,1,64,-30,18,-17,9,-8,7,-7,3,-2,1,0,0,-1
256,136,44,1.357634973412e-04,1.358e-4,-3.867216983,1357.634973412,10000000,1358,1.358000000000e-04,1.358000000000e-04,-3.867100230,0,2.364267761,-1.033782115,1.485932167,1.500855980,96,7,7,adc_s16,0.050000000,12,1,-16.000000000,-6.000000000,6.000000000,16.000000000,0,1,0,-1,-1,-2,0,64,-19,21,-20,11,-10,7,-7,2,-3,1,0,0,-1
256,156,64,1.358724761075e-04,1.359e-4,-3.866868510,1358.724761075,10000000,1359,1.359000000000e-04,1.359000000000e-04,-3.866780543,0,2.535775982,-1.069386117,1.509236398,1.468828105,96,7,7,adc_s16,0.050000000,12,1,-16.000000000,-6.000000000,6.000000000,16.000000000,0,1,0,-1,-1,-2,0,64,-15,22,-20,11,-10,7,-7,2,-3,1,-1,0,-1
256,160,72,1.393693870452e-04,1.394e-4,-3.855832610,1393.693870452,10000000,1394,1.394000000000e-04,1.394000000000e-04,-3.855737226,0,2.646197214,-1.089920949,1.533131169,1.470639097,96,7,7,adc_s16,0.050000000,12,1,-16.000000000,-6.000000000,6.000000000,16.000000000,0,1,0,-1,-1,-2,0,64,-14,23,-21,12,-11,7,-7,2,-3,1,-1,0,-1
256,96,0,1.395025290030e-04,1.395e-4,-3.855417919,1395.025290030,10000000,1395,1.395000000000e-04,1.395000000000e-04,-3.855425792,0,2.850447854,-0.975419960,1.640987543,1.541038142,96,7,7,adc_s16,0.050000000,12,1,-16.000000000,-6.000000000,6.000000000,16.000000000,0,1,1,-1,0,-2,1,64,-28,19,-18,10,-9,7,-7,3,-2,1,0,0,-1
256,152,-64,1.401637431559e-04,1.402e-4,-3.853364313,1401.637431559,10000000,1402,1.402000000000e-04,1.402000000000e-04,-3.853251986,0,2.057521646,-0.891119071,1.393760326,1.307195612,96,7,7,adc_s16,0.050000000,12,1,-16.000000000,-6.000000000,6.000000000,16.000000000,0,1,0,0,-3,2,-5,64,-25,6,-9,5,-7,7,-8,3,-3,1,-1,1,-1
256,184,-24,1.417433459128e-04,1.417e-4,-3.848497320,1417.433459128,10000000,1417,1.417000000000e-04,1.417000000000e-04,-3.848630150,0,2.039505968,-0.981781126,1.399721695,1.327941174,96,7,7,adc_s16,0.050000000,12,1,-16.000000000,-6.000000000,6.000000000,16.000000000,0,1,0,0,-3,2,-5,64,-18,8,-11,6,-8,7,-8,3,-3,1,-1,1,-1
256,72,-24,1.448405972233e-04,1.448e-4,-3.839109693,1448.405972233,10000000,1448,1.448000000000e-04,1.448000000000e-04,-3.839231438,0,2.951117801,-0.905447134,1.678476900,1.565772444,96,7,7,adc_s16,0.050000000,12,1,-16.000000000,-6.000000000,6.000000000,16.000000000,0,1,1,-1,0,-3,2,64,-33,18,-17,9,-8,7,-7,3,-2,1,0,0,-1
256,92,-8,1.475838589004e-04,1.476e-4,-3.830961138,1475.838589004,10000000,1476,1.476000000000e-04,1.476000000000e-04,-3.830913643,0,2.867605186,-0.967978014,1.653889575,1.536094652,96,7,7,adc_s16,0.050000000,12,1,-16.000000000,-6.000000000,6.000000000,16.000000000,0,1,1,-1,0,-2,1,64,-29,18,-17,10,-9,7,-7,3,-2,1,0,0,-1
256,136,40,1.476223139240e-04,1.476e-4,-3.830847992,1476.223139240,10000000,1476,1.476000000000e-04,1.476000000000e-04,-3.830913643,0,2.534735188,-1.027235672,1.518490355,1.468357932,96,7,7,adc_s16,0.050000000,12,1,-16.000000000,-6.000000000,6.000000000,16.000000000,0,1,0,-1,-1,-2,0,64,-19,21,-19,11,-10,7,-7,2,-3,1,-1,0,-1
256,64,-76,1.494176328852e-04,1.494e-4,-3.825598148,1494.176328852,10000000,1494,1.494000000000e-04,1.494000000000e-04,-3.825649403,0,2.357105615,-0.833498024,1.510323670,1.545734785,96,7,7,adc_s16,0.050000000,12,1,-16.000000000,-6.000000000,6.000000000,16.000000000,0,1,1,-1,-1,-2,0,64,-35,12,-12,7,-7,7,-7,3,-2,1,0,0,-1
256,172,-40,1.499108378045e-04,1.499e-4,-3.824166969,1499.108378045,10000000,1499,1.499000000000e-04,1.499000000000e-04,-3.824198367,0,2.057337406,-0.947227026,1.408896863,1.301742108,96,7,7,adc_s16,0.050000000,12,1,-16.000000000,-6.000000000,6.000000000,16.000000000,0,1,0,0,-3,2,-5,64,-21,7,-10,6,-7,7,-8,3,-3,1,-1,1,-1
256,168,-44,1.506267061132e-04,1.506e-4,-3.822098021,1506.267061132,10000000,1506,1.506000000000e-04,1.506000000000e-04,-3.822175028,0,1.938604488,-0.914093379,1.379116245,1.307836860,96,7,7,adc_s16,0.050000000,12,1,-16.000000000,-6.000000000,6.000000000,16.000000000,0,1,0,0,-3,2,-5,64,-21,7,-10,5,-7,7,-8,3,-3,1,-1,1,-1
256,152,60,1.524741156235e-04,1.525e-4,-3.816803877,1524.741156235,10000000,1525,1.525000000000e-04,1.525000000000e-04,-3.816730156,0,2.458623990,-1.073678360,1.496315113,1.492320899,96,7,7,adc_s16,0.050000000,12,1,-16.000000000,-6.000000000,6.000000000,16.000000000,0,1,0,-1,-1,-2,0,64,-16,22,-20,11,-10,7,-7,2,-3,1,-1,0,-1
256,76,-20,1.534934485403e-04,1.535e-4,-3.813910156,1534.934485403,10000000,1535,1.535000000000e-04,1.535000000000e-04,-3.813891620,0,2.670554872,-0.906713192,1.605514194,1.595375724,96,7,7,adc_s16,0.050000000,12,1,-16.000000000,-6.000000000,6.000000000,16.000000000,0,1,1,-1,0,-3,1,64,-32,18,-17,9,-8,7,-7,3,-2,1,0,0,-1
256,180,-28,1.548699423970e-04,1.549e-4,-3.810032863,1548.699423970,10000000,1549,1.549000000000e-04,1.549000000000e-04,-3.809948582,0,2.092866200,-0.940001235,1.393112653,1.355692956,96,7,7,adc_s16,0.050000000,12,1,-16.000000000,-6.000000000,6.000000000,16.000000000,0,1,0,0,-3,2,-5,64,-19,8,-11,6,-8,7,-8,3,-3,1,-1,1,-1
256,136,-80,1.554054415268e-04,1.554e-4,-3.808533778,1554.054415268,10000000,1554,1.554000000000e-04,1.554000000000e-04,-3.808548986,0,1.999063231,-0.878273221,1.399137942,1.254346300,96,7,7,adc_s16,0.050000000,12,1,-16.000000000,-6.000000000,6.000000000,16.000000000,0,1,0,0,-3,1,-5,64,-28,5,-8,5,-6,7,-7,3,-3,1,-1,1,-1
256,132,40,1.559857711792e-04,1.560e-4,-3.806915016,1559.857711792,10000000,1560,1.560000000000e-04,1.560000000000e-04,-3.806875402,0,2.576329616,-1.030663291,1.516623126,1.492378736,96,7,7,adc_s16,0.050000000,12,1,-16.000000000,-6.000000000,6.000000000,16.000000000,0,1,0,-1,-1,-2,0,64,-20,21,-19,11,-10,7,-7,2,-3,1,0,0,-1
256,204,80,1.567716434380e-04,1.568e-4,-3.804732489,1567.716434380,10000000,1568,1.568000000000e-04,1.568000000000e-04,-3.804653942,0,2.358731965,-1.115828804,1.440077495,1.560271790,96,7,7,adc_s16,0.050000000,12,1,-16.000000000,-6.000000000,6.000000000,16.000000000,0,1,0,0,-2,0,-2,64,-11,20,-19,11,-11,7,-8,2,-3,1,-1,0,-1
256,208,56,1.572789505259e-04,1.573e-4,-3.803329397,1572.789505259,10000000,1573,1.573000000000e-04,1.573000000000e-04,-3.803271277,0,2.152062564,-1.082015810,1.399860702,1.558485033,96,7,7,adc_s16,0.050000000,12,1,-16.000000000,-6.000000000,6.000000000,16.000000000,0,1,0,0,-3,1,-4,64,-11,16,-17,9,-10,7,-8,2,-3,1,-1,0,-1
256,64,-44,1.591634939479e-04,1.592e-4,-3.798156536,1591.634939479,10000000,1592,1.592000000000e-04,1.592000000000e-04,-3.798056937,0,2.675299571,-0.858942688,1.625365481,1.582656661,96,7,7,adc_s16,0.050000000,12,1,-16.000000000,-6.000000000,6.000000000,16.000000000,0,1,1,-1,0,-2,1,64,-35,16,-15,8,-8,7,-7,3,-2,1,0,0,-1
256,104,4,1.601470063698e-04,1.601e-4,-3.795481175,1601.470063698,10000000,1601,1.601000000000e-04,1.601000000000e-04,-3.795608668,0,2.504548807,-0.962759387,1.545159010,1.526511698,96,7,7,adc_s16,0.050000000,12,1,-16.000000000,-6.000000000,6.000000000,16.000000000,0,1,0,-1,-1,-2,1,64,-26,19,-18,10,-9,7,-7,3,-2,1,0,0,-1
256,108,8,1.623780874143e-04,1.624e-4,-3.789472578,1623.780874143,10000000,1624,1.624000000000e-04,1.624000000000e-04,-3.789413975,0,2.590424435,-0.998363389,1.560864378,1.523360712,96,7,7,adc_s16,0.050000000,12,1,-16.000000000,-6.000000000,6.000000000,16.000000000,0,1,0,-1,-1,-2,1,64,-25,19,-18,10,-9,7,-7,3,-2,1,0,0,-1
256,64,-60,1.633123436228e-04,1.633e-4,-3.786980989,1633.123436228,10000000,1633,1.633000000000e-04,1.633000000000e-04,-3.787013815,0,2.726197872,-0.868206522,1.636933967,1.594603467,96,7,7,adc_s16,0.050000000,12,1,-16.000000000,-6.000000000,6.000000000,16.000000000,0,1,1,-1,0,-2,1,64,-35,14,-14,8,-7,7,-7,3,-2,1,0,0,-1
256,216,20,1.642736700352e-04,1.643e-4,-3.784432040,1642.736700352,10000000,1643,1.643000000000e-04,1.643000000000e-04,-3.784362437,0,2.148220606,-1.033411561,1.397353939,1.404581204,96,7,7,adc_s16,0.050000000,12,1,-16.000000000,-6.000000000,6.000000000,16.000000000,0,1,0,0,-3,2,-5,64,-11,11,-13,7,-9,7,-8,3,-3,1,-1,1,-1
256,100,4,1.643836564616e-04,1.644e-4,-3.784141364,1643.836564616,10000000,1644,1.644000000000e-04,1.644000000000e-04,-3.784098187,0,2.582328150,-0.947041749,1.566001635,1.493925537,96,7,7,adc_s16,0.050000000,12,1,-16.000000000,-6.000000000,6.000000000,16.000000000,0,1,1,-1,-1,-2,1,64,-27,19,-18,10,-9,7,-7,3,-2,1,0,0,-1
256,144,52,1.648684518096e-04,1.649e-4,-3.782862440,1648.684518096,10000000,1649,1.649000000000e-04,1.649000000000e-04,-3.782779344,0,2.580246143,-1.033473320,1.531685441,1.495507686,96,7,7,adc_s16,0.050000000,12,1,-16.000000000,-6.000000000,6.000000000,16.000000000,0,1,0,-1,-1,-2,0,64,-17,22,-20,11,-10,7,-7,2,-3,1,-1,0,-1
256,108,16,1.652674445228e-04,1.653e-4,-3.781812688,1652.674445228,10000000,1653,1.653000000000e-04,1.653000000000e-04,-3.781727146,0,2.690111038,-0.994781374,1.573006005,1.493167173,96,7,7,adc_s16,0.050000000,12,1,-16.000000000,-6.000000000,6.000000000,16.000000000,0,1,1,-1,-1,-2,1,64,-25,20,-19,10,-9,7,-7,3,-2,1,0,0,-1
256,204,0,1.709439043551e-04,1.709e-4,-3.767146381,1709.439043551,10000000,1709,1.709000000000e-04,1.709000000000e-04,-3.767257937,0,2.143018934,-1.032083745,1.431272873,1.304775278,96,7,7,adc_s16,0.050000000,12,1,-16.000000000,-6.000000000,6.000000000,16.000000000,0,1,0,0,-3,2,-6,64,-13,9,-12,7,-8,7,-8,3,-3,1,-1,1,-1
256,216,32,1.737578494563e-04,1.738e-4,-3.760055567,1737.578494563,10000000,1738,1.738000000000e-04,1.738000000000e-04,-3.759950228,0,2.266313684,-1.046504447,1.433139336,1.477220489,96,7,7,adc_s16,0.050000000,12,1,-16.000000000,-6.000000000,6.000000000,16.000000000,0,1,0,0,-3,2,-5,64,-11,12,-14,8,-9,7,-8,2,-3,1,-1,1,-1
256,84,-8,1.772266840618e-04,1.772e-4,-3.751470888,1772.266840618,10000000,1772,1.772000000000e-04,1.772000000000e-04,-3.751536282,0,2.859979765,-0.917026927,1.657021921,1.587091603,96,7,7,adc_s16,0.050000000,12,1,-16.000000000,-6.000000000,6.000000000,16.000000000,0,1,1,-1,0,-3,1,64,-30,19,-18,10,-9,7,-7,3,-2,1,0,0,-1
256,192,-20,1.803712083150e-04,1.804e-4,-3.743832785,1803.712083150,10000000,1804,1.804000000000e-04,1.804000000000e-04,-3.743763467,0,2.303876954,-0.943428854,1.445884766,1.311125954,96,7,7,adc_s16,0.050000000,12,1,-16.000000000,-6.000000000,6.000000000,16.000000000,0,1,0,0,-3,2,-6,64,-16,8,-11,6,-8,7,-8,3,-3,1,-1,1,-1
256,64,-36,1.863313135746e-04,1.863e-4,-3.729714154,1863.313135746,10000000,1863,1.863000000000e-04,1.863000000000e-04,-3.729787145,0,2.631871758,-0.855360672,1.622456557,1.534784443,96,7,7,adc_s16,0.050000000,12,1,-16.000000000,-6.000000000,6.000000000,16.000000000,0,1,1,-2,0,-3,2,64,-35,17,-16,9,-8,7,-7,3,-2,1,0,0,-1
256,164,76,1.879906704632e-04,1.880e-4,-3.725863703,1879.906704632,10000000,1880,1.880000000000e-04,1.880000000000e-04,-3.725842151,0,2.725067273,-1.093904397,1.553802133,1.529957238,96,7,7,adc_s16,0.050000000,12,1,-16.000000000,-6.000000000,6.000000000,16.000000000,0,1,0,-1,-1,-2,0,64,-13,23,-21,12,-11,7,-7,2,-3,1,-1,0,-1
256,140,44,1.910148510939e-04,1.910e-4,-3.718932866,1910.148510939,10000000,1910,1.910000000000e-04,1.910000000000e-04,-3.718966633,0,2.608174761,-1.017014575,1.536919039,1.517681145,96,7,7,adc_s16,0.050000000,12,1,-16.000000000,-6.000000000,6.000000000,16.000000000,0,1,0,-1,-1,-2,0,64,-18,21,-19,11,-10,7,-7,2,-3,1,-1,0,-1
256,184,-32,1.929163570868e-04,1.929e-4,-3.714630948,1929.163570868,10000000,1929,1.929000000000e-04,1.929000000000e-04,-3.714667772,0,2.307476804,-0.961277174,1.458448471,1.293803564,96,7,7,adc_s16,0.050000000,12,1,-16.000000000,-6.000000000,6.000000000,16.000000000,0,1,0,0,-3,2,-6,64,-18,7,-10,6,-8,7,-8,3,-3,1,-1,1,-1
256,168,76,1.959221532602e-04,1.959e-4,-3.707916455,1959.221532602,10000000,1959,1.959000000000e-04,1.959000000000e-04,-3.707965564,0,2.662993384,-1.098505435,1.566963522,1.500627960,96,7,7,adc_s16,0.050000000,12,1,-16.000000000,-6.000000000,6.000000000,16.000000000,0,1,0,-1,-1,-2,0,64,-12,23,-21,12,-11,7,-8,2,-3,1,-1,0,-1
256,84,-20,1.986174108942e-04,1.986e-4,-3.701982684,1986.174108942,10000000,1986,1.986000000000e-04,1.986000000000e-04,-3.702020756,0,2.835911449,-0.932960721,1.655381914,1.586237709,96,7,7,adc_s16,0.050000000,12,1,-16.000000000,-6.000000000,6.000000000,16.000000000,0,1,1,-1,0,-2,1,64,-31,18,-16,9,-8,7,-7,3,-2,1,0,0,-1
256,152,64,1.986273204729e-04,1.986e-4,-3.701961016,1986.273204729,10000000,1986,1.986000000000e-04,1.986000000000e-04,-3.702020756,0,2.592266873,-1.080101285,1.560989868,1.549350534,96,7,7,adc_s16,0.050000000,12,1,-16.000000000,-6.000000000,6.000000000,16.000000000,0,1,0,-1,-1,-2,0,64,-15,22,-21,11,-10,7,-7,2,-3,1,-1,0,-1
256,112,20,2.028483972465e-04,2.028e-4,-3.692828419,2028.483972465,10000000,2028,2.028000000000e-04,2.028000000000e-04,-3.692932049,0,2.705248892,-0.968873518,1.599387105,1.525384674,96,7,7,adc_s16,0.050000000,12,1,-16.000000000,-6.000000000,6.000000000,16.000000000,0,1,0,-1,-1,-2,1,64,-24,20,-19,10,-9,7,-7,3,-2,1,0,0,-1
256,88,-4,2.053071642502e-04,2.053e-4,-3.687595896,2053.071642502,10000000,2053,2.053000000000e-04,2.053000000000e-04,-3.687611051,0,2.938032915,-0.926198123,1.668307180,1.624396086,96,7,7,adc_s16,0.050000000,12,1,-16.000000000,-6.000000000,6.000000000,16.000000000,0,1,1,-1,0,-3,1,64,-29,19,-18,10,-9,7,-7,3,-2,1,0,0,-1
256,72,-28,2.060725818280e-04,2.061e-4,-3.685979788,2060.725818280,10000000,2061,2.061000000000e-04,2.061000000000e-04,-3.685922008,0,2.807345114,-0.897912549,1.650710903,1.598910114,96,7,7,adc_s16,0.050000000,12,1,-16.000000000,-6.000000000,6.000000000,16.000000000,0,1,1,-1,0,-3,1,64,-33,18,-16,9,-8,7,-7,3,-2,1,0,0,-1
256,212,20,2.074130315195e-04,2.074e-4,-3.683163961,2074.130315195,10000000,2074,2.074000000000e-04,2.074000000000e-04,-3.683191248,0,2.062251139,-1.036592144,1.375371618,1.447523465,96,7,7,adc_s16,0.050000000,12,1,-16.000000000,-6.000000000,6.000000000,16.000000000,0,1,0,0,-3,2,-5,64,-11,11,-14,7,-9,7,-8,3,-3,1,-1,1,-1
256,164,68,2.117438592654e-04,2.117e-4,-3.674189176,2117.438592654,10000000,2117,2.117000000000e-04,2.117000000000e-04,-3.674279142,0,2.732628164,-1.117619812,1.581993735,1.514127210,96,7,7,adc_s16,0.050000000,12,1,-16.000000000,-6.000000000,6.000000000,16.000000000,0,1,0,-1,-1,-1,0,64,-13,22,-20,11,-11,7,-7,2,-3,1,-1,0,-1
256,96,-4,2.174426636263e-04,2.174e-4,-3.662655241,2174.426636263,10000000,2174,2.174000000000e-04,2.174000000000e-04,-3.662740460,0,2.753163581,-0.958621542,1.628607686,1.514489671,96,7,7,adc_s16,0.050000000,12,1,-16.000000000,-6.000000000,6.000000000,16.000000000,0,1,1,-1,-1,-2,1,64,-28,19,-17,10,-9,7,-7,3,-2,1,0,0,-1
256,216,24,2.187925258893e-04,2.188e-4,-3.659967518,2187.925258893,10000000,2188,2.188000000000e-04,2.188000000000e-04,-3.659952682,0,2.285558132,-1.040946146,1.438560778,1.432791678,96,7,7,adc_s16,0.050000000,12,1,-16.000000000,-6.000000000,6.000000000,16.000000000,0,1,0,0,-3,2,-5,64,-11,11,-14,8,-9,7,-8,2,-3,1,-1,1,-1
256,64,-48,2.196315441548e-04,2.196e-4,-3.658305285,2196.315441548,10000000,2196,2.196000000000e-04,2.196000000000e-04,-3.658367664,0,2.712377756,-0.858942688,1.642457864,1.637057661,96,7,7,adc_s16,0.050000000,12,1,-16.000000000,-6.000000000,6.000000000,16.000000000,0,1,1,-1,0,-2,1,64,-35,16,-15,8,-7,7,-7,3,-2,1,0,0,-1
256,136,48,2.219474062627e-04,2.219e-4,-3.653749926,2219.474062627,10000000,2219,2.219000000000e-04,2.219000000000e-04,-3.653842698,0,2.874408470,-1.051692194,1.628054774,1.508878062,96,7,7,adc_s16,0.050000000,12,1,-16.000000000,-6.000000000,6.000000000,16.000000000,0,1,0,-1,-1,-2,1,64,-19,22,-20,11,-10,7,-7,2,-3,1,0,0,-1
256,76,-24,2.240687099142e-04,2.241e-4,-3.649618786,2240.687099142,10000000,2241,2.241000000000e-04,2.241000000000e-04,-3.649558143,0,2.892331355,-0.906342638,1.668887050,1.623276250,96,7,7,adc_s16,0.050000000,12,1,-16.000000000,-6.000000000,6.000000000,16.000000000,0,1,1,-1,0,-3,1,64,-32,18,-16,9,-8,7,-7,3,-2,1,0,0,-1
256,140,52,2.246881776303e-04,2.247e-4,-3.648419778,2246.881776303,10000000,2247,2.247000000000e-04,2.247000000000e-04,-3.648396928,0,2.634734256,-1.066915761,1.567607156,1.537008182,96,7,7,adc_s16,0.050000000,12,1,-16.000000000,-6.000000000,6.000000000,16.000000000,0,1,0,-1,-1,-2,0,64,-18,22,-20,11,-10,7,-7,2,-3,1,0,0,-1
256,128,36,2.250542055223e-04,2.251e-4,-3.647712867,2250.542055223,10000000,2251,2.251000000000e-04,2.251000000000e-04,-3.647624505,0,2.810230556,-1.019515810,1.618557642,1.525474854,96,7,7,adc_s16,0.050000000,12,1,-16.000000000,-6.000000000,6.000000000,16.000000000,0,1,0,-1,-1,-2,1,64,-21,21,-19,11,-10,7,-7,2,-3,1,0,0,-1
256,104,8,2.286060426587e-04,2.286e-4,-3.640912294,2286.060426587,10000000,2286,2.286000000000e-04,2.286000000000e-04,-3.640923774,0,2.667088057,-0.963624012,1.607901337,1.538205868,96,7,7,adc_s16,0.050000000,12,1,-16.000000000,-6.000000000,6.000000000,16.000000000,0,1,1,-1,-1,-2,1,64,-26,19,-18,10,-9,7,-7,3,-2,1,0,0,-1
256,212,52,2.295298539383e-04,2.295e-4,-3.639160820,2295.298539383,10000000,2295,2.295000000000e-04,2.295000000000e-04,-3.639217310,0,2.332582090,-1.077600049,1.434647018,1.632051064,96,7,7,adc_s16,0.050000000,12,1,-16.000000000,-6.000000000,6.000000000,16.000000000,0,1,0,0,-3,1,-4,64,-11,15,-16,9,-10,7,-8,2,-3,1,-1,0,-1
256,68,-40,2.326566098777e-04,2.327e-4,-3.633284604,2326.566098777,10000000,2327,2.327000000000e-04,2.327000000000e-04,-3.633203617,0,2.923231606,-0.882565464,1.690355487,1.598694007,96,7,7,adc_s16,0.050000000,12,1,-16.000000000,-6.000000000,6.000000000,16.000000000,0,1,1,-1,0,-2,1,64,-34,16,-15,9,-8,7,-7,3,-2,1,0,0,-1
256,160,-64,2.346332249169e-04,2.346e-4,-3.629610490,2346.332249169,10000000,2346,2.346000000000e-04,2.346000000000e-04,-3.629671992,0,2.256980683,-0.913290514,1.460045318,1.436695402,96,7,7,adc_s16,0.050000000,12,1,-16.000000000,-6.000000000,6.000000000,16.000000000,0,1,0,0,-3,2,-5,64,-24,5,-8,5,-7,7,-8,3,-3,1,-1,1,-1
256,144,56,2.365346917879e-04,2.365e-4,-3.626105154,2365.346917879,10000000,2365,2.365000000000e-04,2.365000000000e-04,-3.626168855,0,2.709883620,-1.035202569,1.572536568,1.532660789,96,7,7,adc_s16,0.050000000,12,1,-16.000000000,-6.000000000,6.000000000,16.000000000,0,1,0,-1,-1,-2,0,64,-17,22,-20,11,-10,7,-7,2,-3,1,-1,0,-1
256,212,12,2.377953162962e-04,2.378e-4,-3.623796704,2377.953162962,10000000,2378,2.378000000000e-04,2.378000000000e-04,-3.623788150,0,2.177535615,-1.029057559,1.416969352,1.374999960,96,7,7,adc_s16,0.050000000,12,1,-16.000000000,-6.000000000,6.000000000,16.000000000,0,1,0,0,-3,2,-6,64,-11,10,-13,7,-9,7,-8,3,-3,1,-1,1,-1
256,80,-16,2.447145427801e-04,2.447e-4,-3.611340221,2447.145427801,10000000,2447,2.447000000000e-04,2.447000000000e-04,-3.611366031,0,2.866837989,-0.933423913,1.666690117,1.640842107,96,7,7,adc_s16,0.050000000,12,1,-16.000000000,-6.000000000,6.000000000,16.000000000,0,1,1,-1,0,-3,1,64,-31,19,-17,9,-8,7,-7,3,-2,1,0,0,-1
256,156,68,2.448043061220e-04,2.448e-4,-3.611180947,2448.043061220,10000000,2448,2.448000000000e-04,2.448000000000e-04,-3.611188587,0,2.857627895,-1.086431571,1.603073975,1.557183646,96,7,7,adc_s16,0.050000000,12,1,-16.000000000,-6.000000000,6.000000000,16.000000000,0,1,0,-1,-1,-2,0,64,-14,23,-21,12,-11,7,-7,2,-3,1,-1,0,-1
256,148,-68,2.456739266123e-04,2.457e-4,-3.609640933,2456.739266123,10000000,2457,2.457000000000e-04,2.457000000000e-04,-3.609594844,0,2.257278719,-0.843039773,1.501594182,1.366566398,96,7,7,adc_s16,0.050000000,12,1,-16.000000000,-6.000000000,6.000000000,16.000000000,0,1,0,0,-3,2,-5,64,-26,5,-9,5,-7,7,-8,3,-3,1,-1,1,-1
256,172,80,2.466555511529e-04,2.467e-4,-3.607909106,2466.555511529,10000000,2467,2.467000000000e-04,2.467000000000e-04,-3.607830851,0,2.968305516,-1.141520504,1.616339710,1.518490651,96,7,7,adc_s16,0.050000000,12,1,-16.000000000,-6.000000000,6.000000000,16.000000000,0,1,0,-1,-1,-1,0,64,-11,23,-21,12,-11,7,-8,2,-3,1,-1,0,-1
256,68,-32,2.467442793374e-04,2.467e-4,-3.607752907,2467.442793374,10000000,2467,2.467000000000e-04,2.467000000000e-04,-3.607830851,0,2.876752064,-0.881206769,1.677207005,1.572815819,96,7,7,adc_s16,0.050000000,12,1,-16.000000000,-6.000000000,6.000000000,16.000000000,0,1,1,-2,0,-3,2,64,-34,18,-16,9,-8,7,-7,3,-2,1,0,0,-1
256,80,-20,2.491942982771e-04,2.492e-4,-3.603461899,2491.942982771,10000000,2492,2.492000000000e-04,2.492000000000e-04,-3.603451962,0,2.929890951,-0.900444664,1.677583241,1.665304211,96,7,7,adc_s16,0.050000000,12,1,-16.000000000,-6.000000000,6.000000000,16.000000000,0,1,1,-1,0,-2,1,64,-31,18,-17,9,-8,7,-7,3,-2,1,0,0,-1
256,72,-32,2.497451127114e-04,2.497e-4,-3.602503002,2497.451127114,10000000,2497,2.497000000000e-04,2.497000000000e-04,-3.602581458,0,2.862751084,-0.917057806,1.697740334,1.638146238,96,7,7,adc_s16,0.050000000,12,1,-16.000000000,-6.000000000,6.000000000,16.000000000,0,1,1,-1,0,-2,1,64,-33,17,-16,9,-8,7,-7,3,-2,1,0,0,-1
256,148,56,2.498539495460e-04,2.499e-4,-3.602313781,2498.539495460,10000000,2499,2.499000000000e-04,2.499000000000e-04,-3.602233744,0,2.656427011,-1.070188982,1.567048556,1.549294839,96,7,7,adc_s16,0.050000000,12,1,-16.000000000,-6.000000000,6.000000000,16.000000000,0,1,0,-1,-1,-2,0,64,-16,22,-20,11,-10,7,-7,2,-3,1,-1,0,-1
256,184,-28,2.521333246818e-04,2.521e-4,-3.598369749,2521.333246818,10000000,2521,2.521000000000e-04,2.521000000000e-04,-3.598427154,0,2.246564226,-0.963376976,1.455068718,1.373222709,96,7,7,adc_s16,0.050000000,12,1,-16.000000000,-6.000000000,6.000000000,16.000000000,0,1,0,0,-3,2,-5,64,-18,7,-11,6,-8,7,-8,3,-3,1,-1,1,-1
256,76,-28,2.531408509020e-04,2.531e-4,-3.596637764,2531.408509020,10000000,2531,2.531000000000e-04,2.531000000000e-04,-3.596707855,0,2.943980034,-0.894979002,1.687493025,1.639951155,96,7,7,adc_s16,0.050000000,12,1,-16.000000000,-6.000000000,6.000000000,16.000000000,0,1,1,-1,0,-2,1,64,-32,17,-16,9,-8,7,-7,3,-2,1,0,0,-1
256,100,12,2.570356366865e-04,2.570e-4,-3.590006660,2570.356366865,10000000,2570,2.570000000000e-04,2.570000000000e-04,-3.590066877,0,3.112375820,-0.969521986,1.720005670,1.650292526,96,7,7,adc_s16,0.050000000,12,1,-16.000000000,-6.000000000,6.000000000,16.000000000,0,1,1,-1,0,-3,1,64,-26,20,-19,10,-9,7,-7,3,-2,1,0,0,-1
256,164,80,2.573996803254e-04,2.574e-4,-3.589391997,2573.996803254,10000000,2574,2.574000000000e-04,2.574000000000e-04,-3.589391457,0,2.869587081,-1.101686018,1.588973477,1.572172202,96,7,7,adc_s16,0.050000000,12,1,-16.000000000,-6.000000000,6.000000000,16.000000000,0,1,0,-1,-1,-2,0,64,-12,23,-22,12,-11,7,-7,2,-3,1,-1,0,-1
256,156,-52,2.574246639508e-04,2.574e-4,-3.589349846,2574.246639508,10000000,2574,2.574000000000e-04,2.574000000000e-04,-3.589391457,0,2.218425674,-0.873486907,1.463775035,1.365073024,96,7,7,adc_s16,0.050000000,12,1,-16.000000000,-6.000000000,6.000000000,16.000000000,0,1,0,0,-3,1,-5,64,-24,7,-10,5,-7,7,-8,3,-3,1,-1,1,-1
256,148,-64,2.582196617319e-04,2.582e-4,-3.588010692,2582.196617319,10000000,2582,2.582000000000e-04,2.582000000000e-04,-3.588043762,0,2.235051376,-0.845880682,1.490568699,1.388037298,96,7,7,adc_s16,0.050000000,12,1,-16.000000000,-6.000000000,6.000000000,16.000000000,0,1,0,0,-3,1,-5,64,-26,6,-9,5,-7,7,-8,3,-3,1,-1,1,-1
256,160,-52,2.666640786441e-04,2.667e-4,-3.574035483,2666.640786441,10000000,2667,2.667000000000e-04,2.667000000000e-04,-3.573976984,0,2.176640283,-0.902297431,1.456197431,1.367771920,96,7,7,adc_s16,0.050000000,12,1,-16.000000000,-6.000000000,6.000000000,16.000000000,0,1,0,0,-3,2,-5,64,-23,6,-10,5,-7,7,-8,3,-3,1,-1,1,-1
256,164,-52,2.669614836512e-04,2.670e-4,-3.573551393,2669.614836512,10000000,2670,2.670000000000e-04,2.670000000000e-04,-3.573488739,0,2.186986922,-0.898993330,1.469493770,1.339824998,96,7,7,adc_s16,0.050000000,12,1,-16.000000000,-6.000000000,6.000000000,16.000000000,0,1,0,0,-3,2,-5,64,-23,6,-9,5,-7,7,-8,3,-3,1,-1,1,-1
256,60,-76,2.692588683601e-04,2.693e-4,-3.569829984,2692.588683601,10000000,2693,2.693000000000e-04,2.693000000000e-04,-3.569763647,0,2.572902805,-0.835196393,1.596125774,1.624250814,96,7,7,adc_s16,0.050000000,12,1,-16.000000000,-6.000000000,6.000000000,16.000000000,0,1,1,-1,-1,-2,0,64,-35,12,-13,7,-7,7,-7,3,-2,1,0,0,-1
256,124,36,2.725867425203e-04,2.726e-4,-3.564495270,2725.867425203,10000000,2726,2.726000000000e-04,2.726000000000e-04,-3.564474149,0,2.879049054,-1.002068923,1.660340209,1.575708517,96,7,7,adc_s16,0.050000000,12,1,-16.000000000,-6.000000000,6.000000000,16.000000000,0,1,0,-1,-1,-2,1,64,-21,21,-20,11,-10,7,-7,2,-3,1,0,0,-1
256,108,12,2.788409688448e-04,2.788e-4,-3.554643417,2788.409688448,10000000,2788,2.788000000000e-04,2.788000000000e-04,-3.554707231,0,2.833749406,-1.015532362,1.634226577,1.574351977,96,7,7,adc_s16,0.050000000,12,1,-16.000000000,-6.000000000,6.000000000,16.000000000,0,1,0,-1,-1,-2,1,64,-25,20,-18,10,-9,7,-7,3,-2,1,0,0,-1
256,168,80,2.816216906594e-04,2.816e-4,-3.550333899,2816.216906594,10000000,2816,2.816000000000e-04,2.816000000000e-04,-3.550367350,0,2.802874131,-1.100234684,1.609784602,1.559135272,96,7,7,adc_s16,0.050000000,12,1,-16.000000000,-6.000000000,6.000000000,16.000000000,0,1,0,-1,-1,-2,0,64,-12,23,-21,12,-11,7,-8,2,-3,1,-1,0,-1
256,212,36,2.935933416345e-04,2.936e-4,-3.532253798,2935.933416345,10000000,2936,2.936000000000e-04,2.936000000000e-04,-3.532243949,0,2.432336450,-1.041038785,1.495655291,1.594025862,96,7,7,adc_s16,0.050000000,12,1,-16.000000000,-6.000000000,6.000000000,16.000000000,0,1,0,0,-3,1,-5,64,-11,13,-15,8,-10,7,-8,2,-3,1,-1,1,-1
256,208,64,2.949938486672e-04,2.950e-4,-3.530187040,2949.938486672,10000000,2950,2.950000000000e-04,2.950000000000e-04,-3.530177984,0,2.376596444,-1.086091897,1.460326380,1.669778406,96,7,7,adc_s16,0.050000000,12,1,-16.000000000,-6.000000000,6.000000000,16.000000000,0,1,0,0,-3,0,-3,64,-11,17,-18,10,-10,7,-8,2,-3,1,-1,0,-1
256,144,60,3.005005963475e-04,3.005e-4,-3.522154662,3005.005963475,10000000,3005,3.005000000000e-04,3.005000000000e-04,-3.522155524,0,2.984799557,-1.082880435,1.662546996,1.580250067,96,7,7,adc_s16,0.050000000,12,1,-16.000000000,-6.000000000,6.000000000,16.000000000,0,1,0,-1,-1,-2,1,64,-17,23,-21,11,-10,7,-7,2,-3,1,-1,0,-1
256,216,16,3.023585401528e-04,3.024e-4,-3.519477760,3023.585401528,10000000,3024,3.024000000000e-04,3.024000000000e-04,-3.519418213,0,2.561586265,-1.013154644,1.509608654,1.517044530,96,7,7,adc_s16,0.050000000,12,1,-16.000000000,-6.000000000,6.000000000,16.000000000,0,1,0,0,-3,2,-6,64,-11,10,-13,7,-9,7,-8,3,-3,1,-1,1,-2
256,216,36,3.038008072526e-04,3.038e-4,-3.517411076,3038.008072526,10000000,3038,3.038000000000e-04,3.038000000000e-04,-3.517412230,0,2.422464917,-1.082942194,1.499883459,1.575352416,96,7,7,adc_s16,0.050000000,12,1,-16.000000000,-6.000000000,6.000000000,16.000000000,0,1,0,0,-3,2,-5,64,-11,13,-15,8,-9,7,-8,2,-3,1,-1,1,-1
256,100,0,3.038061836046e-04,3.038e-4,-3.517403391,3038.061836046,10000000,3038,3.038000000000e-04,3.038000000000e-04,-3.517412230,0,2.846574646,-0.975203804,1.647544487,1.608928928,96,7,7,adc_s16,0.050000000,12,1,-16.000000000,-6.000000000,6.000000000,16.000000000,0,1,1,-1,-1,-2,1,64,-27,19,-17,10,-9,7,-7,3,-2,1,0,0,-1
256,140,-80,3.066810712781e-04,3.067e-4,-3.513313028,3066.810712781,10000000,3067,3.067000000000e-04,3.067000000000e-04,-3.513286224,0,2.259433412,-0.820250741,1.502310639,1.356817950,96,7,7,adc_s16,0.050000000,12,1,-16.000000000,-6.000000000,6.000000000,16.000000000,0,1,0,0,-3,2,-5,64,-28,5,-8,4,-6,7,-8,3,-3,1,-1,1,-1
256,212,8,3.139398085300e-04,3.139e-4,-3.503153611,3139.398085300,10000000,3139,3.139000000000e-04,3.139000000000e-04,-3.503208684,0,2.473591883,-1.020040761,1.498082171,1.406681060,96,7,7,adc_s16,0.050000000,12,1,-16.000000000,-6.000000000,6.000000000,16.000000000,0,1,0,0,-3,2,-6,64,-12,9,-12,7,-9,7,-8,3,-3,1,-1,1,-2
256,60,-48,3.140044375538e-04,3.140e-4,-3.503064214,3140.044375538,10000000,3140,3.140000000000e-04,3.140000000000e-04,-3.503070352,0,2.664908537,-0.873116354,1.610362412,1.621822206,96,7,7,adc_s16,0.050000000,12,1,-16.000000000,-6.000000000,6.000000000,16.000000000,0,1,1,-2,0,-3,1,64,-35,16,-15,8,-7,7,-7,3,-2,1,0,0,-1
256,140,-76,3.153822781936e-04,3.154e-4,-3.501162714,3153.822781936,10000000,3154,3.154000000000e-04,3.154000000000e-04,-3.501138311,0,2.228057219,-0.851871294,1.499970375,1.367854500,96,7,7,adc_s16,0.050000000,12,1,-16.000000000,-6.000000000,6.000000000,16.000000000,0,1,0,0,-3,1,-5,64,-28,5,-8,5,-6,7,-8,3,-3,1,-1,1,-1
256,212,64,3.179623851599e-04,3.180e-4,-3.497624254,3179.623851599,10000000,3180,3.180000000000e-04,3.180000000000e-04,-3.497572880,0,2.463356679,-1.095633646,1.499507319,1.656145659,96,7,7,adc_s16,0.050000000,12,1,-16.000000000,-6.000000000,6.000000000,16.000000000,0,1,0,0,-3,1,-3,64,-11,17,-18,10,-10,7,-8,2,-3,1,-1,0,-1
256,64,-56,3.212973213106e-04,3.213e-4,-3.493092895,3212.973213106,10000000,3213,3.213000000000e-04,3.213000000000e-04,-3.493089274,0,2.915166182,-0.833498024,1.705569545,1.680787574,96,7,7,adc_s16,0.050000000,12,1,-16.000000000,-6.000000000,6.000000000,16.000000000,0,1,1,-1,0,-2,1,64,-35,15,-14,8,-7,7,-7,3,-2,1,0,0,-1
256,156,-68,3.219808343591e-04,3.220e-4,-3.492169979,3219.808343591,10000000,3220,3.220000000000e-04,3.220000000000e-04,-3.492144128,0,2.320024084,-0.876080781,1.493482352,1.436579114,96,7,7,adc_s16,0.050000000,12,1,-16.000000000,-6.000000000,6.000000000,16.000000000,0,1,0,0,-3,2,-5,64,-25,5,-8,5,-7,7,-8,3,-3,1,-1,1,-1
256,200,-8,3.244073810233e-04,3.244e-4,-3.488909273,3244.073810233,10000000,3244,3.244000000000e-04,3.244000000000e-04,-3.488919154,0,2.521092800,-0.995985672,1.534625468,1.380653529,96,7,7,adc_s16,0.050000000,12,1,-16.000000000,-6.000000000,6.000000000,16.000000000,0,1,0,0,-3,2,-6,64,-14,8,-12,6,-8,7,-8,3,-3,1,-1,1,-1
256,116,24,3.246320606590e-04,3.246e-4,-3.488608591,3246.320606590,10000000,3246,3.246000000000e-04,3.246000000000e-04,-3.488651485,0,2.818774402,-1.005342144,1.657490882,1.573175588,96,7,7,adc_s16,0.050000000,12,1,-16.000000000,-6.000000000,6.000000000,16.000000000,0,1,0,-1,-1,-2,1,64,-23,21,-19,10,-9,7,-7,2,-2,1,0,0,-1
256,112,16,3.252672501254e-04,3.253e-4,-3.487759662,3252.672501254,10000000,3253,3.253000000000e-04,3.253000000000e-04,-3.487715937,0,2.933500001,-0.993700593,1.660767061,1.621130260,96,7,7,adc_s16,0.050000000,12,1,-16.000000000,-6.000000000,6.000000000,16.000000000,0,1,0,-1,-1,-2,1,64,-24,20,-18,10,-9,7,-7,3,-2,1,0,0,-1
256,84,-16,3.272002959483e-04,3.272e-4,-3.485186312,3272.002959483,10000000,3272,3.272000000000e-04,3.272000000000e-04,-3.485186705,0,3.013861195,-0.945312500,1.720919736,1.684152321,96,7,7,adc_s16,0.050000000,12,1,-16.000000000,-6.000000000,6.000000000,16.000000000,0,1,1,-1,0,-2,1,64,-30,18,-17,9,-8,7,-7,3,-2,1,0,0,-1
256,116,20,3.277512260520e-04,3.278e-4,-3.484455675,3277.512260520,10000000,3278,3.278000000000e-04,3.278000000000e-04,-3.484391051,0,3.037468446,-1.000401433,1.669257023,1.588080838,96,7,7,adc_s16,0.050000000,12,1,-16.000000000,-6.000000000,6.000000000,16.000000000,0,1,0,-1,-1,-2,1,64,-23,20,-18,10,-9,7,-7,3,-2,1,0,0,-1
256,144,-72,3.279073564892e-04,3.279e-4,-3.484248840,3279.073564892,10000000,3279,3.279000000000e-04,3.279000000000e-04,-3.484258583,0,2.335897587,-0.853013834,1.510804300,1.358993311,96,7,7,adc_s16,0.050000000,12,1,-16.000000000,-6.000000000,6.000000000,16.000000000,0,1,0,0,-3,2,-5,64,-27,5,-9,5,-7,7,-8,3,-3,1,-1,1,-1
256,120,36,3.309430310504e-04,3.309e-4,-3.480246760,3309.430310504,10000000,3309,3.309000000000e-04,3.309000000000e-04,-3.480303233,0,3.014821445,-1.024641798,1.673589084,1.563564948,96,7,7,adc_s16,0.050000000,12,1,-16.000000000,-6.000000000,6.000000000,16.000000000,0,1,0,-1,-1,-2,1,64,-22,22,-20,11,-10,7,-7,2,-3,1,0,0,-1
256,208,68,3.317934107319e-04,3.318e-4,-3.479132243,3317.934107319,10000000,3318,3.318000000000e-04,3.318000000000e-04,-3.479123618,0,2.367609727,-1.077816206,1.449401797,1.692703748,96,7,7,adc_s16,0.050000000,12,1,-16.000000000,-6.000000000,6.000000000,16.000000000,0,1,0,0,-3,0,-3,64,-11,18,-18,10,-10,7,-8,2,-3,1,-1,0,-1
256,156,76,3.344970222269e-04,3.345e-4,-3.475607744,3344.970222269,10000000,3345,3.345000000000e-04,3.345000000000e-04,-3.475603878,0,2.919180909,-1.090137105,1.629737905,1.603473891,96,7,7,adc_s16,0.050000000,12,1,-16.000000000,-6.000000000,6.000000000,16.000000000,0,1,0,-1,-1,-2,0,64,-14,24,-22,12,-11,7,-7,2,-3,1,-1,0,-1
256,156,72,3.353175918350e-04,3.353e-4,-3.474543661,3353.175918350,10000000,3353,3.353000000000e-04,3.353000000000e-04,-3.474566447,0,2.996410667,-1.088160820,1.644303288,1.595650783,96,7,7,adc_s16,0.050000000,12,1,-16.000000000,-6.000000000,6.000000000,16.000000000,0,1,0,-1,-1,-2,0,64,-14,23,-21,12,-11,7,-7,2,-3,1,-1,0,-1
256,168,-52,3.405147191729e-04,3.405e-4,-3.467864110,3405.147191729,10000000,3405,3.405000000000e-04,3.405000000000e-04,-3.467882884,0,2.222938123,-0.892724802,1.484000558,1.419686683,96,7,7,adc_s16,0.050000000,12,1,-16.000000000,-6.000000000,6.000000000,16.000000000,0,1,0,0,-3,2,-5,64,-22,6,-9,5,-7,7,-8,3,-3,1,-1,1,-1
256,116,28,3.445753495974e-04,3.446e-4,-3.462715795,3445.753495974,10000000,3446,3.446000000000e-04,3.446000000000e-04,-3.462684727,0,3.024718880,-0.995090168,1.694594299,1.589267182,96,7,7,adc_s16,0.050000000,12,1,-16.000000000,-6.000000000,6.000000000,16.000000000,0,1,0,-1,-1,-2,1,64,-23,21,-19,11,-10,7,-7,2,-2,1,0,0,-1
256,152,68,3.480394989389e-04,3.480e-4,-3.458371465,3480.394989389,10000000,3480,3.480000000000e-04,3.480000000000e-04,-3.458420756,0,2.916029218,-1.098999506,1.637314086,1.607335632,96,7,7,adc_s16,0.050000000,12,1,-16.000000000,-6.000000000,6.000000000,16.000000000,0,1,0,-1,-1,-2,0,64,-15,23,-21,12,-11,7,-7,2,-3,1,-1,0,-1
256,144,-76,3.481845787667e-04,3.482e-4,-3.458190468,3481.845787668,10000000,3482,3.482000000000e-04,3.482000000000e-04,-3.458171233,0,2.190488930,-0.831274704,1.494856821,1.392502010,96,7,7,adc_s16,0.050000000,12,1,-16.000000000,-6.000000000,6.000000000,16.000000000,0,1,0,0,-3,2,-5,64,-27,5,-8,4,-6,7,-8,3,-3,1,-1,1,-1
256,112,24,3.507143792731e-04,3.507e-4,-3.455046428,3507.143792731,10000000,3507,3.507000000000e-04,3.507000000000e-04,-3.455064234,0,2.998462261,-1.018033597,1.671136324,1.607951410,96,7,7,adc_s16,0.050000000,12,1,-16.000000000,-6.000000000,6.000000000,16.000000000,0,1,0,-1,-1,-2,1,64,-24,21,-19,11,-9,7,-7,2,-2,1,0,0,-1
256,160,80,3.537994653104e-04,3.538e-4,-3.451242828,3537.994653104,10000000,3538,3.538000000000e-04,3.538000000000e-04,-3.451242171,0,2.998085802,-1.100666996,1.637179771,1.603625555,96,7,7,adc_s16,0.050000000,12,1,-16.000000000,-6.000000000,6.000000000,16.000000000,0,1,0,-1,-1,-2,0,64,-13,24,-22,12,-11,7,-7,2,-3,1,-1,0,-1
256,148,64,3.557763430008e-04,3.558e-4,-3.448822933,3557.763430008,10000000,3558,3.558000000000e-04,3.558000000000e-04,-3.448794056,0,2.891662150,-1.066977520,1.629123550,1.615020852,96,7,7,adc_s16,0.050000000,12,1,-16.000000000,-6.000000000,6.000000000,16.000000000,0,1,0,-1,-1,-2,0,64,-16,23,-21,12,-10,7,-7,2,-3,1,-1,0,-1
256,92,0,3.572320411196e-04,3.572e-4,-3.447049595,3572.320411196,10000000,3572,3.572000000000e-04,3.572000000000e-04,-3.447088550,0,3.127396743,-0.954638093,1.731232709,1.677359619,96,7,7,adc_s16,0.050000000,12,1,-16.000000000,-6.000000000,6.000000000,16.000000000,0,1,1,-1,0,-3,1,64,-28,20,-18,10,-9,7,-7,3,-2,1,0,0,-1
256,188,-24,3.658075816833e-04,3.658e-4,-3.436747298,3658.075816833,10000000,3658,3.658000000000e-04,3.658000000000e-04,-3.436756299,0,2.540881784,-0.967483943,1.538344374,1.356582404,96,7,7,adc_s16,0.050000000,12,1,-16.000000000,-6.000000000,6.000000000,16.000000000,0,1,0,0,-3,2,-6,64,-17,7,-11,6,-8,7,-8,3,-3,1,-1,1,-1
256,200,-12,3.673824767083e-04,3.674e-4,-3.434881562,3673.824767083,10000000,3674,3.674000000000e-04,3.674000000000e-04,-3.434860848,0,2.596511131,-0.974617095,1.532620081,1.383067368,96,7,7,adc_s16,0.050000000,12,1,-16.000000000,-6.000000000,6.000000000,16.000000000,0,1,0,0,-3,2,-6,64,-15,8,-11,6,-8,7,-8,3,-3,1,-1,1,-1
256,84,-12,3.675792931859e-04,3.676e-4,-3.434648962,3675.792931859,10000000,3676,3.676000000000e-04,3.676000000000e-04,-3.434624497,0,3.220184879,-0.911839180,1.736418343,1.664204895,96,7,7,adc_s16,0.050000000,12,1,-16.000000000,-6.000000000,6.000000000,16.000000000,0,1,1,-1,0,-3,1,64,-30,19,-17,10,-8,7,-7,3,-2,1,0,0,-1
256,60,-72,3.677532169615e-04,3.678e-4,-3.434443520,3677.532169615,10000000,3678,3.678000000000e-04,3.678000000000e-04,-3.434388275,0,2.660052941,-0.805922678,1.629153002,1.644574106,96,7,7,adc_s16,0.050000000,12,1,-16.000000000,-6.000000000,6.000000000,16.000000000,0,1,1,-1,-1,-2,0,64,-35,13,-13,7,-7,7,-7,3,-2,1,0,0,-1
256,104,12,3.680794144249e-04,3.681e-4,-3.434058471,3680.794144249,10000000,3681,3.681000000000e-04,3.681000000000e-04,-3.434034183,0,2.901089616,-0.978446146,1.658113756,1.594371441,96,7,7,adc_s16,0.050000000,12,1,-16.000000000,-6.000000000,6.000000000,16.000000000,0,1,1,-1,-1,-2,1,64,-26,20,-18,10,-9,7,-7,3,-2,1,0,0,-1
256,116,32,3.685577880177e-04,3.686e-4,-3.433494407,3685.577880177,10000000,3686,3.686000000000e-04,3.686000000000e-04,-3.433444669,0,2.929007629,-1.025969615,1.686953619,1.591753030,96,7,7,adc_s16,0.050000000,12,1,-16.000000000,-6.000000000,6.000000000,16.000000000,0,1,0,-1,-1,-2,1,64,-23,22,-20,11,-10,7,-7,2,-2,1,0,0,-1
256,120,28,3.695988791217e-04,3.696e-4,-3.432269355,3695.988791217,10000000,3696,3.696000000000e-04,3.696000000000e-04,-3.432268037,0,3.030056931,-1.029706028,1.707062332,1.605475600,96,7,7,adc_s16,0.050000000,12,1,-16.000000000,-6.000000000,6.000000000,16.000000000,0,1,0,-1,-1,-2,1,64,-22,21,-19,11,-10,7,-7,2,-3,1,0,0,-1
256,212,60,3.714638672004e-04,3.715e-4,-3.430083424,3714.638672004,10000000,3715,3.715000000000e-04,3.715000000000e-04,-3.430041182,0,2.508744638,-1.080440958,1.515290921,1.667810352,96,7,7,adc_s16,0.050000000,12,1,-16.000000000,-6.000000000,6.000000000,16.000000000,0,1,0,0,-3,1,-4,64,-11,16,-17,10,-10,7,-8,2,-3,1,-1,0,-1
256,128,40,3.715380219034e-04,3.715e-4,-3.429996735,3715.380219034,10000000,3715,3.715000000000e-04,3.715000000000e-04,-3.430041182,0,3.078955861,-1.047677866,1.693907709,1.571771919,96,7,7,adc_s16,0.050000000,12,1,-16.000000000,-6.000000000,6.000000000,16.000000000,0,1,0,-1,-1,-2,1,64,-20,22,-20,11,-10,7,-7,2,-3,1,0,0,-1
256,176,-40,3.719742797018e-04,3.720e-4,-3.429487089,3719.742797018,10000000,3720,3.720000000000e-04,3.720000000000e-04,-3.429457060,0,2.341019670,-0.941699605,1.493732765,1.432824103,96,7,7,adc_s16,0.050000000,12,1,-16.000000000,-6.000000000,6.000000000,16.000000000,0,1,0,0,-3,2,-5,64,-20,6,-10,5,-7,7,-8,3,-3,1,-1,1,-1
256,144,-80,3.865005003965e-04,3.865e-4,-3.412849939,3865.005003965,10000000,3865,3.865000000000e-04,3.865000000000e-04,-3.412850502,0,2.397976017,-0.833868577,1.516724105,1.405394244,96,7,7,adc_s16,0.050000000,12,1,-16.000000000,-6.000000000,6.000000000,16.000000000,0,1,0,0,-3,2,-5,64,-27,4,-8,4,-6,7,-8,3,-3,1,-1,1,-1
256,212,56,3.909385949194e-04,3.909e-4,-3.407891452,3909.385949194,10000000,3909,3.909000000000e-04,3.909000000000e-04,-3.407934330,0,2.487051106,-1.083775939,1.518167925,1.679051252,96,7,7,adc_s16,0.050000000,12,1,-16.000000000,-6.000000000,6.000000000,16.000000000,0,1,0,0,-3,1,-4,64,-11,16,-17,9,-10,7,-8,2,-3,1,-1,0,-1
256,64,-28,3.910442880024e-04,3.910e-4,-3.407774053,3910.442880024,10000000,3910,3.910000000000e-04,3.910000000000e-04,-3.407823243,0,3.053012036,-0.867712451,1.714805597,1.626553862,96,7,7,adc_s16,0.050000000,12,1,-16.000000000,-6.000000000,6.000000000,16.000000000,0,1,1,-2,0,-3,2,64,-34,18,-17,9,-8,7,-7,3,-2,1,0,0,-1
256,176,-44,3.967692537659e-04,3.968e-4,-3.401461989,3967.692537659,10000000,3968,3.968000000000e-04,3.968000000000e-04,-3.401428337,0,2.415470461,-0.924530632,1.516871744,1.378009516,96,7,7,adc_s16,0.050000000,12,1,-16.000000000,-6.000000000,6.000000000,16.000000000,0,1,0,0,-3,2,-6,64,-20,6,-9,5,-7,7,-8,3,-3,1,-1,1,-1
256,164,-56,3.969763910139e-04,3.970e-4,-3.401235321,3969.763910139,10000000,3970,3.970000000000e-04,3.970000000000e-04,-3.401209493,0,2.397043162,-0.902822381,1.521298293,1.416298605,96,7,7,adc_s16,0.050000000,12,1,-16.000000000,-6.000000000,6.000000000,16.000000000,0,1,0,0,-3,2,-5,64,-23,5,-9,5,-7,7,-8,3,-3,1,-1,1,-1
256,132,52,4.109878081686e-04,4.110e-4,-3.386171061,4109.878081686,10000000,4110,4.110000000000e-04,4.110000000000e-04,-3.386158178,0,3.190780184,-1.031651433,1.707263648,1.625521670,96,7,7,adc_s16,0.050000000,12,1,-16.000000000,-6.000000000,6.000000000,16.000000000,0,1,0,-1,-1,-2,1,64,-19,23,-21,11,-10,7,-7,2,-3,1,0,0,-1
256,132,44,4.210023744616e-04,4.210e-4,-3.375715455,4210.023744616,10000000,4210,4.210000000000e-04,4.210000000000e-04,-3.375717904,0,3.162506477,-1.048202816,1.715822781,1.591647370,96,7,7,adc_s16,0.050000000,12,1,-16.000000000,-6.000000000,6.000000000,16.000000000,0,1,0,-1,-1,-2,1,64,-19,22,-20,11,-10,7,-7,2,-3,1,0,0,-1
256,168,-48,4.213883411040e-04,4.214e-4,-3.375317485,4213.883411040,10000000,4214,4.214000000000e-04,4.214000000000e-04,-3.375305469,0,2.474708352,-0.910387846,1.539543958,1.408983486,96,7,7,adc_s16,0.050000000,12,1,-16.000000000,-6.000000000,6.000000000,16.000000000,0,1,0,0,-3,2,-5,64,-22,6,-10,5,-7,7,-8,3,-3,1,-1,1,-1
256,68,-28,4.221166809885e-04,4.221e-4,-3.374567485,4221.166809885,10000000,4221,4.221000000000e-04,4.221000000000e-04,-3.374584648,0,3.066007027,-0.883800642,1.722994469,1.666570224,96,7,7,adc_s16,0.050000000,12,1,-16.000000000,-6.000000000,6.000000000,16.000000000,0,1,1,-2,0,-3,2,64,-33,18,-17,9,-8,7,-7,3,-2,1,0,0,-1
256,92,4,4.256923545641e-04,4.257e-4,-3.370904150,4256.923545641,10000000,4257,4.257000000000e-04,4.257000000000e-04,-3.370896350,0,3.230799320,-0.956367342,1.759874890,1.708780586,96,7,7,adc_s16,0.050000000,12,1,-16.000000000,-6.000000000,6.000000000,16.000000000,0,1,1,-1,0,-3,1,64,-28,20,-18,10,-9,7,-7,3,-2,1,0,0,-1
256,92,8,4.284200239477e-04,4.284e-4,-3.368130239,4284.200239477,10000000,4284,4.284000000000e-04,4.284000000000e-04,-3.368150538,0,3.561158541,-0.956490860,1.843204298,1.687261682,96,7,7,adc_s16,0.050000000,12,1,-16.000000000,-6.000000000,6.000000000,16.000000000,0,1,1,-1,0,-3,2,64,-28,21,-19,10,-9,7,-7,3,-2,1,0,0,-1
256,160,76,4.319435891945e-04,4.319e-4,-3.364572967,4319.435891945,10000000,4319,4.319000000000e-04,4.319000000000e-04,-3.364616796,0,3.081009964,-1.092144269,1.665403933,1.658291197,96,7,7,adc_s16,0.050000000,12,1,-16.000000000,-6.000000000,6.000000000,16.000000000,0,1,0,-1,-1,-2,0,64,-13,23,-21,12,-11,7,-7,2,-3,1,-1,0,-1
256,180,-36,4.361856265774e-04,4.362e-4,-3.360328650,4361.856265774,10000000,4362,4.362000000000e-04,4.362000000000e-04,-3.360314339,0,2.483757030,-0.962604990,1.552114733,1.365125205,96,7,7,adc_s16,0.050000000,12,1,-16.000000000,-6.000000000,6.000000000,16.000000000,0,1,0,0,-3,2,-6,64,-19,7,-10,5,-7,7,-8,3,-3,1,-1,1,-1
256,172,-48,4.468056001858e-04,4.468e-4,-3.349881392,4468.056001858,10000000,4468,4.468000000000e-04,4.468000000000e-04,-3.349886836,0,2.474440132,-0.908195405,1.561052729,1.386947656,96,7,7,adc_s16,0.050000000,12,1,-16.000000000,-6.000000000,6.000000000,16.000000000,0,1,0,0,-3,2,-6,64,-21,6,-9,5,-7,7,-8,3,-3,1,-1,1,-1
256,124,32,4.500346258301e-04,4.500e-4,-3.346754070,4500.346258301,10000000,4500,4.500000000000e-04,4.500000000000e-04,-3.346787486,0,3.110866253,-1.016026433,1.710754422,1.644142251,96,7,7,adc_s16,0.050000000,12,1,-16.000000000,-6.000000000,6.000000000,16.000000000,0,1,0,-1,-1,-2,1,64,-21,21,-19,11,-10,7,-7,2,-3,1,0,0,-1
256,88,0,4.509068124950e-04,4.509e-4,-3.345913203,4509.068124950,10000000,4509,4.509000000000e-04,4.509000000000e-04,-3.345919765,0,3.554160291,-0.953989625,1.844027168,1.673905108,96,7,7,adc_s16,0.050000000,12,1,-16.000000000,-6.000000000,6.000000000,16.000000000,0,1,1,-1,0,-3,2,64,-29,20,-18,10,-9,7,-7,3,-2,1,0,0,-1
256,172,-44,4.562067956650e-04,4.562e-4,-3.340838250,4562.067956650,10000000,4562,4.562000000000e-04,4.562000000000e-04,-3.340844719,0,2.405755086,-0.912147974,1.525852402,1.449748960,96,7,7,adc_s16,0.050000000,12,1,-16.000000000,-6.000000000,6.000000000,16.000000000,0,1,0,0,-3,2,-5,64,-21,6,-10,5,-7,7,-8,3,-3,1,-1,1,-1
256,120,32,4.562373405510e-04,4.562e-4,-3.340809173,4562.373405510,10000000,4562,4.562000000000e-04,4.562000000000e-04,-3.340844719,0,3.122264293,-1.031435277,1.733693839,1.629013703,96,7,7,adc_s16,0.050000000,12,1,-16.000000000,-6.000000000,6.000000000,16.000000000,0,1,0,-1,-1,-2,1,64,-22,21,-19,11,-10,7,-7,2,-3,1,0,0,-1
256,128,44,4.583469353240e-04,4.583e-4,-3.338805668,4583.469353240,10000000,4583,4.583000000000e-04,4.583000000000e-04,-3.338850143,0,3.174234160,-1.049407115,1.722440513,1.613236749,96,7,7,adc_s16,0.050000000,12,1,-16.000000000,-6.000000000,6.000000000,16.000000000,0,1,0,-1,-1,-2,1,64,-20,22,-20,11,-10,7,-7,2,-3,1,0,0,-1
256,60,-40,4.739519401607e-04,4.740e-4,-3.324265695,4739.519401607,10000000,4740,4.740000000000e-04,4.740000000000e-04,-3.324221658,0,3.020128128,-0.851871294,1.744169899,1.688029881,96,7,7,adc_s16,0.050000000,12,1,-16.000000000,-6.000000000,6.000000000,16.000000000,0,1,1,-2,0,-3,2,64,-35,17,-16,9,-8,7,-7,3,-2,1,0,0,-1
256,60,-32,4.770037399880e-04,4.770e-4,-3.321478216,4770.037399880,10000000,4770,4.770000000000e-04,4.770000000000e-04,-3.321481621,0,2.978930682,-0.861876235,1.735901822,1.658560744,96,7,7,adc_s16,0.050000000,12,1,-16.000000000,-6.000000000,6.000000000,16.000000000,0,1,1,-2,0,-3,2,64,-35,18,-17,9,-8,7,-7,3,-2,1,0,0,-1
256,196,-16,4.793529968120e-04,4.794e-4,-3.319344553,4793.529968120,10000000,4794,4.794000000000e-04,4.794000000000e-04,-3.319301970,0,2.650050316,-0.946918231,1.560382498,1.468516213,96,7,7,adc_s16,0.050000000,12,1,-16.000000000,-6.000000000,6.000000000,16.000000000,0,1,0,0,-3,2,-6,64,-16,8,-11,6,-8,7,-8,3,-3,1,-1,1,-1
256,188,-28,4.801757372465e-04,4.802e-4,-3.318599788,4801.757372465,10000000,4802,4.802000000000e-04,4.802000000000e-04,-3.318577844,0,2.641112475,-0.964766551,1.564851185,1.446328927,96,7,7,adc_s16,0.050000000,12,1,-16.000000000,-6.000000000,6.000000000,16.000000000,0,1,0,0,-3,2,-6,64,-18,7,-10,6,-8,7,-8,3,-3,1,-1,1,-1
256,140,56,4.830311332027e-04,4.830e-4,-3.316024876,4830.311332027,10000000,4830,4.830000000000e-04,4.830000000000e-04,-3.316052869,0,3.263279434,-1.077291255,1.736975278,1.611081943,96,7,7,adc_s16,0.050000000,12,1,-16.000000000,-6.000000000,6.000000000,16.000000000,0,1,0,-1,-1,-2,1,64,-17,23,-21,11,-10,7,-7,2,-3,1,0,0,-1
256,96,8,4.849431842332e-04,4.849e-4,-3.314309140,4849.431842332,10000000,4849,4.849000000000e-04,4.849000000000e-04,-3.314347816,0,3.326945286,-0.937376482,1.786678943,1.729630958,96,7,7,adc_s16,0.050000000,12,1,-16.000000000,-6.000000000,6.000000000,16.000000000,0,1,1,-1,0,-3,1,64,-27,20,-18,10,-9,7,-7,3,-2,1,0,0,-1
256,160,-60,4.955346019267e-04,4.955e-4,-3.304926014,4955.346019267,10000000,4955,4.955000000000e-04,4.955000000000e-04,-3.304956341,0,2.468737721,-0.881669960,1.542046261,1.448952740,96,7,7,adc_s16,0.050000000,12,1,-16.000000000,-6.000000000,6.000000000,16.000000000,0,1,0,0,-3,2,-5,64,-24,5,-9,5,-7,7,-8,3,-3,1,-1,1,-1
256,148,-76,4.991310012018e-04,4.991e-4,-3.301785455,4991.310012018,10000000,4991,4.991000000000e-04,4.991000000000e-04,-3.301812430,0,2.323592266,-0.829329298,1.547993195,1.457047546,96,7,7,adc_s16,0.050000000,12,1,-16.000000000,-6.000000000,6.000000000,16.000000000,0,1,0,0,-3,2,-5,64,-26,4,-8,4,-6,7,-8,3,-3,1,-1,1,-1
256,88,-8,5.007462756672e-04,5.007e-4,-3.300382272,5007.462756672,10000000,5007,5.007000000000e-04,5.007000000000e-04,-3.300422409,0,3.473818607,-0.943490613,1.826062253,1.690304431,96,7,7,adc_s16,0.050000000,12,1,-16.000000000,-6.000000000,6.000000000,16.000000000,0,1,1,-1,0,-2,1,64,-29,19,-17,10,-9,7,-7,3,-2,1,0,0,-1
256,132,48,5.123771478139e-04,5.124e-4,-3.290410248,5123.771478139,10000000,5124,5.124000000000e-04,5.124000000000e-04,-3.290390879,0,3.260267290,-1.049932065,1.744536719,1.633438880,96,7,7,adc_s16,0.050000000,12,1,-16.000000000,-6.000000000,6.000000000,16.000000000,0,1,0,-1,-1,-2,1,64,-19,22,-20,11,-10,7,-7,2,-3,1,0,0,-1
256,124,40,5.179238361556e-04,5.179e-4,-3.285734101,5179.238361556,10000000,5179,5.179000000000e-04,5.179000000000e-04,-3.285754089,0,3.092418878,-1.030478014,1.710122563,1.643132758,96,7,7,adc_s16,0.050000000,12,1,-16.000000000,-6.000000000,6.000000000,16.000000000,0,1,0,-1,-1,-2,1,64,-21,22,-20,11,-10,7,-7,2,-3,1,0,0,-1
256,208,72,5.221250425347e-04,5.221e-4,-3.282225476,5221.250425347,10000000,5221,5.221000000000e-04,5.221000000000e-04,-3.282246307,0,2.982931607,-1.095973320,1.647478532,1.745370841,96,7,7,adc_s16,0.050000000,12,1,-16.000000000,-6.000000000,6.000000000,16.000000000,0,1,0,0,-2,0,-3,64,-11,18,-19,10,-11,7,-8,2,-3,1,-1,0,-1
256,192,-24,5.248509432065e-04,5.249e-4,-3.279964018,5248.509432065,10000000,5249,5.249000000000e-04,5.249000000000e-04,-3.279923427,0,2.624191605,-0.992712451,1.553723488,1.453928873,96,7,7,adc_s16,0.050000000,12,1,-16.000000000,-6.000000000,6.000000000,16.000000000,0,1,0,0,-3,2,-6,64,-17,7,-10,6,-8,7,-8,3,-3,2,-1,1,-1
256,208,76,5.296669564195e-04,5.297e-4,-3.275997120,5296.669564195,10000000,5297,5.297000000000e-04,5.297000000000e-04,-3.275970027,0,2.922022464,-1.099308300,1.629386454,1.769459450,96,7,7,adc_s16,0.050000000,12,1,-16.000000000,-6.000000000,6.000000000,16.000000000,0,1,0,0,-2,0,-3,64,-11,19,-19,10,-11,7,-8,2,-3,1,-1,0,-1
256,220,32,5.299836411637e-04,5.300e-4,-3.275737535,5299.836411637,10000000,5300,5.300000000000e-04,5.300000000000e-04,-3.275724130,0,2.692877666,-1.048264575,1.574608545,1.630585199,96,7,7,adc_s16,0.050000000,12,1,-16.000000000,-6.000000000,6.000000000,16.000000000,0,1,0,0,-3,2,-5,64,-11,12,-14,8,-9,7,-8,2,-3,1,-1,1,-1
256,164,-60,5.339326313976e-04,5.339e-4,-3.272513536,5339.326313976,10000000,5339,5.339000000000e-04,5.339000000000e-04,-3.272540079,0,2.488616331,-0.901093132,1.550639643,1.465524436,96,7,7,adc_s16,0.050000000,12,1,-16.000000000,-6.000000000,6.000000000,16.000000000,0,1,0,0,-3,2,-5,64,-23,5,-9,5,-7,7,-8,3,-3,1,-1,1,-1
256,148,68,5.437733255481e-04,5.438e-4,-3.264582100,5437.733255481,10000000,5438,5.438000000000e-04,5.438000000000e-04,-3.264560797,0,3.352278341,-1.073276927,1.752237163,1.680697165,96,7,7,adc_s16,0.050000000,12,1,-16.000000000,-6.000000000,6.000000000,16.000000000,0,1,0,-1,-1,-2,1,64,-16,23,-21,12,-11,7,-7,2,-3,1,-1,0,-1
256,216,48,5.471077010124e-04,5.471e-4,-3.261927172,5471.077010124,10000000,5471,5.471000000000e-04,5.471000000000e-04,-3.261933285,0,2.816773238,-1.050580534,1.588004474,1.741471200,96,7,7,adc_s16,0.050000000,12,1,-16.000000000,-6.000000000,6.000000000,16.000000000,0,1,0,0,-3,1,-4,64,-11,14,-16,9,-10,7,-8,2,-3,1,-1,0,-1
256,108,28,5.504964214712e-04,5.505e-4,-3.259245500,5504.964214712,10000000,5505,5.505000000000e-04,5.505000000000e-04,-3.259242677,0,3.454525224,-0.994904891,1.805263717,1.737279137,96,7,7,adc_s16,0.050000000,12,1,-16.000000000,-6.000000000,6.000000000,16.000000000,0,1,1,-1,0,-3,1,64,-24,22,-20,11,-10,7,-7,2,-2,1,0,0,-1
256,216,52,5.517710611280e-04,5.518e-4,-3.258241081,5517.710611280,10000000,5518,5.518000000000e-04,5.518000000000e-04,-3.258218304,0,2.717540112,-1.079360178,1.561977485,1.760500060,96,7,7,adc_s16,0.050000000,12,1,-16.000000000,-6.000000000,6.000000000,16.000000000,0,1,0,0,-3,1,-4,64,-11,15,-16,9,-10,7,-8,2,-3,1,-1,0,-1
256,112,32,5.606240899762e-04,5.606e-4,-3.251328245,5606.240899762,10000000,5606,5.606000000000e-04,5.606000000000e-04,-3.251346907,0,3.541429577,-0.999382411,1.840554507,1.729942730,96,7,7,adc_s16,0.050000000,12,1,-16.000000000,-6.000000000,6.000000000,16.000000000,0,1,1,-1,0,-3,1,64,-23,22,-20,11,-10,7,-7,2,-2,1,0,0,-1
256,208,80,5.696277248565e-04,5.696e-4,-3.244408881,5696.277248565,10000000,5696,5.696000000000e-04,5.696000000000e-04,-3.244430019,0,3.014594752,-1.109560277,1.637122757,1.777138755,96,7,7,adc_s16,0.050000000,12,1,-16.000000000,-6.000000000,6.000000000,16.000000000,0,1,0,0,-2,0,-3,64,-11,19,-19,11,-11,7,-8,2,-3,1,-1,0,-1
256,136,52,5.882168135724e-04,5.882e-4,-3.230462566,5882.168135724,10000000,5882,5.882000000000e-04,5.882000000000e-04,-3.230474980,0,3.350518270,-1.068367095,1.783924773,1.657528161,96,7,7,adc_s16,0.050000000,12,1,-16.000000000,-6.000000000,6.000000000,16.000000000,0,1,0,-1,-1,-2,1,64,-18,22,-20,11,-10,7,-7,2,-3,1,0,0,-1
256,80,-12,5.958081058478e-04,5.958e-4,-3.224893593,5958.081058478,10000000,5958,5.958000000000e-04,5.958000000000e-04,-3.224899501,0,3.600197171,-0.923418972,1.867886751,1.719039798,96,7,7,adc_s16,0.050000000,12,1,-16.000000000,-6.000000000,6.000000000,16.000000000,0,1,1,-1,0,-3,2,64,-31,19,-17,10,-8,7,-7,3,-2,1,0,0,-1
256,60,-36,6.108791876393e-04,6.109e-4,-3.214044671,6108.791876393,10000000,6109,6.109000000000e-04,6.109000000000e-04,-3.214029875,0,3.248816671,-0.868422678,1.787463246,1.680992196,96,7,7,adc_s16,0.050000000,12,1,-16.000000000,-6.000000000,6.000000000,16.000000000,0,1,1,-2,0,-3,2,64,-35,18,-16,9,-8,7,-7,3,-2,1,0,0,-1
256,152,72,6.179263746473e-04,6.179e-4,-3.209063268,6179.263746473,10000000,6179,6.179000000000e-04,6.179000000000e-04,-3.209081805,0,3.562871230,-1.079236660,1.793315698,1.652579097,96,7,7,adc_s16,0.050000000,12,1,-16.000000000,-6.000000000,6.000000000,16.000000000,0,1,0,-1,-1,-2,1,64,-15,24,-21,12,-11,7,-7,2,-3,1,-1,0,-1
256,96,12,6.197179559685e-04,6.197e-4,-3.207805920,6197.179559685,10000000,6197,6.197000000000e-04,6.197000000000e-04,-3.207818504,0,3.658713365,-0.981842885,1.871224430,1.746443137,96,7,7,adc_s16,0.050000000,12,1,-16.000000000,-6.000000000,6.000000000,16.000000000,0,1,1,-1,0,-3,2,64,-27,21,-19,10,-9,7,-7,3,-2,1,0,0,-1
256,64,-32,6.289707309361e-04,6.290e-4,-3.201369564,6289.707309361,10000000,6290,6.290000000000e-04,6.290000000000e-04,-3.201349355,0,3.335767032,-0.879446640,1.807572692,1.726727215,96,7,7,adc_s16,0.050000000,12,1,-16.000000000,-6.000000000,6.000000000,16.000000000,0,1,1,-2,0,-3,2,64,-34,18,-16,9,-8,7,-7,3,-2,1,0,0,-1
256,60,-64,6.306020672882e-04,6.306e-4,-3.200244610,6306.020672882,10000000,6306,6.306000000000e-04,6.306000000000e-04,-3.200246034,0,3.358879638,-0.864717144,1.819543512,1.798939139,96,7,7,adc_s16,0.050000000,12,1,-16.000000000,-6.000000000,6.000000000,16.000000000,0,1,1,-1,0,-2,1,64,-35,14,-14,8,-7,7,-7,3,-2,1,0,0,-1
256,204,-4,6.313567669635e-04,6.314e-4,-3.199725160,6313.567669635,10000000,6314,6.314000000000e-04,6.314000000000e-04,-3.199695422,0,2.708120890,-0.995275445,1.587784132,1.474787234,96,7,7,adc_s16,0.050000000,12,1,-16.000000000,-6.000000000,6.000000000,16.000000000,0,1,0,0,-3,2,-6,64,-14,9,-12,6,-8,7,-8,3,-3,1,-1,1,-1
256,156,-64,6.366817939049e-04,6.367e-4,-3.196077569,6366.817939049,10000000,6367,6.367000000000e-04,6.367000000000e-04,-3.196065150,0,2.544650130,-0.877439476,1.579718029,1.439061614,96,7,7,adc_s16,0.050000000,12,1,-16.000000000,-6.000000000,6.000000000,16.000000000,0,1,0,0,-3,2,-5,64,-25,5,-9,5,-7,7,-8,3,-3,1,-1,1,-1
256,192,-28,6.369089469928e-04,6.369e-4,-3.195922650,6369.089469928,10000000,6369,6.369000000000e-04,6.369000000000e-04,-3.195928751,0,2.671191484,-0.990983202,1.570447917,1.465210024,96,7,7,adc_s16,0.050000000,12,1,-16.000000000,-6.000000000,6.000000000,16.000000000,0,1,0,0,-3,2,-6,64,-17,7,-10,6,-8,7,-8,3,-3,2,-1,1,-1
256,124,48,6.476318961922e-04,6.476e-4,-3.188671770,6476.318961922,10000000,6476,6.476000000000e-04,6.476000000000e-04,-3.188693160,0,3.362439783,-1.023313982,1.763796696,1.709619985,96,7,7,adc_s16,0.050000000,12,1,-16.000000000,-6.000000000,6.000000000,16.000000000,0,1,0,-1,-1,-3,1,64,-20,23,-21,11,-10,7,-7,2,-3,1,0,0,-1
256,64,-24,6.637086617068e-04,6.637e-4,-3.178022515,6637.086617068,10000000,6637,6.637000000000e-04,6.637000000000e-04,-3.178028182,0,3.274071214,-0.894392292,1.802496013,1.704338082,96,7,7,adc_s16,0.050000000,12,1,-16.000000000,-6.000000000,6.000000000,16.000000000,0,1,1,-2,0,-3,2,64,-34,19,-17,9,-8,7,-7,3,-2,1,0,0,-1
256,60,-52,6.639318678564e-04,6.639e-4,-3.177876485,6639.318678564,10000000,6639,6.639000000000e-04,6.639000000000e-04,-3.177897331,0,3.264690173,-0.855453310,1.805505035,1.813966196,96,7,7,adc_s16,0.050000000,12,1,-16.000000000,-6.000000000,6.000000000,16.000000000,0,1,1,-1,0,-2,1,64,-35,16,-15,8,-7,7,-7,3,-2,1,0,0,-1
256,116,36,6.727188327574e-04,6.727e-4,-3.172166414,6727.188327574,10000000,6727,6.727000000000e-04,6.727000000000e-04,-3.172178572,0,3.632551779,-1.016829298,1.861430395,1.766155746,96,7,7,adc_s16,0.050000000,12,1,-16.000000000,-6.000000000,6.000000000,16.000000000,0,1,1,-1,0,-3,1,64,-22,22,-20,11,-10,7,-7,2,-2,1,0,0,-1
256,108,32,6.734650757750e-04,6.735e-4,-3.171684921,6734.650757750,10000000,6735,6.735000000000e-04,6.735000000000e-04,-3.171662400,0,4.047530762,-1.024178607,1.943731222,1.756163214,96,7,7,adc_s16,0.050000000,12,1,-16.000000000,-6.000000000,6.000000000,16.000000000,0,1,1,-1,0,-3,2,64,-24,22,-20,11,-10,7,-7,2,-2,1,0,0,-1
256,124,44,6.777089296960e-04,6.777e-4,-3.168956792,6777.089296960,10000000,6777,6.777000000000e-04,6.777000000000e-04,-3.168962514,0,3.256109371,-1.032207263,1.756681688,1.679261288,96,7,7,adc_s16,0.050000000,12,1,-16.000000000,-6.000000000,6.000000000,16.000000000,0,1,0,-1,-1,-2,1,64,-21,22,-20,11,-10,7,-7,2,-3,1,0,0,-1
256,156,-72,6.782302389164e-04,6.782e-4,-3.168622851,6782.302389164,10000000,6782,6.782000000000e-04,6.782000000000e-04,-3.168642215,0,2.625070894,-0.855700346,1.599921134,1.470861122,96,7,7,adc_s16,0.050000000,12,1,-16.000000000,-6.000000000,6.000000000,16.000000000,0,1,0,0,-3,2,-5,64,-25,4,-8,4,-6,7,-8,3,-3,1,-1,1,-1
256,96,4,6.812407643320e-04,6.812e-4,-3.166699372,6812.407643320,10000000,6812,6.812000000000e-04,6.812000000000e-04,-3.166725361,0,3.537490912,-0.973443676,1.844693785,1.741319060,96,7,7,adc_s16,0.050000000,12,1,-16.000000000,-6.000000000,6.000000000,16.000000000,0,1,1,-1,0,-2,1,64,-27,20,-18,10,-9,7,-7,3,-2,1,0,0,-1
256,156,80,6.854961423931e-04,6.855e-4,-3.163994985,6854.961423931,10000000,6855,6.855000000000e-04,6.855000000000e-04,-3.163992541,0,3.443179138,-1.103600543,1.776555744,1.688149358,96,7,7,adc_s16,0.050000000,12,1,-16.000000000,-6.000000000,6.000000000,16.000000000,0,1,0,-1,-1,-2,1,64,-14,24,-22,12,-11,7,-7,2,-3,1,-1,0,-1
256,92,-4,6.889089174076e-04,6.889e-4,-3.161838194,6889.089174076,10000000,6889,6.889000000000e-04,6.889000000000e-04,-3.161843815,0,3.574858439,-0.970448370,1.849728241,1.771878307,96,7,7,adc_s16,0.050000000,12,1,-16.000000000,-6.000000000,6.000000000,16.000000000,0,1,1,-1,0,-2,1,64,-28,19,-17,10,-9,7,-7,3,-2,1,0,0,-1
256,220,24,6.940507835490e-04,6.941e-4,-3.158608751,6940.507835490,10000000,6941,6.941000000000e-04,6.941000000000e-04,-3.158577956,0,2.962956470,-1.046782362,1.630173496,1.687909155,96,7,7,adc_s16,0.050000000,12,1,-16.000000000,-6.000000000,6.000000000,16.000000000,0,1,0,0,-3,2,-6,64,-11,11,-13,7,-9,7,-8,2,-3,1,-1,1,-2
256,128,48,6.942880224818e-04,6.943e-4,-3.158460327,6942.880224818,10000000,6943,6.943000000000e-04,6.943000000000e-04,-3.158452835,0,3.467395187,-1.060153162,1.789744426,1.682642309,96,7,7,adc_s16,0.050000000,12,1,-16.000000000,-6.000000000,6.000000000,16.000000000,0,1,0,-1,-1,-2,1,64,-20,23,-20,11,-10,7,-7,2,-3,1,0,0,-1
256,76,-12,7.097118130436e-04,7.097e-4,-3.148917966,7097.118130436,10000000,7097,7.097000000000e-04,7.097000000000e-04,-3.148925195,0,3.402995688,-0.909924654,1.806302403,1.722054844,96,7,7,adc_s16,0.050000000,12,1,-16.000000000,-6.000000000,6.000000000,16.000000000,0,1,1,-2,0,-3,2,64,-31,19,-18,10,-8,7,-7,3,-2,1,0,0,-1
256,216,44,7.103627284866e-04,7.104e-4,-3.148519833,7103.627284866,10000000,7104,7.104000000000e-04,7.104000000000e-04,-3.148497047,0,2.881124458,-1.059103261,1.626044753,1.777541367,96,7,7,adc_s16,0.050000000,12,1,-16.000000000,-6.000000000,6.000000000,16.000000000,0,1,0,0,-3,1,-5,64,-11,14,-16,9,-10,7,-8,2,-3,1,-1,0,-1
256,136,56,7.255014034036e-04,7.255e-4,-3.139361743,7255.014034036,10000000,7255,7.255000000000e-04,7.255000000000e-04,-3.139362583,0,3.455220570,-1.031435277,1.795724295,1.717846075,96,7,7,adc_s16,0.050000000,12,1,-16.000000000,-6.000000000,6.000000000,16.000000000,0,1,0,-1,-1,-2,1,64,-18,23,-21,12,-10,7,-7,2,-3,1,0,0,-1
256,104,20,7.389220451510e-04,7.389e-4,-3.131401376,7389.220451510,10000000,7389,7.389000000000e-04,7.389000000000e-04,-3.131414333,0,3.666824438,-0.995615119,1.852221815,1.781365567,96,7,7,adc_s16,0.050000000,12,1,-16.000000000,-6.000000000,6.000000000,16.000000000,0,1,1,-1,0,-3,1,64,-25,21,-19,11,-9,7,-7,3,-2,1,0,0,-1
256,108,20,7.398693476217e-04,7.399e-4,-3.130844965,7398.693476217,10000000,7399,7.399000000000e-04,7.399000000000e-04,-3.130826973,0,3.346140768,-1.009356472,1.776517405,1.704020913,96,7,7,adc_s16,0.050000000,12,1,-16.000000000,-6.000000000,6.000000000,16.000000000,0,1,1,-1,-1,-2,1,64,-24,21,-19,10,-9,7,-7,3,-2,1,0,0,-1
256,216,64,7.412312090252e-04,7.412e-4,-3.130046303,7412.312090252,10000000,7412,7.412000000000e-04,7.412000000000e-04,-3.130064589,0,2.856969414,-1.099617095,1.600623513,1.807407212,96,7,7,adc_s16,0.050000000,12,1,-16.000000000,-6.000000000,6.000000000,16.000000000,0,1,0,0,-3,1,-4,64,-11,17,-17,10,-10,7,-8,2,-3,1,-1,0,-1
256,220,28,7.604211976407e-04,7.604e-4,-3.118945785,7604.211976407,10000000,7604,7.604000000000e-04,7.604000000000e-04,-3.118957892,0,2.831341131,-1.044435524,1.616489006,1.630473090,96,7,7,adc_s16,0.050000000,12,1,-16.000000000,-6.000000000,6.000000000,16.000000000,0,1,0,0,-3,2,-5,64,-11,11,-14,8,-9,7,-8,2,-3,1,-1,1,-1
256,68,-24,7.709147185169e-04,7.709e-4,-3.112993663,7709.147185169,10000000,7709,7.709000000000e-04,7.709000000000e-04,-3.113001954,0,3.301403462,-0.905045702,1.804915538,1.744611953,96,7,7,adc_s16,0.050000000,12,1,-16.000000000,-6.000000000,6.000000000,16.000000000,0,1,1,-2,0,-3,2,64,-33,19,-17,9,-8,7,-7,3,-2,1,0,0,-1
256,100,16,7.783508469679e-04,7.784e-4,-3.108824598,7783.508469679,10000000,7784,7.784000000000e-04,7.784000000000e-04,-3.108797173,0,3.554458476,-0.982861907,1.846794836,1.808904167,96,7,7,adc_s16,0.050000000,12,1,-16.000000000,-6.000000000,6.000000000,16.000000000,0,1,1,-1,0,-3,1,64,-26,21,-19,11,-9,7,-7,3,-2,1,0,0,-1
256,168,-56,7.790001166599e-04,7.790e-4,-3.108462477,7790.001166599,10000000,7790,7.790000000000e-04,7.790000000000e-04,-3.108462542,0,2.769146457,-0.911870059,1.635264177,1.447201473,96,7,7,adc_s16,0.050000000,12,1,-16.000000000,-6.000000000,6.000000000,16.000000000,0,1,0,0,-3,2,-6,64,-22,5,-9,5,-7,7,-8,3,-3,1,-1,1,-1
256,68,-16,7.827465084251e-04,7.827e-4,-3.106378861,7827.465084251,10000000,7827,7.827000000000e-04,7.827000000000e-04,-3.106404666,0,3.454409158,-0.902698864,1.832261645,1.731563798,96,7,7,adc_s16,0.050000000,12,1,-16.000000000,-6.000000000,6.000000000,16.000000000,0,1,1,-2,0,-3,2,64,-33,20,-18,10,-8,7,-7,3,-2,1,0,0,-1
256,60,-44,7.923729568142e-04,7.924e-4,-3.101070355,7923.729568142,10000000,7924,7.924000000000e-04,7.924000000000e-04,-3.101055533,0,3.429446078,-0.870769516,1.836218535,1.762308152,96,7,7,adc_s16,0.050000000,12,1,-16.000000000,-6.000000000,6.000000000,16.000000000,0,1,1,-2,0,-3,2,64,-35,17,-15,9,-8,7,-7,3,-2,1,0,0,-1
256,172,-52,7.930303260612e-04,7.930e-4,-3.100710205,7930.303260612,10000000,7930,7.930000000000e-04,7.930000000000e-04,-3.100726813,0,2.698916771,-0.918694417,1.616593974,1.438240553,96,7,7,adc_s16,0.050000000,12,1,-16.000000000,-6.000000000,6.000000000,16.000000000,0,1,0,0,-3,2,-6,64,-21,5,-9,5,-7,7,-8,3,-3,2,-1,1,-1
256,80,-8,7.952830849500e-04,7.953e-4,-3.099478255,7952.830849500,10000000,7953,7.953000000000e-04,7.953000000000e-04,-3.099469018,0,3.867073795,-0.968379447,1.946424241,1.792091419,96,7,7,adc_s16,0.050000000,12,1,-16.000000000,-6.000000000,6.000000000,16.000000000,0,1,1,-1,0,-3,2,64,-30,20,-18,10,-9,7,-7,3,-2,1,0,0,-1
256,104,16,7.995852434825e-04,7.996e-4,-3.097135229,7995.852434825,10000000,7996,7.996000000000e-04,7.996000000000e-04,-3.097127215,0,3.650295950,-1.021306818,1.850932633,1.826864074,96,7,7,adc_s16,0.050000000,12,1,-16.000000000,-6.000000000,6.000000000,16.000000000,0,1,1,-1,0,-2,1,64,-25,21,-19,10,-9,7,-7,3,-2,1,0,0,-1
256,60,-56,8.061773784680e-04,8.062e-4,-3.093569392,8061.773784680,10000000,8062,8.062000000000e-04,8.062000000000e-04,-3.093557206,0,3.405919072,-0.831737895,1.847983794,1.840571387,96,7,7,adc_s16,0.050000000,12,1,-16.000000000,-6.000000000,6.000000000,16.000000000,0,1,1,-1,0,-2,1,64,-35,15,-14,8,-7,7,-7,3,-2,1,0,0,-1
256,100,8,8.205858486431e-04,8.206e-4,-3.085875977,8205.858486431,10000000,8206,8.206000000000e-04,8.206000000000e-04,-3.085868487,0,3.641272038,-0.980762105,1.875749763,1.803594799,96,7,7,adc_s16,0.050000000,12,1,-16.000000000,-6.000000000,6.000000000,16.000000000,0,1,1,-1,0,-2,1,64,-26,20,-18,10,-9,7,-7,3,-2,1,0,0,-1
256,108,24,8.291749684788e-04,8.292e-4,-3.081353817,8291.749684788,10000000,8292,8.292000000000e-04,8.292000000000e-04,-3.081340707,0,3.627395189,-1.014050148,1.864642004,1.786884034,96,7,7,adc_s16,0.050000000,12,1,-16.000000000,-6.000000000,6.000000000,16.000000000,0,1,1,-1,0,-3,1,64,-24,21,-19,11,-9,7,-7,2,-2,1,0,0,-1
256,216,8,8.293033380620e-04,8.293e-4,-3.081286587,8293.033380620,10000000,8293,8.293000000000e-04,8.293000000000e-04,-3.081288335,0,2.709507401,-0.988327569,1.589915066,1.571420328,96,7,7,adc_s16,0.050000000,12,1,-16.000000000,-6.000000000,6.000000000,16.000000000,0,1,0,0,-4,2,-6,64,-11,9,-12,7,-9,7,-8,3,-3,2,-1,1,-2
256,140,60,8.345229806312e-04,8.345e-4,-3.078561699,8345.229806312,10000000,8345,8.345000000000e-04,8.345000000000e-04,-3.078573659,0,3.557473697,-1.078773468,1.820731263,1.752389105,96,7,7,adc_s16,0.050000000,12,1,-16.000000000,-6.000000000,6.000000000,16.000000000,0,1,0,-1,-1,-2,1,64,-17,23,-21,12,-10,7,-7,2,-3,1,0,0,-1
256,164,-64,8.468814268531e-04,8.469e-4,-3.072177392,8468.814268531,10000000,8469,8.469000000000e-04,8.469000000000e-04,-3.072167867,0,2.732051422,-0.910233449,1.639303653,1.443610378,96,7,7,adc_s16,0.050000000,12,1,-16.000000000,-6.000000000,6.000000000,16.000000000,0,1,0,0,-3,2,-6,64,-23,4,-8,5,-7,7,-8,3,-3,2,-1,1,-1
256,76,-8,8.544226932961e-04,8.544e-4,-3.068327225,8544.226932961,10000000,8544,8.544000000000e-04,8.544000000000e-04,-3.068338760,0,3.564064986,-0.927217144,1.859737001,1.745879016,96,7,7,adc_s16,0.050000000,12,1,-16.000000000,-6.000000000,6.000000000,16.000000000,0,1,1,-2,0,-3,2,64,-31,20,-18,10,-9,7,-7,3,-2,1,0,0,-1
256,132,56,8.593715237497e-04,8.594e-4,-3.065819041,8593.715237497,10000000,8594,8.594000000000e-04,8.594000000000e-04,-3.065804651,0,3.499186347,-1.064754200,1.812973641,1.737111202,96,7,7,adc_s16,0.050000000,12,1,-16.000000000,-6.000000000,6.000000000,16.000000000,0,1,0,-1,-1,-2,1,64,-19,23,-21,12,-10,7,-7,2,-3,1,0,0,-1
256,72,-20,8.624221221020e-04,8.624e-4,-3.064280112,8624.221221020,10000000,8624,8.624000000000e-04,8.624000000000e-04,-3.064291252,0,3.391095117,-0.911252470,1.825702081,1.758764752,96,7,7,adc_s16,0.050000000,12,1,-16.000000000,-6.000000000,6.000000000,16.000000000,0,1,1,-2,0,-3,2,64,-32,19,-17,9,-8,7,-7,3,-2,1,0,0,-1
256,80,-4,8.644122416899e-04,8.644e-4,-3.063279091,8644.122416899,10000000,8644,8.644000000000e-04,8.644000000000e-04,-3.063285242,0,3.935703362,-0.970108696,1.963033743,1.809914180,96,7,7,adc_s16,0.050000000,12,1,-16.000000000,-6.000000000,6.000000000,16.000000000,0,1,1,-1,0,-3,2,64,-30,20,-18,10,-9,7,-7,3,-2,1,0,0,-1
256,152,-72,8.676070982711e-04,8.676e-4,-3.061676903,8676.070982711,10000000,8676,8.676000000000e-04,8.676000000000e-04,-3.061680457,0,2.600247570,-0.832818676,1.635355317,1.550087110,96,7,7,adc_s16,0.050000000,12,1,-16.000000000,-6.000000000,6.000000000,16.000000000,0,1,0,0,-3,2,-5,64,-26,4,-8,4,-6,7,-8,3,-3,1,-1,1,-1
256,84,4,8.697400650135e-04,8.697e-4,-3.060610523,8697.400650135,10000000,8697,8.697000000000e-04,8.697000000000e-04,-3.060630530,0,3.928982175,-0.962234437,1.942121861,1.838284196,96,7,7,adc_s16,0.050000000,12,1,-16.000000000,-6.000000000,6.000000000,16.000000000,0,1,1,-1,0,-3,2,64,-29,21,-19,10,-9,7,-7,3,-2,1,0,0,-1
256,56,-52,8.728524935114e-04,8.729e-4,-3.059059143,8728.524935114,10000000,8729,8.729000000000e-04,8.729000000000e-04,-3.059035507,0,3.219710041,-0.869626976,1.775649261,1.789596337,96,7,7,adc_s16,0.050000000,12,1,-16.000000000,-6.000000000,6.000000000,16.000000000,0,1,1,-2,0,-3,1,64,-35,16,-15,8,-7,7,-7,3,-2,1,0,0,-1
256,148,72,8.964559503401e-04,8.965e-4,-3.047471046,8964.559503401,10000000,8965,8.965000000000e-04,8.965000000000e-04,-3.047449706,0,3.599922916,-1.078217638,1.811396986,1.724072209,96,7,7,adc_s16,0.050000000,12,1,-16.000000000,-6.000000000,6.000000000,16.000000000,0,1,0,-1,-1,-2,1,64,-15,24,-22,12,-11,7,-7,2,-3,1,0,0,-1
256,84,-4,8.996597510441e-04,8.997e-4,-3.045921709,8996.597510441,10000000,8997,8.997000000000e-04,8.997000000000e-04,-3.045902280,0,3.965134048,-0.950500247,1.951506026,1.799393009,96,7,7,adc_s16,0.050000000,12,1,-16.000000000,-6.000000000,6.000000000,16.000000000,0,1,1,-1,0,-3,2,64,-29,20,-18,10,-9,7,-7,3,-2,1,0,0,-1
256,148,-80,9.034337461958e-04,9.034e-4,-3.044103691,9034.337461958,10000000,9034,9.034000000000e-04,9.034000000000e-04,-3.044119914,0,2.781079024,-0.835628706,1.636136311,1.546084512,96,7,7,adc_s16,0.050000000,12,1,-16.000000000,-6.000000000,6.000000000,16.000000000,0,1,0,0,-3,2,-5,64,-27,4,-8,4,-6,7,-8,3,-3,1,-1,1,-1
256,60,-68,9.081700734805e-04,9.082e-4,-3.041832813,9081.700734805,10000000,9082,9.082000000000e-04,9.082000000000e-04,-3.041818502,0,3.603446733,-0.836678607,1.896404641,1.818523938,96,7,7,adc_s16,0.050000000,12,1,-16.000000000,-6.000000000,6.000000000,16.000000000,0,1,1,-1,0,-2,1,64,-35,14,-13,7,-7,7,-7,3,-2,1,0,0,-1
256,136,60,9.096720103987e-04,9.097e-4,-3.041115168,9096.720103987,10000000,9097,9.097000000000e-04,9.097000000000e-04,-3.041101805,0,3.599704139,-1.033164526,1.834515628,1.754343116,96,7,7,adc_s16,0.050000000,12,1,-16.000000000,-6.000000000,6.000000000,16.000000000,0,1,0,-1,-1,-2,1,64,-18,23,-21,12,-10,7,-7,2,-3,1,0,0,-1
256,88,8,9.214488174277e-04,9.214e-4,-3.035528783,9214.488174277,10000000,9214,9.214000000000e-04,9.214000000000e-04,-3.035551792,0,4.028048388,-0.954730731,1.965988845,1.829560965,96,7,7,adc_s16,0.050000000,12,1,-16.000000000,-6.000000000,6.000000000,16.000000000,0,1,1,-1,0,-3,2,64,-28,21,-19,10,-9,7,-7,3,-2,1,0,0,-1
256,140,68,9.392321376866e-04,9.392e-4,-3.027227056,9392.321376866,10000000,9392,9.392000000000e-04,9.392000000000e-04,-3.027241916,0,3.596579994,-1.062592638,1.836605423,1.733428880,96,7,7,adc_s16,0.050000000,12,1,-16.000000000,-6.000000000,6.000000000,16.000000000,0,1,0,-1,-1,-2,1,64,-17,24,-22,12,-11,7,-7,2,-3,1,0,0,-1
256,64,-80,9.408967898686e-04,9.409e-4,-3.026458013,9408.967898686,10000000,9409,9.409000000000e-04,9.409000000000e-04,-3.026456531,0,3.147315893,-0.835597826,1.765829976,1.856412151,96,7,7,adc_s16,0.050000000,12,1,-16.000000000,-6.000000000,6.000000000,16.000000000,0,1,1,-1,-1,-1,0,64,-35,12,-12,7,-6,7,-7,3,-2,1,0,0,-1
256,212,80,9.445929749938e-04,9.446e-4,-3.024755289,9445.929749938,10000000,9446,9.446000000000e-04,9.446000000000e-04,-3.024752059,0,3.322278740,-1.111320405,1.727496757,1.866326234,96,7,7,adc_s16,0.050000000,12,1,-16.000000000,-6.000000000,6.000000000,16.000000000,0,1,0,0,-2,0,-3,64,-11,19,-19,11,-11,7,-8,2,-3,1,-1,0,-1
256,216,4,9.482642191510e-04,9.483e-4,-3.023070636,9482.642191510,10000000,9483,9.483000000000e-04,9.483000000000e-04,-3.023054249,0,2.739061084,-0.986598320,1.604412134,1.565782002,96,7,7,adc_s16,0.050000000,12,1,-16.000000000,-6.000000000,6.000000000,16.000000000,0,1,0,0,-4,2,-6,64,-11,9,-12,7,-9,7,-8,3,-3,2,-1,1,-2
256,152,76,9.604758072117e-04,9.605e-4,-3.017513570,9604.758072117,10000000,9605,9.605000000000e-04,9.605000000000e-04,-3.017502631,0,3.671463050,-1.100111166,1.842326331,1.758768145,96,7,7,adc_s16,0.050000000,12,1,-16.000000000,-6.000000000,6.000000000,16.000000000,0,1,0,-1,-1,-2,1,64,-14,24,-22,12,-11,7,-7,2,-3,1,-1,0,-1
256,144,64,9.687741025435e-04,9.688e-4,-3.013777479,9687.741025435,10000000,9688,9.688000000000e-04,9.688000000000e-04,-3.013765870,0,3.603706110,-1.095232213,1.834795650,1.786040887,96,7,7,adc_s16,0.050000000,12,1,-16.000000000,-6.000000000,6.000000000,16.000000000,0,1,0,-1,-1,-2,1,64,-16,23,-21,12,-11,7,-7,2,-3,1,0,0,-1
256,208,0,9.866062423906e-04,9.866e-4,-3.005856141,9866.062423906,10000000,9866,9.866000000000e-04,9.866000000000e-04,-3.005858889,0,2.801467544,-1.010004941,1.626632308,1.562766040,96,7,7,adc_s16,0.050000000,12,1,-16.000000000,-6.000000000,6.000000000,16.000000000,0,1,0,0,-4,2,-6,64,-13,9,-12,7,-8,7,-8,3,-3,1,-1,1,-2
256,84,0,9.869905606861e-04,9.870e-4,-3.005687001,9869.905606861,10000000,9870,9.870000000000e-04,9.870000000000e-04,-3.005682847,0,4.036246129,-0.952229496,1.970285879,1.821430161,96,7,7,adc_s16,0.050000000,12,1,-16.000000000,-6.000000000,6.000000000,16.000000000,0,1,1,-1,0,-3,2,64,-29,20,-18,10,-9,7,-7,3,-2,1,0,0,-1
256,116,40,1.009302886803e-03,1.009e-3,-2.995978485,10093.028868025,10000000,10093,1.009300000000e-03,1.009300000000e-03,-2.995979727,0,3.918179998,-1.041038785,1.915152474,1.845154773,96,7,7,adc_s16,0.050000000,12,1,-16.000000000,-6.000000000,6.000000000,16.000000000,0,1,1,-1,0,-3,1,64,-22,23,-20,11,-10,7,-7,2,-2,1,0,0,-1
256,60,-60,1.010851998729e-03,1.011e-3,-2.995312426,10108.519987291,10000000,10109,1.010900000000e-03,1.010900000000e-03,-2.995291803,0,3.556364309,-0.830008646,1.888846317,1.882249852,96,7,7,adc_s16,0.050000000,12,1,-16.000000000,-6.000000000,6.000000000,16.000000000,0,1,1,-1,0,-2,1,64,-35,15,-14,8,-7,7,-7,3,-2,1,0,0,-1
256,60,-80,1.016165736339e-03,1.016e-3,-2.993035453,10161.657363392,10000000,10162,1.016200000000e-03,1.016200000000e-03,-2.993020809,0,3.239046893,-0.834702322,1.779045474,1.833386178,96,7,7,adc_s16,0.050000000,12,1,-16.000000000,-6.000000000,6.000000000,16.000000000,0,1,1,-1,-1,-2,0,64,-35,12,-12,7,-6,7,-7,3,-2,1,0,0,-1
256,112,28,1.018616611938e-03,1.019e-3,-2.991989245,10186.166119376,10000000,10186,1.018600000000e-03,1.018600000000e-03,-2.991996328,0,3.556919481,-1.024333004,1.844570391,1.795879813,96,7,7,adc_s16,0.050000000,12,1,-16.000000000,-6.000000000,6.000000000,16.000000000,0,1,1,-1,-1,-2,1,64,-23,21,-19,11,-10,7,-7,2,-2,1,0,0,-1
256,184,-40,1.019546612146e-03,1.020e-3,-2.991592914,10195.466121458,10000000,10195,1.019500000000e-03,1.019500000000e-03,-2.991612770,0,2.788349796,-0.921504447,1.664865058,1.521701561,96,7,7,adc_s16,0.050000000,12,1,-16.000000000,-6.000000000,6.000000000,16.000000000,0,1,0,0,-3,2,-6,64,-19,6,-9,5,-7,7,-8,3,-3,2,-1,1,-1
256,72,-12,1.021923423111e-03,1.022e-3,-2.990581646,10219.234231108,10000000,10219,1.021900000000e-03,1.021900000000e-03,-2.990591601,0,3.554367626,-0.911993577,1.869960796,1.789400918,96,7,7,adc_s16,0.050000000,12,1,-16.000000000,-6.000000000,6.000000000,16.000000000,0,1,1,-2,0,-3,2,64,-32,20,-18,10,-8,7,-7,3,-2,1,0,0,-1
256,68,-20,1.028021942030e-03,1.028e-3,-2.987997616,10280.219420300,10000000,10280,1.028000000000e-03,1.028000000000e-03,-2.988006885,0,3.594184088,-0.927402421,1.877991784,1.774254032,96,7,7,adc_s16,0.050000000,12,1,-16.000000000,-6.000000000,6.000000000,16.000000000,0,1,1,-2,0,-3,2,64,-33,19,-17,10,-8,7,-7,3,-2,1,0,0,-1
256,216,12,1.030279816724e-03,1.030e-3,-2.987044808,10302.798167241,10000000,10303,1.030300000000e-03,1.030300000000e-03,-2.987036300,0,2.835059586,-0.995368083,1.638223620,1.635070074,96,7,7,adc_s16,0.050000000,12,1,-16.000000000,-6.000000000,6.000000000,16.000000000,0,1,0,0,-4,2,-6,64,-11,10,-13,7,-9,7,-8,3,-3,1,-1,1,-2
256,144,72,1.070988765114e-03,1.071e-3,-2.970215085,10709.887651143,10000000,10710,1.071000000000e-03,1.071000000000e-03,-2.970210529,0,3.685337151,-1.096714427,1.849412105,1.782052861,96,7,7,adc_s16,0.050000000,12,1,-16.000000000,-6.000000000,6.000000000,16.000000000,0,1,0,-1,-1,-2,1,64,-16,24,-22,12,-11,7,-7,2,-3,1,0,0,-1
256,116,44,1.076874297142e-03,1.077e-3,-2.967834989,10768.742971423,10000000,10769,1.076900000000e-03,1.076900000000e-03,-2.967824623,0,4.165268206,-1.028810524,1.994175588,1.863981742,96,7,7,adc_s16,0.050000000,12,1,-16.000000000,-6.000000000,6.000000000,16.000000000,0,1,1,-1,0,-3,2,64,-22,23,-21,11,-10,7,-7,2,-2,1,0,0,-1
256,188,-32,1.079413970565e-03,1.079e-3,-2.966811965,10794.139705651,10000000,10794,1.079400000000e-03,1.079400000000e-03,-2.966817586,0,3.140311638,-0.951920702,1.676617863,1.563949557,96,7,7,adc_s16,0.050000000,12,1,-16.000000000,-6.000000000,6.000000000,16.000000000,0,1,0,0,-3,2,-6,64,-18,6,-10,5,-8,7,-8,3,-3,2,-1,1,-1
256,120,40,1.083314488176e-03,1.083e-3,-2.965245449,10833.144881762,10000000,10833,1.083300000000e-03,1.083300000000e-03,-2.965251257,0,3.537713931,-1.028717885,1.837495031,1.791358370,96,7,7,adc_s16,0.050000000,12,1,-16.000000000,-6.000000000,6.000000000,16.000000000,0,1,0,-1,-1,-2,1,64,-21,22,-20,11,-10,7,-7,2,-3,1,0,0,-1
256,212,68,1.084763817422e-03,1.085e-3,-2.964664809,10847.638174219,10000000,10848,1.084800000000e-03,1.084800000000e-03,-2.964650323,0,3.086113196,-1.089581275,1.685340414,1.896954787,96,7,7,adc_s16,0.050000000,12,1,-16.000000000,-6.000000000,6.000000000,16.000000000,0,1,0,0,-3,0,-3,64,-11,17,-18,10,-10,7,-8,2,-3,1,-1,0,-1
256,132,64,1.087603051103e-03,1.088e-3,-2.963529583,10876.030511030,10000000,10876,1.087600000000e-03,1.087600000000e-03,-2.963530801,0,3.804167163,-1.056602026,1.875540364,1.775803377,96,7,7,adc_s16,0.050000000,12,1,-16.000000000,-6.000000000,6.000000000,16.000000000,0,1,0,-1,-1,-3,1,64,-18,24,-22,12,-11,7,-7,2,-3,1,0,0,-1
256,152,-76,1.090123514023e-03,1.090e-3,-2.962524293,10901.235140225,10000000,10901,1.090100000000e-03,1.090100000000e-03,-2.962533660,0,2.700966034,-0.831089427,1.668656874,1.596154032,96,7,7,adc_s16,0.050000000,12,1,-16.000000000,-6.000000000,6.000000000,16.000000000,0,1,0,0,-3,2,-5,64,-26,4,-8,4,-6,7,-8,3,-3,1,-1,1,-1
256,56,-56,1.090548671924e-03,1.091e-3,-2.962354947,10905.486719244,10000000,10905,1.090500000000e-03,1.090500000000e-03,-2.962374330,0,3.310328517,-0.838006423,1.826553911,1.930329765,96,7,7,adc_s16,0.050000000,12,1,-16.000000000,-6.000000000,6.000000000,16.000000000,0,0,1,-2,0,-2,1,64,-35,15,-15,8,-7,7,-7,3,-2,1,0,0,-1
256,112,36,1.098871777906e-03,1.099e-3,-2.959052980,10988.717779063,10000000,10989,1.098900000000e-03,1.098900000000e-03,-2.959041827,0,4.144020891,-1.040019763,2.001829627,1.860952157,96,7,7,adc_s16,0.050000000,12,1,-16.000000000,-6.000000000,6.000000000,16.000000000,0,1,1,-1,0,-3,2,64,-23,22,-20,11,-10,7,-7,2,-2,1,0,0,-1
256,152,-80,1.101742777229e-03,1.102e-3,-2.957919788,11017.427772290,10000000,11017,1.101700000000e-03,1.101700000000e-03,-2.957936651,0,2.923319708,-0.845170455,1.687149113,1.456994930,96,7,7,adc_s16,0.050000000,12,1,-16.000000000,-6.000000000,6.000000000,16.000000000,0,1,0,0,-3,2,-6,64,-26,3,-7,4,-6,7,-8,3,-3,2,-1,1,-1
256,104,28,1.106028400784e-03,1.106e-3,-2.956233721,11060.284007840,10000000,11060,1.106000000000e-03,1.106000000000e-03,-2.956244873,0,4.398488109,-1.020689229,2.029184106,1.854686790,96,7,7,adc_s16,0.050000000,12,1,-16.000000000,-6.000000000,6.000000000,16.000000000,0,1,1,-1,0,-3,2,64,-24,22,-20,11,-10,7,-7,2,-2,1,0,0,-1
256,120,44,1.109682200754e-03,1.110e-3,-2.954801380,11096.822007539,10000000,11097,1.109700000000e-03,1.109700000000e-03,-2.954794414,0,3.944999228,-1.039587451,1.950442504,1.843091963,96,7,7,adc_s16,0.050000000,12,1,-16.000000000,-6.000000000,6.000000000,16.000000000,0,1,0,-1,0,-3,1,64,-21,23,-20,11,-10,7,-7,2,-3,1,0,0,-1
256,100,20,1.110399569632e-03,1.110e-3,-2.954520715,11103.995696321,10000000,11104,1.110400000000e-03,1.110400000000e-03,-2.954520547,0,4.116160239,-1.021646492,1.999871696,1.837879866,96,7,7,adc_s16,0.050000000,12,1,-16.000000000,-6.000000000,6.000000000,16.000000000,0,1,1,-1,0,-3,2,64,-26,21,-19,11,-9,7,-7,3,-2,1,0,0,-1
256,216,40,1.110677068549e-03,1.111e-3,-2.954412195,11106.770685492,10000000,11107,1.110700000000e-03,1.110700000000e-03,-2.954403228,0,3.076334008,-1.044528162,1.696211335,1.812794724,96,7,7,adc_s16,0.050000000,12,1,-16.000000000,-6.000000000,6.000000000,16.000000000,0,1,0,0,-3,1,-5,64,-11,13,-15,8,-10,7,-8,2,-3,1,-1,1,-1
256,204,-8,1.119240956245e-03,1.119e-3,-2.951076406,11192.409562451,10000000,11192,1.119200000000e-03,1.119200000000e-03,-2.951092299,0,2.849460746,-0.965754694,1.634474476,1.576622454,96,7,7,adc_s16,0.050000000,12,1,-16.000000000,-6.000000000,6.000000000,16.000000000,0,1,0,0,-4,2,-6,64,-14,8,-11,6,-8,7,-8,3,-3,2,-1,1,-2
256,208,-4,1.125627502824e-03,1.126e-3,-2.948605304,11256.275028235,10000000,11256,1.125600000000e-03,1.125600000000e-03,-2.948615916,0,2.800954108,-0.999135375,1.630318735,1.558462398,96,7,7,adc_s16,0.050000000,12,1,-16.000000000,-6.000000000,6.000000000,16.000000000,0,1,0,0,-4,2,-6,64,-13,8,-11,6,-8,7,-8,3,-3,2,-1,1,-2
256,72,-16,1.127978149989e-03,1.128e-3,-2.947699313,11279.781499887,10000000,11280,1.128000000000e-03,1.128000000000e-03,-2.947690900,0,3.699836959,-0.911128953,1.886553034,1.802567970,96,7,7,adc_s16,0.050000000,12,1,-16.000000000,-6.000000000,6.000000000,16.000000000,0,1,1,-2,0,-3,2,64,-32,19,-17,10,-8,7,-7,3,-2,1,0,0,-1
256,212,4,1.133153795946e-03,1.133e-3,-2.945711142,11331.537959463,10000000,11332,1.133200000000e-03,1.133200000000e-03,-2.945693434,0,2.756295972,-1.007936018,1.645339395,1.584310164,96,7,7,adc_s16,0.050000000,12,1,-16.000000000,-6.000000000,6.000000000,16.000000000,0,1,0,0,-4,2,-6,64,-12,9,-12,7,-9,7,-8,3,-3,2,-1,1,-2
256,56,-32,1.141287723446e-03,1.141e-3,-2.942604854,11412.877234460,10000000,11413,1.141300000000e-03,1.141300000000e-03,-2.942600183,0,3.637928907,-0.885313735,1.886171524,1.815474221,96,7,7,adc_s16,0.050000000,12,1,-16.000000000,-6.000000000,6.000000000,16.000000000,0,1,1,-2,0,-3,2,64,-35,19,-17,9,-8,7,-7,3,-2,1,0,0,-1
256,144,68,1.146654908025e-03,1.147e-3,-2.940567266,11466.549080253,10000000,11467,1.146700000000e-03,1.146700000000e-03,-2.940550187,0,3.902814345,-1.086462451,1.895676665,1.800145358,96,7,7,adc_s16,0.050000000,12,1,-16.000000000,-6.000000000,6.000000000,16.000000000,0,1,0,-1,-1,-2,1,64,-16,24,-21,12,-11,7,-7,2,-3,1,0,0,-1
256,56,-44,1.158188413311e-03,1.158e-3,-2.936220784,11581.884133106,10000000,11582,1.158200000000e-03,1.158200000000e-03,-2.936216439,0,3.548093642,-0.848381917,1.895167630,1.867181817,96,7,7,adc_s16,0.050000000,12,1,-16.000000000,-6.000000000,6.000000000,16.000000000,0,1,1,-2,0,-3,2,64,-35,17,-16,9,-8,7,-7,3,-2,1,0,0,-1
256,148,76,1.176536428018e-03,1.177e-3,-2.929394622,11765.364280177,10000000,11765,1.176500000000e-03,1.176500000000e-03,-2.929408068,0,3.778312157,-1.079946887,1.860855537,1.775564463,96,7,7,adc_s16,0.050000000,12,1,-16.000000000,-6.000000000,6.000000000,16.000000000,0,1,0,-1,-1,-2,1,64,-15,24,-22,12,-11,7,-7,2,-3,1,0,0,-1
256,180,-44,1.187458178453e-03,1.187e-3,-2.925381677,11874.581784533,10000000,11875,1.187500000000e-03,1.187500000000e-03,-2.925366382,0,2.842239895,-0.950376729,1.670519195,1.547695012,96,7,7,adc_s16,0.050000000,12,1,-16.000000000,-6.000000000,6.000000000,16.000000000,0,1,0,0,-3,2,-6,64,-20,6,-9,5,-7,7,-8,3,-3,2,-1,1,-1
256,176,-56,1.192673078605e-03,1.193e-3,-2.923478584,11926.730786051,10000000,11927,1.192700000000e-03,1.192700000000e-03,-2.923468781,0,3.004511284,-0.899827075,1.709131438,1.584450551,96,7,7,adc_s16,0.050000000,12,1,-16.000000000,-6.000000000,6.000000000,16.000000000,0,1,0,0,-3,2,-6,64,-21,4,-8,5,-7,7,-8,3,-3,2,-1,1,-1
256,220,52,1.203970921146e-03,1.204e-3,-2.919384002,12039.709211459,10000000,12040,1.204000000000e-03,1.204000000000e-03,-2.919373513,0,3.173392842,-1.081120306,1.700632693,1.899059704,96,7,7,adc_s16,0.050000000,12,1,-16.000000000,-6.000000000,6.000000000,16.000000000,0,1,0,0,-3,1,-4,64,-11,15,-16,9,-10,7,-8,2,-3,1,-1,0,-1
256,88,4,1.205764778640e-03,1.206e-3,-2.918737406,12057.647786398,10000000,12058,1.205800000000e-03,1.205800000000e-03,-2.918724720,0,4.141006746,-0.966217885,2.008814055,1.874069297,96,7,7,adc_s16,0.050000000,12,1,-16.000000000,-6.000000000,6.000000000,16.000000000,0,1,1,-1,0,-3,2,64,-28,20,-18,10,-9,7,-7,3,-2,1,0,0,-1
256,76,-16,1.214780645551e-03,1.215e-3,-2.915502136,12147.806455511,10000000,12148,1.214800000000e-03,1.214800000000e-03,-2.915495217,0,4.050660524,-0.919929595,1.986809416,1.859114824,96,7,7,adc_s16,0.050000000,12,1,-16.000000000,-6.000000000,6.000000000,16.000000000,0,1,1,-1,0,-3,2,64,-31,19,-17,10,-8,7,-7,3,-2,1,0,0,-1
256,124,52,1.222675563594e-03,1.223e-3,-2.912688768,12226.755635941,10000000,12227,1.222700000000e-03,1.222700000000e-03,-2.912680088,0,4.014308218,-1.030601532,1.940723925,1.927315827,96,7,7,adc_s16,0.050000000,12,1,-16.000000000,-6.000000000,6.000000000,16.000000000,0,1,0,-1,0,-3,1,64,-20,23,-21,12,-10,7,-7,2,-3,1,0,0,-1
256,136,68,1.229676968451e-03,1.230e-3,-2.910208961,12296.769684506,10000000,12297,1.229700000000e-03,1.229700000000e-03,-2.910200827,0,3.888535883,-1.061079545,1.898906710,1.808676236,96,7,7,adc_s16,0.050000000,12,1,-16.000000000,-6.000000000,6.000000000,16.000000000,0,1,0,-1,-1,-3,1,64,-17,24,-22,12,-11,7,-7,2,-3,1,0,0,-1
256,120,48,1.229926803068e-03,1.230e-3,-2.910120734,12299.268030680,10000000,12299,1.229900000000e-03,1.229900000000e-03,-2.910130198,0,4.408993415,-1.040822628,2.035042266,1.879066336,96,7,7,adc_s16,0.050000000,12,1,-16.000000000,-6.000000000,6.000000000,16.000000000,0,1,1,-1,0,-3,2,64,-21,23,-21,12,-10,7,-7,2,-3,1,0,0,-1
256,208,-8,1.249903075237e-03,1.250e-3,-2.903123663,12499.030752373,10000000,12499,1.249900000000e-03,1.249900000000e-03,-2.903124732,0,2.837170571,-0.997406126,1.641440905,1.574743207,96,7,7,adc_s16,0.050000000,12,1,-16.000000000,-6.000000000,6.000000000,16.000000000,0,1,0,0,-4,2,-6,64,-13,8,-11,6,-8,7,-8,3,-3,2,-1,1,-2
256,204,-12,1.251416929617e-03,1.251e-3,-2.902597974,12514.169296171,10000000,12514,1.251400000000e-03,1.251400000000e-03,-2.902603849,0,2.888159723,-0.964025445,1.645890207,1.584202007,96,7,7,adc_s16,0.050000000,12,1,-16.000000000,-6.000000000,6.000000000,16.000000000,0,1,0,0,-4,2,-6,64,-14,8,-11,6,-8,7,-8,3,-3,2,-1,1,-2
256,168,-60,1.254082976775e-03,1.254e-3,-2.901673727,12540.829767752,10000000,12541,1.254100000000e-03,1.254100000000e-03,-2.901667832,0,2.917307849,-0.899147727,1.685687283,1.522367837,96,7,7,adc_s16,0.050000000,12,1,-16.000000000,-6.000000000,6.000000000,16.000000000,0,1,0,0,-3,2,-6,64,-23,5,-8,5,-7,7,-8,3,-3,2,-1,1,-1
256,104,24,1.260112993661e-03,1.260e-3,-2.899590510,12601.129936614,10000000,12601,1.260100000000e-03,1.260100000000e-03,-2.899594988,0,4.313883732,-1.015872036,2.026726097,1.861430649,96,7,7,adc_s16,0.050000000,12,1,-16.000000000,-6.000000000,6.000000000,16.000000000,0,1,1,-1,0,-3,2,64,-25,22,-19,11,-9,7,-7,2,-2,1,0,0,-1
256,56,-76,1.270507310732e-03,1.271e-3,-2.896022832,12705.073107322,10000000,12705,1.270500000000e-03,1.270500000000e-03,-2.896025331,0,3.660193355,-0.839612154,1.903054845,1.958620086,96,7,7,adc_s16,0.050000000,12,1,-16.000000000,-6.000000000,6.000000000,16.000000000,0,0,1,-1,0,-2,0,64,-35,13,-13,7,-7,7,-7,3,-2,1,0,0,-1
256,180,-48,1.279232042860e-03,1.279e-3,-2.893050671,12792.320428601,10000000,12792,1.279200000000e-03,1.279200000000e-03,-2.893061549,0,3.049873191,-0.928514081,1.706587506,1.558678393,96,7,7,adc_s16,0.050000000,12,1,-16.000000000,-6.000000000,6.000000000,16.000000000,0,1,0,0,-3,2,-6,64,-20,5,-9,5,-7,7,-8,3,-3,2,-1,1,-1
256,220,36,1.304103974366e-03,1.304e-3,-2.884687782,13041.039743656,10000000,13041,1.304100000000e-03,1.304100000000e-03,-2.884689105,0,3.204367213,-1.048017540,1.712448839,1.716456763,96,7,7,adc_s16,0.050000000,12,1,-16.000000000,-6.000000000,6.000000000,16.000000000,0,1,0,0,-3,2,-5,64,-11,12,-15,8,-9,7,-8,2,-3,1,-1,1,-1
256,196,-24,1.309901548556e-03,1.310e-3,-2.882761344,13099.015485561,10000000,13099,1.309900000000e-03,1.309900000000e-03,-2.882761858,0,2.883500975,-0.945806571,1.680333402,1.581538182,96,7,7,adc_s16,0.050000000,12,1,-16.000000000,-6.000000000,6.000000000,16.000000000,0,1,0,0,-4,2,-6,64,-16,7,-10,6,-8,7,-8,3,-3,2,-1,1,-2
256,196,-20,1.316878116110e-03,1.317e-3,-2.880454419,13168.781161099,10000000,13169,1.316900000000e-03,1.316900000000e-03,-2.880447202,0,2.915180611,-0.970139575,1.687986352,1.570143621,96,7,7,adc_s16,0.050000000,12,1,-16.000000000,-6.000000000,6.000000000,16.000000000,0,1,0,0,-3,2,-6,64,-16,7,-11,6,-8,7,-8,3,-3,2,-1,1,-1
256,140,64,1.318627652426e-03,1.319e-3,-2.879877821,13186.276524259,10000000,13186,1.318600000000e-03,1.318600000000e-03,-2.879886929,0,3.801188181,-1.075191453,1.905680754,1.838474209,96,7,7,adc_s16,0.050000000,12,1,-16.000000000,-6.000000000,6.000000000,16.000000000,0,1,0,-1,-1,-2,1,64,-17,24,-21,12,-11,7,-7,2,-3,1,0,0,-1
256,160,-68,1.323698700631e-03,1.324e-3,-2.878210857,13236.987006313,10000000,13237,1.323700000000e-03,1.323700000000e-03,-2.878210431,0,2.999656972,-0.867465415,1.732644448,1.518260166,96,7,7,adc_s16,0.050000000,12,1,-16.000000000,-6.000000000,6.000000000,16.000000000,0,1,0,0,-3,2,-6,64,-24,4,-8,4,-7,7,-8,3,-3,2,-1,1,-1
256,220,0,1.327265087067e-03,1.327e-3,-2.877042329,13272.650870672,10000000,13273,1.327300000000e-03,1.327300000000e-03,-2.877030906,0,3.137751030,-1.050611413,1.694753029,1.582680423,96,7,7,adc_s16,0.050000000,12,1,-16.000000000,-6.000000000,6.000000000,16.000000000,0,1,0,1,-4,3,-7,64,-11,8,-11,6,-8,7,-8,3,-3,2,-1,1,-2
256,60,-28,1.328206503570e-03,1.328e-3,-2.876734398,13282.065035703,10000000,13282,1.328200000000e-03,1.328200000000e-03,-2.876736524,0,3.724914103,-0.890902915,1.927402048,1.864825969,96,7,7,adc_s16,0.050000000,12,1,-16.000000000,-6.000000000,6.000000000,16.000000000,0,1,1,-2,0,-3,2,64,-34,19,-17,9,-8,7,-7,3,-2,1,0,0,-1
256,56,-36,1.335741546306e-03,1.336e-3,-2.874277566,13357.415463064,10000000,13357,1.335700000000e-03,1.335700000000e-03,-2.874291074,0,3.772997109,-0.866662549,1.928829802,1.837492944,96,7,7,adc_s16,0.050000000,12,1,-16.000000000,-6.000000000,6.000000000,16.000000000,0,1,1,-2,0,-3,2,64,-35,18,-16,9,-8,7,-7,3,-2,1,0,0,-1
256,136,64,1.346184810606e-03,1.346e-3,-2.870895314,13461.848106056,10000000,13462,1.346200000000e-03,1.346200000000e-03,-2.870890414,0,3.879274522,-1.059103261,1.910946255,1.822475382,96,7,7,adc_s16,0.050000000,12,1,-16.000000000,-6.000000000,6.000000000,16.000000000,0,1,0,-1,-1,-2,1,64,-17,24,-22,12,-11,7,-7,2,-3,1,0,0,-1
256,128,52,1.362098139894e-03,1.362e-3,-2.865791600,13620.981398940,10000000,13621,1.362100000000e-03,1.362100000000e-03,-2.865791007,0,3.821370473,-1.061264822,1.901691773,1.849970486,96,7,7,adc_s16,0.050000000,12,1,-16.000000000,-6.000000000,6.000000000,16.000000000,0,1,0,-1,-1,-2,1,64,-19,23,-21,12,-10,7,-7,2,-3,1,0,0,-1
256,200,-20,1.364191563152e-03,1.364e-3,-2.865124641,13641.915631521,10000000,13642,1.364200000000e-03,1.364200000000e-03,-2.865121955,0,2.829770529,-0.968564723,1.642815013,1.587355792,96,7,7,adc_s16,0.050000000,12,1,-16.000000000,-6.000000000,6.000000000,16.000000000,0,1,0,0,-4,2,-6,64,-15,7,-10,6,-8,7,-8,3,-3,2,-1,1,-2
256,56,-40,1.365486117442e-03,1.365e-3,-2.864712711,13654.861174421,10000000,13655,1.365500000000e-03,1.365500000000e-03,-2.864708296,0,3.785298546,-0.864933300,1.931441639,1.836314267,96,7,7,adc_s16,0.050000000,12,1,-16.000000000,-6.000000000,6.000000000,16.000000000,0,1,1,-2,0,-3,2,64,-35,18,-16,9,-8,7,-7,3,-2,1,0,0,-1
256,76,-4,1.369419910886e-03,1.369e-3,-2.863463362,13694.199108858,10000000,13694,1.369400000000e-03,1.369400000000e-03,-2.863469676,0,3.851548339,-0.953402915,1.935936388,1.822255035,96,7,7,adc_s16,0.050000000,12,1,-16.000000000,-6.000000000,6.000000000,16.000000000,0,1,1,-2,0,-3,2,64,-31,21,-18,10,-9,7,-7,3,-2,1,0,0,-1
256,152,80,1.383856335827e-03,1.384e-3,-2.858908994,13838.563358274,10000000,13839,1.383900000000e-03,1.383900000000e-03,-2.858895291,0,4.000449384,-1.124691206,1.921149297,1.790777730,96,7,7,adc_s16,0.050000000,12,1,-16.000000000,-6.000000000,6.000000000,16.000000000,0,1,0,-1,-1,-2,1,64,-14,25,-22,12,-11,7,-7,2,-3,1,0,0,-1
256,188,-36,1.383951092496e-03,1.384e-3,-2.858879257,13839.510924959,10000000,13840,1.384000000000e-03,1.384000000000e-03,-2.858863910,0,3.078079321,-0.946238883,1.718935157,1.594759880,96,7,7,adc_s16,0.050000000,12,1,-16.000000000,-6.000000000,6.000000000,16.000000000,0,1,0,0,-3,2,-6,64,-18,6,-10,5,-7,7,-8,3,-3,2,-1,1,-1
256,104,36,1.386282428432e-03,1.386e-3,-2.858148282,13862.824284323,10000000,13863,1.386300000000e-03,1.386300000000e-03,-2.858142777,0,4.460963133,-1.025753458,2.078346819,1.904967042,96,7,7,adc_s16,0.050000000,12,1,-16.000000000,-6.000000000,6.000000000,16.000000000,0,1,1,-1,0,-3,2,64,-24,23,-21,11,-10,7,-7,2,-2,1,0,0,-1
256,96,20,1.404475715970e-03,1.404e-3,-2.852485766,14044.757159698,10000000,14045,1.404500000000e-03,1.404500000000e-03,-2.852478256,0,4.364409489,-0.996912055,2.037895401,1.922755692,96,7,7,adc_s16,0.050000000,12,1,-16.000000000,-6.000000000,6.000000000,16.000000000,0,1,1,-1,0,-3,2,64,-26,22,-20,11,-9,7,-7,3,-2,1,0,0,-1
256,80,0,1.410013534189e-03,1.410e-3,-2.850776719,14100.135341892,10000000,14100,1.410000000000e-03,1.410000000000e-03,-2.850780887,0,3.955097693,-0.940340909,1.956219050,1.840805231,96,7,7,adc_s16,0.050000000,12,1,-16.000000000,-6.000000000,6.000000000,16.000000000,0,1,1,-2,0,-3,2,64,-30,21,-18,10,-9,7,-7,3,-2,1,0,0,-1
256,216,60,1.424192973681e-03,1.424e-3,-2.846431161,14241.929736813,10000000,14242,1.424200000000e-03,1.424200000000e-03,-2.846429019,0,3.205790471,-1.087265316,1.741110658,1.906798564,96,7,7,adc_s16,0.050000000,12,1,-16.000000000,-6.000000000,6.000000000,16.000000000,0,1,0,0,-3,1,-4,64,-11,16,-17,9,-10,7,-8,2,-3,1,-1,0,-1
256,100,24,1.426028789264e-03,1.426e-3,-2.845871707,14260.287892637,10000000,14260,1.426000000000e-03,1.426000000000e-03,-2.845880474,0,4.344715479,-0.994596097,2.038532213,1.921036440,96,7,7,adc_s16,0.050000000,12,1,-16.000000000,-6.000000000,6.000000000,16.000000000,0,1,1,-1,0,-3,2,64,-25,22,-20,11,-9,7,-7,2,-2,1,0,0,-1
256,92,20,1.429080054457e-03,1.429e-3,-2.844943442,14290.800544574,10000000,14291,1.429100000000e-03,1.429100000000e-03,-2.844937381,0,4.367546541,-0.983417737,2.053988320,1.938359573,96,7,7,adc_s16,0.050000000,12,1,-16.000000000,-6.000000000,6.000000000,16.000000000,0,1,1,-1,0,-3,2,64,-27,22,-20,11,-9,7,-7,3,-2,1,0,0,-1
256,56,-64,1.431641280096e-03,1.432e-3,-2.844165788,14316.412800965,10000000,14316,1.431600000000e-03,1.431600000000e-03,-2.844178310,0,3.803235921,-0.817008399,1.956234910,2.019623779,96,7,7,adc_s16,0.050000000,12,1,-16.000000000,-6.000000000,6.000000000,16.000000000,0,0,1,-1,0,-2,1,64,-35,14,-14,8,-7,7,-7,3,-2,1,0,0,-1
256,220,40,1.433604631084e-03,1.434e-3,-2.843570605,14336.046310842,10000000,14336,1.433600000000e-03,1.433600000000e-03,-2.843572008,0,3.231227283,-1.053452322,1.726177000,1.788826912,96,7,7,adc_s16,0.050000000,12,1,-16.000000000,-6.000000000,6.000000000,16.000000000,0,1,0,0,-3,2,-5,64,-11,13,-15,8,-10,7,-8,2,-3,1,-1,1,-1
256,200,-16,1.440820322345e-03,1.441e-3,-2.841390175,14408.203223453,10000000,14408,1.440800000000e-03,1.440800000000e-03,-2.841396300,0,3.118026816,-0.951148715,1.703321301,1.602559676,96,7,7,adc_s16,0.050000000,12,1,-16.000000000,-6.000000000,6.000000000,16.000000000,0,1,0,0,-4,2,-6,64,-15,7,-11,6,-8,7,-8,3,-3,2,-1,1,-2
256,128,60,1.444608530417e-03,1.445e-3,-2.840249825,14446.085304168,10000000,14446,1.444600000000e-03,1.444600000000e-03,-2.840252389,0,4.409775520,-1.069664032,2.057955496,1.915159021,96,7,7,adc_s16,0.050000000,12,1,-16.000000000,-6.000000000,6.000000000,16.000000000,0,1,0,-1,0,-3,2,64,-19,24,-22,12,-10,7,-7,2,-3,1,0,0,-1
256,96,24,1.476461596471e-03,1.476e-3,-2.830777845,14764.615964714,10000000,14765,1.476500000000e-03,1.476500000000e-03,-2.830766549,0,4.357067256,-0.992094862,2.045307148,1.963223583,96,7,7,adc_s16,0.050000000,12,1,-16.000000000,-6.000000000,6.000000000,16.000000000,0,1,1,-1,0,-3,2,64,-26,22,-20,11,-9,7,-7,2,-2,1,0,0,-1
256,56,-72,1.489327813000e-03,1.489e-3,-2.827009700,14893.278129996,10000000,14893,1.489300000000e-03,1.489300000000e-03,-2.827017810,0,3.838927864,-0.837882905,1.961028556,2.040491614,96,7,7,adc_s16,0.050000000,12,1,-16.000000000,-6.000000000,6.000000000,16.000000000,0,0,1,-1,0,-2,1,64,-35,13,-13,7,-7,7,-7,3,-2,1,0,0,-1
256,60,-24,1.489660601559e-03,1.490e-3,-2.826912668,14896.606015585,10000000,14897,1.489700000000e-03,1.489700000000e-03,-2.826901182,0,4.031130529,-0.903378211,1.988229292,1.866266474,96,7,7,adc_s16,0.050000000,12,1,-16.000000000,-6.000000000,6.000000000,16.000000000,0,1,1,-2,0,-3,2,64,-34,19,-17,10,-8,7,-7,3,-2,1,0,0,-1
256,216,56,1.491228371291e-03,1.491e-3,-2.826455842,14912.283712913,10000000,14912,1.491200000000e-03,1.491200000000e-03,-2.826464105,0,3.322310079,-1.089859190,1.761429788,1.926950096,96,7,7,adc_s16,0.050000000,12,1,-16.000000000,-6.000000000,6.000000000,16.000000000,0,1,0,0,-3,1,-4,64,-11,15,-17,9,-10,7,-8,2,-3,1,-1,0,-1
256,180,-40,1.503089877975e-03,1.503e-3,-2.823015050,15030.898779755,10000000,15031,1.503100000000e-03,1.503100000000e-03,-2.823012125,0,3.158985588,-0.913815464,1.743837920,1.567179005,96,7,7,adc_s16,0.050000000,12,1,-16.000000000,-6.000000000,6.000000000,16.000000000,0,1,0,0,-3,2,-6,64,-20,6,-10,5,-7,7,-8,3,-3,2,-1,1,-1
256,184,-44,1.507696542648e-03,1.508e-3,-2.821686061,15076.965426483,10000000,15077,1.507700000000e-03,1.507700000000e-03,-2.821685065,0,2.986325974,-0.940649704,1.716265066,1.591521802,96,7,7,adc_s16,0.050000000,12,1,-16.000000000,-6.000000000,6.000000000,16.000000000,0,1,0,0,-3,2,-6,64,-19,5,-9,5,-7,7,-8,3,-3,2,-1,1,-1
256,56,-28,1.510475328164e-03,1.510e-3,-2.820886364,15104.753281640,10000000,15105,1.510500000000e-03,1.510500000000e-03,-2.820879270,0,3.928184117,-0.893712945,1.963202969,1.898070246,96,7,7,adc_s16,0.050000000,12,1,-16.000000000,-6.000000000,6.000000000,16.000000000,0,1,1,-2,0,-3,2,64,-35,19,-17,10,-8,7,-7,3,-2,1,0,0,-1
256,212,72,1.528616926883e-03,1.529e-3,-2.815701336,15286.169268828,10000000,15286,1.528600000000e-03,1.528600000000e-03,-2.815706145,0,3.270652618,-1.076858943,1.749050224,1.984576421,96,7,7,adc_s16,0.050000000,12,1,-16.000000000,-6.000000000,6.000000000,16.000000000,0,1,0,0,-3,0,-3,64,-11,18,-18,10,-11,7,-8,2,-3,1,-1,0,-1
256,92,12,1.531591414507e-03,1.532e-3,-2.814857077,15315.914145068,10000000,15316,1.531600000000e-03,1.531600000000e-03,-2.814854642,0,4.380125101,-0.987740860,2.055040824,1.937559342,96,7,7,adc_s16,0.050000000,12,1,-16.000000000,-6.000000000,6.000000000,16.000000000,0,1,1,-1,0,-3,2,64,-27,21,-19,11,-9,7,-7,3,-2,1,0,0,-1
256,148,80,1.536269050211e-03,1.536e-3,-2.813532719,15362.690502114,10000000,15363,1.536300000000e-03,1.536300000000e-03,-2.813523969,0,4.069791027,-1.104526927,1.944472408,1.822897472,96,7,7,adc_s16,0.050000000,12,1,-16.000000000,-6.000000000,6.000000000,16.000000000,0,1,0,-1,-1,-2,1,64,-15,25,-22,12,-11,7,-7,2,-3,1,0,0,-1
256,176,-48,1.540131114012e-03,1.540e-3,-2.812442305,15401.311140118,10000000,15401,1.540100000000e-03,1.540100000000e-03,-2.812451079,0,3.063690708,-0.922183794,1.724520077,1.563490767,96,7,7,adc_s16,0.050000000,12,1,-16.000000000,-6.000000000,6.000000000,16.000000000,0,1,0,0,-3,2,-6,64,-21,5,-9,5,-7,7,-8,3,-3,2,-1,1,-1
256,128,56,1.554215034569e-03,1.554e-3,-2.808488894,15542.150345695,10000000,15542,1.554200000000e-03,1.554200000000e-03,-2.808493095,0,3.933001563,-1.052495059,1.943370471,1.825938897,96,7,7,adc_s16,0.050000000,12,1,-16.000000000,-6.000000000,6.000000000,16.000000000,0,1,0,-1,-1,-3,1,64,-19,24,-21,12,-10,7,-7,2,-3,1,0,0,-1
256,100,28,1.564057444782e-03,1.564e-3,-2.805747300,15640.574447824,10000000,15641,1.564100000000e-03,1.564100000000e-03,-2.805735484,0,4.599262015,-1.020658350,2.095072789,1.928298371,96,7,7,adc_s16,0.050000000,12,1,-16.000000000,-6.000000000,6.000000000,16.000000000,0,1,1,-1,0,-3,2,64,-25,23,-20,11,-10,7,-7,2,-2,1,0,0,-1
256,132,60,1.576503749093e-03,1.577e-3,-2.802304992,15765.037490929,10000000,15765,1.576500000000e-03,1.576500000000e-03,-2.802306025,0,4.040523370,-1.065742342,1.941406136,1.842951951,96,7,7,adc_s16,0.050000000,12,1,-16.000000000,-6.000000000,6.000000000,16.000000000,0,1,0,-1,-1,-3,1,64,-18,24,-21,12,-10,7,-7,2,-3,1,0,0,-1
256,208,-16,1.578720988995e-03,1.579e-3,-2.801694617,15787.209889952,10000000,15787,1.578700000000e-03,1.578700000000e-03,-2.801700391,0,3.020659041,-1.002470356,1.698697727,1.699336825,96,7,7,adc_s16,0.050000000,12,1,-16.000000000,-6.000000000,6.000000000,16.000000000,0,1,0,0,-4,3,-6,64,-14,7,-10,6,-8,7,-8,3,-3,2,-1,1,-2
256,60,-20,1.583549861553e-03,1.584e-3,-2.800368257,15835.498615533,10000000,15835,1.583500000000e-03,1.583500000000e-03,-2.800381932,0,3.876124774,-0.896584733,1.963882908,1.894511777,96,7,7,adc_s16,0.050000000,12,1,-16.000000000,-6.000000000,6.000000000,16.000000000,0,1,1,-2,0,-3,2,64,-34,20,-18,10,-8,7,-7,3,-2,1,0,0,-1
256,184,-36,1.588020328224e-03,1.588e-3,-2.799143942,15880.203282238,10000000,15880,1.588000000000e-03,1.588000000000e-03,-2.799149502,0,3.092226481,-0.918292984,1.736604247,1.570886358,96,7,7,adc_s16,0.050000000,12,1,-16.000000000,-6.000000000,6.000000000,16.000000000,0,1,0,0,-3,2,-6,64,-19,6,-10,5,-7,7,-8,3,-3,2,-1,1,-1
256,64,-16,1.603092312474e-03,1.603e-3,-2.795041469,16030.923124744,10000000,16031,1.603100000000e-03,1.603100000000e-03,-2.795039386,0,3.977594630,-0.900938735,1.971134304,1.880590728,96,7,7,adc_s16,0.050000000,12,1,-16.000000000,-6.000000000,6.000000000,16.000000000,0,1,1,-2,0,-3,2,64,-33,20,-18,10,-8,7,-7,3,-2,1,0,0,-1
256,72,-4,1.607571762420e-03,1.608e-3,-2.793829631,16075.717624202,10000000,16076,1.607600000000e-03,1.607600000000e-03,-2.793822002,0,3.987702925,-0.933979743,1.976896082,1.902822248,96,7,7,adc_s16,0.050000000,12,1,-16.000000000,-6.000000000,6.000000000,16.000000000,0,1,1,-2,0,-3,2,64,-31,21,-19,10,-9,7,-7,3,-2,1,0,0,-1
256,220,4,1.608889991720e-03,1.609e-3,-2.793473650,16088.899917203,10000000,16089,1.608900000000e-03,1.608900000000e-03,-2.793470948,0,3.208352095,-1.022572875,1.721549952,1.669884609,96,7,7,adc_s16,0.050000000,12,1,-16.000000000,-6.000000000,6.000000000,16.000000000,0,1,0,1,-4,3,-6,64,-11,8,-12,6,-9,7,-8,3,-3,2,-1,1,-2
256,180,-52,1.611435514614e-03,1.611e-3,-2.792787069,16114.355146139,10000000,16114,1.611400000000e-03,1.611400000000e-03,-2.792796641,0,3.172232935,-0.926784832,1.742196367,1.585082431,96,7,7,adc_s16,0.050000000,12,1,-16.000000000,-6.000000000,6.000000000,16.000000000,0,1,0,0,-3,2,-6,64,-20,5,-9,5,-7,7,-8,3,-3,2,-1,1,-1
256,76,0,1.622826267689e-03,1.623e-3,-2.789727971,16228.262676887,10000000,16228,1.622800000000e-03,1.622800000000e-03,-2.789735001,0,4.081629995,-0.928205287,1.982761738,1.890684876,96,7,7,adc_s16,0.050000000,12,1,-16.000000000,-6.000000000,6.000000000,16.000000000,0,1,1,-2,0,-3,2,64,-30,21,-19,10,-9,7,-7,3,-2,1,0,0,-1
256,56,-80,1.629338803380e-03,1.629e-3,-2.787988599,16293.388033799,10000000,16293,1.629300000000e-03,1.629300000000e-03,-2.787998942,0,3.530693573,-0.803297925,1.868417105,2.037068762,96,7,7,adc_s16,0.050000000,12,1,-16.000000000,-6.000000000,6.000000000,16.000000000,0,0,1,-1,-1,-2,0,64,-35,12,-12,7,-7,7,-7,3,-2,1,0,0,-1
256,84,8,1.642426260309e-03,1.642e-3,-2.784514120,16424.262603091,10000000,16424,1.642400000000e-03,1.642400000000e-03,-2.784521064,0,3.985866463,-0.977056571,1.973337421,1.903632161,96,7,7,adc_s16,0.050000000,12,1,-16.000000000,-6.000000000,6.000000000,16.000000000,0,1,1,-2,0,-3,2,64,-29,21,-19,11,-9,7,-7,3,-2,1,0,0,-1
256,56,-48,1.644096266379e-03,1.644e-3,-2.784072757,16440.962663786,10000000,16441,1.644100000000e-03,1.644100000000e-03,-2.784071771,0,3.875984270,-0.874197134,1.943914878,1.891960870,96,7,7,adc_s16,0.050000000,12,1,-16.000000000,-6.000000000,6.000000000,16.000000000,0,1,1,-2,0,-3,2,64,-35,17,-15,8,-7,7,-7,3,-2,1,0,0,-1
256,112,40,1.655040122922e-03,1.655e-3,-2.781191473,16550.401229223,10000000,16550,1.655000000000e-03,1.655000000000e-03,-2.781202002,0,4.503687862,-1.025321146,2.078297169,1.957980179,96,7,7,adc_s16,0.050000000,12,1,-16.000000000,-6.000000000,6.000000000,16.000000000,0,1,1,-1,0,-3,2,64,-22,23,-21,11,-10,7,-7,2,-2,1,0,0,-1
256,56,-24,1.656298060481e-03,1.656e-3,-2.780861507,16562.980604815,10000000,16563,1.656300000000e-03,1.656300000000e-03,-2.780860998,0,4.250365404,-0.889389822,2.027189432,1.876855359,96,7,7,adc_s16,0.050000000,12,1,-16.000000000,-6.000000000,6.000000000,16.000000000,0,1,1,-2,0,-3,3,64,-35,20,-18,10,-8,7,-7,3,-2,1,0,0,-1
256,80,4,1.664015054426e-03,1.664e-3,-2.778842749,16640.150544264,10000000,16640,1.664000000000e-03,1.664000000000e-03,-2.778846678,0,4.179774915,-0.942440711,1.997541632,1.877717091,96,7,7,adc_s16,0.050000000,12,1,-16.000000000,-6.000000000,6.000000000,16.000000000,0,1,1,-2,0,-3,2,64,-29,21,-19,10,-9,7,-7,3,-2,1,0,0,-1
256,56,-68,1.681163471616e-03,1.681e-3,-2.774390055,16811.634716156,10000000,16812,1.681200000000e-03,1.681200000000e-03,-2.774380619,0,4.038761328,-0.812191206,2.003483847,2.019073671,96,7,7,adc_s16,0.050000000,12,1,-16.000000000,-6.000000000,6.000000000,16.000000000,0,0,1,-1,0,-2,1,64,-35,14,-13,7,-7,7,-7,3,-2,1,0,0,-1
256,216,72,1.685497525508e-03,1.685e-3,-2.773271881,16854.975255079,10000000,16855,1.685500000000e-03,1.685500000000e-03,-2.773271243,0,3.364671525,-1.096035079,1.779191153,1.992587853,96,7,7,adc_s16,0.050000000,12,1,-16.000000000,-6.000000000,6.000000000,16.000000000,0,1,0,0,-3,1,-3,64,-11,18,-18,10,-11,7,-8,2,-3,1,-1,0,-1
256,176,-52,1.709614734402e-03,1.710e-3,-2.767101748,17096.147344021,10000000,17096,1.709600000000e-03,1.709600000000e-03,-2.767105491,0,3.117638258,-0.920454545,1.739662947,1.587750047,96,7,7,adc_s16,0.050000000,12,1,-16.000000000,-6.000000000,6.000000000,16.000000000,0,1,0,0,-3,2,-6,64,-21,5,-9,5,-7,7,-8,3,-3,2,-1,1,-1
256,156,-76,1.711674568412e-03,1.712e-3,-2.766578802,17116.745684120,10000000,17117,1.711700000000e-03,1.711700000000e-03,-2.766572349,0,3.110721329,-0.861629200,1.750598734,1.557273175,96,7,7,adc_s16,0.050000000,12,1,-16.000000000,-6.000000000,6.000000000,16.000000000,0,1,0,0,-3,2,-6,64,-25,4,-8,4,-6,7,-8,3,-3,2,-1,1,-1
256,72,-8,1.719174166641e-03,1.719e-3,-2.764680123,17191.741666411,10000000,17192,1.719200000000e-03,1.719200000000e-03,-2.764673598,0,4.100109248,-0.925457016,1.998291903,1.902085749,96,7,7,adc_s16,0.050000000,12,1,-16.000000000,-6.000000000,6.000000000,16.000000000,0,1,1,-2,0,-3,2,64,-31,20,-18,10,-9,7,-7,3,-2,1,0,0,-1
256,216,68,1.731188722709e-03,1.731e-3,-2.761655586,17311.887227092,10000000,17312,1.731200000000e-03,1.731200000000e-03,-2.761652757,0,3.403478323,-1.082942194,1.786821717,1.987493024,96,7,7,adc_s16,0.050000000,12,1,-16.000000000,-6.000000000,6.000000000,16.000000000,0,1,0,0,-3,1,-4,64,-11,17,-18,10,-10,7,-8,2,-3,1,-1,0,-1
256,104,32,1.749312223332e-03,1.749e-3,-2.757132669,17493.122233321,10000000,17493,1.749300000000e-03,1.749300000000e-03,-2.757135704,0,4.704438137,-1.020936265,2.109787090,1.944921183,96,7,7,adc_s16,0.050000000,12,1,-16.000000000,-6.000000000,6.000000000,16.000000000,0,1,1,-1,0,-3,2,64,-24,23,-20,11,-10,7,-7,2,-2,1,0,0,-1
256,212,0,1.758871339054e-03,1.759e-3,-2.754765928,17588.713390539,10000000,17589,1.758900000000e-03,1.758900000000e-03,-2.754758851,0,3.105799738,-1.006083251,1.712971979,1.624166359,96,7,7,adc_s16,0.050000000,12,1,-16.000000000,-6.000000000,6.000000000,16.000000000,0,1,0,0,-4,2,-6,64,-12,8,-12,6,-8,7,-8,3,-3,2,-1,1,-2
256,220,-4,1.759390646452e-03,1.759e-3,-2.754637721,17593.906464517,10000000,17594,1.759400000000e-03,1.759400000000e-03,-2.754635412,0,3.334518037,-1.015532362,1.729661494,1.555080577,96,7,7,adc_s16,0.050000000,12,1,-16.000000000,-6.000000000,6.000000000,16.000000000,0,1,0,1,-4,3,-7,64,-11,7,-11,6,-8,7,-8,3,-3,2,-1,1,-2
256,140,72,1.774134555389e-03,1.774e-3,-2.751013445,17741.345553895,10000000,17741,1.774100000000e-03,1.774100000000e-03,-2.751021904,0,4.049023479,-1.071485919,1.984060849,1.863794525,96,7,7,adc_s16,0.050000000,12,1,-16.000000000,-6.000000000,6.000000000,16.000000000,0,1,0,-1,-1,-3,1,64,-16,25,-22,12,-11,7,-7,2,-3,1,0,0,-1
256,164,-72,1.784766628228e-03,1.785e-3,-2.748418563,17847.666282281,10000000,17848,1.784800000000e-03,1.784800000000e-03,-2.748410443,0,3.209927417,-0.856132658,1.767486311,1.559642147,96,7,7,adc_s16,0.050000000,12,1,-16.000000000,-6.000000000,6.000000000,16.000000000,0,1,0,0,-3,2,-6,64,-24,3,-7,4,-6,7,-8,3,-3,2,-1,1,-1
256,100,32,1.816788124275e-03,1.817e-3,-2.740695718,18167.881242749,10000000,18168,1.816800000000e-03,1.816800000000e-03,-2.740692879,0,4.743571471,-1.022387599,2.130045265,1.968015895,96,7,7,adc_s16,0.050000000,12,1,-16.000000000,-6.000000000,6.000000000,16.000000000,0,1,1,-1,0,-3,2,64,-25,23,-20,11,-10,7,-7,2,-2,1,0,0,-1
256,96,16,1.821668426450e-03,1.822e-3,-2.739530669,18216.684264498,10000000,18217,1.821700000000e-03,1.821700000000e-03,-2.739523142,0,4.501105713,-1.018157115,2.096366747,1.953602447,96,7,7,adc_s16,0.050000000,12,1,-16.000000000,-6.000000000,6.000000000,16.000000000,0,1,1,-1,0,-3,2,64,-26,21,-19,11,-9,7,-7,3,-2,1,0,0,-1
256,212,76,1.834602433745e-03,1.835e-3,-2.736458035,18346.024337452,10000000,18346,1.834600000000e-03,1.834600000000e-03,-2.736458611,0,3.447813507,-1.085628706,1.786823931,2.033469236,96,7,7,adc_s16,0.050000000,12,1,-16.000000000,-6.000000000,6.000000000,16.000000000,0,1,0,0,-3,0,-3,64,-11,19,-19,10,-11,7,-8,2,-3,1,-1,0,-1
256,220,8,1.835019252614e-03,1.835e-3,-2.736359375,18350.192526137,10000000,18350,1.835000000000e-03,1.835000000000e-03,-2.736363931,0,3.167115363,-0.990087698,1.728857422,1.732405054,96,7,7,adc_s16,0.050000000,12,1,-16.000000000,-6.000000000,6.000000000,16.000000000,0,1,0,0,-4,2,-6,64,-11,9,-12,7,-9,7,-8,3,-3,2,-1,1,-2
256,220,12,1.837698308860e-03,1.838e-3,-2.735725784,18376.983088604,10000000,18377,1.837700000000e-03,1.837700000000e-03,-2.735725385,0,3.207416252,-0.991816947,1.735660154,1.757882635,96,7,7,adc_s16,0.050000000,12,1,-16.000000000,-6.000000000,6.000000000,16.000000000,0,1,0,0,-4,2,-6,64,-11,9,-12,7,-9,7,-8,3,-3,2,-1,1,-2
256,220,56,1.840376348649e-03,1.840e-3,-2.735093357,18403.763486487,10000000,18404,1.840400000000e-03,1.840400000000e-03,-2.735087775,0,3.487102910,-1.082849555,1.789979039,1.995893890,96,7,7,adc_s16,0.050000000,12,1,-16.000000000,-6.000000000,6.000000000,16.000000000,0,1,0,0,-3,1,-4,64,-11,15,-16,9,-10,7,-8,2,-3,1,-1,0,-1
256,204,-20,1.847423468287e-03,1.847e-3,-2.733433544,18474.234682874,10000000,18474,1.847400000000e-03,1.847400000000e-03,-2.733439061,0,3.070001050,-0.985888093,1.719272731,1.648475112,96,7,7,adc_s16,0.050000000,12,1,-16.000000000,-6.000000000,6.000000000,16.000000000,0,1,0,0,-4,3,-6,64,-15,7,-10,6,-8,7,-8,3,-3,2,-1,1,-2
256,144,80,1.870721183762e-03,1.871e-3,-2.727990936,18707.211837618,10000000,18707,1.870700000000e-03,1.870700000000e-03,-2.727995854,0,4.148693919,-1.109189723,1.974076842,1.899635175,96,7,7,adc_s16,0.050000000,12,1,-16.000000000,-6.000000000,6.000000000,16.000000000,0,1,0,-1,-1,-3,1,64,-15,25,-23,13,-11,7,-7,2,-3,1,0,0,-1
256,108,40,1.881747249528e-03,1.882e-3,-2.725438710,18817.472495277,10000000,18817,1.881700000000e-03,1.881700000000e-03,-2.725449615,0,4.724089545,-1.040482955,2.128421324,1.956900318,96,7,7,adc_s16,0.050000000,12,1,-16.000000000,-6.000000000,6.000000000,16.000000000,0,1,1,-1,0,-3,2,64,-23,23,-21,12,-10,7,-7,2,-2,1,0,0,-1
256,172,-56,1.912641192266e-03,1.913e-3,-2.718366495,19126.411922659,10000000,19126,1.912600000000e-03,1.912600000000e-03,-2.718375849,0,3.189621173,-0.898313982,1.762868425,1.596666341,96,7,7,adc_s16,0.050000000,12,1,-16.000000000,-6.000000000,6.000000000,16.000000000,0,1,0,0,-3,2,-6,64,-22,5,-9,5,-7,7,-8,3,-3,2,-1,1,-1
256,220,44,1.940933588239e-03,1.941e-3,-2.711989324,19409.335882386,10000000,19409,1.940900000000e-03,1.940900000000e-03,-2.711996840,0,3.416825573,-1.053205287,1.796086253,1.941318650,96,7,7,adc_s16,0.050000000,12,1,-16.000000000,-6.000000000,6.000000000,16.000000000,0,1,0,0,-3,1,-5,64,-11,14,-15,8,-10,7,-8,2,-3,1,-1,1,-1
256,68,-12,1.952447568739e-03,1.952e-3,-2.709420620,19524.475687392,10000000,19524,1.952400000000e-03,1.952400000000e-03,-2.709431201,0,4.083282336,-0.910233449,2.007875954,1.937453866,96,7,7,adc_s16,0.050000000,12,1,-16.000000000,-6.000000000,6.000000000,16.000000000,0,1,1,-2,0,-3,2,64,-32,20,-18,10,-8,7,-7,3,-2,1,0,0,-1
256,124,56,1.964272189076e-03,1.964e-3,-2.706798332,19642.721890765,10000000,19643,1.964300000000e-03,1.964300000000e-03,-2.706792183,0,4.740317518,-1.048882164,2.138688541,1.981063189,96,7,7,adc_s16,0.050000000,12,1,-16.000000000,-6.000000000,6.000000000,16.000000000,0,1,0,-1,0,-3,2,64,-20,24,-21,12,-10,7,-7,2,-3,1,0,0,-1
256,212,-8,1.973279583932e-03,1.973e-3,-2.704811377,19732.795839318,10000000,19733,1.973300000000e-03,1.973300000000e-03,-2.704806884,0,3.222839475,-1.000154397,1.729072244,1.690307210,96,7,7,adc_s16,0.050000000,12,1,-16.000000000,-6.000000000,6.000000000,16.000000000,0,1,0,0,-4,3,-6,64,-13,7,-11,6,-8,7,-8,3,-3,2,-1,1,-2
256,136,76,1.979074799404e-03,1.979e-3,-2.703537791,19790.747994037,10000000,19791,1.979100000000e-03,1.979100000000e-03,-2.703532261,0,4.901671228,-1.105422431,2.158320963,1.978054965,96,7,7,adc_s16,0.050000000,12,1,-16.000000000,-6.000000000,6.000000000,16.000000000,0,1,0,-1,0,-3,2,64,-17,25,-23,13,-11,7,-7,2,-3,1,0,0,-1
256,88,12,1.987735731680e-03,1.988e-3,-2.701641355,19877.357316799,10000000,19877,1.987700000000e-03,1.987700000000e-03,-2.701649162,0,4.589145595,-0.982275198,2.118962252,1.974240742,96,7,7,adc_s16,0.050000000,12,1,-16.000000000,-6.000000000,6.000000000,16.000000000,0,1,1,-1,0,-3,2,64,-28,22,-19,11,-9,7,-7,3,-2,1,0,0,-1
256,212,-16,1.989823136152e-03,1.990e-3,-2.701185524,19898.231361519,10000000,19898,1.989800000000e-03,1.989800000000e-03,-2.701190573,0,3.312564919,-1.011765069,1.771487502,1.575930600,96,7,7,adc_s16,0.050000000,12,1,-16.000000000,-6.000000000,6.000000000,16.000000000,0,1,0,1,-4,3,-7,64,-13,6,-10,6,-8,7,-8,3,-3,2,-1,1,-2
256,52,-36,2.001622865610e-03,2.002e-3,-2.698617746,20016.228656102,10000000,20016,2.001600000000e-03,2.001600000000e-03,-2.698622708,0,3.962171946,-0.863667243,1.998058516,2.092389309,96,7,7,adc_s16,0.050000000,12,1,-16.000000000,-6.000000000,6.000000000,16.000000000,0,0,1,-2,0,-3,2,64,-35,18,-17,9,-8,7,-7,3,-2,1,0,0,-1
256,64,-20,2.016261435989e-03,2.016e-3,-2.695453156,20162.614359894,10000000,20163,2.016300000000e-03,2.016300000000e-03,-2.695444850,0,4.138294789,-0.925642292,2.020031287,1.927893624,96,7,7,adc_s16,0.050000000,12,1,-16.000000000,-6.000000000,6.000000000,16.000000000,0,1,1,-2,0,-3,2,64,-33,19,-17,10,-8,7,-7,3,-2,1,0,0,-1
256,216,-4,2.029148632748e-03,2.029e-3,-2.692686140,20291.486327479,10000000,20291,2.029100000000e-03,2.029100000000e-03,-2.692696549,0,3.054622013,-0.996726779,1.712857265,1.725843892,96,7,7,adc_s16,0.050000000,12,1,-16.000000000,-6.000000000,6.000000000,16.000000000,0,1,0,0,-4,3,-6,64,-12,8,-11,6,-8,7,-8,3,-3,2,-1,1,-2
256,68,-8,2.037016861361e-03,2.037e-3,-2.691005376,20370.168613613,10000000,20370,2.037000000000e-03,2.037000000000e-03,-2.691008971,0,4.286368080,-0.898499259,2.029765462,1.917108233,96,7,7,adc_s16,0.050000000,12,1,-16.000000000,-6.000000000,6.000000000,16.000000000,0,1,1,-2,0,-3,2,64,-32,21,-18,10,-9,7,-7,3,-2,1,0,0,-1
256,60,-16,2.037228410381e-03,2.037e-3,-2.690960276,20372.284103810,10000000,20372,2.037200000000e-03,2.037200000000e-03,-2.690966332,0,4.427294492,-0.902266551,2.063318332,1.934411664,96,7,7,adc_s16,0.050000000,12,1,-16.000000000,-6.000000000,6.000000000,16.000000000,0,1,1,-2,0,-3,3,64,-34,20,-18,10,-8,7,-7,3,-2,1,0,0,-1
256,132,68,2.039860600055e-03,2.040e-3,-2.690399510,20398.606000554,10000000,20399,2.039900000000e-03,2.039900000000e-03,-2.690391122,0,4.812559840,-1.079452816,2.137657146,1.995959279,96,7,7,adc_s16,0.050000000,12,1,-16.000000000,-6.000000000,6.000000000,16.000000000,0,1,0,-1,0,-3,2,64,-18,25,-22,12,-11,7,-7,2,-3,1,0,0,-1
256,216,0,2.049188102426e-03,2.049e-3,-2.688418174,20491.881024256,10000000,20492,2.049200000000e-03,2.049200000000e-03,-2.688415653,0,3.228834484,-1.017477767,1.741623878,1.710194050,96,7,7,adc_s16,0.050000000,12,1,-16.000000000,-6.000000000,6.000000000,16.000000000,0,1,0,0,-4,2,-6,64,-12,8,-11,6,-8,7,-8,3,-3,2,-1,1,-2
256,216,-8,2.057144445968e-03,2.057e-3,-2.686735212,20571.444459685,10000000,20571,2.057100000000e-03,2.057100000000e-03,-2.686744596,0,3.391228600,-1.020318676,1.775919700,1.575559809,96,7,7,adc_s16,0.050000000,12,1,-16.000000000,-6.000000000,6.000000000,16.000000000,0,1,0,1,-4,3,-7,64,-12,7,-11,6,-8,7,-8,3,-3,2,-1,1,-2
256,56,-60,2.080339862399e-03,2.080e-3,-2.681865709,20803.398623994,10000000,20803,2.080300000000e-03,2.080300000000e-03,-2.681874031,0,3.790644724,-0.848505435,1.963746395,2.108445992,96,7,7,adc_s16,0.050000000,12,1,-16.000000000,-6.000000000,6.000000000,16.000000000,0,0,1,-2,0,-2,1,64,-35,15,-14,8,-7,7,-7,3,-2,1,0,0,-1
256,68,-4,2.102695398791e-03,2.103e-3,-2.677223636,21026.953987912,10000000,21027,2.102700000000e-03,2.102700000000e-03,-2.677222685,0,4.484154043,-0.911962698,2.085002622,1.971047760,96,7,7,adc_s16,0.050000000,12,1,-16.000000000,-6.000000000,6.000000000,16.000000000,0,1,1,-2,0,-3,3,64,-32,21,-19,10,-9,7,-7,3,-2,1,0,0,-1
256,144,76,2.117205440093e-03,2.117e-3,-2.674236999,21172.054400926,10000000,21172,2.117200000000e-03,2.117200000000e-03,-2.674238115,0,4.367495365,-1.101037549,2.019961940,1.891458723,96,7,7,adc_s16,0.050000000,12,1,-16.000000000,-6.000000000,6.000000000,16.000000000,0,1,0,-1,-1,-2,1,64,-15,25,-22,12,-11,7,-7,2,-3,1,0,0,-1
256,172,-60,2.119925122502e-03,2.120e-3,-2.673679478,21199.251225016,10000000,21199,2.119900000000e-03,2.119900000000e-03,-2.673684625,0,3.270809851,-0.887814970,1.792579520,1.617058281,96,7,7,adc_s16,0.050000000,12,1,-16.000000000,-6.000000000,6.000000000,16.000000000,0,1,0,0,-3,2,-6,64,-22,4,-8,4,-7,7,-8,3,-3,2,-1,1,-1
256,196,-28,2.157568708131e-03,2.158e-3,-2.666035365,21575.687081314,10000000,21576,2.157600000000e-03,2.157600000000e-03,-2.666029067,0,3.289759968,-0.948029891,1.783998817,1.674147130,96,7,7,adc_s16,0.050000000,12,1,-16.000000000,-6.000000000,6.000000000,16.000000000,0,1,0,0,-4,2,-6,64,-16,6,-10,5,-8,7,-8,3,-3,2,-1,1,-2
256,136,72,2.192211571740e-03,2.192e-3,-2.659117534,21922.115717403,10000000,21922,2.192200000000e-03,2.192200000000e-03,-2.659119827,0,4.556840042,-1.084177372,2.081563713,1.917530566,96,7,7,adc_s16,0.050000000,12,1,-16.000000000,-6.000000000,6.000000000,16.000000000,0,1,0,-1,-1,-3,2,64,-17,25,-22,12,-11,7,-7,2,-3,1,0,0,-1
256,140,76,2.203053622805e-03,2.203e-3,-2.656974932,22030.536228052,10000000,22031,2.203100000000e-03,2.203100000000e-03,-2.656965790,0,4.251189244,-1.073215168,2.035059272,1.928251030,96,7,7,adc_s16,0.050000000,12,1,-16.000000000,-6.000000000,6.000000000,16.000000000,0,1,0,-1,-1,-3,1,64,-16,25,-22,12,-11,7,-7,2,-3,1,0,0,-1
256,92,16,2.211500579668e-03,2.212e-3,-2.655312942,22115.005796676,10000000,22115,2.211500000000e-03,2.211500000000e-03,-2.655313056,0,4.715565477,-1.006021492,2.142549182,1.973269085,96,7,7,adc_s16,0.050000000,12,1,-16.000000000,-6.000000000,6.000000000,16.000000000,0,1,1,-1,0,-3,2,64,-27,22,-19,11,-9,7,-7,3,-2,1,0,0,-1
256,52,-44,2.226222561171e-03,2.226e-3,-2.652431420,22262.225611707,10000000,22262,2.226200000000e-03,2.226200000000e-03,-2.652435822,0,4.106857292,-0.847362895,2.022957673,2.120861944,96,7,7,adc_s16,0.050000000,12,1,-16.000000000,-6.000000000,6.000000000,16.000000000,0,0,1,-2,0,-3,2,64,-35,17,-16,9,-8,7,-7,3,-2,1,0,0,-1
256,164,-76,2.227188590699e-03,2.227e-3,-2.652243007,22271.885906988,10000000,22272,2.227200000000e-03,2.227200000000e-03,-2.652240782,0,3.342020880,-0.854403409,1.805806002,1.603510442,96,7,7,adc_s16,0.050000000,12,1,-16.000000000,-6.000000000,6.000000000,16.000000000,0,1,0,0,-3,2,-6,64,-24,3,-7,4,-6,7,-8,3,-3,2,-1,1,-1
256,156,-80,2.235987052470e-03,2.236e-3,-2.650530716,22359.870524705,10000000,22360,2.236000000000e-03,2.236000000000e-03,-2.650528201,0,3.358594120,-0.846930583,1.808887969,1.605904033,96,7,7,adc_s16,0.050000000,12,1,-16.000000000,-6.000000000,6.000000000,16.000000000,0,1,0,0,-3,2,-6,64,-26,3,-7,4,-6,7,-8,3,-3,2,-1,1,-1
256,220,48,2.242780984193e-03,2.243e-3,-2.649213135,22427.809841933,10000000,22428,2.242800000000e-03,2.242800000000e-03,-2.649209453,0,3.625233415,-1.062592638,1.838262365,2.003414238,96,7,7,adc_s16,0.050000000,12,1,-16.000000000,-6.000000000,6.000000000,16.000000000,0,1,0,0,-3,1,-5,64,-11,14,-16,9,-10,7,-8,2,-3,1,-1,0,-1
256,52,-32,2.251972178608e-03,2.252e-3,-2.647436979,22519.721786079,10000000,22520,2.252000000000e-03,2.252000000000e-03,-2.647431614,0,4.185276743,-0.850327322,2.036485495,2.033464444,96,7,7,adc_s16,0.050000000,12,1,-16.000000000,-6.000000000,6.000000000,16.000000000,0,0,1,-2,0,-3,2,64,-35,19,-17,9,-8,7,-7,3,-2,1,0,0,-1
256,108,36,2.260759783262e-03,2.261e-3,-2.645745581,22607.597832620,10000000,22608,2.260800000000e-03,2.260800000000e-03,-2.645737855,0,4.813832108,-1.037518528,2.144420827,2.012706781,96,7,7,adc_s16,0.050000000,12,1,-16.000000000,-6.000000000,6.000000000,16.000000000,0,1,1,-1,0,-3,2,64,-23,23,-20,11,-10,7,-7,2,-2,1,0,0,-1
256,220,16,2.298442769367e-03,2.298e-3,-2.638566306,22984.427693671,10000000,22984,2.298400000000e-03,2.298400000000e-03,-2.638574387,0,3.346252053,-0.998857460,1.792233570,1.824039394,96,7,7,adc_s16,0.050000000,12,1,-16.000000000,-6.000000000,6.000000000,16.000000000,0,1,0,0,-4,2,-6,64,-11,10,-13,7,-9,7,-8,3,-3,1,-1,1,-2
256,60,-8,2.306038810968e-03,2.306e-3,-2.637133388,23060.388109682,10000000,23060,2.306000000000e-03,2.306000000000e-03,-2.637140697,0,4.664373890,-0.886085721,2.127012205,1.994475066,96,7,7,adc_s16,0.050000000,12,1,-16.000000000,-6.000000000,6.000000000,16.000000000,0,1,1,-2,0,-4,3,64,-33,21,-19,10,-9,7,-7,3,-2,0,0,0,-1
256,188,-40,2.316718638103e-03,2.317e-3,-2.635126707,23167.186381033,10000000,23167,2.316700000000e-03,2.316700000000e-03,-2.635130201,0,3.211791992,-0.936233943,1.785734900,1.674345846,96,7,7,adc_s16,0.050000000,12,1,-16.000000000,-6.000000000,6.000000000,16.000000000,0,1,0,0,-4,2,-6,64,-18,5,-9,5,-7,7,-8,3,-3,2,-1,1,-2
256,52,-52,2.320844132832e-03,2.321e-3,-2.634354026,23208.441328320,10000000,23208,2.320800000000e-03,2.320800000000e-03,-2.634362284,0,4.146244865,-0.840198864,2.029808887,2.119049618,96,7,7,adc_s16,0.050000000,12,1,-16.000000000,-6.000000000,6.000000000,16.000000000,0,0,1,-2,0,-3,2,64,-35,16,-15,8,-7,7,-7,3,-2,1,0,0,-1
256,96,32,2.325138740552e-03,2.325e-3,-2.633551128,23251.387405520,10000000,23251,2.325100000000e-03,2.325100000000e-03,-2.633558364,0,4.915325716,-0.991600791,2.176899183,2.050470192,96,7,7,adc_s16,0.050000000,12,1,-16.000000000,-6.000000000,6.000000000,16.000000000,0,1,1,-1,0,-3,2,64,-25,23,-21,11,-10,7,-7,2,-2,1,0,0,-1
256,72,0,2.340870630532e-03,2.341e-3,-2.630622587,23408.706305321,10000000,23409,2.340900000000e-03,2.340900000000e-03,-2.630617138,0,4.583449040,-0.928050889,2.118453572,1.949066530,96,7,7,adc_s16,0.050000000,12,1,-16.000000000,-6.000000000,6.000000000,16.000000000,0,1,1,-2,0,-3,3,64,-31,21,-19,10,-9,7,-7,3,-2,1,0,0,-1
256,212,-4,2.349096591279e-03,2.349e-3,-2.629099125,23490.965912786,10000000,23491,2.349100000000e-03,2.349100000000e-03,-2.629098495,0,3.278852510,-1.000895504,1.770498707,1.725976058,96,7,7,adc_s16,0.050000000,12,1,-16.000000000,-6.000000000,6.000000000,16.000000000,0,1,0,0,-4,2,-6,64,-13,8,-11,6,-8,7,-8,3,-3,2,-1,1,-2
256,108,44,2.354359095171e-03,2.354e-3,-2.628127296,23543.590951715,10000000,23544,2.354400000000e-03,2.354400000000e-03,-2.628119751,0,5.040534275,-1.043076828,2.186000465,2.023456238,96,7,7,adc_s16,0.050000000,12,1,-16.000000000,-6.000000000,6.000000000,16.000000000,0,1,1,-1,0,-3,2,64,-23,24,-21,12,-10,7,-7,2,-2,1,0,0,-1
256,168,-64,2.354873325358e-03,2.355e-3,-2.628032450,23548.733253578,10000000,23549,2.354900000000e-03,2.354900000000e-03,-2.628027530,0,3.354794914,-0.897418478,1.796828593,1.632094082,96,7,7,adc_s16,0.050000000,12,1,-16.000000000,-6.000000000,6.000000000,16.000000000,0,1,0,0,-3,2,-6,64,-23,4,-8,4,-7,7,-8,3,-3,2,-1,1,-1
256,56,-12,2.428514661500e-03,2.429e-3,-2.614659270,24285.146615004,10000000,24285,2.428500000000e-03,2.428500000000e-03,-2.614661892,0,4.580276138,-0.878396739,2.103720323,1.973722216,96,7,7,adc_s16,0.050000000,12,1,-16.000000000,-6.000000000,6.000000000,16.000000000,0,1,1,-2,0,-4,3,64,-34,21,-19,10,-9,7,-7,3,-2,0,0,0,-1
256,160,-76,2.438328176368e-03,2.438e-3,-2.612907843,24383.281763682,10000000,24383,2.438300000000e-03,2.438300000000e-03,-2.612912861,0,3.282151844,-0.836709486,1.816037272,1.649550629,96,7,7,adc_s16,0.050000000,12,1,-16.000000000,-6.000000000,6.000000000,16.000000000,0,1,0,0,-3,2,-6,64,-25,3,-7,4,-6,7,-8,3,-3,2,-1,1,-1
256,188,-48,2.444720004259e-03,2.445e-3,-2.611770874,24447.200042594,10000000,24447,2.444700000000e-03,2.444700000000e-03,-2.611774427,0,3.397311800,-0.911036314,1.798247271,1.730806294,96,7,7,adc_s16,0.050000000,12,1,-16.000000000,-6.000000000,6.000000000,16.000000000,0,1,0,0,-4,3,-6,64,-19,4,-8,5,-7,7,-8,3,-3,2,-1,1,-2
256,84,16,2.453482831950e-03,2.453e-3,-2.610216977,24534.828319497,10000000,24535,2.453500000000e-03,2.453500000000e-03,-2.610213938,0,4.516432289,-0.986320405,2.083261896,1.977738990,96,7,7,adc_s16,0.050000000,12,1,-16.000000000,-6.000000000,6.000000000,16.000000000,0,1,1,-2,0,-3,2,64,-28,22,-20,11,-9,7,-7,3,-2,1,0,0,-1
256,196,-36,2.474763192572e-03,2.475e-3,-2.606466352,24747.631925720,10000000,24748,2.474800000000e-03,2.474800000000e-03,-2.606459893,0,3.388350895,-0.953588192,1.770938388,1.670823439,96,7,7,adc_s16,0.050000000,12,1,-16.000000000,-6.000000000,6.000000000,16.000000000,0,1,0,0,-4,3,-6,64,-17,5,-9,5,-7,7,-8,3,-3,2,-1,1,-2
256,172,-64,2.489537644341e-03,2.490e-3,-2.603881302,24895.376443406,10000000,24895,2.489500000000e-03,2.489500000000e-03,-2.603887869,0,3.371480157,-0.886085721,1.821711384,1.654391454,96,7,7,adc_s16,0.050000000,12,1,-16.000000000,-6.000000000,6.000000000,16.000000000,0,1,0,0,-3,2,-6,64,-22,4,-8,4,-7,7,-8,3,-3,2,-1,1,-1
256,140,80,2.491860828471e-03,2.492e-3,-2.603476217,24918.608284715,10000000,24919,2.491900000000e-03,2.491900000000e-03,-2.603469390,0,4.646884315,-1.076056077,2.111719121,1.958833332,96,7,7,adc_s16,0.050000000,12,1,-16.000000000,-6.000000000,6.000000000,16.000000000,0,1,0,-1,-1,-3,2,64,-16,25,-23,13,-11,7,-7,2,-3,1,0,0,-1
256,120,56,2.492433670420e-03,2.492e-3,-2.603376390,24924.336704205,10000000,24924,2.492400000000e-03,2.492400000000e-03,-2.603382257,0,4.920199117,-1.065649704,2.162396703,2.098634214,96,7,7,adc_s16,0.050000000,12,1,-16.000000000,-6.000000000,6.000000000,16.000000000,0,1,1,-1,0,-3,2,64,-20,24,-22,12,-10,7,-7,2,-3,1,0,0,-1
256,192,-40,2.523491171553e-03,2.523e-3,-2.597998210,25234.911715531,10000000,25235,2.523500000000e-03,2.523500000000e-03,-2.597996691,0,3.453285938,-0.937252964,1.794518007,1.696971767,96,7,7,adc_s16,0.050000000,12,1,-16.000000000,-6.000000000,6.000000000,16.000000000,0,1,0,0,-4,3,-6,64,-18,5,-9,5,-7,7,-8,3,-3,2,-1,1,-2
256,192,-32,2.527111711519e-03,2.527e-3,-2.597375560,25271.117115187,10000000,25271,2.527100000000e-03,2.527100000000e-03,-2.597377572,0,3.370844082,-0.950222332,1.789410640,1.688807586,96,7,7,adc_s16,0.050000000,12,1,-16.000000000,-6.000000000,6.000000000,16.000000000,0,1,0,0,-4,2,-6,64,-17,6,-10,5,-8,7,-8,3,-3,2,-1,1,-2
256,52,-40,2.531121149303e-03,2.531e-3,-2.596687067,25311.211493031,10000000,25311,2.531100000000e-03,2.531100000000e-03,-2.596690696,0,4.347248572,-0.860826334,2.068792281,2.110418303,96,7,7,adc_s16,0.050000000,12,1,-16.000000000,-6.000000000,6.000000000,16.000000000,0,0,1,-2,0,-3,2,64,-35,18,-16,9,-8,7,-7,3,-2,1,0,0,-1
256,164,-68,2.560856585179e-03,2.561e-3,-2.591614743,25608.565851795,10000000,25609,2.560900000000e-03,2.560900000000e-03,-2.591607380,0,3.442997825,-0.869225543,1.856567962,1.671424517,96,7,7,adc_s16,0.050000000,12,1,-16.000000000,-6.000000000,6.000000000,16.000000000,0,1,0,0,-3,2,-6,64,-24,4,-8,4,-7,7,-8,3,-3,2,-1,1,-1
256,160,-72,2.575099857807e-03,2.575e-3,-2.589205925,25750.998578070,10000000,25751,2.575100000000e-03,2.575100000000e-03,-2.589205901,0,3.425761801,-0.865118577,1.838833040,1.648554658,96,7,7,adc_s16,0.050000000,12,1,-16.000000000,-6.000000000,6.000000000,16.000000000,0,1,0,0,-3,2,-6,64,-25,4,-8,4,-6,7,-8,3,-3,2,-1,1,-1
256,220,20,2.581091987238e-03,2.581e-3,-2.588196517,25810.919872380,10000000,25811,2.581100000000e-03,2.581100000000e-03,-2.588195169,0,3.452700951,-1.000586709,1.824132677,1.865883969,96,7,7,adc_s16,0.050000000,12,1,-16.000000000,-6.000000000,6.000000000,16.000000000,0,1,0,0,-4,2,-6,64,-11,10,-13,7,-9,7,-8,3,-3,1,-1,1,-2
256,88,16,2.588151992509e-03,2.588e-3,-2.587010223,25881.519925092,10000000,25882,2.588200000000e-03,2.588200000000e-03,-2.587002167,0,4.512676521,-0.973752470,2.093795412,1.986806363,96,7,7,adc_s16,0.050000000,12,1,-16.000000000,-6.000000000,6.000000000,16.000000000,0,1,1,-2,0,-3,2,64,-27,22,-20,11,-9,7,-7,3,-2,1,0,0,-1
256,220,60,2.596538981017e-03,2.597e-3,-2.585605153,25965.389810170,10000000,25965,2.596500000000e-03,2.596500000000e-03,-2.585611673,0,3.681528294,-1.089025445,1.875472812,2.041752116,96,7,7,adc_s16,0.050000000,12,1,-16.000000000,-6.000000000,6.000000000,16.000000000,0,1,0,0,-3,1,-4,64,-11,16,-17,9,-10,7,-8,2,-3,1,-1,0,-1
256,52,-48,2.611984794232e-03,2.612e-3,-2.583029356,26119.847942323,10000000,26120,2.612000000000e-03,2.612000000000e-03,-2.583026827,0,4.333677974,-0.858355978,2.056922971,2.134609920,96,7,7,adc_s16,0.050000000,12,1,-16.000000000,-6.000000000,6.000000000,16.000000000,0,0,1,-2,0,-3,2,64,-35,17,-16,9,-7,7,-7,3,-2,1,0,0,-1
256,52,-56,2.693146544945e-03,2.693e-3,-2.569740014,26931.465449451,10000000,26931,2.693100000000e-03,2.693100000000e-03,-2.569747520,0,4.291307178,-0.838469615,2.066521369,2.163436552,96,7,7,adc_s16,0.050000000,12,1,-16.000000000,-6.000000000,6.000000000,16.000000000,0,0,1,-2,0,-3,2,64,-35,16,-15,8,-7,7,-7,3,-2,1,0,0,-1
256,52,-60,2.715298304441e-03,2.715e-3,-2.566182452,27152.983044406,10000000,27153,2.715300000000e-03,2.715300000000e-03,-2.566182180,0,4.061808806,-0.839704792,2.029145971,2.164462771,96,7,7,adc_s16,0.050000000,12,1,-16.000000000,-6.000000000,6.000000000,16.000000000,0,0,1,-2,0,-3,1,64,-35,15,-14,8,-7,7,-7,3,-2,1,0,0,-1
256,168,-68,2.739598123899e-03,2.740e-3,-2.562313140,27395.981238989,10000000,27396,2.739600000000e-03,2.739600000000e-03,-2.562312842,0,3.457947733,-0.895689229,1.828620633,1.672406158,96,7,7,adc_s16,0.050000000,12,1,-16.000000000,-6.000000000,6.000000000,16.000000000,0,1,0,0,-3,2,-6,64,-23,4,-8,4,-7,7,-8,3,-3,2,-1,1,-1
256,96,28,2.754820015864e-03,2.755e-3,-2.559906770,27548.200158642,10000000,27548,2.754800000000e-03,2.754800000000e-03,-2.559909926,0,5.169653028,-1.018898221,2.226516321,2.080991505,96,7,7,adc_s16,0.050000000,12,1,-16.000000000,-6.000000000,6.000000000,16.000000000,0,1,1,-1,0,-3,2,64,-25,23,-20,11,-10,7,-7,2,-2,1,0,0,-1
256,112,52,2.767144698713e-03,2.767e-3,-2.557968130,27671.446987126,10000000,27671,2.767100000000e-03,2.767100000000e-03,-2.557975146,0,5.039071612,-1.067564229,2.198226514,2.116254835,96,7,7,adc_s16,0.050000000,12,1,-16.000000000,-6.000000000,6.000000000,16.000000000,0,1,1,-1,0,-3,2,64,-22,25,-22,12,-10,7,-7,2,-2,1,0,0,-1
256,128,64,2.845532396457e-03,2.846e-3,-2.545836466,28455.323964565,10000000,28455,2.845500000000e-03,2.845500000000e-03,-2.545841410,0,5.180881166,-1.075963439,2.223737331,2.086128405,96,7,7,adc_s16,0.050000000,12,1,-16.000000000,-6.000000000,6.000000000,16.000000000,0,1,0,-1,0,-3,2,64,-18,25,-22,12,-11,7,-7,2,-3,1,0,0,-1
256,80,12,2.848671942203e-03,2.849e-3,-2.545357562,28486.719422026,10000000,28487,2.848700000000e-03,2.848700000000e-03,-2.545353284,0,4.879770900,-0.965662055,2.172213174,2.030948612,96,7,7,adc_s16,0.050000000,12,1,-16.000000000,-6.000000000,6.000000000,16.000000000,0,1,1,-2,0,-3,3,64,-29,22,-20,11,-9,7,-7,3,-2,1,0,0,-1
256,184,-52,2.849171763051e-03,2.849e-3,-2.545281368,28491.717630508,10000000,28492,2.849200000000e-03,2.849200000000e-03,-2.545277064,0,3.464988137,-0.896306818,1.827065368,1.766440842,96,7,7,adc_s16,0.050000000,12,1,-16.000000000,-6.000000000,6.000000000,16.000000000,0,1,0,0,-4,3,-6,64,-20,4,-8,5,-7,7,-8,3,-3,2,-1,1,-2
256,76,4,2.868458189834e-03,2.868e-3,-2.542351476,28684.581898338,10000000,28685,2.868500000000e-03,2.868500000000e-03,-2.542345146,0,4.619179523,-0.953649951,2.105391212,2.012138641,96,7,7,adc_s16,0.050000000,12,1,-16.000000000,-6.000000000,6.000000000,16.000000000,0,1,1,-2,0,-3,2,64,-30,22,-19,11,-9,7,-7,3,-2,1,0,0,-1
256,204,-16,2.872560921748e-03,2.873e-3,-2.541730752,28725.609217484,10000000,28726,2.872600000000e-03,2.872600000000e-03,-2.541724844,0,3.611219917,-0.952908844,1.841635692,1.767032724,96,7,7,adc_s16,0.050000000,12,1,-16.000000000,-6.000000000,6.000000000,16.000000000,0,1,0,0,-4,2,-6,64,-15,7,-11,6,-8,7,-8,3,-3,2,-1,1,-2
256,116,48,2.874288241096e-03,2.874e-3,-2.541469682,28742.882410960,10000000,28743,2.874300000000e-03,2.874300000000e-03,-2.541467905,0,5.164924342,-1.054625741,2.230947559,2.070549926,96,7,7,adc_s16,0.050000000,12,1,-16.000000000,-6.000000000,6.000000000,16.000000000,0,1,1,-1,0,-3,2,64,-21,24,-21,12,-10,7,-7,2,-2,1,0,0,-1
256,160,-80,2.906387662699e-03,2.906e-3,-2.536646459,29063.876626990,10000000,29064,2.906400000000e-03,2.906400000000e-03,-2.536644615,0,3.416727821,-0.834980237,1.852454284,1.691685743,96,7,7,adc_s16,0.050000000,12,1,-16.000000000,-6.000000000,6.000000000,16.000000000,0,1,0,0,-3,2,-6,64,-25,3,-7,4,-6,7,-8,3,-3,2,-1,1,-1
256,112,44,2.913818831637e-03,2.914e-3,-2.535537454,29138.188316372,10000000,29138,2.913800000000e-03,2.913800000000e-03,-2.535540261,0,5.039310375,-1.078063241,2.206089020,2.118803856,96,7,7,adc_s16,0.050000000,12,1,-16.000000000,-6.000000000,6.000000000,16.000000000,0,1,1,-1,0,-3,2,64,-22,24,-21,12,-10,7,-7,2,-2,1,0,0,-1
256,64,-12,2.933999217310e-03,2.934e-3,-2.532540006,29339.992173096,10000000,29340,2.934000000000e-03,2.934000000000e-03,-2.532539890,0,4.809297940,-0.918848814,2.155768800,2.002065102,96,7,7,adc_s16,0.050000000,12,1,-16.000000000,-6.000000000,6.000000000,16.000000000,0,1,1,-2,0,-3,3,64,-33,21,-18,10,-8,7,-7,3,-2,1,0,0,-1
256,52,-24,2.942706719368e-03,2.943e-3,-2.531253019,29427.067193683,10000000,29427,2.942700000000e-03,2.942700000000e-03,-2.531254011,0,4.838023361,-0.887629694,2.165768158,2.030824145,96,7,7,adc_s16,0.050000000,12,1,-16.000000000,-6.000000000,6.000000000,16.000000000,0,1,1,-2,0,-3,3,64,-35,20,-18,10,-8,7,-7,3,-2,1,0,0,-1
256,208,-12,2.945867383461e-03,2.946e-3,-2.530786808,29458.673834607,10000000,29459,2.945900000000e-03,2.945900000000e-03,-2.530782000,0,3.543109074,-0.996294466,1.831945841,1.737766617,96,7,7,adc_s16,0.050000000,12,1,-16.000000000,-6.000000000,6.000000000,16.000000000,0,1,0,0,-4,2,-6,64,-14,7,-11,6,-8,7,-8,3,-3,2,-1,1,-2
256,128,72,2.982873263843e-03,2.983e-3,-2.525365199,29828.732638434,10000000,29829,2.982900000000e-03,2.982900000000e-03,-2.525361306,0,5.426010901,-1.075098814,2.247280216,2.111307439,96,7,7,adc_s16,0.050000000,12,1,-16.000000000,-6.000000000,6.000000000,16.000000000,0,1,1,-1,0,-3,2,64,-18,25,-23,13,-11,7,-7,2,-3,1,0,0,-1
256,220,68,2.983596877978e-03,2.984e-3,-2.525259856,29835.968779776,10000000,29836,2.983600000000e-03,2.983600000000e-03,-2.525259402,0,3.870744359,-1.084702322,1.915211165,2.117720037,96,7,7,adc_s16,0.050000000,12,1,-16.000000000,-6.000000000,6.000000000,16.000000000,0,1,0,0,-3,1,-4,64,-11,17,-18,10,-10,7,-8,2,-3,1,-1,0,-1
256,120,52,2.985693027495e-03,2.986e-3,-2.524954846,29856.930274946,10000000,29857,2.985700000000e-03,2.985700000000e-03,-2.524953832,0,5.257508967,-1.059720850,2.245281809,2.096863060,96,7,7,adc_s16,0.050000000,12,1,-16.000000000,-6.000000000,6.000000000,16.000000000,0,1,1,-1,0,-3,2,64,-20,24,-21,12,-10,7,-7,2,-3,1,0,0,-1
256,56,-16,3.000463263096e-03,3.000e-3,-2.522811686,30004.632630955,10000000,30005,3.000500000000e-03,3.000500000000e-03,-2.522806369,0,4.934080179,-0.886425395,2.183193752,2.023560605,96,7,7,adc_s16,0.050000000,12,1,-16.000000000,-6.000000000,6.000000000,16.000000000,0,1,1,-2,0,-4,3,64,-34,21,-18,10,-8,7,-7,3,-2,0,0,0,-1
256,220,-12,3.026813099133e-03,3.027e-3,-2.519014395,30268.130991325,10000000,30268,3.026800000000e-03,3.026800000000e-03,-2.519016275,0,3.753055522,-1.072721097,1.878978453,1.717122633,96,7,7,adc_s16,0.050000000,12,1,-16.000000000,-6.000000000,6.000000000,16.000000000,0,1,0,1,-4,3,-7,64,-12,6,-10,6,-8,7,-8,3,-3,2,-1,1,-2
256,124,60,3.043135280565e-03,3.043e-3,-2.516678741,30431.352805652,10000000,30431,3.043100000000e-03,3.043100000000e-03,-2.516683776,0,5.233814809,-1.086308053,2.230548796,2.138521241,96,7,7,adc_s16,0.050000000,12,1,-16.000000000,-6.000000000,6.000000000,16.000000000,0,1,1,-1,0,-3,2,64,-19,25,-22,12,-10,7,-7,2,-3,1,0,0,-1
256,204,-28,3.045823656663e-03,3.046e-3,-2.516295245,30458.236566626,10000000,30458,3.045800000000e-03,3.045800000000e-03,-2.516298618,0,3.726454740,-0.942903903,1.876718937,1.750015554,96,7,7,adc_s16,0.050000000,12,1,-16.000000000,-6.000000000,6.000000000,16.000000000,0,1,0,0,-4,3,-7,64,-15,5,-9,5,-8,7,-8,3,-3,2,-1,1,-2
256,128,68,3.085201861347e-03,3.085e-3,-2.510716415,30852.018613466,10000000,30852,3.085200000000e-03,3.085200000000e-03,-2.510716677,0,5.448036287,-1.091156126,2.269968721,2.114680124,96,7,7,adc_s16,0.050000000,12,1,-16.000000000,-6.000000000,6.000000000,16.000000000,0,1,1,-1,0,-3,2,64,-18,25,-22,12,-11,7,-7,2,-3,1,0,0,-1
256,52,-20,3.109393203354e-03,3.109e-3,-2.507324355,31093.932033536,10000000,31094,3.109400000000e-03,3.109400000000e-03,-2.507323406,0,4.826829340,-0.900846097,2.181514430,2.039250735,96,7,7,adc_s16,0.050000000,12,1,-16.000000000,-6.000000000,6.000000000,16.000000000,0,1,1,-2,0,-4,3,64,-35,21,-18,10,-8,7,-7,3,-2,0,0,0,-1
256,200,-24,3.115335144955e-03,3.115e-3,-2.506495225,31153.351449547,10000000,31153,3.115300000000e-03,3.115300000000e-03,-2.506500125,0,3.532620528,-0.932250494,1.857870755,1.790761587,96,7,7,adc_s16,0.050000000,12,1,-16.000000000,-6.000000000,6.000000000,16.000000000,0,1,0,0,-4,2,-6,64,-16,6,-10,6,-8,7,-8,3,-3,2,-1,1,-2
256,116,56,3.123149342208e-03,3.123e-3,-2.505407248,31231.493422083,10000000,31231,3.123100000000e-03,3.123100000000e-03,-2.505414110,0,5.161473689,-1.079082263,2.241739983,2.167030851,96,7,7,adc_s16,0.050000000,12,1,-16.000000000,-6.000000000,6.000000000,16.000000000,0,1,1,-1,0,-3,2,64,-21,25,-22,12,-10,7,-7,2,-2,1,0,0,-1
256,124,64,3.146258485766e-03,3.146e-3,-2.502205600,31462.584857660,10000000,31463,3.146300000000e-03,3.146300000000e-03,-2.502199870,0,5.338658808,-1.087913785,2.251302340,2.125350950,96,7,7,adc_s16,0.050000000,12,1,-16.000000000,-6.000000000,6.000000000,16.000000000,0,1,1,-1,0,-3,2,64,-19,25,-22,12,-11,7,-7,2,-3,1,0,0,-1
256,116,52,3.165532686368e-03,3.166e-3,-2.499553198,31655.326863682,10000000,31655,3.165500000000e-03,3.165500000000e-03,-2.499557682,0,5.292509388,-1.056354990,2.259953678,2.103488982,96,7,7,adc_s16,0.050000000,12,1,-16.000000000,-6.000000000,6.000000000,16.000000000,0,1,1,-1,0,-3,2,64,-21,24,-21,12,-10,7,-7,2,-2,1,0,0,-1
256,88,28,3.167396641982e-03,3.167e-3,-2.499297548,31673.966419820,10000000,31674,3.167400000000e-03,3.167400000000e-03,-2.499297088,0,5.209377474,-0.975234684,2.224548666,2.061634817,96,7,7,adc_s16,0.050000000,12,1,-16.000000000,-6.000000000,6.000000000,16.000000000,0,1,1,-2,0,-3,3,64,-27,24,-21,11,-10,7,-7,2,-2,0,0,0,-1
256,112,48,3.182051223224e-03,3.182e-3,-2.497292834,31820.512232236,10000000,31821,3.182100000000e-03,3.182100000000e-03,-2.497286176,0,5.164412907,-1.079792490,2.232866606,2.151445996,96,7,7,adc_s16,0.050000000,12,1,-16.000000000,-6.000000000,6.000000000,16.000000000,0,1,1,-1,0,-3,2,64,-22,24,-21,12,-10,7,-7,2,-2,1,0,0,-1
256,132,76,3.207742653587e-03,3.208e-3,-2.493800481,32077.426535871,10000000,32077,3.207700000000e-03,3.207700000000e-03,-2.493806256,0,5.442280908,-1.103662302,2.280137102,2.116757168,96,7,7,adc_s16,0.050000000,12,1,-16.000000000,-6.000000000,6.000000000,16.000000000,0,1,0,-1,0,-3,2,64,-17,25,-23,13,-11,7,-7,2,-3,1,0,0,-1
256,188,-44,3.210329556380e-03,3.210e-3,-2.493450383,32103.295563797,10000000,32103,3.210300000000e-03,3.210300000000e-03,-2.493454381,0,3.522438830,-0.940186512,1.857945373,1.768247727,96,7,7,adc_s16,0.050000000,12,1,-16.000000000,-6.000000000,6.000000000,16.000000000,0,1,0,0,-4,3,-6,64,-19,5,-9,5,-7,7,-8,3,-3,2,-1,1,-2
256,192,-36,3.218424343316e-03,3.218e-3,-2.492356696,32184.243433163,10000000,32184,3.218400000000e-03,3.218400000000e-03,-2.492359980,0,3.512438266,-0.931571146,1.846797696,1.782676442,96,7,7,adc_s16,0.050000000,12,1,-16.000000000,-6.000000000,6.000000000,16.000000000,0,1,0,0,-4,2,-6,64,-18,6,-9,5,-7,7,-8,3,-3,2,-1,1,-2
256,120,60,3.220391243802e-03,3.220e-3,-2.492091363,32203.912438022,10000000,32204,3.220400000000e-03,3.220400000000e-03,-2.492090182,0,5.242049357,-1.076272233,2.242333380,2.160574435,96,7,7,adc_s16,0.050000000,12,1,-16.000000000,-6.000000000,6.000000000,16.000000000,0,1,1,-1,0,-3,2,64,-20,25,-22,12,-10,7,-7,2,-3,1,0,0,-1
256,208,-20,3.247879599537e-03,3.248e-3,-2.488400079,32478.795995367,10000000,32479,3.247900000000e-03,3.247900000000e-03,-2.488397351,0,3.814597662,-0.967144269,1.872646172,1.722712976,96,7,7,adc_s16,0.050000000,12,1,-16.000000000,-6.000000000,6.000000000,16.000000000,0,1,0,0,-4,3,-7,64,-14,6,-10,5,-8,7,-8,3,-3,2,-1,1,-2
256,120,64,3.248390163450e-03,3.248e-3,-2.488331813,32483.901634504,10000000,32484,3.248400000000e-03,3.248400000000e-03,-2.488330498,0,5.458159698,-1.062438241,2.281053081,2.150871768,96,7,7,adc_s16,0.050000000,12,1,-16.000000000,-6.000000000,6.000000000,16.000000000,0,1,1,-1,0,-3,2,64,-20,25,-22,12,-11,7,-7,2,-3,1,0,0,-1
256,80,8,3.256255935805e-03,3.256e-3,-2.487281468,32562.559358048,10000000,32563,3.256300000000e-03,3.256300000000e-03,-2.487275591,0,4.740460262,-0.966403162,2.144530796,2.064323102,96,7,7,adc_s16,0.050000000,12,1,-16.000000000,-6.000000000,6.000000000,16.000000000,0,1,1,-2,0,-3,2,64,-29,22,-19,11,-9,7,-7,3,-2,1,0,0,-1
256,64,-8,3.272409520463e-03,3.272e-3,-2.485132353,32724.095204628,10000000,32724,3.272400000000e-03,3.272400000000e-03,-2.485133616,0,4.965477823,-0.908473320,2.196480691,2.092710017,96,7,7,adc_s16,0.050000000,12,1,-16.000000000,-6.000000000,6.000000000,16.000000000,0,1,1,-2,0,-3,3,64,-32,21,-19,10,-9,7,-7,3,-2,1,0,0,-1
256,200,-28,3.286399813410e-03,3.286e-3,-2.483279603,32863.998134099,10000000,32864,3.286400000000e-03,3.286400000000e-03,-2.483279578,0,3.545472566,-0.953742589,1.857985517,1.793260843,96,7,7,adc_s16,0.050000000,12,1,-16.000000000,-6.000000000,6.000000000,16.000000000,0,1,0,0,-4,3,-6,64,-16,6,-10,5,-8,7,-8,3,-3,2,-1,1,-2
256,56,-20,3.310510193804e-03,3.311e-3,-2.480105070,33105.101938035,10000000,33105,3.310500000000e-03,3.310500000000e-03,-2.480106408,0,4.948107868,-0.898777174,2.185246378,2.063116322,96,7,7,adc_s16,0.050000000,12,1,-16.000000000,-6.000000000,6.000000000,16.000000000,0,1,1,-2,0,-3,3,64,-34,20,-18,10,-8,7,-7,3,-2,1,0,0,-1
256,88,20,3.326559600772e-03,3.327e-3,-2.478004691,33265.596007721,10000000,33266,3.326600000000e-03,3.326600000000e-03,-2.477999417,0,4.835535947,-0.994132905,2.172557812,2.053126843,96,7,7,adc_s16,0.050000000,12,1,-16.000000000,-6.000000000,6.000000000,16.000000000,0,1,1,-2,0,-3,2,64,-27,23,-20,11,-9,7,-7,3,-2,1,0,0,-1
256,52,-16,3.326591663412e-03,3.327e-3,-2.478000505,33265.916634120,10000000,33266,3.326600000000e-03,3.326600000000e-03,-2.477999417,0,4.920327073,-0.902575346,2.202355783,2.066128214,96,7,7,adc_s16,0.050000000,12,1,-16.000000000,-6.000000000,6.000000000,16.000000000,0,1,1,-2,0,-4,3,64,-35,21,-18,10,-8,7,-7,3,-2,0,0,0,-1
256,52,-68,3.344493370668e-03,3.344e-3,-2.475669661,33444.933706676,10000000,33445,3.344500000000e-03,3.344500000000e-03,-2.475668800,0,4.421219387,-0.829823370,2.094705722,2.242542724,96,7,7,adc_s16,0.050000000,12,1,-16.000000000,-6.000000000,6.000000000,16.000000000,0,0,1,-2,0,-2,1,64,-35,14,-14,8,-7,7,-7,3,-2,1,0,0,-1
256,168,-72,3.346993329101e-03,3.347e-3,-2.475345153,33469.933291009,10000000,33470,3.347000000000e-03,3.347000000000e-03,-2.475344288,0,3.704638062,-0.857892787,1.901248492,1.720696286,96,7,7,adc_s16,0.050000000,12,1,-16.000000000,-6.000000000,6.000000000,16.000000000,0,1,0,0,-3,2,-6,64,-24,3,-7,4,-6,7,-8,3,-3,2,-1,1,-1
256,84,12,3.394643616700e-03,3.395e-3,-2.469205813,33946.436166999,10000000,33946,3.394600000000e-03,3.394600000000e-03,-2.469211393,0,4.865958850,-0.970386611,2.165611542,2.105006982,96,7,7,adc_s16,0.050000000,12,1,-16.000000000,-6.000000000,6.000000000,16.000000000,0,1,1,-2,0,-3,2,64,-28,22,-19,11,-9,7,-7,3,-2,1,0,0,-1
256,196,-32,3.424466493634e-03,3.424e-3,-2.465407079,34244.664936337,10000000,34245,3.424500000000e-03,3.424500000000e-03,-2.465402829,0,3.626386093,-0.954699852,1.868985247,1.798908765,96,7,7,adc_s16,0.050000000,12,1,-16.000000000,-6.000000000,6.000000000,16.000000000,0,1,0,0,-4,3,-6,64,-17,6,-10,5,-8,7,-8,3,-3,2,-1,1,-2
256,92,24,3.426922509958e-03,3.427e-3,-2.465095716,34269.225099580,10000000,34269,3.426900000000e-03,3.426900000000e-03,-2.465098568,0,5.127008633,-0.984529397,2.242877818,2.195789702,96,7,7,adc_s16,0.050000000,12,1,-16.000000000,-6.000000000,6.000000000,16.000000000,0,1,1,-1,0,-3,2,64,-26,23,-20,11,-9,7,-7,2,-2,1,0,0,-1
256,72,8,3.444285060407e-03,3.444e-3,-2.462900912,34442.850604072,10000000,34443,3.444300000000e-03,3.444300000000e-03,-2.462899028,0,5.014087948,-0.943984684,2.214571561,2.122400586,96,7,7,adc_s16,0.050000000,12,1,-16.000000000,-6.000000000,6.000000000,16.000000000,0,1,1,-2,0,-4,3,64,-30,22,-20,11,-9,7,-7,3,-2,0,0,0,-1
256,92,28,3.458079727503e-03,3.458e-3,-2.461164998,34580.797275034,10000000,34581,3.458100000000e-03,3.458100000000e-03,-2.461162452,0,4.912503519,-1.004045208,2.183566788,2.058922900,96,7,7,adc_s16,0.050000000,12,1,-16.000000000,-6.000000000,6.000000000,16.000000000,0,1,1,-2,0,-3,2,64,-26,23,-20,11,-10,7,-7,2,-2,1,0,0,-1
256,216,-12,3.490353882223e-03,3.490e-3,-2.457130538,34903.538822234,10000000,34904,3.490400000000e-03,3.490400000000e-03,-2.457124800,0,3.782105538,-1.015254447,1.897552936,1.737799125,96,7,7,adc_s16,0.050000000,12,1,-16.000000000,-6.000000000,6.000000000,16.000000000,0,1,0,1,-4,3,-7,64,-13,6,-10,6,-8,7,-8,3,-3,2,-1,1,-2
256,132,72,3.496744148137e-03,3.497e-3,-2.456336143,34967.441481366,10000000,34967,3.496700000000e-03,3.496700000000e-03,-2.456341626,0,5.455780433,-1.112185030,2.276934548,2.119149347,96,7,7,adc_s16,0.050000000,12,1,-16.000000000,-6.000000000,6.000000000,16.000000000,0,1,0,-1,0,-3,2,64,-17,25,-22,12,-11,7,-7,2,-3,1,0,0,-1
256,104,40,3.503969765014e-03,3.504e-3,-2.455439650,35039.697650140,10000000,35040,3.504000000000e-03,3.504000000000e-03,-2.455435903,0,5.507195397,-1.039587451,2.289399243,2.138648232,96,7,7,adc_s16,0.050000000,12,1,-16.000000000,-6.000000000,6.000000000,16.000000000,0,1,1,-1,0,-3,2,64,-23,24,-21,12,-10,7,-7,2,-2,1,0,0,-1
256,52,-76,3.549137945773e-03,3.549e-3,-2.449877120,35491.379457730,10000000,35491,3.549100000000e-03,3.549100000000e-03,-2.449881764,0,4.708748809,-0.834393528,2.172094706,2.270666735,96,7,7,adc_s16,0.050000000,12,1,-16.000000000,-6.000000000,6.000000000,16.000000000,0,0,1,-1,0,-2,1,64,-35,13,-13,7,-7,7,-7,3,-2,1,0,0,-1
256,136,80,3.588309409711e-03,3.588e-3,-2.445110116,35883.094097111,10000000,35883,3.588300000000e-03,3.588300000000e-03,-2.445111255,0,5.560084167,-1.076519269,2.302294635,2.135029726,96,7,7,adc_s16,0.050000000,12,1,-16.000000000,-6.000000000,6.000000000,16.000000000,0,1,0,-1,0,-3,2,64,-16,25,-23,13,-11,7,-7,2,-3,1,0,0,-1
256,64,4,3.647209580017e-03,3.647e-3,-2.438039280,36472.095800172,10000000,36472,3.647200000000e-03,3.647200000000e-03,-2.438040421,0,5.098765668,-0.922801383,2.236181119,2.106127101,96,7,7,adc_s16,0.050000000,12,1,-16.000000000,-6.000000000,6.000000000,16.000000000,0,1,1,-2,0,-4,3,64,-32,23,-20,11,-9,7,-7,3,-2,0,0,0,-1
256,128,76,3.689690916311e-03,3.690e-3,-2.433010013,36896.909163109,10000000,36897,3.689700000000e-03,3.689700000000e-03,-2.433008944,0,5.704556832,-1.076828063,2.307317610,2.182422971,96,7,7,adc_s16,0.050000000,12,1,-16.000000000,-6.000000000,6.000000000,16.000000000,0,1,1,-1,0,-3,2,64,-18,25,-23,13,-11,7,-7,2,-3,1,0,0,-1
256,124,68,3.689823041286e-03,3.690e-3,-2.432994461,36898.230412863,10000000,36898,3.689800000000e-03,3.689800000000e-03,-2.432997173,0,5.565801844,-1.089643034,2.298806731,2.181610645,96,7,7,adc_s16,0.050000000,12,1,-16.000000000,-6.000000000,6.000000000,16.000000000,0,1,1,-1,0,-3,2,64,-19,25,-22,12,-11,7,-7,2,-3,1,0,0,-1
256,164,-80,3.716597105589e-03,3.717e-3,-2.429854516,37165.971055890,10000000,37166,3.716600000000e-03,3.716600000000e-03,-2.429854177,0,3.835558741,-0.869349061,1.932257886,1.708530528,96,7,7,adc_s16,0.050000000,12,1,-16.000000000,-6.000000000,6.000000000,16.000000000,0,1,0,0,-3,3,-6,64,-25,2,-7,4,-6,7,-8,3,-3,2,-1,1,-1
256,220,64,3.766968803955e-03,3.767e-3,-2.424007976,37669.688039548,10000000,37670,3.767000000000e-03,3.767000000000e-03,-2.424004380,0,4.064238979,-1.090754694,1.974301687,2.143599743,96,7,7,adc_s16,0.050000000,12,1,-16.000000000,-6.000000000,6.000000000,16.000000000,0,1,0,0,-3,1,-4,64,-11,16,-17,9,-10,7,-8,2,-3,1,-1,0,-1
256,200,-32,3.768840553505e-03,3.769e-3,-2.423792236,37688.405535052,10000000,37688,3.768800000000e-03,3.768800000000e-03,-2.423796909,0,3.804559275,-0.934844368,1.914685645,1.777074603,96,7,7,adc_s16,0.050000000,12,1,-16.000000000,-6.000000000,6.000000000,16.000000000,0,1,0,0,-4,3,-7,64,-16,5,-9,5,-8,7,-8,3,-3,2,-1,1,-2
256,60,-4,3.774776791846e-03,3.775e-3,-2.423108724,37747.767918463,10000000,37748,3.774800000000e-03,3.774800000000e-03,-2.423106054,0,5.150255230,-0.914865366,2.254515412,2.103535025,96,7,7,adc_s16,0.050000000,12,1,-16.000000000,-6.000000000,6.000000000,16.000000000,0,1,1,-2,0,-4,3,64,-33,22,-19,11,-9,7,-7,3,-2,0,0,0,-1
256,220,-8,3.790811269927e-03,3.791e-3,-2.421267837,37908.112699273,10000000,37908,3.790800000000e-03,3.790800000000e-03,-2.421269128,0,3.907878441,-1.022078804,1.912697605,1.741540890,96,7,7,adc_s16,0.050000000,12,1,-16.000000000,-6.000000000,6.000000000,16.000000000,0,1,0,1,-4,3,-7,64,-12,7,-11,6,-8,7,-8,3,-3,2,-1,1,-2
256,216,76,3.827885389510e-03,3.828e-3,-2.417041074,38278.853895095,10000000,38279,3.827900000000e-03,3.827900000000e-03,-2.417039416,0,4.138314059,-1.080348320,1.984514227,2.221759230,96,7,7,adc_s16,0.050000000,12,1,-16.000000000,-6.000000000,6.000000000,16.000000000,0,1,0,0,-3,0,-3,64,-11,18,-18,10,-11,7,-8,2,-3,1,-1,0,-1
256,104,44,3.840365480458e-03,3.840e-3,-2.415627443,38403.654804583,10000000,38404,3.840400000000e-03,3.840400000000e-03,-2.415623539,0,5.630855551,-1.041316700,2.316868598,2.171779228,96,7,7,adc_s16,0.050000000,12,1,-16.000000000,-6.000000000,6.000000000,16.000000000,0,1,1,-1,0,-3,2,64,-23,24,-21,12,-10,7,-7,2,-2,1,0,0,-1
256,76,8,3.860626980660e-03,3.861e-3,-2.413342159,38606.269806604,10000000,38606,3.860600000000e-03,3.860600000000e-03,-2.413345194,0,5.239905837,-0.965013587,2.254325887,2.097813352,96,7,7,adc_s16,0.050000000,12,1,-16.000000000,-6.000000000,6.000000000,16.000000000,0,1,1,-2,0,-3,3,64,-30,22,-19,11,-9,7,-7,3,-2,1,0,0,-1
256,52,-72,3.879519768570e-03,3.880e-3,-2.411222031,38795.197685705,10000000,38795,3.879500000000e-03,3.879500000000e-03,-2.411224244,0,4.917098633,-0.808701828,2.212138428,2.246728940,96,7,7,adc_s16,0.050000000,12,1,-16.000000000,-6.000000000,6.000000000,16.000000000,0,0,1,-1,0,-2,1,64,-35,14,-13,7,-7,7,-7,3,-2,1,0,0,-1
256,72,12,3.907507388521e-03,3.908e-3,-2.408100192,39075.073885207,10000000,39075,3.907500000000e-03,3.907500000000e-03,-2.408101013,0,5.322933247,-0.968317688,2.265070285,2.140860893,96,7,7,adc_s16,0.050000000,12,1,-16.000000000,-6.000000000,6.000000000,16.000000000,0,1,1,-2,0,-4,3,64,-30,23,-20,11,-9,7,-7,3,-2,0,0,0,-1
256,212,-12,3.911981319845e-03,3.912e-3,-2.407603228,39119.813198447,10000000,39120,3.912000000000e-03,3.912000000000e-03,-2.407601154,0,3.693167158,-0.981873765,1.894361362,1.740331504,96,7,7,adc_s16,0.050000000,12,1,-16.000000000,-6.000000000,6.000000000,16.000000000,0,1,0,0,-4,3,-7,64,-13,7,-11,6,-8,7,-8,3,-3,2,-1,1,-2
256,68,8,3.953126936753e-03,3.953e-3,-2.403059240,39531.269367529,10000000,39531,3.953100000000e-03,3.953100000000e-03,-2.403062199,0,5.208740533,-0.931231472,2.254364572,2.131847502,96,7,7,adc_s16,0.050000000,12,1,-16.000000000,-6.000000000,6.000000000,16.000000000,0,1,1,-2,0,-4,3,64,-31,23,-20,11,-9,7,-7,3,-2,0,0,0,-1
256,100,36,3.960723418113e-03,3.961e-3,-2.402225484,39607.234181128,10000000,39607,3.960700000000e-03,3.960700000000e-03,-2.402228052,0,5.384287890,-1.037827322,2.296187760,2.183588136,96,7,7,adc_s16,0.050000000,12,1,-16.000000000,-6.000000000,6.000000000,16.000000000,0,1,1,-1,0,-3,2,64,-24,24,-21,12,-10,7,-7,2,-2,1,0,0,-1
256,76,20,4.008837619324e-03,4.009e-3,-2.396981535,40088.376193236,10000000,40088,4.008800000000e-03,4.008800000000e-03,-2.396985610,0,5.316358569,-0.963901927,2.269461216,2.153451136,96,7,7,adc_s16,0.050000000,12,1,-16.000000000,-6.000000000,6.000000000,16.000000000,0,1,1,-2,0,-4,3,64,-29,24,-21,11,-9,7,-7,3,-2,0,0,0,-1
256,84,20,4.022274229840e-03,4.022e-3,-2.395528323,40222.742298396,10000000,40223,4.022300000000e-03,4.022300000000e-03,-2.395525541,0,5.343825734,-0.992619812,2.272276955,2.097188308,96,7,7,adc_s16,0.050000000,12,1,-16.000000000,-6.000000000,6.000000000,16.000000000,0,1,1,-2,0,-3,3,64,-28,23,-20,11,-9,7,-7,3,-2,1,0,0,-1
256,64,-4,4.038655054589e-03,4.039e-3,-2.393763239,40386.550545893,10000000,40387,4.038700000000e-03,4.038700000000e-03,-2.393758406,0,5.159063622,-0.928112648,2.266019356,2.112439914,96,7,7,adc_s16,0.050000000,12,1,-16.000000000,-6.000000000,6.000000000,16.000000000,0,1,1,-2,0,-4,3,64,-32,22,-19,11,-9,7,-7,3,-2,0,0,0,-1
256,220,76,4.096568161616e-03,4.097e-3,-2.387579815,40965.681616162,10000000,40966,4.096600000000e-03,4.096600000000e-03,-2.387576439,0,4.241439662,-1.099524457,2.011836960,2.229032733,96,7,7,adc_s16,0.050000000,12,1,-16.000000000,-6.000000000,6.000000000,16.000000000,0,1,0,0,-3,1,-3,64,-11,18,-18,10,-11,7,-8,2,-3,1,-1,0,-1
256,76,16,4.159074893050e-03,4.159e-3,-2.381003259,41590.748930505,10000000,41591,4.159100000000e-03,4.159100000000e-03,-2.381000637,0,5.441343811,-0.953155879,2.284275712,2.133249388,96,7,7,adc_s16,0.050000000,12,1,-16.000000000,-6.000000000,6.000000000,16.000000000,0,1,1,-2,0,-4,3,64,-29,23,-20,11,-9,7,-7,3,-2,0,0,0,-1
256,132,80,4.192511972794e-03,4.193e-3,-2.377525688,41925.119727942,10000000,41925,4.192500000000e-03,4.192500000000e-03,-2.377526929,0,5.821244369,-1.084887599,2.333667761,2.231732494,96,7,7,adc_s16,0.050000000,12,1,-16.000000000,-6.000000000,6.000000000,16.000000000,0,1,1,-1,0,-3,2,64,-17,25,-23,13,-11,7,-7,2,-3,1,0,0,-1
256,208,-28,4.214351808114e-03,4.214e-3,-2.375269213,42143.518081141,10000000,42144,4.214400000000e-03,4.214400000000e-03,-2.375264247,0,4.004052997,-0.936388340,1.966468493,1.824272413,96,7,7,adc_s16,0.050000000,12,1,-16.000000000,-6.000000000,6.000000000,16.000000000,0,1,0,1,-4,3,-7,64,-15,5,-9,5,-8,7,-8,3,-3,2,-1,1,-2
256,48,-28,4.259237977945e-03,4.259e-3,-2.370668094,42592.379779449,10000000,42592,4.259200000000e-03,4.259200000000e-03,-2.370671966,0,5.115816644,-0.854990119,2.255634518,2.243133068,96,7,7,adc_s16,0.050000000,12,1,-16.000000000,-6.000000000,6.000000000,16.000000000,0,0,1,-2,0,-4,3,64,-35,20,-18,10,-8,7,-7,3,-2,0,0,0,-1
256,100,40,4.270709393963e-03,4.271e-3,-2.369499980,42707.093939627,10000000,42707,4.270700000000e-03,4.270700000000e-03,-2.369500935,0,5.505465529,-1.039556571,2.321904584,2.211754819,96,7,7,adc_s16,0.050000000,12,1,-16.000000000,-6.000000000,6.000000000,16.000000000,0,1,1,-1,0,-3,2,64,-24,24,-21,12,-10,7,-7,2,-2,1,0,0,-1
256,108,52,4.276395067989e-03,4.276e-3,-2.368922180,42763.950679895,10000000,42764,4.276400000000e-03,4.276400000000e-03,-2.368921679,0,5.614196897,-1.065804101,2.324251264,2.258615562,96,7,7,adc_s16,0.050000000,12,1,-16.000000000,-6.000000000,6.000000000,16.000000000,0,1,1,-1,0,-3,2,64,-22,25,-22,12,-10,7,-7,2,-2,1,0,0,-1
256,48,-24,4.291628327690e-03,4.292e-3,-2.367377897,42916.283276898,10000000,42916,4.291600000000e-03,4.291600000000e-03,-2.367380763,0,5.149145962,-0.856719368,2.261092836,2.240592652,96,7,7,adc_s16,0.050000000,12,1,-16.000000000,-6.000000000,6.000000000,16.000000000,0,0,1,-2,0,-4,3,64,-35,20,-18,10,-8,7,-7,3,-2,0,0,0,-1
256,48,-16,4.298880468673e-03,4.299e-3,-2.366644630,42988.804686725,10000000,42989,4.298900000000e-03,4.298900000000e-03,-2.366642657,0,5.687319524,-0.884881423,2.372773770,2.221235829,96,7,7,adc_s16,0.050000000,12,1,-16.000000000,-6.000000000,6.000000000,16.000000000,0,0,1,-2,1,-4,3,64,-35,22,-19,10,-8,7,-7,3,-2,0,0,0,-1
256,64,0,4.327614799588e-03,4.328e-3,-2.363751403,43276.147995878,10000000,43276,4.327600000000e-03,4.327600000000e-03,-2.363752888,0,5.261706651,-0.929841897,2.288581442,2.143304071,96,7,7,adc_s16,0.050000000,12,1,-16.000000000,-6.000000000,6.000000000,16.000000000,0,1,1,-2,0,-4,3,64,-32,22,-19,11,-9,7,-7,3,-2,0,0,0,-1
256,204,-24,4.328269393289e-03,4.328e-3,-2.363685716,43282.693932889,10000000,43283,4.328300000000e-03,4.328300000000e-03,-2.363682645,0,3.894178752,-0.946238883,1.941389797,1.818714996,96,7,7,adc_s16,0.050000000,12,1,-16.000000000,-6.000000000,6.000000000,16.000000000,0,1,0,0,-4,3,-7,64,-15,6,-10,5,-8,7,-8,3,-3,2,-1,1,-2
256,48,-40,4.334934302960e-03,4.335e-3,-2.363017480,43349.343029595,10000000,43349,4.334900000000e-03,4.334900000000e-03,-2.363020917,0,5.008991318,-0.859066206,2.222005155,2.280641465,96,7,7,adc_s16,0.050000000,12,1,-16.000000000,-6.000000000,6.000000000,16.000000000,0,0,1,-2,0,-3,2,64,-35,18,-16,9,-8,7,-7,3,-2,1,0,0,-1
256,216,80,4.337033906343e-03,4.337e-3,-2.362807183,43370.339063435,10000000,43370,4.337000000000e-03,4.337000000000e-03,-2.362810578,0,4.334506087,-1.089118083,2.020099174,2.268991511,96,7,7,adc_s16,0.050000000,12,1,-16.000000000,-6.000000000,6.000000000,16.000000000,0,1,0,0,-3,0,-3,64,-11,19,-19,10,-11,7,-8,2,-3,1,-1,0,-1
256,220,-16,4.344965331226e-03,4.345e-3,-2.362013684,43449.653312257,10000000,43450,4.345000000000e-03,4.345000000000e-03,-2.362010219,0,4.027893843,-0.997745800,1.949168172,1.826627539,96,7,7,adc_s16,0.050000000,12,1,-16.000000000,-6.000000000,6.000000000,16.000000000,0,1,0,1,-4,3,-7,64,-12,6,-10,5,-8,7,-8,3,-3,2,-1,1,-2
256,52,-64,4.382082591667e-03,4.382e-3,-2.358319441,43820.825916669,10000000,43821,4.382100000000e-03,4.382100000000e-03,-2.358317716,0,4.626595966,-0.845016057,2.169539700,2.331291578,96,7,7,adc_s16,0.050000000,12,1,-16.000000000,-6.000000000,6.000000000,16.000000000,0,0,1,-2,0,-2,1,64,-35,15,-14,8,-7,7,-7,3,-2,1,0,0,-1
256,196,-40,4.391543021391e-03,4.392e-3,-2.357382858,43915.430213913,10000000,43915,4.391500000000e-03,4.391500000000e-03,-2.357387113,0,3.929576035,-0.938642540,1.931118712,1.721173902,96,7,7,adc_s16,0.050000000,12,1,-16.000000000,-6.000000000,6.000000000,16.000000000,0,1,0,0,-4,3,-7,64,-17,5,-9,5,-7,7,-8,3,-3,2,-1,1,-2
256,52,-28,4.393196751327e-03,4.393e-3,-2.357219346,43931.967513273,10000000,43932,4.393200000000e-03,4.393200000000e-03,-2.357219025,0,5.321630776,-0.902451828,2.269255601,2.278323329,96,7,7,adc_s16,0.050000000,12,1,-16.000000000,-6.000000000,6.000000000,16.000000000,0,0,1,-2,0,-3,3,64,-35,20,-17,10,-8,7,-7,3,-2,1,0,0,-1
256,172,-72,4.396306970365e-03,4.396e-3,-2.356911991,43963.069703654,10000000,43963,4.396300000000e-03,4.396300000000e-03,-2.356912679,0,3.859289109,-0.857059042,1.932467134,1.824876348,96,7,7,adc_s16,0.050000000,12,1,-16.000000000,-6.000000000,6.000000000,16.000000000,0,1,0,0,-4,3,-6,64,-23,3,-7,4,-6,7,-8,3,-3,2,-1,1,-2
256,92,32,4.428663564027e-03,4.429e-3,-2.353727311,44286.635640270,10000000,44287,4.428700000000e-03,4.428700000000e-03,-2.353723738,0,5.503283620,-0.999351532,2.315119475,2.120377437,96,7,7,adc_s16,0.050000000,12,1,-16.000000000,-6.000000000,6.000000000,16.000000000,0,1,1,-2,0,-3,3,64,-26,24,-21,12,-10,7,-7,2,-2,1,0,0,-1
256,68,4,4.439587210766e-03,4.440e-3,-2.352657408,44395.872107664,10000000,44396,4.439600000000e-03,4.439600000000e-03,-2.352656157,0,5.377375920,-0.945065464,2.307249005,2.168630447,96,7,7,adc_s16,0.050000000,12,1,-16.000000000,-6.000000000,6.000000000,16.000000000,0,1,1,-2,0,-4,3,64,-31,22,-19,11,-9,7,-7,3,-2,0,0,0,-1
256,48,-48,4.446181266284e-03,4.446e-3,-2.352012836,44461.812662840,10000000,44462,4.446200000000e-03,4.446200000000e-03,-2.352011006,0,4.989144048,-0.856595850,2.208899116,2.301551746,96,7,7,adc_s16,0.050000000,12,1,-16.000000000,-6.000000000,6.000000000,16.000000000,0,0,1,-2,0,-3,2,64,-35,17,-16,9,-7,7,-7,3,-2,1,0,0,-1
256,184,-48,4.459825838814e-03,4.460e-3,-2.350682101,44598.258388143,10000000,44598,4.459800000000e-03,4.459800000000e-03,-2.350684617,0,3.865442964,-0.916193182,1.932943546,1.837466668,96,7,7,adc_s16,0.050000000,12,1,-16.000000000,-6.000000000,6.000000000,16.000000000,0,1,0,0,-4,2,-6,64,-20,5,-9,5,-7,7,-8,3,-3,2,-1,1,-2
256,172,-68,4.485674996526e-03,4.486e-3,-2.348172196,44856.749965260,10000000,44857,4.485700000000e-03,4.485700000000e-03,-2.348169775,0,3.820266223,-0.876945405,1.925596720,1.811982939,96,7,7,adc_s16,0.050000000,12,1,-16.000000000,-6.000000000,6.000000000,16.000000000,0,1,0,0,-4,3,-6,64,-23,3,-7,4,-7,7,-8,3,-3,2,-1,1,-1
256,88,24,4.521592844088e-03,4.522e-3,-2.344708547,45215.928440880,10000000,45216,4.521600000000e-03,4.521600000000e-03,-2.344707860,0,5.355277339,-0.980545949,2.303209744,2.130191160,96,7,7,adc_s16,0.050000000,12,1,-16.000000000,-6.000000000,6.000000000,16.000000000,0,1,1,-2,0,-3,3,64,-27,23,-20,11,-9,7,-7,2,-2,1,0,0,-1
256,212,-24,4.531762221410e-03,4.532e-3,-2.343732885,45317.622214103,10000000,45318,4.531800000000e-03,4.531800000000e-03,-2.343729265,0,3.926869755,-0.987432065,1.951299806,1.813504612,96,7,7,adc_s16,0.050000000,12,1,-16.000000000,-6.000000000,6.000000000,16.000000000,0,1,0,1,-4,3,-7,64,-14,5,-9,5,-8,7,-8,3,-3,2,-1,1,-2
256,52,-80,4.532769683801e-03,4.533e-3,-2.343636347,45327.696838006,10000000,45328,4.532800000000e-03,4.532800000000e-03,-2.343633443,0,5.033457274,-0.832664279,2.244709083,2.348173678,96,7,7,adc_s16,0.050000000,12,1,-16.000000000,-6.000000000,6.000000000,16.000000000,0,0,1,-1,0,-2,1,64,-35,13,-13,7,-7,7,-7,3,-2,1,0,0,-1
256,48,-56,4.543569957447e-03,4.544e-3,-2.342602781,45435.699574469,10000000,45436,4.543600000000e-03,4.543600000000e-03,-2.342599909,0,4.938301464,-0.836709486,2.218448934,2.330489002,96,7,7,adc_s16,0.050000000,12,1,-16.000000000,-6.000000000,6.000000000,16.000000000,0,0,1,-2,0,-3,2,64,-35,16,-15,8,-7,7,-7,3,-2,1,0,0,-1
256,208,-24,4.587393128580e-03,4.587e-3,-2.338434040,45873.931285801,10000000,45874,4.587400000000e-03,4.587400000000e-03,-2.338433390,0,4.188308186,-0.976037549,1.988063238,1.832051243,96,7,7,adc_s16,0.050000000,12,1,-16.000000000,-6.000000000,6.000000000,16.000000000,0,1,0,1,-4,3,-7,64,-15,6,-10,5,-8,7,-8,3,-3,2,-1,1,-2
256,100,44,4.601778649579e-03,4.602e-3,-2.337074275,46017.786495786,10000000,46018,4.601800000000e-03,4.601800000000e-03,-2.337072260,0,5.575740596,-1.045361907,2.324771414,2.160439150,96,7,7,adc_s16,0.050000000,12,1,-16.000000000,-6.000000000,6.000000000,16.000000000,0,1,1,-2,0,-3,3,64,-24,25,-22,12,-10,7,-7,2,-2,0,0,0,-1
256,48,-44,4.601885882313e-03,4.602e-3,-2.337064155,46018.858823134,10000000,46019,4.601900000000e-03,4.601900000000e-03,-2.337062823,0,5.085101172,-0.857336957,2.238538108,2.303816001,96,7,7,adc_s16,0.050000000,12,1,-16.000000000,-6.000000000,6.000000000,16.000000000,0,0,1,-2,0,-3,2,64,-35,18,-16,9,-8,7,-7,3,-2,1,0,0,-1
256,124,72,4.622974107462e-03,4.623e-3,-2.335078539,46229.741074619,10000000,46230,4.623000000000e-03,4.623000000000e-03,-2.335076107,0,6.032925853,-1.073338686,2.377205842,2.256543554,96,7,7,adc_s16,0.050000000,12,1,-16.000000000,-6.000000000,6.000000000,16.000000000,0,1,1,-1,0,-3,2,64,-18,25,-23,13,-11,7,-7,2,-3,1,0,0,-1
256,60,-12,4.654182985111e-03,4.654e-3,-2.332156546,46541.829851106,10000000,46542,4.654200000000e-03,4.654200000000e-03,-2.332154958,0,5.412250595,-0.917088686,2.291074631,2.152874515,96,7,7,adc_s16,0.050000000,12,1,-16.000000000,-6.000000000,6.000000000,16.000000000,0,1,1,-2,0,-3,3,64,-33,21,-18,10,-8,7,-7,3,-2,1,0,0,-1
256,208,-32,4.674325524441e-03,4.674e-3,-2.330281046,46743.255244408,10000000,46743,4.674300000000e-03,4.674300000000e-03,-2.330283418,0,4.085171498,-0.934659091,1.988053451,1.838085851,96,7,7,adc_s16,0.050000000,12,1,-16.000000000,-6.000000000,6.000000000,16.000000000,0,1,0,1,-4,3,-7,64,-15,5,-9,5,-8,7,-8,3,-3,2,-1,1,-2
256,48,-20,4.702568402106e-03,4.703e-3,-2.327664879,47025.684021061,10000000,47026,4.702600000000e-03,4.702600000000e-03,-2.327661960,0,5.845608988,-0.888463439,2.391879710,2.238008660,96,7,7,adc_s16,0.050000000,12,1,-16.000000000,-6.000000000,6.000000000,16.000000000,0,0,1,-2,1,-4,3,64,-35,21,-18,10,-8,7,-7,3,-2,0,0,0,-1
256,80,20,4.707173522490e-03,4.707e-3,-2.327239792,47071.735224898,10000000,47072,4.707200000000e-03,4.707200000000e-03,-2.327237349,0,5.563972223,-0.976408103,2.326641791,2.198335410,96,7,7,adc_s16,0.050000000,12,1,-16.000000000,-6.000000000,6.000000000,16.000000000,0,1,1,-2,0,-4,3,64,-28,23,-20,11,-9,7,-7,3,-2,0,0,0,-1
256,92,40,4.711264244649e-03,4.711e-3,-2.326862536,47112.642446495,10000000,47113,4.711300000000e-03,4.711300000000e-03,-2.326859240,0,5.731018574,-0.995769516,2.344209483,2.191469520,96,7,7,adc_s16,0.050000000,12,1,-16.000000000,-6.000000000,6.000000000,16.000000000,0,1,1,-2,0,-4,3,64,-25,25,-22,12,-10,7,-7,2,-2,0,0,0,-1
256,112,56,4.741039260051e-03,4.741e-3,-2.324126448,47410.392600509,10000000,47410,4.741000000000e-03,4.741000000000e-03,-2.324130045,0,5.742328212,-1.077322134,2.368334364,2.311362678,96,7,7,adc_s16,0.050000000,12,1,-16.000000000,-6.000000000,6.000000000,16.000000000,0,1,1,-1,0,-3,2,64,-21,25,-22,12,-10,7,-7,2,-2,1,0,0,-1
256,212,-20,4.747607683540e-03,4.748e-3,-2.323525176,47476.076835400,10000000,47476,4.747600000000e-03,4.747600000000e-03,-2.323525879,0,4.105430540,-0.982614872,1.965975031,1.850960259,96,7,7,adc_s16,0.050000000,12,1,-16.000000000,-6.000000000,6.000000000,16.000000000,0,1,0,1,-4,3,-7,64,-14,6,-10,5,-8,7,-8,3,-3,2,-1,1,-2
256,96,40,4.770040521458e-03,4.770e-3,-2.321477932,47700.405214581,10000000,47700,4.770000000000e-03,4.770000000000e-03,-2.321481621,0,5.749900486,-1.004940711,2.370828363,2.141124674,96,7,7,adc_s16,0.050000000,12,1,-16.000000000,-6.000000000,6.000000000,16.000000000,0,1,1,-2,0,-3,3,64,-25,24,-21,12,-10,7,-7,2,-2,0,0,0,-1
256,96,36,4.789966654071e-03,4.790e-3,-2.319667510,47899.666540715,10000000,47900,4.790000000000e-03,4.790000000000e-03,-2.319664487,0,5.624908522,-1.014204545,2.342550162,2.167671398,96,7,7,adc_s16,0.050000000,12,1,-16.000000000,-6.000000000,6.000000000,16.000000000,0,1,1,-2,0,-3,3,64,-25,24,-21,12,-10,7,-7,2,-2,1,0,0,-1
256,80,24,4.796920841725e-03,4.797e-3,-2.319037448,47969.208417254,10000000,47969,4.796900000000e-03,4.796900000000e-03,-2.319039335,0,5.553250888,-0.960721344,2.360545920,2.171844859,96,7,7,adc_s16,0.050000000,12,1,-16.000000000,-6.000000000,6.000000000,16.000000000,0,1,1,-2,0,-4,3,64,-28,24,-21,12,-10,7,-7,2,-2,0,0,0,-1
256,180,-56,4.812995443121e-03,4.813e-3,-2.317584550,48129.954431213,10000000,48130,4.813000000000e-03,4.813000000000e-03,-2.317584138,0,3.755835803,-0.883430089,1.934524349,1.837564191,96,7,7,adc_s16,0.050000000,12,1,-16.000000000,-6.000000000,6.000000000,16.000000000,0,1,0,0,-4,3,-6,64,-21,4,-8,4,-7,7,-8,3,-3,2,-1,1,-2
256,116,60,4.846032523857e-03,4.846e-3,-2.314613675,48460.325238570,10000000,48460,4.846000000000e-03,4.846000000000e-03,-2.314616590,0,5.874677377,-1.090198864,2.376769258,2.286550142,96,7,7,adc_s16,0.050000000,12,1,-16.000000000,-6.000000000,6.000000000,16.000000000,0,1,1,-1,0,-3,2,64,-20,25,-22,12,-10,7,-7,2,-2,1,0,0,-1
256,216,-16,4.846854505179e-03,4.847e-3,-2.314540017,48468.545051788,10000000,48469,4.846900000000e-03,4.846900000000e-03,-2.314535940,0,4.026770743,-0.962635870,1.971108233,1.862243433,96,7,7,adc_s16,0.050000000,12,1,-16.000000000,-6.000000000,6.000000000,16.000000000,0,1,0,1,-4,3,-7,64,-13,6,-10,5,-8,7,-8,3,-3,2,-1,1,-2
256,204,-40,4.872815493919e-03,4.873e-3,-2.312220033,48728.154939187,10000000,48728,4.872800000000e-03,4.872800000000e-03,-2.312221414,0,4.012521349,-0.982059042,1.991580703,1.847884139,96,7,7,adc_s16,0.050000000,12,1,-16.000000000,-6.000000000,6.000000000,16.000000000,0,1,0,1,-4,3,-7,64,-16,4,-8,5,-7,7,-8,3,-3,2,-1,1,-2
256,116,64,4.873424029835e-03,4.873e-3,-2.312165800,48734.240298349,10000000,48734,4.873400000000e-03,4.873400000000e-03,-2.312167941,0,5.814278713,-1.070930089,2.377199671,2.261374364,96,7,7,adc_s16,0.050000000,12,1,-16.000000000,-6.000000000,6.000000000,16.000000000,0,1,1,-1,0,-3,2,64,-20,25,-23,13,-11,7,-7,2,-2,1,0,0,-1
256,72,16,4.882177796506e-03,4.882e-3,-2.311386409,48821.777965058,10000000,48822,4.882200000000e-03,4.882200000000e-03,-2.311384434,0,5.701912632,-0.942502470,2.355568249,2.192300474,96,7,7,adc_s16,0.050000000,12,1,-16.000000000,-6.000000000,6.000000000,16.000000000,0,1,1,-2,0,-4,3,64,-30,24,-20,11,-9,7,-7,3,-2,0,0,0,-1
256,104,48,4.895251162943e-03,4.895e-3,-2.310225021,48952.511629431,10000000,48953,4.895300000000e-03,4.895300000000e-03,-2.310220688,0,6.103117657,-1.070343379,2.431027953,2.292038223,96,7,7,adc_s16,0.050000000,12,1,-16.000000000,-6.000000000,6.000000000,16.000000000,0,1,1,-1,0,-3,3,64,-23,25,-22,12,-10,7,-7,2,-2,1,0,0,-1
256,108,48,4.896633440552e-03,4.897e-3,-2.310102406,48966.334405517,10000000,48966,4.896600000000e-03,4.896600000000e-03,-2.310105372,0,5.760463421,-1.078032362,2.363918746,2.301069820,96,7,7,adc_s16,0.050000000,12,1,-16.000000000,-6.000000000,6.000000000,16.000000000,0,1,1,-1,0,-3,2,64,-22,24,-21,12,-10,7,-7,2,-2,1,0,0,-1
256,48,-36,4.905466594165e-03,4.905e-3,-2.309319677,49054.665941653,10000000,49055,4.905500000000e-03,4.905500000000e-03,-2.309316720,0,5.365137490,-0.874505929,2.310413652,2.308923562,96,7,7,adc_s16,0.050000000,12,1,-16.000000000,-6.000000000,6.000000000,16.000000000,0,0,1,-2,0,-3,3,64,-35,19,-17,9,-8,7,-7,3,-2,1,0,0,-1
256,84,28,4.909617958197e-03,4.910e-3,-2.308952301,49096.179581965,10000000,49096,4.909600000000e-03,4.909600000000e-03,-2.308953890,0,5.659678545,-1.000401433,2.364175466,2.187492065,96,7,7,adc_s16,0.050000000,12,1,-16.000000000,-6.000000000,6.000000000,16.000000000,0,1,1,-2,0,-4,3,64,-27,24,-21,12,-10,7,-7,2,-2,0,0,0,-1
256,180,-60,4.914020261119e-03,4.914e-3,-2.308563057,49140.202611195,10000000,49140,4.914000000000e-03,4.914000000000e-03,-2.308564848,0,4.047549195,-0.902575346,1.977594436,1.850480082,96,7,7,adc_s16,0.050000000,12,1,-16.000000000,-6.000000000,6.000000000,16.000000000,0,1,0,0,-4,3,-6,64,-21,3,-8,4,-7,7,-8,3,-3,2,-1,1,-2
256,120,68,4.922730332736e-03,4.923e-3,-2.307793954,49227.303327355,10000000,49227,4.922700000000e-03,4.922700000000e-03,-2.307796630,0,5.917209440,-1.073184289,2.380881439,2.283140373,96,7,7,adc_s16,0.050000000,12,1,-16.000000000,-6.000000000,6.000000000,16.000000000,0,1,1,-1,0,-3,2,64,-19,25,-23,13,-11,7,-7,2,-3,1,0,0,-1
256,52,-12,4.926272153405e-03,4.926e-3,-2.307481599,49262.721534046,10000000,49263,4.926300000000e-03,4.926300000000e-03,-2.307479144,0,5.791719157,-0.870460721,2.423506558,2.332137463,96,7,7,adc_s16,0.050000000,12,1,-16.000000000,-6.000000000,6.000000000,16.000000000,0,1,1,-2,1,-4,3,64,-34,22,-19,10,-9,7,-7,3,-2,0,0,0,-1
256,88,32,4.933211515147e-03,4.933e-3,-2.306870263,49332.115151468,10000000,49332,4.933200000000e-03,4.933200000000e-03,-2.306871277,0,5.770324050,-1.000926383,2.369892107,2.171092883,96,7,7,adc_s16,0.050000000,12,1,-16.000000000,-6.000000000,6.000000000,16.000000000,0,1,1,-2,0,-4,3,64,-26,24,-21,12,-10,7,-7,2,-2,0,0,0,-1
256,212,-28,4.971654312757e-03,4.972e-3,-2.303499076,49716.543127569,10000000,49717,4.971700000000e-03,4.971700000000e-03,-2.303495085,0,4.005505742,-0.985702816,1.973326094,1.849926970,96,7,7,adc_s16,0.050000000,12,1,-16.000000000,-6.000000000,6.000000000,16.000000000,0,1,0,1,-4,3,-7,64,-14,5,-9,5,-8,7,-8,3,-3,2,-1,1,-2
256,104,52,5.089597540571e-03,5.090e-3,-2.293316558,50895.975405709,10000000,50896,5.089600000000e-03,5.089600000000e-03,-2.293316348,0,6.220283617,-1.049345356,2.461017330,2.323865774,96,7,7,adc_s16,0.050000000,12,1,-16.000000000,-6.000000000,6.000000000,16.000000000,0,1,1,-1,0,-3,3,64,-23,25,-22,12,-10,7,-7,2,-2,0,0,0,-1
256,200,-44,5.146849752134e-03,5.147e-3,-2.288458510,51468.497521339,10000000,51468,5.146800000000e-03,5.146800000000e-03,-2.288462708,0,4.252438449,-0.963376976,2.007729973,1.815743634,96,7,7,adc_s16,0.050000000,12,1,-16.000000000,-6.000000000,6.000000000,16.000000000,0,1,0,1,-4,3,-7,64,-17,4,-8,4,-7,7,-8,3,-3,2,-1,1,-2
256,76,12,5.205247103333e-03,5.205e-3,-2.283558649,52052.471033332,10000000,52052,5.205200000000e-03,5.205200000000e-03,-2.283562579,0,5.701597627,-0.954514575,2.371694157,2.224221672,96,7,7,adc_s16,0.050000000,12,1,-16.000000000,-6.000000000,6.000000000,16.000000000,0,1,1,-2,0,-3,3,64,-29,23,-20,11,-9,7,-7,3,-2,0,0,0,-1
256,88,40,5.214811393754e-03,5.215e-3,-2.282761394,52148.113937543,10000000,52148,5.214800000000e-03,5.214800000000e-03,-2.282762343,0,5.805441103,-0.985363142,2.359240433,2.249458130,96,7,7,adc_s16,0.050000000,12,1,-16.000000000,-6.000000000,6.000000000,16.000000000,0,1,1,-2,0,-4,3,64,-26,25,-22,12,-10,7,-7,2,-2,0,0,0,-1
256,220,72,5.236347969590e-03,5.236e-3,-2.280971501,52363.479695904,10000000,52363,5.236300000000e-03,5.236300000000e-03,-2.280975480,0,4.560232796,-1.089766551,2.069466593,2.265551952,96,7,7,adc_s16,0.050000000,12,1,-16.000000000,-6.000000000,6.000000000,16.000000000,0,1,0,0,-3,1,-4,64,-11,17,-18,10,-11,7,-8,2,-3,1,-1,0,-1
256,188,-52,5.269137856731e-03,5.269e-3,-2.278260439,52691.378567313,10000000,52691,5.269100000000e-03,5.269100000000e-03,-2.278263559,0,4.126393263,-0.914741848,2.002022792,1.822967384,96,7,7,adc_s16,0.050000000,12,1,-16.000000000,-6.000000000,6.000000000,16.000000000,0,1,0,0,-4,3,-7,64,-19,4,-8,4,-7,7,-8,3,-3,2,-1,1,-2
256,48,-60,5.284616484857e-03,5.285e-3,-2.276986525,52846.164848566,10000000,52846,5.284600000000e-03,5.284600000000e-03,-2.276987880,0,5.153218348,-0.834980237,2.267549048,2.385945001,96,7,7,adc_s16,0.050000000,12,1,-16.000000000,-6.000000000,6.000000000,16.000000000,0,0,1,-2,0,-3,2,64,-35,16,-15,8,-7,7,-7,3,-2,1,0,0,-1
256,92,44,5.287776026767e-03,5.288e-3,-2.276726948,52877.760267667,10000000,52878,5.287800000000e-03,5.287800000000e-03,-2.276724979,0,5.917092568,-0.997498765,2.383466046,2.242350446,96,7,7,adc_s16,0.050000000,12,1,-16.000000000,-6.000000000,6.000000000,16.000000000,0,1,1,-2,0,-4,3,64,-25,25,-22,12,-10,7,-7,2,-2,0,0,0,-1
256,112,64,5.295064730230e-03,5.295e-3,-2.276128726,52950.647302295,10000000,52951,5.295100000000e-03,5.295100000000e-03,-2.276125834,0,6.450161404,-1.060647233,2.504612308,2.310326437,96,7,7,adc_s16,0.050000000,12,1,-16.000000000,-6.000000000,6.000000000,16.000000000,0,1,1,-1,0,-3,3,64,-21,25,-23,13,-11,7,-7,2,-2,0,0,0,-1
256,112,60,5.309641240172e-03,5.310e-3,-2.274934822,53096.412401719,10000000,53096,5.309600000000e-03,5.309600000000e-03,-2.274938195,0,5.939954014,-1.079051383,2.408848358,2.355486418,96,7,7,adc_s16,0.050000000,12,1,-16.000000000,-6.000000000,6.000000000,16.000000000,0,1,1,-1,0,-3,2,64,-21,25,-22,12,-10,7,-7,2,-2,1,0,0,-1
256,48,-64,5.352084341694e-03,5.352e-3,-2.271477051,53520.843416939,10000000,53521,5.352100000000e-03,5.352100000000e-03,-2.271475781,0,4.906866745,-0.836215415,2.231602372,2.381336460,96,7,7,adc_s16,0.050000000,12,1,-16.000000000,-6.000000000,6.000000000,16.000000000,0,0,1,-2,0,-3,1,64,-35,15,-14,8,-7,7,-7,3,-2,1,0,0,-1
256,60,0,5.355080912196e-03,5.355e-3,-2.271233963,53550.809121960,10000000,53551,5.355100000000e-03,5.355100000000e-03,-2.271232415,0,5.637546145,-0.919312006,2.355879647,2.232962597,96,7,7,adc_s16,0.050000000,12,1,-16.000000000,-6.000000000,6.000000000,16.000000000,0,1,1,-2,0,-4,3,64,-32,23,-20,11,-9,7,-7,3,-2,0,0,0,-1
256,80,28,5.366909238899e-03,5.367e-3,-2.270275749,53669.092388993,10000000,53669,5.366900000000e-03,5.366900000000e-03,-2.270276497,0,5.733771430,-0.962450593,2.399823733,2.219819004,96,7,7,adc_s16,0.050000000,12,1,-16.000000000,-6.000000000,6.000000000,16.000000000,0,1,1,-2,0,-4,3,64,-28,24,-21,12,-10,7,-7,2,-2,0,0,0,-1
256,108,56,5.415510493741e-03,5.416e-3,-2.266360598,54155.104937414,10000000,54155,5.415500000000e-03,5.415500000000e-03,-2.266361440,0,6.347191899,-1.056787302,2.482793417,2.340856593,96,7,7,adc_s16,0.050000000,12,1,-16.000000000,-6.000000000,6.000000000,16.000000000,0,1,1,-1,0,-3,3,64,-22,25,-22,12,-10,7,-7,2,-2,0,0,0,-1
256,216,-20,5.424324366891e-03,5.424e-3,-2.265654348,54243.243668908,10000000,54243,5.424300000000e-03,5.424300000000e-03,-2.265656299,0,4.322340014,-0.971529150,2.042680230,1.898571302,96,7,7,adc_s16,0.050000000,12,1,-16.000000000,-6.000000000,6.000000000,16.000000000,0,1,0,1,-4,3,-7,64,-13,5,-10,5,-8,7,-8,3,-3,2,-1,1,-2
256,68,0,5.434701789839e-03,5.435e-3,-2.264824281,54347.017898386,10000000,54347,5.434700000000e-03,5.434700000000e-03,-2.264824424,0,5.626345791,-0.969645504,2.361786949,2.193378152,96,7,7,adc_s16,0.050000000,12,1,-16.000000000,-6.000000000,6.000000000,16.000000000,0,1,1,-2,0,-3,3,64,-31,22,-19,11,-9,7,-7,3,-2,0,0,0,-1
256,96,44,5.474052456861e-03,5.474e-3,-2.261691045,54740.524568609,10000000,54741,5.474100000000e-03,5.474100000000e-03,-2.261687273,0,5.844405374,-1.009881423,2.388451969,2.254799634,96,7,7,adc_s16,0.050000000,12,1,-16.000000000,-6.000000000,6.000000000,16.000000000,0,1,1,-2,0,-4,3,64,-24,25,-22,12,-10,7,-7,2,-2,0,0,0,-1
256,124,76,5.481269015146e-03,5.481e-3,-2.261118883,54812.690151459,10000000,54813,5.481300000000e-03,5.481300000000e-03,-2.261116428,0,6.312511920,-1.075067935,2.434230537,2.323230793,96,7,7,adc_s16,0.050000000,12,1,-16.000000000,-6.000000000,6.000000000,16.000000000,0,1,1,-1,0,-3,2,64,-18,25,-23,13,-11,7,-7,2,-3,1,0,0,-1
256,48,-12,5.542677417088e-03,5.543e-3,-2.256280397,55426.774170877,10000000,55427,5.542700000000e-03,5.542700000000e-03,-2.256278627,0,6.551881586,-0.880187747,2.533378902,2.288794626,96,7,7,adc_s16,0.050000000,12,1,-16.000000000,-6.000000000,6.000000000,16.000000000,0,0,1,-2,1,-4,4,64,-35,22,-19,11,-9,7,-7,3,-2,0,0,0,-1
256,56,-8,5.551194616533e-03,5.551e-3,-2.255613547,55511.946165329,10000000,55512,5.551200000000e-03,5.551200000000e-03,-2.255613126,0,5.704820122,-0.911375988,2.375048710,2.234179228,96,7,7,adc_s16,0.050000000,12,1,-16.000000000,-6.000000000,6.000000000,16.000000000,0,1,1,-2,0,-4,3,64,-33,22,-19,11,-9,7,-7,3,-2,0,0,0,-1
256,52,-8,5.554513550917e-03,5.555e-3,-2.255353969,55545.135509173,10000000,55545,5.554500000000e-03,5.554500000000e-03,-2.255355029,0,6.144324095,-0.910233449,2.460926728,2.352576949,96,7,7,adc_s16,0.050000000,12,1,-16.000000000,-6.000000000,6.000000000,16.000000000,0,1,1,-2,1,-4,3,64,-34,22,-19,11,-9,7,-7,3,-2,0,0,0,-1
256,68,16,5.564441244984e-03,5.564e-3,-2.254578439,55644.412449839,10000000,55644,5.564400000000e-03,5.564400000000e-03,-2.254581658,0,6.307715238,-0.958034832,2.467145363,2.382968786,96,7,7,adc_s16,0.050000000,12,1,-16.000000000,-6.000000000,6.000000000,16.000000000,0,1,1,-2,1,-4,3,64,-30,24,-21,11,-9,7,-7,3,-2,0,0,0,-1
256,44,-20,5.575873962929e-03,5.576e-3,-2.253687052,55758.739629293,10000000,55759,5.575900000000e-03,5.575900000000e-03,-2.253685024,0,6.089927132,-0.885962204,2.448312767,2.293426332,96,7,7,adc_s16,0.050000000,12,1,-16.000000000,-6.000000000,6.000000000,16.000000000,0,0,1,-2,1,-4,3,64,-35,21,-19,10,-8,7,-7,3,-2,0,0,0,-1
256,72,4,5.662942046171e-03,5.663e-3,-2.246957883,56629.420461715,10000000,56629,5.662900000000e-03,5.662900000000e-03,-2.246961107,0,5.789356682,-0.961524209,2.375992738,2.249981469,96,7,7,adc_s16,0.050000000,12,1,-16.000000000,-6.000000000,6.000000000,16.000000000,0,1,1,-2,0,-3,3,64,-30,22,-19,11,-9,7,-7,3,-2,1,0,0,-1
256,116,68,5.680271752861e-03,5.680e-3,-2.245630886,56802.717528614,10000000,56803,5.680300000000e-03,5.680300000000e-03,-2.245628727,0,6.571613149,-1.074512105,2.520634226,2.319945124,96,7,7,adc_s16,0.050000000,12,1,-16.000000000,-6.000000000,6.000000000,16.000000000,0,1,1,-1,0,-3,3,64,-20,25,-23,13,-11,7,-7,2,-2,0,0,0,-1
256,184,-56,5.705644847204e-03,5.706e-3,-2.243695265,57056.448472040,10000000,57056,5.705600000000e-03,5.705600000000e-03,-2.243698679,0,4.217134077,-0.863204051,2.039347271,1.897478340,96,7,7,adc_s16,0.050000000,12,1,-16.000000000,-6.000000000,6.000000000,16.000000000,0,1,0,0,-4,3,-7,64,-20,4,-8,4,-7,7,-8,3,-3,2,-1,1,-2
256,180,-64,5.747605753858e-03,5.748e-3,-2.240513029,57476.057538576,10000000,57476,5.747600000000e-03,5.747600000000e-03,-2.240513464,0,4.155641799,-0.881083251,2.019981452,1.886526498,96,7,7,adc_s16,0.050000000,12,1,-16.000000000,-6.000000000,6.000000000,16.000000000,0,1,0,0,-4,3,-7,64,-21,3,-7,4,-7,7,-8,3,-3,2,-1,1,-2
256,60,4,5.780166656005e-03,5.780e-3,-2.238059640,57801.666560053,10000000,57802,5.780200000000e-03,5.780200000000e-03,-2.238057134,0,6.201453300,-0.915977026,2.465736086,2.361015676,96,7,7,adc_s16,0.050000000,12,1,-16.000000000,-6.000000000,6.000000000,16.000000000,0,1,1,-2,1,-4,3,64,-32,23,-20,11,-9,7,-7,3,-2,0,0,0,-1
256,176,-64,5.783504847501e-03,5.784e-3,-2.237808896,57835.048475011,10000000,57835,5.783500000000e-03,5.783500000000e-03,-2.237809260,0,4.146797049,-0.875988142,2.027849224,1.928019181,96,7,7,adc_s16,0.050000000,12,1,-16.000000000,-6.000000000,6.000000000,16.000000000,0,1,0,0,-4,3,-6,64,-22,3,-8,4,-7,7,-8,3,-3,2,-1,1,-2
256,52,-4,5.786500011171e-03,5.787e-3,-2.237584042,57865.000111706,10000000,57865,5.786500000000e-03,5.786500000000e-03,-2.237584043,0,6.564340107,-0.914309536,2.547278283,2.343787252,96,7,7,adc_s16,0.050000000,12,1,-16.000000000,-6.000000000,6.000000000,16.000000000,0,1,1,-2,1,-4,4,64,-34,23,-20,11,-9,7,-7,3,-2,0,0,0,-1
256,176,-68,5.794671780911e-03,5.795e-3,-2.236971158,57946.717809114,10000000,57947,5.794700000000e-03,5.794700000000e-03,-2.236969043,0,4.249123908,-0.872529644,2.023661078,1.892304814,96,7,7,adc_s16,0.050000000,12,1,-16.000000000,-6.000000000,6.000000000,16.000000000,0,1,0,0,-4,3,-7,64,-22,3,-7,4,-7,7,-8,3,-3,2,-1,1,-2
256,44,-28,5.796449852772e-03,5.796e-3,-2.236837917,57964.498527716,10000000,57964,5.796400000000e-03,5.796400000000e-03,-2.236841652,0,6.227635231,-0.883368330,2.465037508,2.343285008,96,7,7,adc_s16,0.050000000,12,1,-16.000000000,-6.000000000,6.000000000,16.000000000,0,0,1,-2,1,-4,3,64,-35,20,-18,10,-8,7,-7,3,-2,0,0,0,-1
256,80,16,5.804715139298e-03,5.805e-3,-2.236219088,58047.151392984,10000000,58047,5.804700000000e-03,5.804700000000e-03,-2.236220221,0,5.880738888,-0.989130435,2.390131799,2.227424939,96,7,7,adc_s16,0.050000000,12,1,-16.000000000,-6.000000000,6.000000000,16.000000000,0,1,1,-2,0,-3,3,64,-28,23,-20,11,-9,7,-7,3,-2,1,0,0,-1
256,204,-36,5.805500443054e-03,5.806e-3,-2.236160337,58055.004430537,10000000,58055,5.805500000000e-03,5.805500000000e-03,-2.236160371,0,4.306464451,-0.978229990,2.057622912,1.891469342,96,7,7,adc_s16,0.050000000,12,1,-16.000000000,-6.000000000,6.000000000,16.000000000,0,1,0,1,-4,3,-7,64,-16,4,-9,5,-7,7,-8,3,-3,2,-1,1,-2
256,84,24,5.845127987470e-03,5.845e-3,-2.233205975,58451.279874703,10000000,58451,5.845100000000e-03,5.845100000000e-03,-2.233208054,0,5.964568539,-0.974339180,2.402043586,2.233250235,96,7,7,adc_s16,0.050000000,12,1,-16.000000000,-6.000000000,6.000000000,16.000000000,0,1,1,-2,0,-3,3,64,-27,23,-20,11,-9,7,-7,2,-2,0,0,0,-1
256,68,12,5.962816528081e-03,5.963e-3,-2.224548553,59628.165280811,10000000,59628,5.962800000000e-03,5.962800000000e-03,-2.224549757,0,5.974961276,-0.966557559,2.404782632,2.290914664,96,7,7,adc_s16,0.050000000,12,1,-16.000000000,-6.000000000,6.000000000,16.000000000,0,1,1,-2,0,-4,3,64,-30,23,-20,11,-9,7,-7,3,-2,0,0,0,-1
256,48,-32,5.975350333415e-03,5.975e-3,-2.223636627,59753.503334150,10000000,59754,5.975400000000e-03,5.975400000000e-03,-2.223633017,0,5.649718790,-0.892910079,2.386449720,2.405612056,96,7,7,adc_s16,0.050000000,12,1,-16.000000000,-6.000000000,6.000000000,16.000000000,0,0,1,-2,0,-3,3,64,-35,19,-17,10,-8,7,-7,3,-2,1,0,0,-1
256,196,-44,5.987964538889e-03,5.988e-3,-2.222720780,59879.645388890,10000000,59880,5.988000000000e-03,5.988000000000e-03,-2.222718208,0,4.287718532,-0.965075346,2.053906913,1.963754242,96,7,7,adc_s16,0.050000000,12,1,-16.000000000,-6.000000000,6.000000000,16.000000000,0,1,0,0,-4,3,-7,64,-18,4,-8,5,-7,7,-8,3,-3,2,-1,1,-2
256,192,-44,5.995103613015e-03,5.995e-3,-2.222203307,59951.036130150,10000000,59951,5.995100000000e-03,5.995100000000e-03,-2.222203568,0,4.182382667,-0.919095850,2.032142753,1.824153082,96,7,7,adc_s16,0.050000000,12,1,-16.000000000,-6.000000000,6.000000000,16.000000000,0,1,0,0,-4,3,-7,64,-18,4,-9,5,-7,7,-8,3,-3,2,-1,1,-2
256,120,72,6.010650402685e-03,6.011e-3,-2.221078531,60106.504026853,10000000,60107,6.010700000000e-03,6.010700000000e-03,-2.221074948,0,6.218423852,-1.075778162,2.438790715,2.389445085,96,7,7,adc_s16,0.050000000,12,1,-16.000000000,-6.000000000,6.000000000,16.000000000,0,1,1,-1,0,-3,2,64,-19,25,-23,13,-11,7,-7,2,-3,0,0,0,-1
256,56,-4,6.044336065172e-03,6.044e-3,-2.218651397,60443.360651721,10000000,60443,6.044300000000e-03,6.044300000000e-03,-2.218653988,0,6.263404282,-0.933115119,2.496404944,2.364191884,96,7,7,adc_s16,0.050000000,12,1,-16.000000000,-6.000000000,6.000000000,16.000000000,0,1,1,-2,1,-4,3,64,-33,22,-19,11,-9,7,-7,3,-2,0,0,0,-1
256,96,48,6.060102788836e-03,6.060e-3,-2.217520009,60601.027888364,10000000,60601,6.060100000000e-03,6.060100000000e-03,-2.217520209,0,6.032961882,-1.011610672,2.425295084,2.303757588,96,7,7,adc_s16,0.050000000,12,1,-16.000000000,-6.000000000,6.000000000,16.000000000,0,1,1,-2,0,-4,3,64,-24,25,-22,12,-10,7,-7,2,-2,0,0,0,-1
256,84,32,6.127841652231e-03,6.128e-3,-2.212692466,61278.416522312,10000000,61278,6.127800000000e-03,6.127800000000e-03,-2.212695418,0,6.027291648,-0.990767045,2.428482339,2.251169884,96,7,7,adc_s16,0.050000000,12,1,-16.000000000,-6.000000000,6.000000000,16.000000000,0,1,1,-2,0,-4,3,64,-27,25,-21,12,-10,7,-7,2,-2,0,0,0,-1
256,168,-76,6.155517090392e-03,6.156e-3,-2.210735459,61555.170903919,10000000,61555,6.155500000000e-03,6.155500000000e-03,-2.210736664,0,4.089108042,-0.876296937,2.020551315,1.834996040,96,7,7,adc_s16,0.050000000,12,1,-16.000000000,-6.000000000,6.000000000,16.000000000,0,1,0,0,-4,3,-6,64,-24,2,-7,4,-6,7,-8,3,-3,2,-1,1,-1
256,128,80,6.157339888138e-03,6.157e-3,-2.210606872,61573.398881382,10000000,61573,6.157300000000e-03,6.157300000000e-03,-2.210609686,0,6.434928696,-1.083127470,2.462354570,2.375442408,96,7,7,adc_s16,0.050000000,12,1,-16.000000000,-6.000000000,6.000000000,16.000000000,0,1,1,-1,0,-3,2,64,-17,25,-23,13,-11,7,-7,2,-3,1,0,0,-1
256,64,8,6.158266383846e-03,6.158e-3,-2.210541529,61582.663838456,10000000,61583,6.158300000000e-03,6.158300000000e-03,-2.210539158,0,6.323274781,-0.941205534,2.491997670,2.395676041,96,7,7,adc_s16,0.050000000,12,1,-16.000000000,-6.000000000,6.000000000,16.000000000,0,1,1,-2,1,-4,3,64,-31,23,-20,11,-9,7,-7,3,-2,0,0,0,-1
256,56,0,6.166260130170e-03,6.166e-3,-2.209978158,61662.601301696,10000000,61663,6.166300000000e-03,6.166300000000e-03,-2.209975350,0,6.684829152,-0.945837451,2.567069279,2.393370262,96,7,7,adc_s16,0.050000000,12,1,-16.000000000,-6.000000000,6.000000000,16.000000000,0,1,1,-2,1,-4,4,64,-33,23,-20,11,-9,7,-7,3,-2,0,0,0,-1
256,204,-32,6.298167544630e-03,6.298e-3,-2.200785790,62981.675446303,10000000,62982,6.298200000000e-03,6.298200000000e-03,-2.200783552,0,4.336110299,-0.936604496,2.048541910,1.942110691,96,7,7,adc_s16,0.050000000,12,1,-16.000000000,-6.000000000,6.000000000,16.000000000,0,1,0,0,-4,3,-7,64,-16,5,-9,5,-8,7,-8,3,-3,2,-1,1,-2
256,200,-36,6.311872396106e-03,6.312e-3,-2.199841790,63118.723961056,10000000,63119,6.311900000000e-03,6.311900000000e-03,-2.199839890,0,4.356000799,-0.942131917,2.035682900,1.853530301,96,7,7,adc_s16,0.050000000,12,1,-16.000000000,-6.000000000,6.000000000,16.000000000,0,1,0,0,-4,3,-7,64,-17,5,-9,5,-7,7,-8,3,-3,2,-1,1,-2
256,48,-72,6.354819098056e-03,6.355e-3,-2.196896808,63548.190980561,10000000,63548,6.354800000000e-03,6.354800000000e-03,-2.196898113,0,5.381563415,-0.801630435,2.309243799,2.477924990,96,7,7,adc_s16,0.050000000,12,1,-16.000000000,-6.000000000,6.000000000,16.000000000,0,0,1,-2,0,-2,1,64,-35,14,-13,7,-7,7,-7,3,-2,1,0,0,-1
256,176,-60,6.388702134536e-03,6.389e-3,-2.194587360,63887.021345358,10000000,63887,6.388700000000e-03,6.388700000000e-03,-2.194587505,0,4.185668975,-0.890810277,2.040912763,1.906916597,96,7,7,adc_s16,0.050000000,12,1,-16.000000000,-6.000000000,6.000000000,16.000000000,0,1,0,0,-4,2,-6,64,-22,4,-8,4,-7,7,-8,3,-3,2,-1,1,-1
256,124,80,6.432826743217e-03,6.433e-3,-2.191598145,64328.267432173,10000000,64328,6.432800000000e-03,6.432800000000e-03,-2.191599951,0,6.824554697,-1.049746789,2.566194342,2.381843925,96,7,7,adc_s16,0.050000000,12,1,-16.000000000,-6.000000000,6.000000000,16.000000000,0,1,1,-1,0,-3,3,64,-18,25,-24,13,-11,7,-7,2,-3,0,0,0,-1
256,100,52,6.441081678648e-03,6.441e-3,-2.191041194,64410.816786481,10000000,64411,6.441100000000e-03,6.441100000000e-03,-2.191039958,0,6.153049045,-1.033751235,2.459760470,2.315740725,96,7,7,adc_s16,0.050000000,12,1,-16.000000000,-6.000000000,6.000000000,16.000000000,0,1,1,-2,0,-4,3,64,-23,25,-22,12,-10,7,-7,2,-2,0,0,0,-1
256,100,56,6.464673382160e-03,6.465e-3,-2.189453412,64646.733821597,10000000,64647,6.464700000000e-03,6.464700000000e-03,-2.189451624,0,6.182069723,-1.013123765,2.442066330,2.341253518,96,7,7,adc_s16,0.050000000,12,1,-16.000000000,-6.000000000,6.000000000,16.000000000,0,1,1,-2,0,-4,3,64,-23,25,-23,13,-10,7,-7,2,-2,0,0,0,-1
256,92,36,6.490451823030e-03,6.490e-3,-2.187725069,64904.518230304,10000000,64905,6.490500000000e-03,6.490500000000e-03,-2.187721846,0,6.245082443,-1.001451334,2.474507593,2.272521412,96,7,7,adc_s16,0.050000000,12,1,-16.000000000,-6.000000000,6.000000000,16.000000000,0,1,1,-2,0,-3,3,64,-25,24,-21,12,-10,7,-7,2,-2,0,0,0,-1
256,56,4,6.565759991905e-03,6.566e-3,-2.182714997,65657.599919054,10000000,65658,6.565800000000e-03,6.565800000000e-03,-2.182712350,0,6.818713098,-0.947566700,2.592189883,2.422953412,96,7,7,adc_s16,0.050000000,12,1,-16.000000000,-6.000000000,6.000000000,16.000000000,0,1,1,-2,1,-4,4,64,-33,23,-20,11,-9,7,-7,3,-2,0,0,0,-1
256,116,76,6.614466382309e-03,6.614e-3,-2.179505186,66144.663823087,10000000,66145,6.614500000000e-03,6.614500000000e-03,-2.179502979,0,6.979804802,-1.062654397,2.575078904,2.393398292,96,7,7,adc_s16,0.050000000,12,1,-16.000000000,-6.000000000,6.000000000,16.000000000,0,1,1,-1,0,-4,3,64,-19,25,-24,13,-11,7,-7,2,-2,0,0,0,-1
256,220,-20,6.641920434750e-03,6.642e-3,-2.177706331,66419.204347499,10000000,66419,6.641900000000e-03,6.641900000000e-03,-2.177707667,0,4.433684571,-0.996263587,2.082676773,1.979112491,96,7,7,adc_s16,0.050000000,12,1,-16.000000000,-6.000000000,6.000000000,16.000000000,0,1,0,1,-4,3,-7,64,-13,5,-9,5,-8,7,-8,3,-3,2,-1,1,-2
256,48,-8,6.659024982699e-03,6.659e-3,-2.176589356,66590.249826986,10000000,66590,6.659000000000e-03,6.659000000000e-03,-2.176590985,0,6.937730966,-0.912796443,2.612853662,2.371880404,96,7,7,adc_s16,0.050000000,12,1,-16.000000000,-6.000000000,6.000000000,16.000000000,0,0,1,-2,1,-4,4,64,-35,23,-19,11,-9,7,-7,3,-2,0,0,0,-1
256,104,56,6.750532100347e-03,6.751e-3,-2.170661993,67505.321003473,10000000,67505,6.750500000000e-03,6.750500000000e-03,-2.170664058,0,6.277354057,-1.056138834,2.469522074,2.318466554,96,7,7,adc_s16,0.050000000,12,1,-16.000000000,-6.000000000,6.000000000,16.000000000,0,1,1,-2,0,-4,3,64,-22,25,-22,12,-10,7,-7,2,-2,0,0,0,-1
256,104,60,6.785024356151e-03,6.785e-3,-2.168448589,67850.243561506,10000000,67850,6.785000000000e-03,6.785000000000e-03,-2.168450148,0,6.315934579,-1.040822628,2.467722515,2.353685615,96,7,7,adc_s16,0.050000000,12,1,-16.000000000,-6.000000000,6.000000000,16.000000000,0,1,1,-2,0,-4,3,64,-22,25,-23,13,-11,7,-7,2,-2,0,0,0,-1
256,192,-48,6.801534210518e-03,6.802e-3,-2.167393113,68015.342105180,10000000,68015,6.801500000000e-03,6.801500000000e-03,-2.167395298,0,4.364009519,-0.923295455,2.068827810,1.933958558,96,7,7,adc_s16,0.050000000,12,1,-16.000000000,-6.000000000,6.000000000,16.000000000,0,1,0,0,-4,3,-7,64,-19,4,-8,5,-7,7,-8,3,-3,2,-1,1,-2
256,112,68,6.860351156821e-03,6.860e-3,-2.163653654,68603.511568214,10000000,68604,6.860400000000e-03,6.860400000000e-03,-2.163650562,0,6.881259196,-1.074234190,2.573272465,2.399871389,96,7,7,adc_s16,0.050000000,12,1,-16.000000000,-6.000000000,6.000000000,16.000000000,0,1,1,-1,0,-4,3,64,-20,25,-23,13,-11,7,-7,2,-2,0,0,0,-1
256,100,48,6.876380514952e-03,6.876e-3,-2.162640099,68763.805149517,10000000,68764,6.876400000000e-03,6.876400000000e-03,-2.162638868,0,6.336259944,-1.047091156,2.465629830,2.325988645,96,7,7,adc_s16,0.050000000,12,1,-16.000000000,-6.000000000,6.000000000,16.000000000,0,1,1,-2,0,-3,3,64,-23,25,-22,12,-10,7,-7,2,-2,0,0,0,-1
256,96,52,6.914116295556e-03,6.914e-3,-2.160263320,69141.162955561,10000000,69141,6.914100000000e-03,6.914100000000e-03,-2.160264343,0,6.292413100,-1.013339921,2.475926241,2.366806658,96,7,7,adc_s16,0.050000000,12,1,-16.000000000,-6.000000000,6.000000000,16.000000000,0,1,1,-2,0,-4,3,64,-24,25,-22,12,-10,7,-7,2,-2,0,0,0,-1
256,44,-16,6.921587965970e-03,6.922e-3,-2.159794257,69215.879659697,10000000,69216,6.921600000000e-03,6.921600000000e-03,-2.159793502,0,7.013670799,-0.901525445,2.614416076,2.462864313,96,7,7,adc_s16,0.050000000,12,1,-16.000000000,-6.000000000,6.000000000,16.000000000,0,0,1,-2,1,-4,4,64,-35,22,-19,10,-8,7,-7,3,-2,0,0,0,-1
256,84,36,6.927629755195e-03,6.928e-3,-2.159415331,69276.297551950,10000000,69276,6.927600000000e-03,6.927600000000e-03,-2.159417196,0,6.287451895,-0.981873765,2.462616772,2.354839845,96,7,7,adc_s16,0.050000000,12,1,-16.000000000,-6.000000000,6.000000000,16.000000000,0,1,1,-2,0,-4,3,64,-26,25,-22,12,-10,7,-7,2,-2,0,0,0,-1
256,88,36,6.936942390486e-03,6.937e-3,-2.158831912,69369.423904864,10000000,69369,6.936900000000e-03,6.936900000000e-03,-2.158834566,0,6.147594271,-1.003149704,2.457033441,2.286607829,96,7,7,adc_s16,0.050000000,12,1,-16.000000000,-6.000000000,6.000000000,16.000000000,0,1,1,-2,0,-4,3,64,-26,25,-21,12,-10,7,-7,2,-2,0,0,0,-1
256,200,-48,7.016637717310e-03,7.017e-3,-2.153870946,70166.377173099,10000000,70166,7.016600000000e-03,7.016600000000e-03,-2.153873281,0,4.536668446,-0.932868083,2.108321580,1.933757835,96,7,7,adc_s16,0.050000000,12,1,-16.000000000,-6.000000000,6.000000000,16.000000000,0,1,0,1,-4,3,-7,64,-17,3,-8,4,-7,7,-8,3,-3,2,-1,1,-2
256,48,-80,7.033027745025e-03,7.033e-3,-2.152857669,70330.277450250,10000000,70330,7.033000000000e-03,7.033000000000e-03,-2.152859383,0,5.718278897,-0.830904150,2.393768196,2.508244462,96,7,7,adc_s16,0.050000000,12,1,-16.000000000,-6.000000000,6.000000000,16.000000000,0,0,1,-1,0,-2,1,64,-35,13,-13,7,-7,7,-7,3,-2,1,0,0,-1
256,48,-52,7.056861004607e-03,7.057e-3,-2.151388437,70568.610046070,10000000,70569,7.056900000000e-03,7.056900000000e-03,-2.151386037,0,5.682249602,-0.870676877,2.389563739,2.481211288,96,7,7,adc_s16,0.050000000,12,1,-16.000000000,-6.000000000,6.000000000,16.000000000,0,0,1,-2,0,-3,2,64,-35,17,-15,9,-7,7,-7,3,-2,1,0,0,-1
256,108,64,7.085967722442e-03,7.086e-3,-2.149600830,70859.677224418,10000000,70860,7.086000000000e-03,7.086000000000e-03,-2.149598852,0,6.430565205,-1.035665761,2.499792335,2.322154754,96,7,7,adc_s16,0.050000000,12,1,-16.000000000,-6.000000000,6.000000000,16.000000000,0,1,1,-2,0,-4,3,64,-21,25,-23,13,-11,7,-7,2,-2,0,0,0,-1
256,108,60,7.115967567725e-03,7.116e-3,-2.147766040,71159.675677245,10000000,71160,7.116000000000e-03,7.116000000000e-03,-2.147764061,0,6.917720935,-1.061357460,2.584216102,2.463610646,96,7,7,adc_s16,0.050000000,12,1,-16.000000000,-6.000000000,6.000000000,16.000000000,0,1,1,-1,0,-3,3,64,-21,25,-23,13,-10,7,-7,2,-2,0,0,0,-1
256,44,-8,7.120655847211e-03,7.121e-3,-2.147480004,71206.558472114,10000000,71207,7.120700000000e-03,7.120700000000e-03,-2.147477311,0,7.104323422,-0.889420702,2.641054216,2.469221861,96,7,7,adc_s16,0.050000000,12,1,-16.000000000,-6.000000000,6.000000000,16.000000000,0,0,1,-2,1,-4,4,64,-35,23,-20,11,-9,7,-7,3,-2,0,0,0,-1
256,76,24,7.125695570072e-03,7.126e-3,-2.147172736,71256.955700718,10000000,71257,7.125700000000e-03,7.125700000000e-03,-2.147172466,0,6.228319912,-0.958961215,2.500817873,2.323401087,96,7,7,adc_s16,0.050000000,12,1,-16.000000000,-6.000000000,6.000000000,16.000000000,0,1,1,-2,0,-4,3,64,-28,24,-21,12,-10,7,-7,2,-2,0,0,0,-1
256,220,-24,7.147794900069e-03,7.148e-3,-2.145827918,71477.949000688,10000000,71478,7.147800000000e-03,7.147800000000e-03,-2.145827608,0,4.510878180,-0.994534338,2.101687975,1.995904794,96,7,7,adc_s16,0.050000000,12,1,-16.000000000,-6.000000000,6.000000000,16.000000000,0,1,0,1,-4,3,-7,64,-13,5,-9,5,-8,7,-8,3,-3,2,-1,1,-2
256,44,-24,7.149991525755e-03,7.150e-3,-2.145694473,71499.915257552,10000000,71500,7.150000000000e-03,7.150000000000e-03,-2.145693958,0,6.553428467,-0.884974061,2.535497061,2.411020707,96,7,7,adc_s16,0.050000000,12,1,-16.000000000,-6.000000000,6.000000000,16.000000000,0,0,1,-2,1,-4,3,64,-35,21,-18,10,-8,7,-7,3,-2,0,0,0,-1
256,44,-44,7.160671950382e-03,7.161e-3,-2.145046222,71606.719503823,10000000,71607,7.160700000000e-03,7.160700000000e-03,-2.145044521,0,5.816698490,-0.855576828,2.395485348,2.475197282,96,7,7,adc_s16,0.050000000,12,1,-16.000000000,-6.000000000,6.000000000,16.000000000,0,0,1,-2,0,-3,2,64,-35,18,-16,9,-8,7,-7,3,-2,1,0,0,-1
256,80,36,7.186516689728e-03,7.187e-3,-2.143481561,71865.166897285,10000000,71865,7.186500000000e-03,7.186500000000e-03,-2.143482570,0,6.358920657,-0.958127470,2.490067255,2.363282681,96,7,7,adc_s16,0.050000000,12,1,-16.000000000,-6.000000000,6.000000000,16.000000000,0,1,1,-2,0,-4,3,64,-27,25,-22,12,-10,7,-7,2,-2,0,0,0,-1
256,216,-24,7.228471856498e-03,7.228e-3,-2.140953506,72284.718564982,10000000,72285,7.228500000000e-03,7.228500000000e-03,-2.140951815,0,4.512379202,-0.989192194,2.096278733,1.979679172,96,7,7,adc_s16,0.050000000,12,1,-16.000000000,-6.000000000,6.000000000,16.000000000,0,1,0,1,-4,3,-7,64,-14,5,-9,5,-8,7,-8,3,-3,2,-1,1,-2
256,216,-28,7.254107750470e-03,7.254e-3,-2.139415998,72541.077504701,10000000,72541,7.254100000000e-03,7.254100000000e-03,-2.139416462,0,4.808835471,-0.974370059,2.141014681,2.042587096,96,7,7,adc_s16,0.050000000,12,1,-16.000000000,-6.000000000,6.000000000,16.000000000,0,1,0,1,-4,3,-7,64,-14,4,-9,5,-8,7,-8,3,-3,2,-1,1,-2
256,212,-36,7.376296625586e-03,7.376e-3,-2.132161627,73762.966255861,10000000,73763,7.376300000000e-03,7.376300000000e-03,-2.132161428,0,4.521587982,-0.973351038,2.103541999,1.954306528,96,7,7,adc_s16,0.050000000,12,1,-16.000000000,-6.000000000,6.000000000,16.000000000,0,1,0,1,-4,3,-7,64,-15,4,-8,5,-7,7,-8,3,-3,2,-1,1,-2
256,44,-36,7.444605212698e-03,7.445e-3,-2.128158328,74446.052126977,10000000,74446,7.444600000000e-03,7.444600000000e-03,-2.128158632,0,6.081885967,-0.872745800,2.460371063,2.479462025,96,7,7,adc_s16,0.050000000,12,1,-16.000000000,-6.000000000,6.000000000,16.000000000,0,0,1,-2,0,-3,3,64,-35,19,-17,9,-8,7,-7,3,-2,1,0,0,-1
256,176,-72,7.459938612979e-03,7.460e-3,-2.127264746,74599.386129794,10000000,74599,7.459900000000e-03,7.459900000000e-03,-2.127266994,0,4.491220826,-0.879817194,2.102669209,1.891598350,96,7,7,adc_s16,0.050000000,12,1,-16.000000000,-6.000000000,6.000000000,16.000000000,0,1,0,0,-4,3,-7,64,-22,2,-7,4,-6,7,-8,3,-3,2,-1,1,-2
256,72,20,7.482133740967e-03,7.482e-3,-2.125974533,74821.337409675,10000000,74821,7.482100000000e-03,7.482100000000e-03,-2.125976492,0,6.262594065,-0.960906621,2.474129280,2.379351256,96,7,7,adc_s16,0.050000000,12,1,-16.000000000,-6.000000000,6.000000000,16.000000000,0,1,1,-2,0,-4,3,64,-29,24,-21,12,-9,7,-7,3,-2,0,0,0,-1
256,120,76,7.509153000560e-03,7.509e-3,-2.124409047,75091.530005597,10000000,75092,7.509200000000e-03,7.509200000000e-03,-2.124406329,0,7.073014658,-1.072690217,2.619926114,2.456922545,96,7,7,adc_s16,0.050000000,12,1,-16.000000000,-6.000000000,6.000000000,16.000000000,0,1,1,-1,0,-3,3,64,-19,25,-23,13,-11,7,-7,2,-3,0,0,0,-1
256,84,40,7.541920619324e-03,7.542e-3,-2.122518043,75419.206193237,10000000,75419,7.541900000000e-03,7.541900000000e-03,-2.122519230,0,6.472083511,-0.983603014,2.497053355,2.397815991,96,7,7,adc_s16,0.050000000,12,1,-16.000000000,-6.000000000,6.000000000,16.000000000,0,1,1,-2,0,-4,3,64,-26,25,-22,12,-10,7,-7,2,-2,0,0,0,-1
256,44,-4,7.542215412188e-03,7.542e-3,-2.122501068,75422.154121879,10000000,75422,7.542200000000e-03,7.542200000000e-03,-2.122501955,0,7.239288494,-0.891149951,2.665555925,2.485773918,96,7,7,adc_s16,0.050000000,12,1,-16.000000000,-6.000000000,6.000000000,16.000000000,0,0,1,-2,1,-4,4,64,-35,23,-20,11,-9,7,-7,3,-2,0,0,0,-1
256,88,44,7.621256168339e-03,7.621e-3,-2.117973440,76212.561683391,10000000,76213,7.621300000000e-03,7.621300000000e-03,-2.117970943,0,6.589464215,-0.995738636,2.519641096,2.390370994,96,7,7,adc_s16,0.050000000,12,1,-16.000000000,-6.000000000,6.000000000,16.000000000,0,1,1,-2,0,-4,3,64,-25,25,-22,12,-10,7,-7,2,-2,0,0,0,-1
256,48,-76,7.625076429357e-03,7.625e-3,-2.117755799,76250.764293573,10000000,76251,7.625100000000e-03,7.625100000000e-03,-2.117754456,0,5.708772081,-0.799901186,2.378931592,2.548648472,96,7,7,adc_s16,0.050000000,12,1,-16.000000000,-6.000000000,6.000000000,16.000000000,0,0,1,-2,0,-2,1,64,-35,14,-13,7,-7,7,-7,3,-2,1,0,0,-1
256,44,-52,7.680313486928e-03,7.680e-3,-2.114621053,76803.134869282,10000000,76803,7.680300000000e-03,7.680300000000e-03,-2.114621816,0,5.885141336,-0.853106472,2.402218666,2.512991988,96,7,7,adc_s16,0.050000000,12,1,-16.000000000,-6.000000000,6.000000000,16.000000000,0,0,1,-2,0,-3,2,64,-35,17,-16,9,-7,7,-7,3,-2,1,0,0,-1
256,64,12,7.816084782543e-03,7.816e-3,-2.107010738,78160.847825427,10000000,78161,7.816100000000e-03,7.816100000000e-03,-2.107009893,0,7.350982143,-0.958745059,2.681098629,2.465424706,96,7,7,adc_s16,0.050000000,12,1,-16.000000000,-6.000000000,6.000000000,16.000000000,0,1,1,-2,1,-4,4,64,-31,24,-20,11,-9,7,-7,3,-2,0,0,0,-1
256,60,8,7.852699733792e-03,7.853e-3,-2.104981008,78526.997337917,10000000,78527,7.852700000000e-03,7.852700000000e-03,-2.104980994,0,7.212400282,-0.944262599,2.671083278,2.481994721,96,7,7,adc_s16,0.050000000,12,1,-16.000000000,-6.000000000,6.000000000,16.000000000,0,1,1,-2,1,-4,4,64,-32,24,-20,11,-9,7,-7,3,-2,0,0,0,-1
256,48,-4,7.892185675345e-03,7.892e-3,-2.102802706,78921.856753446,10000000,78922,7.892200000000e-03,7.892200000000e-03,-2.102801918,0,7.226321825,-0.889204545,2.668620231,2.434740643,96,7,7,adc_s16,0.050000000,12,1,-16.000000000,-6.000000000,6.000000000,16.000000000,0,0,1,-2,1,-4,4,64,-34,23,-20,11,-9,7,-7,3,-2,0,0,0,-1
256,76,32,7.895814137717e-03,7.896e-3,-2.102603083,78958.141377173,10000000,78958,7.895800000000e-03,7.895800000000e-03,-2.102603861,0,7.328023215,-0.982676630,2.693412523,2.509605688,96,7,7,adc_s16,0.050000000,12,1,-16.000000000,-6.000000000,6.000000000,16.000000000,0,1,1,-2,1,-4,4,64,-28,25,-22,12,-10,7,-7,2,-2,0,0,0,-1
256,44,-40,7.901212197244e-03,7.901e-3,-2.102306275,79012.121972441,10000000,79012,7.901200000000e-03,7.901200000000e-03,-2.102306945,0,6.189697893,-0.871016551,2.482537538,2.510983697,96,7,7,adc_s16,0.050000000,12,1,-16.000000000,-6.000000000,6.000000000,16.000000000,0,0,1,-2,0,-3,3,64,-35,19,-17,9,-8,7,-7,3,-2,1,0,0,-1
256,208,-40,7.929913910286e-03,7.930e-3,-2.100731527,79299.139102855,10000000,79299,7.929900000000e-03,7.929900000000e-03,-2.100732289,0,4.777894650,-0.937870553,2.137481070,1.995947019,96,7,7,adc_s16,0.050000000,12,1,-16.000000000,-6.000000000,6.000000000,16.000000000,0,1,0,1,-4,3,-7,64,-16,4,-8,4,-7,7,-8,3,-3,2,-1,1,-2
256,64,16,7.933498716119e-03,7.933e-3,-2.100535244,79334.987161192,10000000,79335,7.933500000000e-03,7.933500000000e-03,-2.100535174,0,7.208732377,-0.975666996,2.658154837,2.477700291,96,7,7,adc_s16,0.050000000,12,1,-16.000000000,-6.000000000,6.000000000,16.000000000,0,1,1,-2,1,-4,4,64,-31,24,-21,12,-9,7,-7,3,-2,0,0,0,-1
256,104,64,7.984258682800e-03,7.984e-3,-2.097765401,79842.586828004,10000000,79843,7.984300000000e-03,7.984300000000e-03,-2.097763153,0,6.657623425,-1.042551877,2.535286391,2.429079648,96,7,7,adc_s16,0.050000000,12,1,-16.000000000,-6.000000000,6.000000000,16.000000000,0,1,1,-2,0,-4,3,64,-22,25,-23,13,-11,7,-7,2,-2,0,0,0,-1
256,44,-60,7.989448942728e-03,7.989e-3,-2.097483174,79894.489427281,10000000,79894,7.989400000000e-03,7.989400000000e-03,-2.097485835,0,5.870067206,-0.833220109,2.421296260,2.552455320,96,7,7,adc_s16,0.050000000,12,1,-16.000000000,-6.000000000,6.000000000,16.000000000,0,0,1,-2,0,-3,2,64,-35,16,-15,8,-7,7,-7,3,-2,1,0,0,-1
256,120,80,7.991975522505e-03,7.992e-3,-2.097345855,79919.755225050,10000000,79920,7.992000000000e-03,7.992000000000e-03,-2.097344525,0,7.152201006,-1.068120059,2.634051605,2.488108316,96,7,7,adc_s16,0.050000000,12,1,-16.000000000,-6.000000000,6.000000000,16.000000000,0,1,1,-1,0,-4,3,64,-18,25,-24,13,-11,7,-7,2,-3,0,0,0,-1
256,212,-32,8.001670742977e-03,8.002e-3,-2.096819323,80016.707429775,10000000,80017,8.001700000000e-03,8.001700000000e-03,-2.096817735,0,4.901405069,-0.963346097,2.156371722,2.013102080,96,7,7,adc_s16,0.050000000,12,1,-16.000000000,-6.000000000,6.000000000,16.000000000,0,1,0,1,-4,3,-7,64,-15,4,-9,5,-8,7,-8,3,-3,2,-1,1,-2
256,48,-68,8.040727708719e-03,8.041e-3,-2.094704645,80407.277087194,10000000,80407,8.040700000000e-03,8.040700000000e-03,-2.094706141,0,5.602256353,-0.841526680,2.386896200,2.562681760,96,7,7,adc_s16,0.050000000,12,1,-16.000000000,-6.000000000,6.000000000,16.000000000,0,0,1,-2,0,-2,1,64,-35,15,-14,8,-7,7,-7,3,-2,1,0,0,-1
256,116,80,8.062698970821e-03,8.063e-3,-2.093519555,80626.989708208,10000000,80627,8.062700000000e-03,8.062700000000e-03,-2.093519499,0,7.401482148,-1.064383646,2.653617689,2.480562698,96,7,7,adc_s16,0.050000000,12,1,-16.000000000,-6.000000000,6.000000000,16.000000000,0,1,1,-1,0,-4,3,64,-19,25,-24,13,-11,7,-7,2,-2,0,0,0,-1
256,88,48,8.097421881397e-03,8.097e-3,-2.091653233,80974.218813974,10000000,80974,8.097400000000e-03,8.097400000000e-03,-2.091654407,0,6.621901069,-1.017354249,2.525861883,2.433343176,96,7,7,adc_s16,0.050000000,12,1,-16.000000000,-6.000000000,6.000000000,16.000000000,0,1,1,-2,0,-4,3,64,-25,25,-23,13,-10,7,-7,2,-2,0,0,0,-1
256,44,-56,8.109187043932e-03,8.109e-3,-2.091022682,81091.870439316,10000000,81092,8.109200000000e-03,8.109200000000e-03,-2.091021988,0,6.164852611,-0.841001729,2.456465951,2.511090761,96,7,7,adc_s16,0.050000000,12,1,-16.000000000,-6.000000000,6.000000000,16.000000000,0,0,1,-2,0,-3,2,64,-35,17,-15,8,-7,7,-7,3,-2,1,0,0,-1
256,196,-52,8.115647385911e-03,8.116e-3,-2.090676831,81156.473859106,10000000,81156,8.115600000000e-03,8.115600000000e-03,-2.090679367,0,4.631927236,-0.890717638,2.153073621,1.939761963,96,7,7,adc_s16,0.050000000,12,1,-16.000000000,-6.000000000,6.000000000,16.000000000,0,1,0,1,-4,3,-7,64,-18,3,-8,4,-7,7,-8,3,-3,2,-1,1,-2
256,44,-12,8.194169851124e-03,8.194e-3,-2.086495038,81941.698511238,10000000,81942,8.194200000000e-03,8.194200000000e-03,-2.086493440,0,7.298829529,-0.878427619,2.676198070,2.454813831,96,7,7,adc_s16,0.050000000,12,1,-16.000000000,-6.000000000,6.000000000,16.000000000,0,0,1,-2,1,-4,4,64,-35,22,-19,11,-9,7,-7,3,-2,0,0,0,-1
256,196,-48,8.197896257308e-03,8.198e-3,-2.086297582,81978.962573083,10000000,81979,8.197900000000e-03,8.197900000000e-03,-2.086297384,0,4.592751897,-0.929749259,2.139920291,2.011963219,96,7,7,adc_s16,0.050000000,12,1,-16.000000000,-6.000000000,6.000000000,16.000000000,0,1,0,0,-4,3,-7,64,-18,4,-8,4,-7,7,-8,3,-3,2,-1,1,-2
256,44,-32,8.221698326499e-03,8.222e-3,-2.085038463,82216.983264986,10000000,82217,8.221700000000e-03,8.221700000000e-03,-2.085038374,0,6.405601229,-0.863111413,2.510095296,2.512307679,96,7,7,adc_s16,0.050000000,12,1,-16.000000000,-6.000000000,6.000000000,16.000000000,0,0,1,-2,0,-4,3,64,-35,20,-17,10,-8,7,-7,3,-2,0,0,0,-1
256,76,28,8.254465512618e-03,8.254e-3,-2.083311043,82544.655126184,10000000,82545,8.254500000000e-03,8.254500000000e-03,-2.083309228,0,6.590112119,-0.961184536,2.560305572,2.384937613,96,7,7,adc_s16,0.050000000,12,1,-16.000000000,-6.000000000,6.000000000,16.000000000,0,1,1,-2,0,-4,3,64,-28,25,-21,12,-10,7,-7,2,-2,0,0,0,-1
256,200,-52,8.306878674138e-03,8.307e-3,-2.080562133,83068.786741385,10000000,83069,8.306900000000e-03,8.306900000000e-03,-2.080561018,0,4.779514486,-0.943490613,2.149675535,2.036302873,96,7,7,adc_s16,0.050000000,12,1,-16.000000000,-6.000000000,6.000000000,16.000000000,0,1,0,1,-4,3,-7,64,-18,3,-7,4,-7,7,-8,3,-3,2,-1,1,-2
256,108,68,8.348714507804e-03,8.349e-3,-2.078380390,83487.145078039,10000000,83487,8.348700000000e-03,8.348700000000e-03,-2.078381144,0,6.774736566,-1.037395010,2.568038780,2.401713317,96,7,7,adc_s16,0.050000000,12,1,-16.000000000,-6.000000000,6.000000000,16.000000000,0,1,1,-2,0,-4,3,64,-21,25,-23,13,-11,7,-7,2,-2,0,0,0,-1
256,68,20,8.433182082164e-03,8.433e-3,-2.074008523,84331.820821638,10000000,84332,8.433200000000e-03,8.433200000000e-03,-2.074007600,0,7.352141781,-0.976438982,2.693354342,2.536123819,96,7,7,adc_s16,0.050000000,12,1,-16.000000000,-6.000000000,6.000000000,16.000000000,0,1,1,-2,1,-4,4,64,-30,24,-21,12,-9,7,-7,3,-2,0,0,0,-1
256,108,72,8.472092813088e-03,8.472e-3,-2.072009295,84720.928130876,10000000,84721,8.472100000000e-03,8.472100000000e-03,-2.072008927,0,6.856546620,-1.053205287,2.566186919,2.427624936,96,7,7,adc_s16,0.050000000,12,1,-16.000000000,-6.000000000,6.000000000,16.000000000,0,1,1,-2,0,-4,3,64,-21,25,-24,13,-11,7,-7,2,-2,0,0,0,-1
256,116,72,8.518330705178e-03,8.518e-3,-2.069645503,85183.307051778,10000000,85183,8.518300000000e-03,8.518300000000e-03,-2.069647069,0,7.375497632,-1.090075346,2.672877537,2.492694125,96,7,7,adc_s16,0.050000000,12,1,-16.000000000,-6.000000000,6.000000000,16.000000000,0,1,1,-1,0,-3,3,64,-19,25,-23,13,-11,7,-7,2,-2,0,0,0,-1
256,48,4,8.526128402573e-03,8.526e-3,-2.069248131,85261.284025727,10000000,85261,8.526100000000e-03,8.526100000000e-03,-2.069249578,0,7.284388067,-0.908843874,2.683983956,2.550884286,96,7,7,adc_s16,0.050000000,12,1,-16.000000000,-6.000000000,6.000000000,16.000000000,0,1,1,-2,1,-4,4,64,-34,24,-21,11,-9,7,-7,3,-2,0,0,0,-1
256,92,48,8.558021505733e-03,8.558e-3,-2.067626626,85580.215057334,10000000,85580,8.558000000000e-03,8.558000000000e-03,-2.067627718,0,6.711062767,-1.009850543,2.562545320,2.450984530,96,7,7,adc_s16,0.050000000,12,1,-16.000000000,-6.000000000,6.000000000,16.000000000,0,1,1,-2,0,-4,3,64,-24,25,-22,12,-10,7,-7,2,-2,0,0,0,-1
256,112,72,8.565555813275e-03,8.566e-3,-2.067244451,85655.558132749,10000000,85656,8.565600000000e-03,8.565600000000e-03,-2.067242210,0,6.896067555,-1.053236166,2.593158771,2.407593288,96,7,7,adc_s16,0.050000000,12,1,-16.000000000,-6.000000000,6.000000000,16.000000000,0,1,1,-2,0,-4,3,64,-20,25,-23,13,-11,7,-7,2,-2,0,0,0,-1
256,92,52,8.651416864332e-03,8.651e-3,-2.062912761,86514.168643324,10000000,86514,8.651400000000e-03,8.651400000000e-03,-2.062913608,0,6.744109316,-1.013679595,2.544974225,2.487338043,96,7,7,adc_s16,0.050000000,12,1,-16.000000000,-6.000000000,6.000000000,16.000000000,0,1,1,-2,0,-4,3,64,-24,25,-23,13,-10,7,-7,2,-2,0,0,0,-1
256,80,32,8.656837090613e-03,8.657e-3,-2.062640755,86568.370906131,10000000,86568,8.656800000000e-03,8.656800000000e-03,-2.062642616,0,6.711926132,-0.989006917,2.565483546,2.403453568,96,7,7,adc_s16,0.050000000,12,1,-16.000000000,-6.000000000,6.000000000,16.000000000,0,1,1,-2,0,-4,3,64,-27,25,-21,12,-10,7,-7,2,-2,0,0,0,-1
256,172,-76,8.721248647124e-03,8.721e-3,-2.059421331,87212.486471235,10000000,87212,8.721200000000e-03,8.721200000000e-03,-2.059423754,0,4.584075973,-0.882627223,2.163304921,1.947241904,96,7,7,adc_s16,0.050000000,12,1,-16.000000000,-6.000000000,6.000000000,16.000000000,0,1,0,0,-4,3,-7,64,-23,2,-7,4,-6,7,-8,3,-3,2,-1,1,-2
256,188,-60,8.723413441023e-03,8.723e-3,-2.059313544,87234.134410226,10000000,87234,8.723400000000e-03,8.723400000000e-03,-2.059314213,0,4.609792387,-0.896955287,2.149652453,2.004121032,96,7,7,adc_s16,0.050000000,12,1,-16.000000000,-6.000000000,6.000000000,16.000000000,0,1,0,0,-4,3,-7,64,-20,3,-7,4,-7,7,-8,3,-3,2,-1,1,-2
256,184,-64,8.735374087625e-03,8.735e-3,-2.058718492,87353.740876252,10000000,87354,8.735400000000e-03,8.735400000000e-03,-2.058717204,0,4.704785885,-0.882843379,2.154746956,2.047836844,96,7,7,adc_s16,0.050000000,12,1,-16.000000000,-6.000000000,6.000000000,16.000000000,0,1,0,0,-4,3,-7,64,-21,3,-7,4,-7,7,-8,3,-3,2,-1,1,-2
256,60,12,8.746172604321e-03,8.746e-3,-2.058181956,87461.726043215,10000000,87462,8.746200000000e-03,8.746200000000e-03,-2.058180596,0,7.528065775,-0.927711215,2.715285471,2.547657219,96,7,7,adc_s16,0.050000000,12,1,-16.000000000,-6.000000000,6.000000000,16.000000000,0,1,1,-2,1,-4,4,64,-31,24,-21,11,-9,7,-7,3,-2,0,0,0,-1
256,52,0,8.843137766420e-03,8.843e-3,-2.053393609,88431.377664200,10000000,88431,8.843100000000e-03,8.843100000000e-03,-2.053395464,0,7.425497316,-0.944077322,2.707660014,2.553420948,96,7,7,adc_s16,0.050000000,12,1,-16.000000000,-6.000000000,6.000000000,16.000000000,0,1,1,-2,1,-4,4,64,-33,23,-20,11,-9,7,-7,3,-2,0,0,0,-1
256,200,-40,8.852819158663e-03,8.853e-3,-2.052918407,88528.191586630,10000000,88528,8.852800000000e-03,8.852800000000e-03,-2.052919347,0,4.643204042,-0.926445158,2.155828019,1.992156113,96,7,7,adc_s16,0.050000000,12,1,-16.000000000,-6.000000000,6.000000000,16.000000000,0,1,0,0,-4,3,-7,64,-17,4,-9,5,-7,7,-8,3,-3,2,-1,1,-2
256,44,-72,8.883258220049e-03,8.883e-3,-2.051427714,88832.582200490,10000000,88833,8.883300000000e-03,8.883300000000e-03,-2.051425671,0,5.685495848,-0.834331769,2.405837670,2.629682890,96,7,7,adc_s16,0.050000000,12,1,-16.000000000,-6.000000000,6.000000000,16.000000000,0,0,1,-2,0,-3,1,64,-35,14,-14,8,-7,7,-7,3,-2,1,0,0,-1
256,216,-32,8.889009188352e-03,8.889e-3,-2.051146645,88890.091883515,10000000,88890,8.889000000000e-03,8.889000000000e-03,-2.051147094,0,4.921384807,-0.984004447,2.163366454,1.973643759,96,7,7,adc_s16,0.050000000,12,1,-16.000000000,-6.000000000,6.000000000,16.000000000,0,1,0,1,-4,3,-8,64,-14,4,-8,5,-7,7,-8,3,-3,2,-1,1,-2
256,220,80,8.933082106230e-03,8.933e-3,-2.048998674,89330.821062301,10000000,89331,8.933100000000e-03,8.933100000000e-03,-2.048997804,0,5.446248940,-1.094336709,2.288639137,2.464529632,96,7,7,adc_s16,0.050000000,12,1,-16.000000000,-6.000000000,6.000000000,16.000000000,0,1,0,0,-3,0,-3,64,-11,18,-19,10,-11,7,-8,2,-3,1,-1,0,-1
256,40,-32,8.964458387819e-03,8.964e-3,-2.047475944,89644.583878186,10000000,89645,8.964500000000e-03,8.964500000000e-03,-2.047473928,0,7.066647493,-0.879878953,2.628270510,2.533730754,96,7,7,adc_s16,0.050000000,12,1,-16.000000000,-6.000000000,6.000000000,16.000000000,0,0,1,-2,1,-4,3,64,-35,20,-18,10,-8,7,-7,3,-2,0,0,0,-1
256,52,8,8.968434701396e-03,8.968e-3,-2.047283350,89684.347013957,10000000,89684,8.968400000000e-03,8.968400000000e-03,-2.047285030,0,7.407394461,-0.929378706,2.693603143,2.604384067,96,7,7,adc_s16,0.050000000,12,1,-16.000000000,-6.000000000,6.000000000,16.000000000,0,1,1,-2,1,-4,4,64,-33,24,-21,11,-9,7,-7,3,-2,0,0,0,-1
256,80,40,8.976625296573e-03,8.977e-3,-2.046886903,89766.252965734,10000000,89766,8.976600000000e-03,8.976600000000e-03,-2.046888127,0,7.666915348,-1.004570158,2.734450584,2.576076498,96,7,7,adc_s16,0.050000000,12,1,-16.000000000,-6.000000000,6.000000000,16.000000000,0,1,1,-2,1,-4,4,64,-27,25,-22,12,-10,7,-7,2,-2,0,0,0,-1
256,208,-36,8.988077073382e-03,8.988e-3,-2.046333212,89880.770733825,10000000,89881,8.988100000000e-03,8.988100000000e-03,-2.046332104,0,4.908668910,-0.979990119,2.200558392,2.058528756,96,7,7,adc_s16,0.050000000,12,1,-16.000000000,-6.000000000,6.000000000,16.000000000,0,1,0,1,-4,3,-7,64,-16,4,-9,5,-7,7,-8,3,-3,2,-1,1,-2
256,44,-48,9.035917325019e-03,9.036e-3,-2.044027751,90359.173250192,10000000,90359,9.035900000000e-03,9.035900000000e-03,-2.044028584,0,6.180764324,-0.853353508,2.478586746,2.535526847,96,7,7,adc_s16,0.050000000,12,1,-16.000000000,-6.000000000,6.000000000,16.000000000,0,0,1,-2,0,-3,2,64,-35,18,-16,9,-7,7,-7,3,-2,1,0,0,-1
256,72,24,9.052450531401e-03,9.052e-3,-2.043233840,90524.505314010,10000000,90525,9.052500000000e-03,9.052500000000e-03,-2.043231467,0,7.620097828,-0.973628953,2.731664617,2.500213458,96,7,7,adc_s16,0.050000000,12,1,-16.000000000,-6.000000000,6.000000000,16.000000000,0,1,1,-2,1,-4,4,64,-29,25,-21,12,-10,7,-7,2,-2,0,0,0,-1
256,84,44,9.055886644110e-03,9.056e-3,-2.043069022,90558.866441100,10000000,90559,9.055900000000e-03,9.055900000000e-03,-2.043068382,0,7.265405238,-1.003983449,2.661318441,2.436058771,96,7,7,adc_s16,0.050000000,12,1,-16.000000000,-6.000000000,6.000000000,16.000000000,0,1,1,-2,0,-4,4,64,-26,25,-22,12,-10,7,-7,2,-2,0,0,0,-1
256,40,0,9.064844944987e-03,9.065e-3,-2.042639620,90648.449449875,10000000,90648,9.064800000000e-03,9.064800000000e-03,-2.042641773,0,7.527375657,-0.905076581,2.713630474,2.530557835,96,7,7,adc_s16,0.050000000,12,1,-16.000000000,-6.000000000,6.000000000,16.000000000,0,0,1,-2,1,-5,4,64,-35,24,-21,11,-9,7,-7,3,-2,0,0,0,-1
256,96,56,9.065597632713e-03,9.066e-3,-2.042603561,90655.976327127,10000000,90656,9.065600000000e-03,9.065600000000e-03,-2.042603447,0,6.870535411,-1.011363636,2.579764305,2.487859595,96,7,7,adc_s16,0.050000000,12,1,-16.000000000,-6.000000000,6.000000000,16.000000000,0,1,1,-2,0,-4,3,64,-23,25,-23,13,-10,7,-7,2,-2,0,0,0,-1
256,40,-40,9.121510557260e-03,9.122e-3,-2.039933235,91215.105572601,10000000,91215,9.121500000000e-03,9.121500000000e-03,-2.039933738,0,6.525228402,-0.867280138,2.541715035,2.592941387,96,7,7,adc_s16,0.050000000,12,1,-16.000000000,-6.000000000,6.000000000,16.000000000,0,0,1,-2,0,-4,3,64,-35,19,-17,9,-8,7,-7,3,-2,1,0,0,-1
256,192,-60,9.125699640381e-03,9.126e-3,-2.039733830,91256.996403807,10000000,91257,9.125700000000e-03,9.125700000000e-03,-2.039733812,0,4.813765456,-0.913414032,2.172167794,2.069141313,96,7,7,adc_s16,0.050000000,12,1,-16.000000000,-6.000000000,6.000000000,16.000000000,0,1,0,0,-4,3,-7,64,-19,2,-7,4,-7,7,-8,3,-3,2,-1,1,-2
256,112,76,9.178586767778e-03,9.179e-3,-2.037224182,91785.867677784,10000000,91786,9.178600000000e-03,9.178600000000e-03,-2.037223556,0,6.965008602,-1.044960474,2.594397355,2.441322182,96,7,7,adc_s16,0.050000000,12,1,-16.000000000,-6.000000000,6.000000000,16.000000000,0,1,1,-2,0,-4,3,64,-20,25,-24,13,-11,7,-7,2,-2,0,0,0,-1
256,168,-80,9.399045945395e-03,9.399e-3,-2.026916227,93990.459453954,10000000,93990,9.399000000000e-03,9.399000000000e-03,-2.026918350,0,4.681148968,-0.835165514,2.183387985,2.019714371,96,7,7,adc_s16,0.050000000,12,1,-16.000000000,-6.000000000,6.000000000,16.000000000,0,1,0,0,-4,3,-7,64,-24,2,-7,4,-6,7,-8,3,-3,2,-1,1,-2
256,84,48,9.418784394587e-03,9.419e-3,-2.026005144,94187.843945868,10000000,94188,9.418800000000e-03,9.418800000000e-03,-2.026004425,0,7.811001397,-0.990643528,2.758803138,2.579284466,96,7,7,adc_s16,0.050000000,12,1,-16.000000000,-6.000000000,6.000000000,16.000000000,0,1,1,-2,1,-4,4,64,-26,25,-23,13,-10,7,-7,2,-2,0,0,0,-1
256,196,-56,9.433648495582e-03,9.434e-3,-2.025320310,94336.484955818,10000000,94336,9.433600000000e-03,9.433600000000e-03,-2.025322542,0,5.076930736,-0.901957757,2.222280639,2.060471646,96,7,7,adc_s16,0.050000000,12,1,-16.000000000,-6.000000000,6.000000000,16.000000000,0,1,0,1,-4,3,-7,64,-19,2,-7,4,-7,7,-8,3,-3,2,-1,1,-2
256,100,60,9.433918873562e-03,9.434e-3,-2.025307863,94339.188735622,10000000,94339,9.433900000000e-03,9.433900000000e-03,-2.025308732,0,7.011529819,-1.039062500,2.604568912,2.503239356,96,7,7,adc_s16,0.050000000,12,1,-16.000000000,-6.000000000,6.000000000,16.000000000,0,1,1,-2,0,-4,3,64,-22,25,-23,13,-11,7,-7,2,-2,0,0,0,-1
256,48,0,9.439743773147e-03,9.440e-3,-2.025039794,94397.437731472,10000000,94397,9.439700000000e-03,9.439700000000e-03,-2.025041808,0,7.613058201,-0.888463439,2.735714868,2.494608702,96,7,7,adc_s16,0.050000000,12,1,-16.000000000,-6.000000000,6.000000000,16.000000000,0,0,1,-2,1,-4,4,64,-34,24,-20,11,-9,7,-7,3,-2,0,0,0,-1
256,88,52,9.508517638071e-03,9.509e-3,-2.021887184,95085.176380711,10000000,95085,9.508500000000e-03,9.508500000000e-03,-2.021887989,0,7.410424171,-0.988698123,2.674621567,2.494259978,96,7,7,adc_s16,0.050000000,12,1,-16.000000000,-6.000000000,6.000000000,16.000000000,0,1,1,-2,0,-4,4,64,-25,25,-23,13,-10,7,-7,2,-2,0,0,0,-1
256,72,28,9.531526068221e-03,9.532e-3,-2.020837560,95315.260682211,10000000,95315,9.531500000000e-03,9.531500000000e-03,-2.020838748,0,7.758178532,-0.975358202,2.757416418,2.531424648,96,7,7,adc_s16,0.050000000,12,1,-16.000000000,-6.000000000,6.000000000,16.000000000,0,1,1,-2,1,-4,4,64,-29,25,-21,12,-10,7,-7,2,-2,0,0,0,-1
256,64,24,9.555908128148e-03,9.556e-3,-2.019728034,95559.081281483,10000000,95559,9.555900000000e-03,9.555900000000e-03,-2.019728404,0,7.845898778,-0.964056324,2.785136390,2.585189820,96,7,7,adc_s16,0.050000000,12,1,-16.000000000,-6.000000000,6.000000000,16.000000000,0,1,1,-2,1,-4,4,64,-30,25,-22,12,-10,7,-7,2,-2,0,0,0,-1
256,104,68,9.582380709253e-03,9.582e-3,-2.018526579,95823.807092535,10000000,95824,9.582400000000e-03,9.582400000000e-03,-2.018525704,0,7.116297665,-1.049715909,2.616337695,2.478318522,96,7,7,adc_s16,0.050000000,12,1,-16.000000000,-6.000000000,6.000000000,16.000000000,0,1,1,-2,0,-4,3,64,-21,25,-24,13,-11,7,-7,2,-2,0,0,0,-1
256,184,-72,9.705043231481e-03,9.705e-3,-2.013002526,97050.432314809,10000000,97050,9.705000000000e-03,9.705000000000e-03,-2.013004460,0,4.826664279,-0.895936265,2.190676681,2.034263936,96,7,7,adc_s16,0.050000000,12,1,-16.000000000,-6.000000000,6.000000000,16.000000000,0,1,0,0,-4,3,-7,64,-21,1,-6,4,-6,7,-8,3,-3,2,-1,1,-2
256,188,-64,9.741086149132e-03,9.741e-3,-2.011392616,97410.861491318,10000000,97411,9.741100000000e-03,9.741100000000e-03,-2.011391998,0,4.914198223,-0.894484931,2.201910032,2.112169062,96,7,7,adc_s16,0.050000000,12,1,-16.000000000,-6.000000000,6.000000000,16.000000000,0,1,0,0,-4,3,-7,64,-20,2,-7,4,-7,7,-8,3,-3,2,-1,1,-2
256,204,-44,9.780420786403e-03,9.780e-3,-2.009642460,97804.207864028,10000000,97804,9.780400000000e-03,9.780400000000e-03,-2.009643383,0,5.068932651,-0.936357460,2.232579794,2.075736542,96,7,7,adc_s16,0.050000000,12,1,-16.000000000,-6.000000000,6.000000000,16.000000000,0,1,0,1,-4,3,-7,64,-17,3,-8,4,-7,7,-8,3,-3,2,-1,1,-2
256,96,60,9.902706101484e-03,9.903e-3,-2.004246110,99027.061014839,10000000,99027,9.902700000000e-03,9.902700000000e-03,-2.004246378,0,7.235634272,-1.017539526,2.642163491,2.491708959,96,7,7,adc_s16,0.050000000,12,1,-16.000000000,-6.000000000,6.000000000,16.000000000,0,1,1,-2,0,-4,3,64,-23,25,-23,13,-11,7,-7,2,-2,0,0,0,-1
256,192,-52,9.916522606892e-03,9.917e-3,-2.003640594,99165.226068915,10000000,99165,9.916500000000e-03,9.916500000000e-03,-2.003641584,0,4.905432792,-0.893280632,2.208848209,2.130234421,96,7,7,adc_s16,0.050000000,12,1,-16.000000000,-6.000000000,6.000000000,16.000000000,0,1,0,0,-4,3,-7,64,-19,3,-8,4,-7,7,-8,3,-3,2,-1,1,-2
256,44,-68,9.954955202888e-03,9.955e-3,-2.001960690,99549.552028883,10000000,99550,9.955000000000e-03,9.955000000000e-03,-2.001958736,0,6.377662453,-0.831861413,2.530562798,2.690253679,96,7,7,adc_s16,0.050000000,12,1,-16.000000000,-6.000000000,6.000000000,16.000000000,0,0,1,-2,0,-3,2,64,-35,15,-14,8,-7,7,-7,3,-2,1,0,0,-1
256,40,-20,1.001770116360e-02,1.002e-2,-1.999231928,100177.011636037,10000000,100177,1.001770000000e-02,1.001770000000e-02,-1.999231978,0,7.808198082,-0.898036067,2.761018177,2.631959863,96,7,7,adc_s16,0.050000000,12,1,-16.000000000,-6.000000000,6.000000000,16.000000000,0,0,1,-2,1,-4,4,64,-35,22,-19,10,-8,7,-7,3,-2,0,0,0,-1
256,196,-60,1.004668195364e-02,1.005e-2,-1.997977346,100466.819536427,10000000,100467,1.004670000000e-02,1.004670000000e-02,-1.997976566,0,5.164142954,-0.900228508,2.242765404,2.076748026,96,7,7,adc_s16,0.050000000,12,1,-16.000000000,-6.000000000,6.000000000,16.000000000,0,1,0,1,-4,3,-7,64,-19,2,-7,4,-7,7,-8,3,-3,2,-1,1,-2
256,40,-8,1.018259799719e-02,1.018e-2,-1.992141402,101825.979971889,10000000,101826,1.018260000000e-02,1.018260000000e-02,-1.992141316,0,7.901240845,-0.887660573,2.787465245,2.633429058,96,7,7,adc_s16,0.050000000,12,1,-16.000000000,-6.000000000,6.000000000,16.000000000,0,0,1,-2,1,-4,4,64,-35,23,-20,11,-9,7,-7,3,-2,0,0,0,-1
256,40,-4,1.026225249453e-02,1.026e-2,-1.988757304,102622.524945301,10000000,102623,1.026230000000e-02,1.026230000000e-02,-1.988755294,0,7.895637411,-0.894577569,2.786237167,2.603985606,96,7,7,adc_s16,0.050000000,12,1,-16.000000000,-6.000000000,6.000000000,16.000000000,0,0,1,-2,1,-5,4,64,-35,24,-20,11,-9,7,-7,3,-2,0,0,0,-1
256,204,-48,1.034851767514e-02,1.035e-2,-1.985121854,103485.176751355,10000000,103485,1.034850000000e-02,1.034850000000e-02,-1.985122596,0,5.153073931,-0.934628211,2.251113251,2.096338010,96,7,7,adc_s16,0.050000000,12,1,-16.000000000,-6.000000000,6.000000000,16.000000000,0,1,0,1,-4,3,-7,64,-17,3,-8,4,-7,7,-8,3,-3,2,-1,1,-2
256,92,56,1.035108330772e-02,1.035e-2,-1.985014196,103510.833077150,10000000,103511,1.035110000000e-02,1.035110000000e-02,-1.985013496,0,7.542218194,-1.024672678,2.714968528,2.536810878,96,7,7,adc_s16,0.050000000,12,1,-16.000000000,-6.000000000,6.000000000,16.000000000,0,1,1,-2,0,-4,4,64,-24,25,-23,13,-10,7,-7,2,-2,0,0,0,-1
256,184,-68,1.035223623051e-02,1.035e-2,-1.984965826,103522.362305053,10000000,103522,1.035220000000e-02,1.035220000000e-02,-1.984967346,0,5.018848839,-0.878520257,2.216131293,2.083247558,96,7,7,adc_s16,0.050000000,12,1,-16.000000000,-6.000000000,6.000000000,16.000000000,0,1,0,0,-4,3,-7,64,-21,2,-7,4,-7,7,-8,3,-3,2,-1,1,-2
256,64,28,1.035589559512e-02,1.036e-2,-1.984812337,103558.955951230,10000000,103559,1.035590000000e-02,1.035590000000e-02,-1.984812152,0,8.056217860,-0.965785573,2.823254845,2.629046606,96,7,7,adc_s16,0.050000000,12,1,-16.000000000,-6.000000000,6.000000000,16.000000000,0,1,1,-2,1,-4,4,64,-30,25,-22,12,-10,7,-7,2,-2,0,0,0,-1
256,52,4,1.043683766028e-02,1.044e-2,-1.981431072,104368.376602782,10000000,104368,1.043680000000e-02,1.043680000000e-02,-1.981432639,0,7.822540657,-0.951117836,2.796950313,2.634224851,96,7,7,adc_s16,0.050000000,12,1,-16.000000000,-6.000000000,6.000000000,16.000000000,0,1,1,-2,1,-4,4,64,-33,24,-20,11,-9,7,-7,3,-2,0,0,0,-1
256,60,24,1.046728680464e-02,1.047e-2,-1.980165876,104672.868046409,10000000,104673,1.046730000000e-02,1.046730000000e-02,-1.980165328,0,7.938494010,-0.966125247,2.805296999,2.622589395,96,7,7,adc_s16,0.050000000,12,1,-16.000000000,-6.000000000,6.000000000,16.000000000,0,1,1,-2,1,-4,4,64,-31,25,-22,12,-10,7,-7,2,-2,0,0,0,-1
256,40,-28,1.056238225550e-02,1.056e-2,-1.976238119,105623.822555044,10000000,105624,1.056240000000e-02,1.056240000000e-02,-1.976237390,0,7.400957090,-0.881484684,2.697437765,2.600076999,96,7,7,adc_s16,0.050000000,12,1,-16.000000000,-6.000000000,6.000000000,16.000000000,0,0,1,-2,1,-4,3,64,-35,21,-18,10,-8,7,-7,3,-2,0,0,0,-1
256,192,-56,1.060705768354e-02,1.061e-2,-1.974405069,106070.576835404,10000000,106071,1.060710000000e-02,1.060710000000e-02,-1.974403337,0,4.992359163,-0.891551383,2.231104159,2.143330406,96,7,7,adc_s16,0.050000000,12,1,-16.000000000,-6.000000000,6.000000000,16.000000000,0,1,0,0,-4,3,-7,64,-19,3,-8,4,-7,7,-8,3,-3,2,-1,1,-2
256,220,-28,1.074422518188e-02,1.074e-2,-1.968824898,107442.251818831,10000000,107442,1.074420000000e-02,1.074420000000e-02,-1.968825916,0,5.297328297,-0.972424654,2.262639707,2.085884637,96,7,7,adc_s16,0.050000000,12,1,-16.000000000,-6.000000000,6.000000000,16.000000000,0,1,0,1,-4,3,-8,64,-13,4,-9,5,-8,7,-8,3,-3,2,-1,1,-2
256,68,28,1.075294391957e-02,1.075e-2,-1.968472619,107529.439195716,10000000,107529,1.075290000000e-02,1.075290000000e-02,-1.968474393,0,7.965357963,-0.992249259,2.819650139,2.627096535,96,7,7,adc_s16,0.050000000,12,1,-16.000000000,-6.000000000,6.000000000,16.000000000,0,1,1,-2,1,-4,4,64,-29,25,-22,12,-10,7,-7,2,-2,0,0,0,-1
256,44,-80,1.076777377349e-02,1.077e-2,-1.967874077,107677.737734878,10000000,107678,1.076780000000e-02,1.076780000000e-02,-1.967873020,0,6.245955248,-0.795917737,2.498964224,2.735345066,96,7,7,adc_s16,0.050000000,12,1,-16.000000000,-6.000000000,6.000000000,16.000000000,0,0,1,-2,0,-2,1,64,-35,13,-13,7,-7,7,-7,3,-2,1,0,0,-1
256,100,64,1.077802581940e-02,1.078e-2,-1.967460780,107780.258194045,10000000,107780,1.077800000000e-02,1.077800000000e-02,-1.967461821,0,7.354258802,-1.040791749,2.668843646,2.574268988,96,7,7,adc_s16,0.050000000,12,1,-16.000000000,-6.000000000,6.000000000,16.000000000,0,1,1,-2,0,-4,3,64,-22,25,-23,13,-11,7,-7,2,-2,0,0,0,-1
256,56,8,1.077969035065e-02,1.078e-2,-1.967393714,107796.903506500,10000000,107797,1.077970000000e-02,1.077970000000e-02,-1.967393325,0,7.962633907,-0.942502470,2.808600837,2.638946528,96,7,7,adc_s16,0.050000000,12,1,-16.000000000,-6.000000000,6.000000000,16.000000000,0,1,1,-2,1,-4,4,64,-32,24,-20,11,-9,7,-7,3,-2,0,0,0,-1
256,180,-72,1.082727302638e-02,1.083e-2,-1.965480912,108272.730263761,10000000,108273,1.082730000000e-02,1.082730000000e-02,-1.965479830,0,5.051330686,-0.881577322,2.231954926,2.052374592,96,7,7,adc_s16,0.050000000,12,1,-16.000000000,-6.000000000,6.000000000,16.000000000,0,1,0,0,-4,3,-7,64,-22,2,-7,4,-6,7,-8,3,-3,2,-1,1,-2
256,72,32,1.085037498937e-02,1.085e-2,-1.964555252,108503.749893711,10000000,108504,1.085040000000e-02,1.085040000000e-02,-1.964554251,0,8.089034997,-0.980916502,2.832664662,2.667608534,96,7,7,adc_s16,0.050000000,12,1,-16.000000000,-6.000000000,6.000000000,16.000000000,0,1,1,-2,1,-4,4,64,-28,25,-22,12,-10,7,-7,2,-2,0,0,0,-1
256,96,64,1.089184382009e-02,1.089e-2,-1.962898595,108918.438200882,10000000,108918,1.089180000000e-02,1.089180000000e-02,-1.962900342,0,7.737974431,-1.034955534,2.751975184,2.539147719,96,7,7,adc_s16,0.050000000,12,1,-16.000000000,-6.000000000,6.000000000,16.000000000,0,1,1,-2,0,-4,4,64,-23,25,-24,13,-11,7,-7,2,-2,0,0,0,-1
256,44,-76,1.089830394727e-02,1.090e-2,-1.962641084,108983.039472709,10000000,108983,1.089830000000e-02,1.089830000000e-02,-1.962641241,0,6.462846828,-0.798141057,2.532522712,2.711213228,96,7,7,adc_s16,0.050000000,12,1,-16.000000000,-6.000000000,6.000000000,16.000000000,0,0,1,-2,0,-2,1,64,-35,14,-13,7,-7,7,-7,3,-2,1,0,0,-1
256,180,-76,1.092314022469e-02,1.092e-2,-1.961652491,109231.402246935,10000000,109231,1.092310000000e-02,1.092310000000e-02,-1.961654090,0,5.108629851,-0.873178113,2.242675506,2.055275233,96,7,7,adc_s16,0.050000000,12,1,-16.000000000,-6.000000000,6.000000000,16.000000000,0,1,0,0,-4,3,-7,64,-22,1,-6,3,-6,7,-8,3,-3,2,-1,1,-2
256,192,-64,1.093486053638e-02,1.093e-2,-1.961186752,109348.605363800,10000000,109349,1.093490000000e-02,1.093490000000e-02,-1.961185184,0,5.267872277,-0.901062253,2.262488695,2.088825167,96,7,7,adc_s16,0.050000000,12,1,-16.000000000,-6.000000000,6.000000000,16.000000000,0,1,0,1,-4,3,-7,64,-20,2,-7,4,-7,7,-8,3,-3,2,-1,1,-2
256,56,12,1.094286195694e-02,1.094e-2,-1.960869079,109428.619569447,10000000,109429,1.094290000000e-02,1.094290000000e-02,-1.960867569,0,7.824410011,-0.939661561,2.784716904,2.656880860,96,7,7,adc_s16,0.050000000,12,1,-16.000000000,-6.000000000,6.000000000,16.000000000,0,1,1,-2,1,-4,4,64,-32,24,-21,12,-9,7,-7,3,-2,0,0,0,-1
256,188,-56,1.095062718970e-02,1.095e-2,-1.960561006,109506.271896951,10000000,109506,1.095060000000e-02,1.095060000000e-02,-1.960562085,0,5.009077448,-0.903254694,2.247573251,2.067932212,96,7,7,adc_s16,0.050000000,12,1,-16.000000000,-6.000000000,6.000000000,16.000000000,0,1,0,0,-4,3,-7,64,-20,3,-8,4,-7,7,-8,3,-3,2,-1,1,-2
256,180,-68,1.100275036506e-02,1.100e-2,-1.958498740,110027.503650592,10000000,110028,1.100280000000e-02,1.100280000000e-02,-1.958496781,0,5.035237481,-0.858108943,2.243234862,2.110925184,96,7,7,adc_s16,0.050000000,12,1,-16.000000000,-6.000000000,6.000000000,16.000000000,0,1,0,0,-4,3,-7,64,-22,2,-7,4,-7,7,-8,3,-3,2,-1,1,-2
256,40,-52,1.107078111773e-02,1.107e-2,-1.955821736,110707.811177338,10000000,110708,1.107080000000e-02,1.107080000000e-02,-1.955820995,0,6.681356691,-0.851346344,2.561184452,2.683015457,96,7,7,adc_s16,0.050000000,12,1,-16.000000000,-6.000000000,6.000000000,16.000000000,0,0,1,-2,0,-3,2,64,-35,17,-16,9,-7,7,-7,3,-2,1,0,0,-1
256,172,-80,1.116959106277e-02,1.117e-2,-1.951962727,111695.910627726,10000000,111696,1.116960000000e-02,1.116960000000e-02,-1.951962379,0,5.015232021,-0.879168725,2.238661241,2.075927460,96,7,7,adc_s16,0.050000000,12,1,-16.000000000,-6.000000000,6.000000000,16.000000000,0,1,0,0,-4,3,-7,64,-24,2,-6,3,-6,7,-8,3,-3,2,-1,1,-2
256,76,36,1.120481584876e-02,1.120e-2,-1.950595277,112048.158487559,10000000,112048,1.120480000000e-02,1.120480000000e-02,-1.950595891,0,8.216929880,-1.001080781,2.833199526,2.685659205,96,7,7,adc_s16,0.050000000,12,1,-16.000000000,-6.000000000,6.000000000,16.000000000,0,1,1,-2,1,-4,4,64,-27,25,-22,12,-10,7,-7,2,-2,0,0,0,-1
256,216,-36,1.120787112704e-02,1.121e-2,-1.950476871,112078.711270386,10000000,112079,1.120790000000e-02,1.120790000000e-02,-1.950475753,0,5.385247364,-0.941884881,2.268339663,2.031641348,96,7,7,adc_s16,0.050000000,12,1,-16.000000000,-6.000000000,6.000000000,16.000000000,0,1,0,1,-4,3,-8,64,-14,3,-8,4,-7,7,-8,3,-3,2,-1,1,-2
256,104,72,1.127843592828e-02,1.128e-2,-1.947751123,112784.359282806,10000000,112784,1.127840000000e-02,1.127840000000e-02,-1.947752507,0,7.535189919,-1.051445158,2.694673194,2.565685690,96,7,7,adc_s16,0.050000000,12,1,-16.000000000,-6.000000000,6.000000000,16.000000000,0,1,1,-2,0,-4,3,64,-21,25,-24,13,-11,7,-7,2,-2,0,0,0,-1
256,40,-24,1.136542622352e-02,1.137e-2,-1.944414273,113654.262235186,10000000,113654,1.136540000000e-02,1.136540000000e-02,-1.944415275,0,8.012135868,-0.911499506,2.798584654,2.631052905,96,7,7,adc_s16,0.050000000,12,1,-16.000000000,-6.000000000,6.000000000,16.000000000,0,0,1,-2,1,-4,4,64,-35,21,-18,10,-8,7,-7,3,-2,0,0,0,-1
256,40,-60,1.142320326835e-02,1.142e-2,-1.942212095,114232.032683499,10000000,114232,1.142320000000e-02,1.142320000000e-02,-1.942212219,0,6.657810773,-0.831459980,2.579610196,2.721876507,96,7,7,adc_s16,0.050000000,12,1,-16.000000000,-6.000000000,6.000000000,16.000000000,0,0,1,-2,0,-3,2,64,-35,16,-15,8,-7,7,-7,3,-2,1,0,0,-1
256,100,68,1.143037984643e-02,1.143e-2,-1.941939337,114303.798464318,10000000,114304,1.143040000000e-02,1.143040000000e-02,-1.941938571,0,7.850833215,-1.036468626,2.758588712,2.556972573,96,7,7,adc_s16,0.050000000,12,1,-16.000000000,-6.000000000,6.000000000,16.000000000,0,1,1,-2,0,-4,4,64,-22,25,-24,13,-11,7,-7,2,-2,0,0,0,-1
256,68,32,1.152875339320e-02,1.153e-2,-1.938217651,115287.533932041,10000000,115288,1.152880000000e-02,1.152880000000e-02,-1.938215895,0,8.178159560,-0.993978508,2.856544109,2.669374160,96,7,7,adc_s16,0.050000000,12,1,-16.000000000,-6.000000000,6.000000000,16.000000000,0,1,1,-2,1,-4,4,64,-29,25,-22,12,-10,7,-7,2,-2,0,0,0,-1
256,72,40,1.154306259410e-02,1.154e-2,-1.937678949,115430.625941037,10000000,115431,1.154310000000e-02,1.154310000000e-02,-1.937677542,0,8.322955325,-0.969676383,2.851737934,2.674338036,96,7,7,adc_s16,0.050000000,12,1,-16.000000000,-6.000000000,6.000000000,16.000000000,0,1,1,-2,1,-4,4,64,-28,25,-23,13,-10,7,-7,2,-2,0,0,0,-1
256,92,60,1.155038034840e-02,1.155e-2,-1.937403714,115503.803483975,10000000,115504,1.155040000000e-02,1.155040000000e-02,-1.937402976,0,7.982788176,-1.011950346,2.792053263,2.538021556,96,7,7,adc_s16,0.050000000,12,1,-16.000000000,-6.000000000,6.000000000,16.000000000,0,1,1,-2,0,-4,4,64,-24,25,-23,13,-11,7,-7,2,-2,0,0,0,-1
256,80,44,1.158714074990e-02,1.159e-2,-1.936023718,115871.407499000,10000000,115871,1.158710000000e-02,1.158710000000e-02,-1.936025245,0,8.319977837,-0.987154150,2.851341343,2.681186583,96,7,7,adc_s16,0.050000000,12,1,-16.000000000,-6.000000000,6.000000000,16.000000000,0,1,1,-2,1,-4,4,64,-26,25,-23,13,-10,7,-7,2,-2,0,0,0,-1
256,52,12,1.160793536338e-02,1.161e-2,-1.935245019,116079.353633849,10000000,116079,1.160790000000e-02,1.160790000000e-02,-1.935246342,0,8.081587991,-0.946918231,2.835073267,2.686519482,96,7,7,adc_s16,0.050000000,12,1,-16.000000000,-6.000000000,6.000000000,16.000000000,0,1,1,-2,1,-4,4,64,-33,25,-21,12,-9,7,-7,3,-2,0,0,0,-1
256,72,36,1.167457421010e-02,1.167e-2,-1.932758950,116745.742101019,10000000,116746,1.167460000000e-02,1.167460000000e-02,-1.932757990,0,8.304319108,-0.982645751,2.869635002,2.711830397,96,7,7,adc_s16,0.050000000,12,1,-16.000000000,-6.000000000,6.000000000,16.000000000,0,1,1,-2,1,-4,4,64,-28,25,-22,12,-10,7,-7,2,-2,0,0,0,-1
256,188,-72,1.173958365186e-02,1.174e-2,-1.930347305,117395.836518587,10000000,117396,1.173960000000e-02,1.173960000000e-02,-1.930346700,0,5.371951588,-0.916347579,2.292765216,2.113542815,96,7,7,adc_s16,0.050000000,12,1,-16.000000000,-6.000000000,6.000000000,16.000000000,0,1,0,1,-4,3,-7,64,-21,1,-6,3,-6,7,-8,3,-3,2,-1,1,-2
256,44,4,1.176175855300e-02,1.176e-2,-1.929527740,117617.585530026,10000000,117618,1.176180000000e-02,1.176180000000e-02,-1.929526210,0,8.173473326,-0.915729990,2.824516306,2.616098860,96,7,7,adc_s16,0.050000000,12,1,-16.000000000,-6.000000000,6.000000000,16.000000000,0,0,1,-2,1,-5,4,64,-34,25,-21,12,-9,7,-7,3,-2,0,0,0,-1
256,176,-80,1.187033870312e-02,1.187e-2,-1.925536889,118703.387031218,10000000,118703,1.187030000000e-02,1.187030000000e-02,-1.925538305,0,5.214998534,-0.871417984,2.269479247,2.089236529,96,7,7,adc_s16,0.050000000,12,1,-16.000000000,-6.000000000,6.000000000,16.000000000,0,1,0,0,-4,3,-7,64,-23,1,-6,3,-6,7,-8,3,-3,2,-1,1,-2
256,208,-48,1.189660725347e-02,1.190e-2,-1.924576876,118966.072534695,10000000,118966,1.189660000000e-02,1.189660000000e-02,-1.924577140,0,5.396607073,-0.939970356,2.298108308,2.046818738,96,7,7,adc_s16,0.050000000,12,1,-16.000000000,-6.000000000,6.000000000,16.000000000,0,1,0,1,-4,3,-8,64,-16,2,-7,4,-7,7,-8,3,-3,2,-1,1,-2
256,184,-60,1.190552556714e-02,1.191e-2,-1.924251428,119055.255671388,10000000,119055,1.190550000000e-02,1.190550000000e-02,-1.924252361,0,5.116939954,-0.853569664,2.275770741,2.109968206,96,7,7,adc_s16,0.050000000,12,1,-16.000000000,-6.000000000,6.000000000,16.000000000,0,1,0,0,-4,3,-7,64,-21,3,-8,4,-7,7,-8,3,-3,2,-1,1,-2
256,44,-64,1.194497570426e-02,1.194e-2,-1.922814729,119449.757042561,10000000,119450,1.194500000000e-02,1.194500000000e-02,-1.922813846,0,6.689734341,-0.853229990,2.601720855,2.746275407,96,7,7,adc_s16,0.050000000,12,1,-16.000000000,-6.000000000,6.000000000,16.000000000,0,0,1,-2,0,-3,2,64,-35,16,-14,8,-7,7,-7,3,-2,1,0,0,-1
256,76,40,1.203170798470e-02,1.203e-2,-1.919672717,120317.079847040,10000000,120317,1.203170000000e-02,1.203170000000e-02,-1.919673005,0,8.434696506,-1.002810030,2.871023630,2.730877779,96,7,7,adc_s16,0.050000000,12,1,-16.000000000,-6.000000000,6.000000000,16.000000000,0,1,1,-2,1,-4,4,64,-27,25,-22,12,-10,7,-7,2,-2,0,0,0,-1
256,220,-32,1.207882309387e-02,1.208e-2,-1.917975379,120788.230938742,10000000,120788,1.207880000000e-02,1.207880000000e-02,-1.917976210,0,5.454603138,-0.990458251,2.307430193,2.080694342,96,7,7,adc_s16,0.050000000,12,1,-16.000000000,-6.000000000,6.000000000,16.000000000,0,1,0,1,-4,4,-8,64,-14,3,-8,5,-7,7,-8,3,-3,2,-1,1,-2
256,108,76,1.208099461259e-02,1.208e-2,-1.917897309,120809.946125950,10000000,120810,1.208100000000e-02,1.208100000000e-02,-1.917897116,0,7.649381140,-1.043200346,2.723578303,2.578049117,96,7,7,adc_s16,0.050000000,12,1,-16.000000000,-6.000000000,6.000000000,16.000000000,0,1,1,-2,0,-4,3,64,-20,25,-24,13,-11,7,-7,2,-2,0,0,0,-1
256,56,24,1.220621301865e-02,1.221e-2,-1.913419055,122062.130186504,10000000,122062,1.220620000000e-02,1.220620000000e-02,-1.913419518,0,8.373704758,-0.943861166,2.873777496,2.733591051,96,7,7,adc_s16,0.050000000,12,1,-16.000000000,-6.000000000,6.000000000,16.000000000,0,1,1,-2,1,-5,4,64,-31,25,-22,12,-10,7,-7,2,-2,0,0,0,-1
256,68,24,1.220914281345e-02,1.221e-2,-1.913314826,122091.428134539,10000000,122091,1.220910000000e-02,1.220910000000e-02,-1.913316349,0,8.399101687,-0.971868824,2.871111707,2.661603310,96,7,7,adc_s16,0.050000000,12,1,-16.000000000,-6.000000000,6.000000000,16.000000000,0,1,1,-2,1,-4,4,64,-29,25,-21,12,-10,7,-7,2,-2,0,0,0,-1
256,76,44,1.230327952513e-02,1.230e-2,-1.909979109,123032.795251305,10000000,123033,1.230330000000e-02,1.230330000000e-02,-1.909978386,0,8.453942417,-0.994657856,2.887337253,2.740706236,96,7,7,adc_s16,0.050000000,12,1,-16.000000000,-6.000000000,6.000000000,16.000000000,0,1,1,-2,1,-4,4,64,-27,25,-23,13,-10,7,-7,2,-2,0,0,0,-1
256,176,-76,1.235094109827e-02,1.235e-2,-1.908299949,123509.410982697,10000000,123509,1.235090000000e-02,1.235090000000e-02,-1.908301395,0,5.149915071,-0.884387352,2.291037233,2.106661499,96,7,7,adc_s16,0.050000000,12,1,-16.000000000,-6.000000000,6.000000000,16.000000000,0,1,0,0,-4,3,-7,64,-23,2,-7,4,-6,7,-8,3,-3,2,-1,1,-2
256,60,16,1.235214916697e-02,1.235e-2,-1.908257472,123521.491669659,10000000,123521,1.235210000000e-02,1.235210000000e-02,-1.908259201,0,8.277971459,-0.991199358,2.864391966,2.704946609,96,7,7,adc_s16,0.050000000,12,1,-16.000000000,-6.000000000,6.000000000,16.000000000,0,1,1,-2,1,-4,4,64,-31,25,-21,12,-9,7,-7,3,-2,0,0,0,-1
256,204,-52,1.236037718305e-02,1.236e-2,-1.907968276,123603.771830455,10000000,123604,1.236040000000e-02,1.236040000000e-02,-1.907967475,0,5.494786110,-0.908442441,2.331694077,2.145933882,96,7,7,adc_s16,0.050000000,12,1,-16.000000000,-6.000000000,6.000000000,16.000000000,0,1,0,1,-4,3,-8,64,-17,2,-7,4,-7,7,-8,3,-3,2,-1,1,-2
256,48,8,1.236176050459e-02,1.236e-2,-1.907919675,123617.605045872,10000000,123618,1.236180000000e-02,1.236180000000e-02,-1.907918287,0,8.353486706,-0.940834980,2.857347117,2.706757514,96,7,7,adc_s16,0.050000000,12,1,-16.000000000,-6.000000000,6.000000000,16.000000000,0,1,1,-2,1,-5,4,64,-33,25,-21,12,-9,7,-7,3,-2,0,0,0,-1
256,56,16,1.246243622041e-02,1.246e-2,-1.904397051,124624.362204092,10000000,124624,1.246240000000e-02,1.246240000000e-02,-1.904398314,0,8.231948053,-0.964241601,2.881111317,2.724516325,96,7,7,adc_s16,0.050000000,12,1,-16.000000000,-6.000000000,6.000000000,16.000000000,0,1,1,-2,1,-4,4,64,-32,25,-21,12,-9,7,-7,3,-2,0,0,0,-1
256,36,-40,1.247666726828e-02,1.248e-2,-1.903901407,124766.672682808,10000000,124767,1.247670000000e-02,1.247670000000e-02,-1.903900267,0,7.847711579,-0.853785820,2.790674188,2.722121800,96,7,7,adc_s16,0.050000000,12,1,-16.000000000,-6.000000000,6.000000000,16.000000000,0,0,1,-2,1,-4,3,64,-35,19,-17,9,-8,7,-7,3,-2,0,0,0,-1
256,40,-36,1.248991735987e-02,1.249e-2,-1.903440435,124899.173598652,10000000,124899,1.248990000000e-02,1.248990000000e-02,-1.903441039,0,7.766982860,-0.874814723,2.771691255,2.747264348,96,7,7,adc_s16,0.050000000,12,1,-16.000000000,-6.000000000,6.000000000,16.000000000,0,0,1,-2,1,-4,3,64,-35,20,-17,10,-8,7,-7,3,-2,0,0,0,-1
256,40,-16,1.256738342251e-02,1.257e-2,-1.900755135,125673.834225100,10000000,125674,1.256740000000e-02,1.256740000000e-02,-1.900754562,0,8.196316757,-0.904829545,2.856186718,2.703809952,96,7,7,adc_s16,0.050000000,12,1,-16.000000000,-6.000000000,6.000000000,16.000000000,0,0,1,-2,1,-4,4,64,-35,22,-19,11,-8,7,-7,3,-2,0,0,0,-1
256,212,-48,1.258717607236e-02,1.259e-2,-1.900071693,125871.760723649,10000000,125872,1.258720000000e-02,1.258720000000e-02,-1.900070867,0,5.754185942,-0.923202816,2.330149816,2.131277104,96,7,7,adc_s16,0.050000000,12,1,-16.000000000,-6.000000000,6.000000000,16.000000000,0,1,0,1,-4,4,-8,64,-16,2,-7,4,-7,7,-8,3,-3,2,-1,1,-2
256,68,36,1.261376657191e-02,1.261e-2,-1.899155210,126137.665719054,10000000,126138,1.261380000000e-02,1.261380000000e-02,-1.899154059,0,8.461855865,-0.995707757,2.905178594,2.724110444,96,7,7,adc_s16,0.050000000,12,1,-16.000000000,-6.000000000,6.000000000,16.000000000,0,1,1,-2,1,-4,4,64,-29,25,-22,12,-10,7,-7,2,-2,0,0,0,-1
256,56,20,1.261404122039e-02,1.261e-2,-1.899145754,126140.412203881,10000000,126140,1.261400000000e-02,1.261400000000e-02,-1.899147173,0,8.182926695,-0.975481719,2.851086077,2.793151693,96,7,7,adc_s16,0.050000000,12,1,-16.000000000,-6.000000000,6.000000000,16.000000000,0,1,1,-2,1,-5,4,64,-31,25,-22,12,-9,7,-7,3,-2,0,0,0,-1
256,80,48,1.261702326579e-02,1.262e-2,-1.899043096,126170.232657947,10000000,126170,1.261700000000e-02,1.261700000000e-02,-1.899043897,0,8.589147358,-0.988883399,2.896567598,2.733440755,96,7,7,adc_s16,0.050000000,12,1,-16.000000000,-6.000000000,6.000000000,16.000000000,0,1,1,-2,1,-4,4,64,-26,25,-23,13,-10,7,-7,2,-2,0,0,0,-1
256,36,-32,1.266771696676e-02,1.267e-2,-1.897301649,126677.169667564,10000000,126677,1.266770000000e-02,1.266770000000e-02,-1.897302230,0,7.934560006,-0.878118824,2.787375456,2.709185434,96,7,7,adc_s16,0.050000000,12,1,-16.000000000,-6.000000000,6.000000000,16.000000000,0,0,1,-2,1,-4,3,64,-35,20,-18,10,-8,7,-7,3,-2,0,0,0,-1
256,64,20,1.270442740619e-02,1.270e-2,-1.896044904,127044.274061865,10000000,127044,1.270440000000e-02,1.270440000000e-02,-1.896045841,0,8.434284705,-0.998764822,2.877849008,2.721371885,96,7,7,adc_s16,0.050000000,12,1,-16.000000000,-6.000000000,6.000000000,16.000000000,0,1,1,-2,1,-4,4,64,-30,25,-21,12,-9,7,-7,3,-2,0,0,0,-1
256,208,-44,1.271157287955e-02,1.271e-2,-1.895800708,127115.728795484,10000000,127116,1.271160000000e-02,1.271160000000e-02,-1.895799782,0,5.580340699,-0.951828063,2.340335644,2.075960235,96,7,7,adc_s16,0.050000000,12,1,-16.000000000,-6.000000000,6.000000000,16.000000000,0,1,0,1,-4,3,-8,64,-16,3,-8,4,-7,7,-8,3,-3,2,-1,1,-2
256,60,20,1.272791384944e-02,1.273e-2,-1.895242773,127279.138494418,10000000,127279,1.272790000000e-02,1.272790000000e-02,-1.895243245,0,8.386525965,-0.992928607,2.883071939,2.727150780,96,7,7,adc_s16,0.050000000,12,1,-16.000000000,-6.000000000,6.000000000,16.000000000,0,1,1,-2,1,-4,4,64,-31,25,-21,12,-9,7,-7,3,-2,0,0,0,-1
256,40,-12,1.273103521559e-02,1.273e-2,-1.895136281,127310.352155929,10000000,127310,1.273100000000e-02,1.273100000000e-02,-1.895137482,0,8.447869553,-0.907546937,2.887573001,2.693462819,96,7,7,adc_s16,0.050000000,12,1,-16.000000000,-6.000000000,6.000000000,16.000000000,0,0,1,-2,1,-4,4,64,-35,23,-19,11,-9,7,-7,3,-2,0,0,0,-1
256,48,16,1.275024585406e-02,1.275e-2,-1.894481441,127502.458540606,10000000,127502,1.275020000000e-02,1.275020000000e-02,-1.894483003,0,8.729116267,-0.935029644,2.943351687,2.742302959,96,7,7,adc_s16,0.050000000,12,1,-16.000000000,-6.000000000,6.000000000,16.000000000,0,1,1,-2,1,-5,5,64,-33,25,-22,12,-9,7,-7,3,-2,0,0,0,-1
256,40,4,1.276652228985e-02,1.277e-2,-1.893927392,127665.222898479,10000000,127665,1.276650000000e-02,1.276650000000e-02,-1.893928150,0,8.829756667,-0.892601285,2.947062763,2.657180102,96,7,7,adc_s16,0.050000000,12,1,-16.000000000,-6.000000000,6.000000000,16.000000000,0,0,1,-2,1,-5,5,64,-35,25,-21,12,-9,7,-7,3,-2,0,0,0,-1
256,40,-64,1.279221942399e-02,1.279e-2,-1.893054100,127922.194239878,10000000,127922,1.279220000000e-02,1.279220000000e-02,-1.893054759,0,6.941542093,-0.829730731,2.635071884,2.782430377,96,7,7,adc_s16,0.050000000,12,1,-16.000000000,-6.000000000,6.000000000,16.000000000,0,0,1,-2,0,-3,2,64,-35,16,-15,8,-7,7,-7,3,-2,1,0,0,-1
256,44,0,1.280993236676e-02,1.281e-2,-1.892453163,128099.323667560,10000000,128099,1.280990000000e-02,1.280990000000e-02,-1.892454261,0,8.419541085,-0.886703310,2.879823940,2.655082559,96,7,7,adc_s16,0.050000000,12,1,-16.000000000,-6.000000000,6.000000000,16.000000000,0,0,1,-2,1,-4,4,64,-34,24,-20,11,-9,7,-7,3,-2,0,0,0,-1
256,212,-40,1.281788258474e-02,1.282e-2,-1.892183711,128178.825847422,10000000,128179,1.281790000000e-02,1.281790000000e-02,-1.892183121,0,5.480685107,-0.950500247,2.328846640,2.110329470,96,7,7,adc_s16,0.050000000,12,1,-16.000000000,-6.000000000,6.000000000,16.000000000,0,1,0,1,-4,3,-8,64,-15,3,-8,4,-7,7,-8,3,-3,2,-1,1,-2
256,112,80,1.282569908334e-02,1.283e-2,-1.891918954,128256.990833405,10000000,128257,1.282570000000e-02,1.282570000000e-02,-1.891918923,0,7.767790209,-1.066699605,2.759827671,2.628407187,96,7,7,adc_s16,0.050000000,12,1,-16.000000000,-6.000000000,6.000000000,16.000000000,0,1,1,-2,0,-4,3,64,-19,25,-24,13,-11,7,-7,2,-2,0,0,0,-1
256,48,12,1.284692740977e-02,1.285e-2,-1.891200730,128469.274097704,10000000,128469,1.284690000000e-02,1.284690000000e-02,-1.891201656,0,8.488015360,-0.942564229,2.880307151,2.734349698,96,7,7,adc_s16,0.050000000,12,1,-16.000000000,-6.000000000,6.000000000,16.000000000,0,1,1,-2,1,-5,4,64,-33,25,-21,12,-9,7,-7,3,-2,0,0,0,-1
256,44,8,1.288148115477e-02,1.288e-2,-1.890034198,128814.811547724,10000000,128815,1.288150000000e-02,1.288150000000e-02,-1.890033562,0,8.978611674,-0.938210227,2.958899729,2.673696075,96,7,7,adc_s16,0.050000000,12,1,-16.000000000,-6.000000000,6.000000000,16.000000000,0,0,1,-2,1,-5,5,64,-34,25,-21,12,-9,7,-7,3,-2,0,0,0,-1
256,60,28,1.297731998410e-02,1.298e-2,-1.886814987,129773.199841029,10000000,129773,1.297730000000e-02,1.297730000000e-02,-1.886815656,0,8.491258021,-0.949326828,2.907576152,2.761524921,96,7,7,adc_s16,0.050000000,12,1,-16.000000000,-6.000000000,6.000000000,16.000000000,0,1,1,-2,1,-5,4,64,-30,25,-22,12,-10,7,-7,2,-2,0,0,0,-1
256,216,-44,1.316293656690e-02,1.316e-2,-1.880647212,131629.365668965,10000000,131629,1.316290000000e-02,1.316290000000e-02,-1.880648418,0,5.660395342,-0.935214921,2.349024315,2.162033510,96,7,7,adc_s16,0.050000000,12,1,-16.000000000,-6.000000000,6.000000000,16.000000000,0,1,0,1,-4,4,-8,64,-15,2,-7,4,-7,7,-8,3,-3,2,-1,1,-2
256,36,-44,1.324760982684e-02,1.325e-2,-1.877862471,132476.098268427,10000000,132476,1.324760000000e-02,1.324760000000e-02,-1.877862794,0,8.002760713,-0.852056571,2.819251107,2.760221478,96,7,7,adc_s16,0.050000000,12,1,-16.000000000,-6.000000000,6.000000000,16.000000000,0,0,1,-2,1,-4,3,64,-35,19,-17,9,-8,7,-7,3,-2,0,0,0,-1
256,84,52,1.336123955068e-02,1.336e-2,-1.874153250,133612.395506822,10000000,133612,1.336120000000e-02,1.336120000000e-02,-1.874154535,0,8.728570147,-1.038074358,2.914073302,2.788800416,96,7,7,adc_s16,0.050000000,12,1,-16.000000000,-6.000000000,6.000000000,16.000000000,0,1,1,-2,1,-4,4,64,-25,25,-23,13,-10,7,-7,2,-2,0,0,0,-1
256,100,72,1.336227082980e-02,1.336e-2,-1.874119730,133622.708297980,10000000,133623,1.336230000000e-02,1.336230000000e-02,-1.874118782,0,8.307289546,-1.038197875,2.840233970,2.648698653,96,7,7,adc_s16,0.050000000,12,1,-16.000000000,-6.000000000,6.000000000,16.000000000,0,1,1,-2,0,-4,4,64,-22,25,-24,13,-11,7,-7,2,-2,0,0,0,-1
256,52,20,1.339189946516e-02,1.339e-2,-1.873157820,133918.994651589,10000000,133919,1.339190000000e-02,1.339190000000e-02,-1.873157802,0,8.873539996,-0.938271986,2.973416626,2.794899941,96,7,7,adc_s16,0.050000000,12,1,-16.000000000,-6.000000000,6.000000000,16.000000000,0,1,1,-2,1,-5,5,64,-32,25,-22,12,-9,7,-7,3,-2,0,0,0,-1
256,88,56,1.342526232418e-02,1.343e-2,-1.872077220,134252.623241773,10000000,134253,1.342530000000e-02,1.342530000000e-02,-1.872076001,0,8.872210786,-1.027235672,2.933508962,2.753830898,96,7,7,adc_s16,0.050000000,12,1,-16.000000000,-6.000000000,6.000000000,16.000000000,0,1,1,-2,1,-4,4,64,-24,25,-23,13,-10,7,-7,2,-2,0,0,0,-1
256,36,-8,1.355539276835e-02,1.356e-2,-1.867887894,135553.927683460,10000000,135554,1.355540000000e-02,1.355540000000e-02,-1.867887663,0,8.645067391,-0.891088192,2.919013457,2.760381152,96,7,7,adc_s16,0.050000000,12,1,-16.000000000,-6.000000000,6.000000000,16.000000000,0,0,1,-2,1,-5,4,64,-35,24,-20,11,-9,7,-7,3,-2,0,0,0,-1
256,44,12,1.355977662532e-02,1.356e-2,-1.867747465,135597.766253246,10000000,135598,1.355980000000e-02,1.355980000000e-02,-1.867746716,0,9.155710423,-0.939939476,2.988667484,2.697071149,96,7,7,adc_s16,0.050000000,12,1,-16.000000000,-6.000000000,6.000000000,16.000000000,0,0,1,-2,1,-5,5,64,-34,25,-21,12,-9,7,-7,3,-2,0,0,0,-1
256,68,40,1.357697480438e-02,1.358e-2,-1.867196988,135769.748043826,10000000,135770,1.357700000000e-02,1.357700000000e-02,-1.867196182,0,8.796275613,-0.982985425,2.923923678,2.780457800,96,7,7,adc_s16,0.050000000,12,1,-16.000000000,-6.000000000,6.000000000,16.000000000,0,1,1,-2,1,-5,4,64,-28,25,-23,13,-10,7,-7,2,-2,0,0,0,-1
256,104,76,1.358506091455e-02,1.359e-2,-1.866938410,135850.609145536,10000000,135851,1.358510000000e-02,1.358510000000e-02,-1.866937160,0,8.426848693,-1.041069664,2.859380033,2.657907325,96,7,7,adc_s16,0.050000000,12,1,-16.000000000,-6.000000000,6.000000000,16.000000000,0,1,1,-2,0,-4,4,64,-21,25,-24,13,-11,7,-7,2,-2,0,0,0,-1
256,200,-56,1.359503150157e-02,1.360e-2,-1.866619782,135950.315015741,10000000,135950,1.359500000000e-02,1.359500000000e-02,-1.866620788,0,5.597182996,-0.890625000,2.353069826,2.148630156,96,7,7,adc_s16,0.050000000,12,1,-16.000000000,-6.000000000,6.000000000,16.000000000,0,1,0,1,-4,3,-8,64,-18,2,-7,4,-7,7,-8,3,-3,2,-1,1,-2
256,64,32,1.359620379692e-02,1.360e-2,-1.866582334,135962.037969247,10000000,135962,1.359620000000e-02,1.359620000000e-02,-1.866582456,0,8.613029133,-0.964056324,2.934350772,2.781938306,96,7,7,adc_s16,0.050000000,12,1,-16.000000000,-6.000000000,6.000000000,16.000000000,0,1,1,-2,1,-5,4,64,-29,25,-22,12,-10,7,-7,2,-2,0,0,0,-1
256,212,-52,1.365149902737e-02,1.365e-2,-1.864819658,136514.990273735,10000000,136515,1.365150000000e-02,1.365150000000e-02,-1.864819627,0,5.904936385,-0.921473567,2.362447260,2.159812233,96,7,7,adc_s16,0.050000000,12,1,-16.000000000,-6.000000000,6.000000000,16.000000000,0,1,0,1,-4,4,-8,64,-16,2,-7,4,-7,7,-8,3,-3,2,-1,1,-2
256,40,-68,1.366767094917e-02,1.367e-2,-1.864305485,136676.709491663,10000000,136677,1.366770000000e-02,1.366770000000e-02,-1.864304562,0,7.185291113,-0.830101285,2.685781279,2.854936520,96,7,7,adc_s16,0.050000000,12,1,-16.000000000,-6.000000000,6.000000000,16.000000000,0,0,1,-2,0,-3,2,64,-35,15,-14,8,-7,7,-7,3,-2,1,0,0,-1
256,76,48,1.367356268760e-02,1.367e-2,-1.864118314,136735.626876022,10000000,136736,1.367360000000e-02,1.367360000000e-02,-1.864117129,0,8.791524132,-0.996387105,2.944786679,2.804483224,96,7,7,adc_s16,0.050000000,12,1,-16.000000000,-6.000000000,6.000000000,16.000000000,0,1,1,-2,1,-4,4,64,-27,25,-23,13,-10,7,-7,2,-2,0,0,0,-1
256,36,-12,1.368603260298e-02,1.369e-2,-1.863722430,136860.326029814,10000000,136860,1.368600000000e-02,1.368600000000e-02,-1.863723464,0,8.702902340,-0.884171196,2.928225564,2.798867544,96,7,7,adc_s16,0.050000000,12,1,-16.000000000,-6.000000000,6.000000000,16.000000000,0,0,1,-2,1,-4,4,64,-35,23,-20,11,-9,7,-7,3,-2,0,0,0,-1
256,52,24,1.370813123467e-02,1.371e-2,-1.863021747,137081.312346661,10000000,137081,1.370810000000e-02,1.370810000000e-02,-1.863022736,0,9.149803307,-0.935925148,3.006839749,2.775039117,96,7,7,adc_s16,0.050000000,12,1,-16.000000000,-6.000000000,6.000000000,16.000000000,0,1,1,-2,1,-5,5,64,-32,25,-22,12,-10,7,-7,2,-2,0,0,0,-1
256,52,16,1.390526381971e-02,1.391e-2,-1.856820767,139052.638197121,10000000,139053,1.390530000000e-02,1.390530000000e-02,-1.856819637,0,8.638204835,-0.945683053,2.917346390,2.812374524,96,7,7,adc_s16,0.050000000,12,1,-16.000000000,-6.000000000,6.000000000,16.000000000,0,1,1,-2,1,-5,4,64,-32,25,-21,12,-9,7,-7,3,-2,0,0,0,-1
256,64,36,1.391759943672e-02,1.392e-2,-1.856435667,139175.994367187,10000000,139176,1.391760000000e-02,1.391760000000e-02,-1.856435650,0,8.669676958,-0.938611660,2.918476940,2.785713101,96,7,7,adc_s16,0.050000000,12,1,-16.000000000,-6.000000000,6.000000000,16.000000000,0,1,1,-2,1,-5,4,64,-29,25,-23,13,-10,7,-7,2,-2,0,0,0,-1
256,80,52,1.397564309001e-02,1.398e-2,-1.854628199,139756.430900142,10000000,139756,1.397560000000e-02,1.397560000000e-02,-1.854629538,0,8.929211587,-0.990612648,2.953110447,2.797486788,96,7,7,adc_s16,0.050000000,12,1,-16.000000000,-6.000000000,6.000000000,16.000000000,0,1,1,-2,1,-4,4,64,-26,25,-23,13,-10,7,-7,2,-2,0,0,0,-1
256,88,60,1.402827026995e-02,1.403e-2,-1.852995876,140282.702699456,10000000,140283,1.402830000000e-02,1.402830000000e-02,-1.852994955,0,8.920968405,-1.010807806,2.949181186,2.769301500,96,7,7,adc_s16,0.050000000,12,1,-16.000000000,-6.000000000,6.000000000,16.000000000,0,1,1,-2,1,-4,4,64,-24,25,-24,13,-11,7,-7,2,-2,0,0,0,-1
256,36,-24,1.408762576367e-02,1.409e-2,-1.851162194,140876.257636747,10000000,140876,1.408760000000e-02,1.408760000000e-02,-1.851162988,0,8.742434509,-0.894546690,2.924216080,2.816302381,96,7,7,adc_s16,0.050000000,12,1,-16.000000000,-6.000000000,6.000000000,16.000000000,0,0,1,-2,1,-4,4,64,-35,22,-19,10,-8,7,-7,3,-2,0,0,0,-1
256,212,-44,1.411245822376e-02,1.411e-2,-1.850397331,141124.582237565,10000000,141125,1.411250000000e-02,1.411250000000e-02,-1.850396045,0,5.961400029,-0.941977520,2.380574912,2.180344211,96,7,7,adc_s16,0.050000000,12,1,-16.000000000,-6.000000000,6.000000000,16.000000000,0,1,0,1,-4,4,-8,64,-16,3,-8,4,-7,7,-8,3,-3,2,-1,1,-2
256,220,-36,1.411387610837e-02,1.411e-2,-1.850353699,141138.761083661,10000000,141139,1.411390000000e-02,1.411390000000e-02,-1.850352964,0,5.766647869,-0.954144022,2.374509469,2.162261627,96,7,7,adc_s16,0.050000000,12,1,-16.000000000,-6.000000000,6.000000000,16.000000000,0,1,0,1,-4,4,-8,64,-14,3,-8,4,-7,7,-8,3,-3,2,-1,1,-2
256,56,28,1.418701147753e-02,1.419e-2,-1.848109080,141870.114775338,10000000,141870,1.418700000000e-02,1.418700000000e-02,-1.848109431,0,9.272724497,-0.972764328,3.021436903,2.800967401,96,7,7,adc_s16,0.050000000,12,1,-16.000000000,-6.000000000,6.000000000,16.000000000,0,1,1,-2,1,-5,5,64,-31,25,-22,12,-10,7,-7,2,-2,0,0,0,-1
256,40,-76,1.426344658273e-02,1.426e-2,-1.845775520,142634.465827265,10000000,142634,1.426340000000e-02,1.426340000000e-02,-1.845776938,0,6.801455714,-0.830842391,2.630872125,2.864437108,96,7,7,adc_s16,0.050000000,12,1,-16.000000000,-6.000000000,6.000000000,16.000000000,0,0,1,-2,0,-3,1,64,-35,14,-14,8,-7,7,-7,3,-2,1,0,0,-1
256,72,44,1.428270546437e-02,1.428e-2,-1.845189520,142827.054643702,10000000,142827,1.428270000000e-02,1.428270000000e-02,-1.845189686,0,8.927092117,-0.985486660,2.965640025,2.828609990,96,7,7,adc_s16,0.050000000,12,1,-16.000000000,-6.000000000,6.000000000,16.000000000,0,1,1,-2,1,-5,4,64,-27,25,-23,13,-10,7,-7,2,-2,0,0,0,-1
256,188,-68,1.431931893554e-02,1.432e-2,-1.844077638,143193.189355444,10000000,143193,1.431930000000e-02,1.431930000000e-02,-1.844078212,0,5.642723857,-0.880280385,2.352360635,2.245768688,96,7,7,adc_s16,0.050000000,12,1,-16.000000000,-6.000000000,6.000000000,16.000000000,0,1,0,0,-4,3,-7,64,-21,2,-7,4,-7,7,-8,3,-3,2,-1,1,-2
256,200,-60,1.441944678243e-02,1.442e-2,-1.841051401,144194.467824338,10000000,144194,1.441940000000e-02,1.441940000000e-02,-1.841052810,0,5.721959290,-0.888895751,2.377817632,2.173348840,96,7,7,adc_s16,0.050000000,12,1,-16.000000000,-6.000000000,6.000000000,16.000000000,0,1,0,1,-4,3,-8,64,-18,2,-7,4,-7,7,-8,3,-3,2,-1,1,-2
256,216,-40,1.451288067787e-02,1.451e-2,-1.838246375,145128.806778704,10000000,145129,1.451290000000e-02,1.451290000000e-02,-1.838245797,0,5.861915024,-0.943490613,2.386831045,2.163695844,96,7,7,adc_s16,0.050000000,12,1,-16.000000000,-6.000000000,6.000000000,16.000000000,0,1,0,1,-4,4,-8,64,-15,3,-8,4,-7,7,-8,3,-3,2,-1,1,-2
256,216,-48,1.452790475963e-02,1.453e-2,-1.837797016,145279.047596283,10000000,145279,1.452790000000e-02,1.452790000000e-02,-1.837797158,0,5.803405493,-0.948060771,2.391148566,2.193825576,96,7,7,adc_s16,0.050000000,12,1,-16.000000000,-6.000000000,6.000000000,16.000000000,0,1,0,1,-4,4,-8,64,-15,2,-7,4,-7,7,-8,3,-3,2,-2,1,-2
256,40,-48,1.455243054742e-02,1.455e-2,-1.837064465,145524.305474240,10000000,145524,1.455240000000e-02,1.455240000000e-02,-1.837065376,0,7.594117555,-0.863945158,2.765100760,2.813932545,96,7,7,adc_s16,0.050000000,12,1,-16.000000000,-6.000000000,6.000000000,16.000000000,0,0,1,-2,0,-3,3,64,-35,18,-16,9,-7,7,-7,3,-2,1,0,0,-1
256,208,-52,1.463218902264e-02,1.463e-2,-1.834690697,146321.890226446,10000000,146322,1.463220000000e-02,1.463220000000e-02,-1.834690371,0,5.852194392,-0.936511858,2.393508418,2.187738501,96,7,7,adc_s16,0.050000000,12,1,-16.000000000,-6.000000000,6.000000000,16.000000000,0,1,0,1,-4,4,-8,64,-17,2,-7,4,-7,7,-8,3,-3,2,-1,1,-2
256,92,64,1.463357265355e-02,1.463e-2,-1.834649632,146335.726535476,10000000,146336,1.463360000000e-02,1.463360000000e-02,-1.834648820,0,9.041455956,-1.028007658,2.965216484,2.819066740,96,7,7,adc_s16,0.050000000,12,1,-16.000000000,-6.000000000,6.000000000,16.000000000,0,1,1,-2,1,-4,4,64,-23,25,-24,13,-11,7,-7,2,-2,0,0,0,-1
256,40,-44,1.473814090943e-02,1.474e-2,-1.831557296,147381.409094291,10000000,147381,1.473810000000e-02,1.473810000000e-02,-1.831558501,0,7.739663489,-0.867403656,2.781934806,2.848173565,96,7,7,adc_s16,0.050000000,12,1,-16.000000000,-6.000000000,6.000000000,16.000000000,0,0,1,-2,0,-3,3,64,-35,19,-16,9,-8,7,-7,3,-2,1,0,0,-1
256,84,56,1.475837795778e-02,1.476e-2,-1.830961372,147583.779577783,10000000,147584,1.475840000000e-02,1.475840000000e-02,-1.830960723,0,9.071116891,-1.039803607,2.970918397,2.852543645,96,7,7,adc_s16,0.050000000,12,1,-16.000000000,-6.000000000,6.000000000,16.000000000,0,1,1,-2,1,-4,4,64,-25,25,-23,13,-10,7,-7,2,-2,0,0,0,-1
256,84,60,1.489699666583e-02,1.490e-2,-1.826901279,148969.966658285,10000000,148970,1.489700000000e-02,1.489700000000e-02,-1.826901182,0,9.249278423,-0.993360919,2.991323125,2.815992096,96,7,7,adc_s16,0.050000000,12,1,-16.000000000,-6.000000000,6.000000000,16.000000000,0,1,1,-2,1,-4,4,64,-25,25,-24,13,-11,7,-7,2,-2,0,0,0,-1
256,96,68,1.490568680455e-02,1.491e-2,-1.826648008,149056.868045508,10000000,149057,1.490570000000e-02,1.490570000000e-02,-1.826647624,0,9.166161357,-1.026926877,2.996842021,2.819657162,96,7,7,adc_s16,0.050000000,12,1,-16.000000000,-6.000000000,6.000000000,16.000000000,0,1,1,-2,1,-4,4,64,-22,25,-24,13,-11,7,-7,2,-2,0,0,0,-1
256,36,-4,1.498182022709e-02,1.498e-2,-1.824435419,149818.202270872,10000000,149818,1.498180000000e-02,1.498180000000e-02,-1.824436005,0,9.429961068,-0.904551630,3.038955176,2.782240291,96,7,7,adc_s16,0.050000000,12,1,-16.000000000,-6.000000000,6.000000000,16.000000000,0,0,1,-2,1,-5,5,64,-35,24,-20,11,-9,7,-7,3,-2,0,0,0,-1
256,184,-76,1.503625964059e-02,1.504e-2,-1.822860184,150362.596405875,10000000,150363,1.503630000000e-02,1.503630000000e-02,-1.822859018,0,5.747066070,-0.874938241,2.379924381,2.219922203,96,7,7,adc_s16,0.050000000,12,1,-16.000000000,-6.000000000,6.000000000,16.000000000,0,1,0,0,-4,3,-7,64,-22,1,-6,3,-6,7,-8,3,-3,2,-1,1,-2
256,40,-56,1.518504709110e-02,1.519e-2,-1.818583857,151850.470910986,10000000,151850,1.518500000000e-02,1.518500000000e-02,-1.818585204,0,7.495585632,-0.865427372,2.745941980,2.865486396,96,7,7,adc_s16,0.050000000,12,1,-16.000000000,-6.000000000,6.000000000,16.000000000,0,0,1,-2,0,-3,2,64,-35,17,-15,9,-7,7,-7,3,-2,1,0,0,-1
256,60,36,1.520747587728e-02,1.521e-2,-1.817942864,152074.758772811,10000000,152075,1.520750000000e-02,1.520750000000e-02,-1.817942175,0,9.441517266,-0.963531374,3.058510176,2.824105522,96,7,7,adc_s16,0.050000000,12,1,-16.000000000,-6.000000000,6.000000000,16.000000000,0,1,1,-2,1,-5,5,64,-30,25,-23,13,-10,7,-7,2,-2,0,0,0,-1
256,36,8,1.520806205193e-02,1.521e-2,-1.817926124,152080.620519262,10000000,152081,1.520810000000e-02,1.520810000000e-02,-1.817925040,0,9.248900770,-0.898746294,3.030053647,2.753076560,96,7,7,adc_s16,0.050000000,12,1,-16.000000000,-6.000000000,6.000000000,16.000000000,0,0,1,-2,1,-5,5,64,-35,25,-22,12,-9,7,-7,3,-2,0,0,0,-1
256,204,-56,1.528944722611e-02,1.529e-2,-1.815608216,152894.472261059,10000000,152894,1.528940000000e-02,1.528940000000e-02,-1.815609557,0,5.954420690,-0.917829792,2.417051966,2.199907327,96,7,7,adc_s16,0.050000000,12,1,-16.000000000,-6.000000000,6.000000000,16.000000000,0,1,0,1,-4,4,-8,64,-18,2,-7,4,-7,7,-8,3,-3,2,-1,1,-2
256,40,-72,1.541902663320e-02,1.542e-2,-1.811943041,154190.266332021,10000000,154190,1.541900000000e-02,1.541900000000e-02,-1.811943792,0,7.538023050,-0.828372036,2.751456552,2.926205223,96,7,7,adc_s16,0.050000000,12,1,-16.000000000,-6.000000000,6.000000000,16.000000000,0,0,1,-2,0,-3,2,64,-35,15,-14,8,-7,7,-7,3,-2,1,0,0,-1
256,64,40,1.557209460560e-02,1.557e-2,-1.807652966,155720.946056027,10000000,155721,1.557210000000e-02,1.557210000000e-02,-1.807652816,0,9.573483848,-0.970232213,3.062504210,2.856796302,96,7,7,adc_s16,0.050000000,12,1,-16.000000000,-6.000000000,6.000000000,16.000000000,0,1,1,-2,1,-5,5,64,-29,25,-23,13,-10,7,-7,2,-2,0,0,0,-1
256,36,-28,1.562534099763e-02,1.563e-2,-1.806170496,156253.409976284,10000000,156253,1.562530000000e-02,1.562530000000e-02,-1.806171636,0,8.965403433,-0.908010128,2.962965608,2.824196729,96,7,7,adc_s16,0.050000000,12,1,-16.000000000,-6.000000000,6.000000000,16.000000000,0,0,1,-2,1,-4,4,64,-35,21,-18,10,-8,7,-7,3,-2,0,0,0,-1
256,108,80,1.565277645396e-02,1.565e-2,-1.805408617,156527.764539561,10000000,156528,1.565280000000e-02,1.565280000000e-02,-1.805407964,0,8.716470518,-1.074944417,2.933254748,2.751704159,96,7,7,adc_s16,0.050000000,12,1,-16.000000000,-6.000000000,6.000000000,16.000000000,0,1,1,-2,0,-4,4,64,-20,25,-24,14,-11,7,-7,2,-2,0,0,0,-1
256,192,-68,1.565299440838e-02,1.565e-2,-1.805402570,156529.944083778,10000000,156530,1.565300000000e-02,1.565300000000e-02,-1.805402415,0,5.815876143,-0.899580040,2.400060967,2.160641940,96,7,7,adc_s16,0.050000000,12,1,-16.000000000,-6.000000000,6.000000000,16.000000000,0,1,0,1,-4,3,-8,64,-20,1,-6,3,-6,7,-8,3,-3,2,-1,1,-2
256,40,12,1.568583020653e-02,1.569e-2,-1.804492490,156858.302065258,10000000,156858,1.568580000000e-02,1.568580000000e-02,-1.804493327,0,9.390616008,-0.929780138,3.054332680,2.805209488,96,7,7,adc_s16,0.050000000,12,1,-16.000000000,-6.000000000,6.000000000,16.000000000,0,0,1,-2,1,-5,5,64,-34,25,-22,12,-9,7,-7,3,-2,0,0,0,-1
256,80,56,1.570718045283e-02,1.571e-2,-1.803901767,157071.804528332,10000000,157072,1.570720000000e-02,1.570720000000e-02,-1.803901226,0,9.148485958,-1.008522727,2.993415408,2.858967981,96,7,7,adc_s16,0.050000000,12,1,-16.000000000,-6.000000000,6.000000000,16.000000000,0,1,1,-2,1,-5,4,64,-25,25,-24,13,-10,7,-7,2,-2,0,0,0,-1
256,220,-40,1.572051391727e-02,1.572e-2,-1.803533261,157205.139172740,10000000,157205,1.572050000000e-02,1.572050000000e-02,-1.803533645,0,6.114133083,-0.918817935,2.436531869,2.193358648,96,7,7,adc_s16,0.050000000,12,1,-16.000000000,-6.000000000,6.000000000,16.000000000,0,1,0,1,-4,4,-8,64,-14,2,-8,4,-7,7,-8,3,-3,2,-2,1,-2
256,68,44,1.580543613766e-02,1.581e-2,-1.801193516,158054.361376643,10000000,158054,1.580540000000e-02,1.580540000000e-02,-1.801194509,0,9.709668279,-0.990025939,3.081499067,2.841208786,96,7,7,adc_s16,0.050000000,12,1,-16.000000000,-6.000000000,6.000000000,16.000000000,0,1,1,-2,1,-5,5,64,-28,25,-23,13,-10,7,-7,2,-2,0,0,0,-1
256,72,48,1.587355317532e-02,1.587e-2,-1.799325849,158735.531753216,10000000,158736,1.587360000000e-02,1.587360000000e-02,-1.799324568,0,9.295613009,-0.987215909,3.027115962,2.897737054,96,7,7,adc_s16,0.050000000,12,1,-16.000000000,-6.000000000,6.000000000,16.000000000,0,1,1,-2,1,-5,4,64,-27,25,-23,13,-10,7,-7,2,-2,0,0,0,-1
256,60,32,1.594070077092e-02,1.594e-2,-1.797492590,159407.007709227,10000000,159407,1.594070000000e-02,1.594070000000e-02,-1.797492611,0,9.655576612,-0.980453310,3.080209255,2.847099084,96,7,7,adc_s16,0.050000000,12,1,-16.000000000,-6.000000000,6.000000000,16.000000000,0,1,1,-2,1,-5,5,64,-30,25,-22,13,-10,7,-7,2,-2,0,0,0,-1
256,88,64,1.595593520098e-02,1.596e-2,-1.797077736,159559.352009756,10000000,159559,1.595590000000e-02,1.595590000000e-02,-1.797078694,0,9.368030640,-1.012537055,3.023057806,2.853871910,96,7,7,adc_s16,0.050000000,12,1,-16.000000000,-6.000000000,6.000000000,16.000000000,0,1,1,-2,1,-4,4,64,-24,25,-24,13,-11,7,-7,2,-2,0,0,0,-1
256,180,-80,1.606845533773e-02,1.607e-2,-1.794025870,160684.553377296,10000000,160685,1.606850000000e-02,1.606850000000e-02,-1.794024663,0,5.859163991,-0.873178113,2.406175770,2.252393020,96,7,7,adc_s16,0.050000000,12,1,-16.000000000,-6.000000000,6.000000000,16.000000000,0,1,0,0,-4,3,-7,64,-23,1,-6,3,-6,7,-8,3,-3,2,-1,1,-2
256,68,48,1.609608671603e-02,1.610e-2,-1.793279697,160960.867160298,10000000,160961,1.609610000000e-02,1.609610000000e-02,-1.793279338,0,9.696723449,-0.984961709,3.080198381,2.859790638,96,7,7,adc_s16,0.050000000,12,1,-16.000000000,-6.000000000,6.000000000,16.000000000,0,1,1,-2,1,-5,5,64,-28,25,-24,13,-10,7,-7,2,-2,0,0,0,-1
256,208,-60,1.615908229706e-02,1.616e-2,-1.791583307,161590.822970575,10000000,161591,1.615910000000e-02,1.615910000000e-02,-1.791582831,0,6.087445663,-0.928977273,2.433485132,2.234184209,96,7,7,adc_s16,0.050000000,12,1,-16.000000000,-6.000000000,6.000000000,16.000000000,0,1,0,1,-4,4,-8,64,-17,1,-6,3,-7,7,-8,3,-3,2,-1,1,-2
256,36,0,1.616060247918e-02,1.616e-2,-1.791542452,161606.024791827,10000000,161606,1.616060000000e-02,1.616060000000e-02,-1.791542519,0,9.579302563,-0.889111907,3.071655286,2.808377583,96,7,7,adc_s16,0.050000000,12,1,-16.000000000,-6.000000000,6.000000000,16.000000000,0,0,1,-2,1,-5,5,64,-35,25,-21,12,-9,7,-7,3,-2,0,0,0,-1
256,36,12,1.623994021548e-02,1.624e-2,-1.789415574,162399.402154803,10000000,162399,1.623990000000e-02,1.623990000000e-02,-1.789416649,0,9.498237897,-0.900475543,3.070251125,2.797508856,96,7,7,adc_s16,0.050000000,12,1,-16.000000000,-6.000000000,6.000000000,16.000000000,0,0,1,-2,1,-5,5,64,-35,25,-22,12,-9,7,-7,3,-2,0,0,0,-1
256,72,52,1.637894205854e-02,1.638e-2,-1.785714153,163789.420585431,10000000,163789,1.637890000000e-02,1.637890000000e-02,-1.785715269,0,9.824256721,-0.997714921,3.100724689,2.860370435,96,7,7,adc_s16,0.050000000,12,1,-16.000000000,-6.000000000,6.000000000,16.000000000,0,1,1,-2,1,-5,5,64,-27,25,-24,13,-10,7,-7,2,-2,0,0,0,-1
256,36,-56,1.641807153296e-02,1.642e-2,-1.784677856,164180.715329630,10000000,164181,1.641810000000e-02,1.641810000000e-02,-1.784677103,0,7.786917695,-0.847856966,2.767805114,2.903648575,96,7,7,adc_s16,0.050000000,12,1,-16.000000000,-6.000000000,6.000000000,16.000000000,0,0,1,-2,0,-3,2,64,-35,17,-16,9,-7,7,-7,3,-2,1,0,0,-1
256,44,16,1.642740046637e-02,1.643e-2,-1.784431156,164274.004663691,10000000,164274,1.642740000000e-02,1.642740000000e-02,-1.784431168,0,9.536549094,-0.935863389,3.081799729,2.812614539,96,7,7,adc_s16,0.050000000,12,1,-16.000000000,-6.000000000,6.000000000,16.000000000,0,0,1,-2,1,-5,5,64,-33,25,-22,12,-9,7,-7,3,-2,0,0,0,-1
256,36,4,1.653660043567e-02,1.654e-2,-1.781553767,165366.004356745,10000000,165366,1.653660000000e-02,1.653660000000e-02,-1.781553779,0,9.684064226,-0.890841156,3.088421467,2.818334680,96,7,7,adc_s16,0.050000000,12,1,-16.000000000,-6.000000000,6.000000000,16.000000000,0,0,1,-2,1,-5,5,64,-35,25,-21,12,-9,7,-7,3,-2,0,0,0,-1
256,92,68,1.661654269270e-02,1.662e-2,-1.779459332,166165.426926981,10000000,166165,1.661650000000e-02,1.661650000000e-02,-1.779460448,0,9.491000705,-1.029736907,3.040113430,2.903830583,96,7,7,adc_s16,0.050000000,12,1,-16.000000000,-6.000000000,6.000000000,16.000000000,0,1,1,-2,1,-4,4,64,-23,25,-24,13,-11,7,-7,2,-2,0,0,0,-1
256,36,-36,1.663555955937e-02,1.664e-2,-1.778962586,166355.595593674,10000000,166356,1.663560000000e-02,1.663560000000e-02,-1.778961531,0,8.658616688,-0.873054595,2.928470692,2.918901637,96,7,7,adc_s16,0.050000000,12,1,-16.000000000,-6.000000000,6.000000000,16.000000000,0,0,1,-2,1,-4,3,64,-35,20,-17,10,-8,7,-7,3,-2,0,0,0,-1
256,192,-72,1.664099185033e-02,1.664e-2,-1.778820792,166409.918503293,10000000,166410,1.664100000000e-02,1.664100000000e-02,-1.778820579,0,5.947315218,-0.897850791,2.428300338,2.187083609,96,7,7,adc_s16,0.050000000,12,1,-16.000000000,-6.000000000,6.000000000,16.000000000,0,1,0,1,-4,3,-8,64,-20,1,-6,3,-6,7,-8,3,-3,2,-1,1,-2
256,40,8,1.664331409779e-02,1.664e-2,-1.778760191,166433.140977883,10000000,166433,1.664330000000e-02,1.664330000000e-02,-1.778760558,0,9.838648471,-0.936450099,3.099379575,2.834344862,96,7,7,adc_s16,0.050000000,12,1,-16.000000000,-6.000000000,6.000000000,16.000000000,0,0,1,-2,1,-5,5,64,-34,25,-21,12,-9,7,-7,3,-2,0,0,0,-1
256,40,16,1.673962401150e-02,1.674e-2,-1.776254301,167396.240115034,10000000,167396,1.673960000000e-02,1.673960000000e-02,-1.776254924,0,9.642435650,-0.931509387,3.094893546,2.840491757,96,7,7,adc_s16,0.050000000,12,1,-16.000000000,-6.000000000,6.000000000,16.000000000,0,0,1,-2,1,-5,5,64,-34,25,-22,12,-9,7,-7,3,-2,0,0,0,-1
256,36,-20,1.684341442093e-02,1.684e-2,-1.773569866,168434.144209326,10000000,168434,1.684340000000e-02,1.684340000000e-02,-1.773570238,0,9.113815868,-0.901340168,3.013467990,2.890899575,96,7,7,adc_s16,0.050000000,12,1,-16.000000000,-6.000000000,6.000000000,16.000000000,0,0,1,-2,1,-4,4,64,-35,22,-19,11,-8,7,-7,3,-2,0,0,0,-1
256,76,52,1.685850367007e-02,1.686e-2,-1.773180975,168585.036700715,10000000,168585,1.685850000000e-02,1.685850000000e-02,-1.773181070,0,9.433129877,-1.005033350,3.048804275,2.931204143,96,7,7,adc_s16,0.050000000,12,1,-16.000000000,-6.000000000,6.000000000,16.000000000,0,1,1,-2,1,-5,4,64,-26,25,-23,13,-10,7,-7,2,-2,0,0,0,-1
256,200,-68,1.687035463502e-02,1.687e-2,-1.772875788,168703.546350212,10000000,168704,1.687040000000e-02,1.687040000000e-02,-1.772874620,0,6.238254183,-0.872097332,2.461034502,2.260485658,96,7,7,adc_s16,0.050000000,12,1,-16.000000000,-6.000000000,6.000000000,16.000000000,0,1,0,1,-4,4,-8,64,-19,1,-6,3,-6,7,-8,3,-3,2,-1,1,-2
256,40,-80,1.692448172374e-02,1.692e-2,-1.771484622,169244.817237436,10000000,169245,1.692450000000e-02,1.692450000000e-02,-1.771484153,0,7.683839384,-0.794651680,2.763060621,2.950302280,96,7,7,adc_s16,0.050000000,12,1,-16.000000000,-6.000000000,6.000000000,16.000000000,0,0,1,-2,0,-2,1,64,-35,14,-13,7,-7,7,-7,3,-2,1,0,0,-1
256,188,-76,1.695385541800e-02,1.695e-2,-1.770731525,169538.554180005,10000000,169539,1.695390000000e-02,1.695390000000e-02,-1.770730383,0,6.058130534,-0.885591650,2.457376385,2.194891021,96,7,7,adc_s16,0.050000000,12,1,-16.000000000,-6.000000000,6.000000000,16.000000000,0,1,0,1,-4,3,-8,64,-21,1,-6,3,-6,7,-8,3,-3,2,-1,1,-2
256,36,-64,1.705757014769e-02,1.706e-2,-1.768082834,170575.701476895,10000000,170576,1.705760000000e-02,1.705760000000e-02,-1.768082074,0,7.799140232,-0.827970603,2.793780379,2.950775440,96,7,7,adc_s16,0.050000000,12,1,-16.000000000,-6.000000000,6.000000000,16.000000000,0,0,1,-2,0,-3,2,64,-35,16,-15,8,-7,7,-7,3,-2,1,0,0,-1
256,196,-76,1.706814980653e-02,1.707e-2,-1.767813554,170681.498065294,10000000,170681,1.706810000000e-02,1.706810000000e-02,-1.767814821,0,6.113679517,-0.886147480,2.446879002,2.258418338,96,7,7,adc_s16,0.050000000,12,1,-16.000000000,-6.000000000,6.000000000,16.000000000,0,1,0,1,-4,4,-8,64,-20,1,-5,3,-6,7,-8,3,-3,2,-1,1,-2
256,36,-60,1.708433553904e-02,1.708e-2,-1.767401908,170843.355390421,10000000,170843,1.708430000000e-02,1.708430000000e-02,-1.767402811,0,8.106278220,-0.835752223,2.822351554,2.907797805,96,7,7,adc_s16,0.050000000,12,1,-16.000000000,-6.000000000,6.000000000,16.000000000,0,0,1,-2,0,-3,2,64,-35,17,-15,8,-7,7,-7,3,-2,1,0,0,-1
256,44,24,1.710573532201e-02,1.711e-2,-1.766858252,171057.353220084,10000000,171057,1.710570000000e-02,1.710570000000e-02,-1.766859149,0,9.894284182,-0.912765563,3.134896902,2.894141207,96,7,7,adc_s16,0.050000000,12,1,-16.000000000,-6.000000000,6.000000000,16.000000000,0,0,1,-2,1,-5,5,64,-33,25,-23,13,-10,7,-7,2,-2,0,0,0,-1
256,200,-64,1.713338937084e-02,1.713e-2,-1.766156715,171333.893708409,10000000,171334,1.713340000000e-02,1.713340000000e-02,-1.766156446,0,6.185106215,-0.909152668,2.469693454,2.267980854,96,7,7,adc_s16,0.050000000,12,1,-16.000000000,-6.000000000,6.000000000,16.000000000,0,1,0,1,-4,4,-8,64,-19,1,-6,3,-7,7,-8,3,-3,2,-1,1,-2
256,48,20,1.717297389672e-02,1.717e-2,-1.765154490,171729.738967235,10000000,171730,1.717300000000e-02,1.717300000000e-02,-1.765153830,0,9.724500928,-0.936511858,3.114413925,2.953359430,96,7,7,adc_s16,0.050000000,12,1,-16.000000000,-6.000000000,6.000000000,16.000000000,0,1,1,-2,1,-5,5,64,-32,25,-22,12,-9,7,-7,3,-2,0,0,0,-1
256,196,-64,1.719124519553e-02,1.719e-2,-1.764692665,171912.451955313,10000000,171912,1.719120000000e-02,1.719120000000e-02,-1.764693807,0,6.104505751,-0.908751235,2.456691593,2.266863967,96,7,7,adc_s16,0.050000000,12,1,-16.000000000,-6.000000000,6.000000000,16.000000000,0,1,0,1,-4,3,-8,64,-19,1,-7,4,-7,7,-8,3,-3,2,-1,1,-2
256,184,-80,1.733413847176e-02,1.733e-2,-1.761097738,173341.384717604,10000000,173341,1.733410000000e-02,1.733410000000e-02,-1.761098702,0,6.173163699,-0.846652668,2.475849544,2.252879747,96,7,7,adc_s16,0.050000000,12,1,-16.000000000,-6.000000000,6.000000000,16.000000000,0,1,0,1,-4,3,-8,64,-22,1,-6,3,-6,7,-8,3,-3,2,-1,1,-2
256,104,80,1.743503569731e-02,1.744e-2,-1.758577159,174350.356973059,10000000,174350,1.743500000000e-02,1.743500000000e-02,-1.758578048,0,9.134208511,-1.058856225,2.989486626,2.824939092,96,7,7,adc_s16,0.050000000,12,1,-16.000000000,-6.000000000,6.000000000,16.000000000,0,1,1,-2,0,-4,4,64,-20,25,-25,14,-11,7,-7,2,-2,0,0,0,-1
256,44,20,1.747741324862e-02,1.748e-2,-1.757522845,174774.132486199,10000000,174774,1.747740000000e-02,1.747740000000e-02,-1.757523174,0,9.790851251,-0.937592638,3.122253957,2.846971592,96,7,7,adc_s16,0.050000000,12,1,-16.000000000,-6.000000000,6.000000000,16.000000000,0,0,1,-2,1,-5,5,64,-33,25,-22,12,-9,7,-7,3,-2,0,0,0,-1
256,48,24,1.751593333375e-02,1.752e-2,-1.756566716,175159.333337515,10000000,175159,1.751590000000e-02,1.751590000000e-02,-1.756567543,0,10.005955245,-0.934165020,3.146065897,2.930678433,96,7,7,adc_s16,0.050000000,12,1,-16.000000000,-6.000000000,6.000000000,16.000000000,0,1,1,-2,1,-5,5,64,-32,25,-22,12,-10,7,-7,2,-2,0,0,0,-1
256,192,-80,1.752687247618e-02,1.753e-2,-1.756295573,175268.724761817,10000000,175269,1.752690000000e-02,1.752690000000e-02,-1.756294891,0,6.211455238,-0.881052372,2.465995510,2.246753838,96,7,7,adc_s16,0.050000000,12,1,-16.000000000,-6.000000000,6.000000000,16.000000000,0,1,0,1,-4,4,-8,64,-21,1,-5,3,-6,7,-8,3,-3,2,-1,1,-2
256,52,28,1.753973152352e-02,1.754e-2,-1.755977059,175397.315235182,10000000,175397,1.753970000000e-02,1.753970000000e-02,-1.755977839,0,9.851502421,-0.953835227,3.132883572,2.913754403,96,7,7,adc_s16,0.050000000,12,1,-16.000000000,-6.000000000,6.000000000,16.000000000,0,1,1,-2,1,-5,5,64,-31,25,-23,13,-10,7,-7,2,-2,0,0,0,-1
256,32,-44,1.760816763355e-02,1.761e-2,-1.754285836,176081.676335511,10000000,176082,1.760820000000e-02,1.760820000000e-02,-1.754285038,0,8.932056011,-0.850296443,2.978060966,2.934180610,96,7,7,adc_s16,0.050000000,12,1,-16.000000000,-6.000000000,6.000000000,16.000000000,0,0,1,-2,1,-4,3,64,-35,19,-17,9,-8,7,-7,3,-2,0,0,0,-1
256,212,-56,1.762314558504e-02,1.762e-2,-1.753916571,176231.455850370,10000000,176231,1.762310000000e-02,1.762310000000e-02,-1.753917694,0,6.386459194,-0.900969615,2.483756141,2.314741933,96,7,7,adc_s16,0.050000000,12,1,-16.000000000,-6.000000000,6.000000000,16.000000000,0,1,0,1,-4,4,-8,64,-17,1,-6,4,-7,7,-8,3,-3,2,-2,1,-2
256,96,72,1.768575814160e-02,1.769e-2,-1.752376318,176857.581416020,10000000,176858,1.768580000000e-02,1.768580000000e-02,-1.752375291,0,9.793625259,-1.035573123,3.088701869,2.946964796,96,7,7,adc_s16,0.050000000,12,1,-16.000000000,-6.000000000,6.000000000,16.000000000,0,1,1,-2,1,-4,4,64,-22,25,-24,14,-11,7,-7,2,-2,0,0,0,-1
256,208,-56,1.769062427787e-02,1.769e-2,-1.752256841,176906.242778713,10000000,176906,1.769060000000e-02,1.769060000000e-02,-1.752257437,0,6.225833215,-0.908473320,2.479726864,2.193373834,96,7,7,adc_s16,0.050000000,12,1,-16.000000000,-6.000000000,6.000000000,16.000000000,0,1,0,1,-4,4,-8,64,-17,1,-7,4,-7,7,-8,3,-3,2,-1,1,-2
256,56,32,1.779467133297e-02,1.779e-2,-1.749710029,177946.713329662,10000000,177947,1.779470000000e-02,1.779470000000e-02,-1.749709329,0,9.982497878,-0.960041996,3.147194900,2.922542728,96,7,7,adc_s16,0.050000000,12,1,-16.000000000,-6.000000000,6.000000000,16.000000000,0,1,1,-2,1,-5,5,64,-30,25,-23,13,-10,7,-7,2,-2,0,0,0,-1
256,36,-48,1.785285723470e-02,1.785e-2,-1.748292268,178528.572347046,10000000,178529,1.785290000000e-02,1.785290000000e-02,-1.748291228,0,8.249852207,-0.867619812,2.880060582,2.998594923,96,7,7,adc_s16,0.050000000,12,1,-16.000000000,-6.000000000,6.000000000,16.000000000,0,0,1,-2,0,-3,3,64,-35,18,-16,9,-8,7,-7,3,-2,1,0,0,-1
256,80,60,1.807233595425e-02,1.807e-2,-1.742985709,180723.359542455,10000000,180723,1.807230000000e-02,1.807230000000e-02,-1.742986573,0,9.777842786,-0.968132411,3.095511008,2.953285831,96,7,7,adc_s16,0.050000000,12,1,-16.000000000,-6.000000000,6.000000000,16.000000000,0,1,1,-2,1,-5,4,64,-25,25,-24,13,-11,7,-7,2,-2,0,0,0,-1
256,220,-44,1.809170262526e-02,1.809e-2,-1.742520559,180917.026252582,10000000,180917,1.809170000000e-02,1.809170000000e-02,-1.742520622,0,6.349432394,-0.951550148,2.501493093,2.331078420,96,7,7,adc_s16,0.050000000,12,1,-16.000000000,-6.000000000,6.000000000,16.000000000,0,1,0,1,-4,4,-8,64,-15,2,-7,4,-7,7,-8,3,-3,2,-2,1,-2
256,196,-68,1.811620035107e-02,1.812e-2,-1.741932885,181162.003510713,10000000,181162,1.811620000000e-02,1.811620000000e-02,-1.741932893,0,6.182302810,-0.887382658,2.497826948,2.257857803,96,7,7,adc_s16,0.050000000,12,1,-16.000000000,-6.000000000,6.000000000,16.000000000,0,1,0,1,-4,4,-8,64,-20,1,-6,3,-6,7,-8,3,-3,2,-1,1,-2
256,204,-64,1.816737521932e-02,1.817e-2,-1.740707814,181673.752193212,10000000,181674,1.816740000000e-02,1.816740000000e-02,-1.740707222,0,6.199938774,-0.928822875,2.477903099,2.273384104,96,7,7,adc_s16,0.050000000,12,1,-16.000000000,-6.000000000,6.000000000,16.000000000,0,1,0,1,-4,4,-8,64,-18,1,-6,3,-7,7,-8,3,-3,2,-1,1,-2
256,36,-16,1.817875931647e-02,1.818e-2,-1.740435760,181787.593164705,10000000,181788,1.817880000000e-02,1.817880000000e-02,-1.740434788,0,9.558733178,-0.917891551,3.076836855,2.904337002,96,7,7,adc_s16,0.050000000,12,1,-16.000000000,-6.000000000,6.000000000,16.000000000,0,0,1,-2,1,-4,4,64,-35,23,-19,11,-8,7,-7,3,-2,0,0,0,-1
256,84,64,1.819522826676e-02,1.820e-2,-1.740042492,181952.282667635,10000000,181952,1.819520000000e-02,1.819520000000e-02,-1.740043166,0,9.896424415,-1.011518034,3.097547521,2.964881858,96,7,7,adc_s16,0.050000000,12,1,-16.000000000,-6.000000000,6.000000000,16.000000000,0,1,1,-2,1,-5,4,64,-24,25,-24,13,-11,7,-7,2,-2,0,0,0,-1
256,192,-76,1.825457881780e-02,1.825e-2,-1.738628183,182545.788178026,10000000,182546,1.825460000000e-02,1.825460000000e-02,-1.738627679,0,6.455325791,-0.877964427,2.506340223,2.290934554,96,7,7,adc_s16,0.050000000,12,1,-16.000000000,-6.000000000,6.000000000,16.000000000,0,1,0,1,-4,4,-8,64,-21,1,-6,3,-6,7,-8,3,-3,2,-1,1,-2
256,100,76,1.834874555529e-02,1.835e-2,-1.736393622,183487.455552873,10000000,183487,1.834870000000e-02,1.834870000000e-02,-1.736394700,0,9.938509724,-1.079823370,3.112074656,2.934281639,96,7,7,adc_s16,0.050000000,12,1,-16.000000000,-6.000000000,6.000000000,16.000000000,0,1,1,-2,1,-4,4,64,-21,25,-24,14,-11,7,-7,2,-2,0,0,0,-1
256,76,56,1.836130094880e-02,1.836e-2,-1.736096551,183613.009487955,10000000,183613,1.836130000000e-02,1.836130000000e-02,-1.736096574,0,9.956007843,-1.001945405,3.151367551,2.974167621,96,7,7,adc_s16,0.050000000,12,1,-16.000000000,-6.000000000,6.000000000,16.000000000,0,1,1,-2,1,-5,5,64,-26,25,-24,13,-10,7,-7,2,-2,0,0,0,-1
256,32,-24,1.837801922937e-02,1.838e-2,-1.735701298,183780.192293690,10000000,183780,1.837800000000e-02,1.837800000000e-02,-1.735701753,0,9.669188975,-0.892786561,3.077686098,2.982494940,96,7,7,adc_s16,0.050000000,12,1,-16.000000000,-6.000000000,6.000000000,16.000000000,0,0,1,-2,1,-4,4,64,-35,22,-19,10,-8,7,-7,3,-2,0,0,0,-1
256,32,-4,1.844182460224e-02,1.844e-2,-1.734196113,184418.246022356,10000000,184418,1.844180000000e-02,1.844180000000e-02,-1.734196692,0,10.063927709,-0.874382411,3.161519239,2.927194512,96,7,7,adc_s16,0.050000000,12,1,-16.000000000,-6.000000000,6.000000000,16.000000000,0,0,1,-2,1,-5,5,64,-35,25,-21,11,-9,7,-7,3,-2,0,0,0,-1
256,200,-72,1.852519116679e-02,1.853e-2,-1.732237302,185251.911667855,10000000,185252,1.852520000000e-02,1.852520000000e-02,-1.732237095,0,6.469044630,-0.870368083,2.507950158,2.306568705,96,7,7,adc_s16,0.050000000,12,1,-16.000000000,-6.000000000,6.000000000,16.000000000,0,1,0,1,-4,4,-8,64,-19,1,-6,3,-6,7,-8,3,-3,2,-1,1,-2
256,72,56,1.852911105581e-02,1.853e-2,-1.732145416,185291.110558092,10000000,185291,1.852910000000e-02,1.852910000000e-02,-1.732145675,0,10.306504961,-0.999444170,3.177404094,2.947767370,96,7,7,adc_s16,0.050000000,12,1,-16.000000000,-6.000000000,6.000000000,16.000000000,0,1,1,-2,1,-5,5,64,-27,25,-24,13,-10,7,-7,2,-2,0,0,0,-1
256,92,72,1.869497281857e-02,1.869e-2,-1.728275162,186949.728185686,10000000,186950,1.869500000000e-02,1.869500000000e-02,-1.728274531,0,9.820569965,-1.035542243,3.099404763,2.971301052,96,7,7,adc_s16,0.050000000,12,1,-16.000000000,-6.000000000,6.000000000,16.000000000,0,1,1,-2,1,-4,4,64,-23,25,-25,14,-11,7,-7,2,-2,0,0,0,-1
256,32,-48,1.878497335022e-02,1.878e-2,-1.726189417,187849.733502170,10000000,187850,1.878500000000e-02,1.878500000000e-02,-1.726188801,0,9.156959717,-0.848567194,3.016461181,2.981569971,96,7,7,adc_s16,0.050000000,12,1,-16.000000000,-6.000000000,6.000000000,16.000000000,0,0,1,-2,1,-4,3,64,-35,19,-17,9,-8,7,-7,3,-2,0,0,0,-1
256,96,76,1.883951361640e-02,1.884e-2,-1.724930314,188395.136164025,10000000,188395,1.883950000000e-02,1.883950000000e-02,-1.724930628,0,9.948367574,-1.050765810,3.118859698,2.984115872,96,7,7,adc_s16,0.050000000,12,1,-16.000000000,-6.000000000,6.000000000,16.000000000,0,1,1,-2,1,-4,4,64,-22,25,-25,14,-11,7,-7,2,-2,0,0,0,-1
256,48,28,1.886421187473e-02,1.886e-2,-1.724361334,188642.118747297,10000000,188642,1.886420000000e-02,1.886420000000e-02,-1.724361608,0,10.051025152,-0.934659091,3.169258734,2.971257776,96,7,7,adc_s16,0.050000000,12,1,-16.000000000,-6.000000000,6.000000000,16.000000000,0,1,1,-2,1,-5,5,64,-32,25,-23,13,-10,7,-7,2,-2,0,0,0,-1
256,100,80,1.892012518623e-02,1.892e-2,-1.723075994,189201.251862335,10000000,189201,1.892010000000e-02,1.892010000000e-02,-1.723076573,0,10.080383032,-1.055366848,3.118275330,2.962993689,96,7,7,adc_s16,0.050000000,12,1,-16.000000000,-6.000000000,6.000000000,16.000000000,0,1,1,-2,1,-4,4,64,-21,25,-25,14,-11,7,-7,2,-2,0,0,0,-1
256,52,32,1.901836051179e-02,1.902e-2,-1.720826924,190183.605117877,10000000,190184,1.901840000000e-02,1.901840000000e-02,-1.720826023,0,10.180285274,-0.955564476,3.185042939,2.974532072,96,7,7,adc_s16,0.050000000,12,1,-16.000000000,-6.000000000,6.000000000,16.000000000,0,1,1,-2,1,-5,5,64,-31,25,-23,13,-10,7,-7,2,-2,0,0,0,-1
256,32,-8,1.903764501170e-02,1.904e-2,-1.720386776,190376.450116960,10000000,190376,1.903760000000e-02,1.903760000000e-02,-1.720387802,0,10.285129990,-0.901062253,3.178603555,2.948279135,96,7,7,adc_s16,0.050000000,12,1,-16.000000000,-6.000000000,6.000000000,16.000000000,0,0,1,-2,1,-5,5,64,-35,24,-20,11,-9,7,-7,3,-2,0,0,0,-1
256,204,-68,1.915201682634e-02,1.915e-2,-1.717785485,191520.168263446,10000000,191520,1.915200000000e-02,1.915200000000e-02,-1.717785867,0,6.364353085,-0.906713192,2.518338344,2.278654679,96,7,7,adc_s16,0.050000000,12,1,-16.000000000,-6.000000000,6.000000000,16.000000000,0,1,0,1,-4,4,-8,64,-18,1,-6,3,-6,7,-8,3,-3,2,-1,1,-2
256,196,-80,1.917962408223e-02,1.918e-2,-1.717159909,191796.240822278,10000000,191796,1.917960000000e-02,1.917960000000e-02,-1.717160454,0,6.420633235,-0.884418231,2.509368895,2.323424856,96,7,7,adc_s16,0.050000000,12,1,-16.000000000,-6.000000000,6.000000000,16.000000000,0,1,0,1,-4,4,-8,64,-20,1,-5,3,-6,7,-8,3,-3,2,-1,1,-2
256,56,36,1.922336524429e-02,1.922e-2,-1.716170582,192233.652442851,10000000,192234,1.922340000000e-02,1.922340000000e-02,-1.716169797,0,10.313763245,-0.961771245,3.198879996,2.980675626,96,7,7,adc_s16,0.050000000,12,1,-16.000000000,-6.000000000,6.000000000,16.000000000,0,1,1,-2,1,-5,5,64,-30,25,-23,13,-10,7,-7,2,-2,0,0,0,-1
256,32,-12,1.922923462804e-02,1.923e-2,-1.716038001,192292.346280429,10000000,192292,1.922920000000e-02,1.922920000000e-02,-1.716038784,0,10.294463140,-0.899333004,3.181981527,2.961233683,96,7,7,adc_s16,0.050000000,12,1,-16.000000000,-6.000000000,6.000000000,16.000000000,0,0,1,-2,1,-5,5,64,-35,24,-20,11,-9,7,-7,3,-2,0,0,0,-1
256,196,-72,1.930653361244e-02,1.931e-2,-1.714295695,193065.336124365,10000000,193065,1.930650000000e-02,1.930650000000e-02,-1.714296451,0,6.344681062,-0.885653409,2.530445317,2.299991696,96,7,7,adc_s16,0.050000000,12,1,-16.000000000,-6.000000000,6.000000000,16.000000000,0,1,0,1,-4,4,-8,64,-20,1,-6,3,-6,7,-8,3,-3,2,-1,1,-2
256,204,-60,1.934514864636e-02,1.935e-2,-1.713427929,193451.486463629,10000000,193451,1.934510000000e-02,1.934510000000e-02,-1.713429021,0,6.337716631,-0.930181571,2.525923170,2.252741393,96,7,7,adc_s16,0.050000000,12,1,-16.000000000,-6.000000000,6.000000000,16.000000000,0,1,0,1,-4,4,-8,64,-18,1,-7,4,-7,7,-8,3,-3,2,-1,1,-2
256,32,8,1.938462756452e-02,1.938e-2,-1.712542539,193846.275645157,10000000,193846,1.938460000000e-02,1.938460000000e-02,-1.712543156,0,10.150381722,-0.896986166,3.176225420,2.922695497,96,7,7,adc_s16,0.050000000,12,1,-16.000000000,-6.000000000,6.000000000,16.000000000,0,0,1,-2,1,-5,5,64,-35,25,-22,12,-9,7,-7,3,-2,0,0,0,-1
256,188,-80,1.944107492203e-02,1.944e-2,-1.711279726,194410.749220281,10000000,194411,1.944110000000e-02,1.944110000000e-02,-1.711279166,0,6.570188368,-0.855453310,2.531783913,2.279096863,96,7,7,adc_s16,0.050000000,12,1,-16.000000000,-6.000000000,6.000000000,16.000000000,0,1,0,1,-4,4,-8,64,-22,1,-6,3,-6,7,-8,3,-3,2,-1,1,-2
256,60,40,1.960095634558e-02,1.960e-2,-1.707722739,196009.563455816,10000000,196010,1.960100000000e-02,1.960100000000e-02,-1.707721771,0,10.451459066,-0.968472085,3.202619391,3.013564491,96,7,7,adc_s16,0.050000000,12,1,-16.000000000,-6.000000000,6.000000000,16.000000000,0,1,1,-2,1,-5,5,64,-29,25,-23,13,-10,7,-7,2,-2,0,0,0,-1
256,36,-80,1.979084451446e-02,1.979e-2,-1.703535673,197908.445144627,10000000,197908,1.979080000000e-02,1.979080000000e-02,-1.703536650,0,8.545957292,-0.802772974,2.905814534,3.059696013,96,7,7,adc_s16,0.050000000,12,1,-16.000000000,-6.000000000,6.000000000,16.000000000,0,0,1,-2,0,-3,2,64,-35,14,-13,7,-7,7,-7,3,-2,1,0,0,-1
256,32,-36,1.983308544900e-02,1.983e-2,-1.702609717,198330.854490028,10000000,198331,1.983310000000e-02,1.983310000000e-02,-1.702609398,0,9.675918138,-0.880928854,3.112801944,3.007870670,96,7,7,adc_s16,0.050000000,12,1,-16.000000000,-6.000000000,6.000000000,16.000000000,0,0,1,-2,1,-4,4,64,-35,20,-18,10,-8,7,-7,3,-2,0,0,0,-1
256,64,44,1.986788567450e-02,1.987e-2,-1.701848348,198678.856744971,10000000,198679,1.986790000000e-02,1.986790000000e-02,-1.701848035,0,10.593372735,-0.988265810,3.221885519,2.997215576,96,7,7,adc_s16,0.050000000,12,1,-16.000000000,-6.000000000,6.000000000,16.000000000,0,1,1,-2,1,-5,5,64,-28,25,-23,13,-10,7,-7,2,-2,0,0,0,-1
256,36,-72,1.991268048044e-02,1.991e-2,-1.700870275,199126.804804379,10000000,199127,1.991270000000e-02,1.991270000000e-02,-1.700869849,0,8.415506282,-0.826611907,2.906901778,3.089894500,96,7,7,adc_s16,0.050000000,12,1,-16.000000000,-6.000000000,6.000000000,16.000000000,0,0,1,-2,0,-3,2,64,-35,15,-14,8,-7,7,-7,3,-2,1,0,0,-1
256,32,-28,2.009442557510e-02,2.009e-2,-1.696924404,200944.255751017,10000000,200944,2.009440000000e-02,2.009440000000e-02,-1.696924957,0,9.913083129,-0.906250000,3.117768660,2.997811776,96,7,7,adc_s16,0.050000000,12,1,-16.000000000,-6.000000000,6.000000000,16.000000000,0,0,1,-2,1,-4,4,64,-35,21,-18,10,-8,7,-7,3,-2,0,0,0,-1
256,64,48,2.009485417811e-02,2.009e-2,-1.696915141,200948.541781129,10000000,200949,2.009490000000e-02,2.009490000000e-02,-1.696914151,0,10.556706590,-0.983201581,3.216647648,3.012848975,96,7,7,adc_s16,0.050000000,12,1,-16.000000000,-6.000000000,6.000000000,16.000000000,0,1,1,-2,1,-5,5,64,-28,25,-24,13,-10,7,-7,2,-2,0,0,0,-1
256,36,-52,2.034458007982e-02,2.034e-2,-1.691551270,203445.800798158,10000000,203446,2.034460000000e-02,2.034460000000e-02,-1.691550844,0,8.744079291,-0.860455781,2.967994827,3.036135639,96,7,7,adc_s16,0.050000000,12,1,-16.000000000,-6.000000000,6.000000000,16.000000000,0,0,1,-2,0,-3,3,64,-35,18,-16,9,-7,7,-7,3,-2,1,0,0,-1
256,60,44,2.038792952096e-02,2.039e-2,-1.690626876,203879.295209645,10000000,203879,2.038790000000e-02,2.038790000000e-02,-1.690627505,0,10.427661927,-0.967113389,3.205853577,3.037113746,96,7,7,adc_s16,0.050000000,12,1,-16.000000000,-6.000000000,6.000000000,16.000000000,0,1,1,-2,1,-5,5,64,-29,25,-24,13,-10,7,-7,2,-2,0,0,0,-1
256,68,52,2.040615832818e-02,2.041e-2,-1.690238748,204061.583281834,10000000,204062,2.040620000000e-02,2.040620000000e-02,-1.690237861,0,10.689969101,-0.995954792,3.237073930,3.011353163,96,7,7,adc_s16,0.050000000,12,1,-16.000000000,-6.000000000,6.000000000,16.000000000,0,1,1,-2,1,-5,5,64,-27,25,-24,13,-10,7,-7,2,-2,0,0,0,-1
256,32,0,2.042824782377e-02,2.043e-2,-1.689768882,204282.478237736,10000000,204282,2.042820000000e-02,2.042820000000e-02,-1.689769899,0,10.503464694,-0.887351779,3.218404296,2.973345610,96,7,7,adc_s16,0.050000000,12,1,-16.000000000,-6.000000000,6.000000000,16.000000000,0,0,1,-2,1,-5,5,64,-35,25,-21,12,-9,7,-7,3,-2,0,0,0,-1
256,32,12,2.046677114682e-02,2.047e-2,-1.688950667,204667.711468193,10000000,204668,2.046680000000e-02,2.046680000000e-02,-1.688950054,0,10.400758987,-0.898715415,3.214739382,2.957794055,96,7,7,adc_s16,0.050000000,12,1,-16.000000000,-6.000000000,6.000000000,16.000000000,0,0,1,-2,1,-5,5,64,-35,25,-22,12,-9,7,-7,3,-2,0,0,0,-1
256,84,68,2.056540745599e-02,2.057e-2,-1.686862682,205654.074559922,10000000,205654,2.056540000000e-02,2.056540000000e-02,-1.686862839,0,10.699180838,-1.026587204,3.234230329,3.034156088,96,7,7,adc_s16,0.050000000,12,1,-16.000000000,-6.000000000,6.000000000,16.000000000,0,1,1,-2,1,-5,5,64,-24,25,-25,14,-11,7,-7,2,-2,0,0,0,-1
256,88,68,2.060268981937e-02,2.060e-2,-1.686076076,206026.898193685,10000000,206027,2.060270000000e-02,2.060270000000e-02,-1.686075861,0,10.204589455,-1.042181324,3.171780979,3.016469384,96,7,7,adc_s16,0.050000000,12,1,-16.000000000,-6.000000000,6.000000000,16.000000000,0,1,1,-2,1,-5,4,64,-23,25,-24,14,-11,7,-7,2,-2,0,0,0,-1
256,48,32,2.063811309861e-02,2.064e-2,-1.685330012,206381.130986131,10000000,206381,2.063810000000e-02,2.063810000000e-02,-1.685330288,0,10.448220199,-0.936388340,3.231258362,3.040388568,96,7,7,adc_s16,0.050000000,12,1,-16.000000000,-6.000000000,6.000000000,16.000000000,0,1,1,-2,1,-5,5,64,-32,25,-23,13,-10,7,-7,2,-2,0,0,0,-1
256,88,72,2.064251458807e-02,2.064e-2,-1.685237400,206425.145880658,10000000,206425,2.064250000000e-02,2.064250000000e-02,-1.685237707,0,10.387414455,-1.036746542,3.176479038,3.079561505,96,7,7,adc_s16,0.050000000,12,1,-16.000000000,-6.000000000,6.000000000,16.000000000,0,1,1,-2,1,-5,4,64,-23,25,-25,14,-11,7,-7,2,-2,0,0,0,-1
256,32,4,2.082268313583e-02,2.082e-2,-1.681463310,208226.831358317,10000000,208227,2.082270000000e-02,2.082270000000e-02,-1.681462958,0,10.609266493,-0.889081028,3.234552780,2.982731281,96,7,7,adc_s16,0.050000000,12,1,-16.000000000,-6.000000000,6.000000000,16.000000000,0,0,1,-2,1,-5,5,64,-35,25,-21,12,-9,7,-7,3,-2,0,0,0,-1
256,216,-52,2.082379755199e-02,2.082e-2,-1.681440067,208237.975519882,10000000,208238,2.082380000000e-02,2.082380000000e-02,-1.681440016,0,6.827699726,-0.927927372,2.574136368,2.365380829,96,7,7,adc_s16,0.050000000,12,1,-16.000000000,-6.000000000,6.000000000,16.000000000,0,1,0,1,-4,4,-8,64,-16,1,-7,4,-7,7,-8,3,-3,2,-2,1,-2
256,52,36,2.084630163956e-02,2.085e-2,-1.680970982,208463.016395647,10000000,208463,2.084630000000e-02,2.084630000000e-02,-1.680971017,0,10.579962836,-0.957293725,3.247281730,3.045819181,96,7,7,adc_s16,0.050000000,12,1,-16.000000000,-6.000000000,6.000000000,16.000000000,0,1,1,-2,1,-5,5,64,-31,25,-23,13,-10,7,-7,2,-2,0,0,0,-1
256,32,-32,2.084897232241e-02,2.085e-2,-1.680915347,208489.723224101,10000000,208490,2.084900000000e-02,2.084900000000e-02,-1.680914771,0,10.058380142,-0.904520751,3.141022552,3.028659176,96,7,7,adc_s16,0.050000000,12,1,-16.000000000,-6.000000000,6.000000000,16.000000000,0,0,1,-2,1,-4,4,64,-35,21,-18,10,-8,7,-7,3,-2,0,0,0,-1
256,76,60,2.094838954533e-02,2.095e-2,-1.678849359,209483.895453331,10000000,209484,2.094840000000e-02,2.094840000000e-02,-1.678849142,0,10.660835793,-0.979959239,3.253563664,3.035370307,96,7,7,adc_s16,0.050000000,12,1,-16.000000000,-6.000000000,6.000000000,16.000000000,0,1,1,-2,1,-5,5,64,-26,25,-24,13,-11,7,-7,2,-2,0,0,0,-1
256,32,-16,2.094868169033e-02,2.095e-2,-1.678843302,209486.816903277,10000000,209487,2.094870000000e-02,2.094870000000e-02,-1.678842923,0,10.005058778,-0.902544466,3.160650429,3.003898504,96,7,7,adc_s16,0.050000000,12,1,-16.000000000,-6.000000000,6.000000000,16.000000000,0,0,1,-2,1,-5,4,64,-35,23,-19,11,-8,7,-7,3,-2,0,0,0,-1
256,56,40,2.100062957646e-02,2.100e-2,-1.677767685,210006.295764588,10000000,210006,2.100060000000e-02,2.100060000000e-02,-1.677768297,0,10.715923322,-0.963500494,3.260618314,3.049409039,96,7,7,adc_s16,0.050000000,12,1,-16.000000000,-6.000000000,6.000000000,16.000000000,0,1,1,-2,1,-5,5,64,-30,25,-23,13,-10,7,-7,2,-2,0,0,0,-1
256,36,16,2.101195224304e-02,2.101e-2,-1.677533595,210119.522430430,10000000,210120,2.101200000000e-02,2.101200000000e-02,-1.677532608,0,10.550685978,-0.929749259,3.239056039,3.008794179,96,7,7,adc_s16,0.050000000,12,1,-16.000000000,-6.000000000,6.000000000,16.000000000,0,0,1,-2,1,-5,5,64,-34,25,-22,12,-9,7,-7,3,-2,0,0,0,-1
256,204,-72,2.119755610667e-02,2.120e-2,-1.673714207,211975.561066706,10000000,211976,2.119760000000e-02,2.119760000000e-02,-1.673713307,0,6.729187998,-0.886209239,2.575360939,2.390610525,96,7,7,adc_s16,0.050000000,12,1,-16.000000000,-6.000000000,6.000000000,16.000000000,0,1,0,1,-4,4,-8,64,-19,1,-5,3,-6,7,-8,3,-3,2,-1,1,-2
256,40,24,2.145331433396e-02,2.145e-2,-1.668505604,214533.143339604,10000000,214533,2.145330000000e-02,2.145330000000e-02,-1.668505894,0,10.817050181,-0.911005435,3.278733620,3.054516467,96,7,7,adc_s16,0.050000000,12,1,-16.000000000,-6.000000000,6.000000000,16.000000000,0,0,1,-2,1,-5,5,64,-33,25,-23,13,-10,7,-7,2,-2,0,0,0,-1
256,32,-20,2.146102591714e-02,2.146e-2,-1.668349521,214610.259171382,10000000,214610,2.146100000000e-02,2.146100000000e-02,-1.668350045,0,10.069967351,-0.899580040,3.169124342,3.064407377,96,7,7,adc_s16,0.050000000,12,1,-16.000000000,-6.000000000,6.000000000,16.000000000,0,0,1,-2,1,-4,4,64,-35,22,-19,11,-8,7,-7,3,-2,0,0,0,-1
256,212,-60,2.153322389281e-02,2.153e-2,-1.666890944,215332.238928095,10000000,215332,2.153320000000e-02,2.153320000000e-02,-1.666891426,0,6.820071855,-0.924437994,2.594023611,2.451603394,96,7,7,adc_s16,0.050000000,12,1,-16.000000000,-6.000000000,6.000000000,16.000000000,0,1,0,1,-4,4,-8,64,-17,1,-6,3,-7,7,-8,3,-3,2,-2,1,-2
256,80,64,2.167291788118e-02,2.167e-2,-1.664082615,216729.178811818,10000000,216729,2.167290000000e-02,2.167290000000e-02,-1.664082973,0,10.927468246,-1.018280632,3.285633379,3.062017004,96,7,7,adc_s16,0.050000000,12,1,-16.000000000,-6.000000000,6.000000000,16.000000000,0,1,1,-2,1,-5,5,64,-25,25,-24,14,-11,7,-7,2,-2,0,0,0,-1
256,40,20,2.177465479694e-02,2.177e-2,-1.662048721,217746.547969416,10000000,217747,2.177470000000e-02,2.177470000000e-02,-1.662047820,0,10.704830818,-0.935832510,3.265964785,3.008643388,96,7,7,adc_s16,0.050000000,12,1,-16.000000000,-6.000000000,6.000000000,16.000000000,0,0,1,-2,1,-5,5,64,-33,25,-22,12,-9,7,-7,3,-2,0,0,0,-1
256,32,-52,2.178265704390e-02,2.178e-2,-1.661889146,217826.570439006,10000000,217827,2.178270000000e-02,2.178270000000e-02,-1.661888290,0,9.111700669,-0.867959486,3.024637911,3.091636018,96,7,7,adc_s16,0.050000000,12,1,-16.000000000,-6.000000000,6.000000000,16.000000000,0,0,1,-2,0,-4,3,64,-35,18,-16,9,-7,7,-7,3,-2,1,0,0,-1
256,92,76,2.178710081148e-02,2.179e-2,-1.661800557,217871.008114820,10000000,217871,2.178710000000e-02,2.178710000000e-02,-1.661800573,0,10.515041476,-1.034307065,3.213251170,3.082241772,96,7,7,adc_s16,0.050000000,12,1,-16.000000000,-6.000000000,6.000000000,16.000000000,0,1,1,-2,1,-5,4,64,-22,25,-25,14,-11,7,-7,2,-2,0,0,0,-1
256,200,-76,2.181903299512e-02,2.182e-2,-1.661164501,218190.329951180,10000000,218190,2.181900000000e-02,2.181900000000e-02,-1.661165158,0,6.828475108,-0.887907609,2.587951035,2.415996544,96,7,7,adc_s16,0.050000000,12,1,-16.000000000,-6.000000000,6.000000000,16.000000000,0,1,0,1,-4,4,-8,64,-20,1,-5,3,-6,7,-8,3,-3,2,-1,1,-2
256,56,44,2.185390224795e-02,2.185e-2,-1.660471004,218539.022479537,10000000,218539,2.185390000000e-02,2.185390000000e-02,-1.660471049,0,10.873246651,-0.955101285,3.277118479,3.099457654,96,7,7,adc_s16,0.050000000,12,1,-16.000000000,-6.000000000,6.000000000,16.000000000,0,1,1,-2,1,-5,5,64,-30,25,-24,13,-10,7,-7,2,-2,0,0,-1,-1
256,96,80,2.191648844781e-02,2.192e-2,-1.659229029,219164.884478089,10000000,219165,2.191650000000e-02,2.191650000000e-02,-1.659228800,0,10.646886347,-1.047677866,3.218098218,3.080225979,96,7,7,adc_s16,0.050000000,12,1,-16.000000000,-6.000000000,6.000000000,16.000000000,0,1,1,-2,1,-5,4,64,-21,25,-25,14,-11,7,-7,2,-2,0,0,0,-1
256,36,-76,2.217632863396e-02,2.218e-2,-1.654110351,221763.286339585,10000000,221763,2.217630000000e-02,2.217630000000e-02,-1.654110912,0,8.838092791,-0.824882658,2.979437294,3.167164444,96,7,7,adc_s16,0.050000000,12,1,-16.000000000,-6.000000000,6.000000000,16.000000000,0,0,1,-2,0,-3,2,64,-35,15,-14,8,-7,7,-7,3,-2,1,0,0,-1
256,36,-68,2.240583978841e-02,2.241e-2,-1.649638774,224058.397884142,10000000,224058,2.240580000000e-02,2.240580000000e-02,-1.649639545,0,8.739930753,-0.847980484,2.975043663,3.144075224,96,7,7,adc_s16,0.050000000,12,1,-16.000000000,-6.000000000,6.000000000,16.000000000,0,0,1,-2,0,-3,2,64,-35,16,-14,8,-7,7,-7,3,-2,1,0,0,-1
256,80,68,2.242269031742e-02,2.242e-2,-1.649312281,224226.903174237,10000000,224227,2.242270000000e-02,2.242270000000e-02,-1.649312094,0,11.200980584,-1.003087945,3.317153028,3.125003837,96,7,7,adc_s16,0.050000000,12,1,-16.000000000,-6.000000000,6.000000000,16.000000000,0,1,1,-2,1,-5,5,64,-25,25,-25,14,-11,7,-7,2,-2,0,0,-1,-1
256,32,-40,2.242439104104e-02,2.242e-2,-1.649279342,224243.910410381,10000000,224244,2.242440000000e-02,2.242440000000e-02,-1.649279168,0,9.804594737,-0.869565217,3.119356068,3.133407181,96,7,7,adc_s16,0.050000000,12,1,-16.000000000,-6.000000000,6.000000000,16.000000000,0,0,1,-2,1,-4,3,64,-35,20,-17,10,-8,7,-7,3,-2,0,0,0,-1
256,36,20,2.249461921307e-02,2.249e-2,-1.647921354,224946.192130706,10000000,224946,2.249460000000e-02,2.249460000000e-02,-1.647921725,0,11.333113900,-0.910851038,3.357279257,3.092163349,96,7,7,adc_s16,0.050000000,12,1,-16.000000000,-6.000000000,6.000000000,16.000000000,0,0,1,-2,1,-5,6,64,-34,25,-23,13,-10,7,-7,3,-2,0,0,0,-1
256,32,16,2.259194415335e-02,2.259e-2,-1.646046394,225919.441533480,10000000,225919,2.259190000000e-02,2.259190000000e-02,-1.646047243,0,11.409532245,-0.929100791,3.379128872,3.068505284,96,7,7,adc_s16,0.050000000,12,1,-16.000000000,-6.000000000,6.000000000,16.000000000,0,0,1,-2,1,-5,6,64,-35,25,-22,12,-9,7,-7,3,-2,0,0,0,-1
256,64,52,2.278146716872e-02,2.278e-2,-1.642418310,227814.671687227,10000000,227815,2.278150000000e-02,2.278150000000e-02,-1.642417684,0,11.120507687,-0.982831028,3.306522169,3.177527852,96,7,7,adc_s16,0.050000000,12,1,-16.000000000,-6.000000000,6.000000000,16.000000000,0,1,1,-2,1,-5,5,64,-28,25,-24,13,-10,7,-7,2,-2,0,0,-1,-1
256,208,-64,2.311693562635e-02,2.312e-2,-1.636069736,231169.356263541,10000000,231169,2.311690000000e-02,2.311690000000e-02,-1.636070406,0,6.925596890,-0.930583004,2.619993199,2.436024745,96,7,7,adc_s16,0.050000000,12,1,-16.000000000,-6.000000000,6.000000000,16.000000000,0,1,0,1,-4,4,-8,64,-18,1,-6,3,-7,7,-8,3,-3,2,-1,1,-2
256,44,28,2.314153140821e-02,2.314e-2,-1.635607905,231415.314082073,10000000,231415,2.314150000000e-02,2.314150000000e-02,-1.635608494,0,10.947819662,-0.939321887,3.314870214,3.096814532,96,7,7,adc_s16,0.050000000,12,1,-16.000000000,-6.000000000,6.000000000,16.000000000,0,0,1,-2,1,-5,5,64,-32,25,-23,13,-10,7,-7,2,-2,0,0,0,-1
256,28,-16,2.325199381943e-02,2.325e-2,-1.633539801,232519.938194294,10000000,232520,2.325200000000e-02,2.325200000000e-02,-1.633539686,0,11.016916179,-0.885221097,3.300121157,3.118893696,96,7,7,adc_s16,0.050000000,12,1,-16.000000000,-6.000000000,6.000000000,16.000000000,0,0,1,-2,1,-5,5,64,-35,23,-20,11,-8,7,-7,3,-2,0,0,0,-1
256,28,4,2.328958103148e-02,2.329e-2,-1.632838324,232895.810314753,10000000,232896,2.328960000000e-02,2.328960000000e-02,-1.632837970,0,10.942234691,-0.893496789,3.300021549,3.072817919,96,7,7,adc_s16,0.050000000,12,1,-16.000000000,-6.000000000,6.000000000,16.000000000,0,0,1,-2,1,-5,5,64,-35,25,-22,12,-9,7,-7,3,-2,0,0,0,-1
256,84,72,2.333531271550e-02,2.334e-2,-1.631986375,233353.127155038,10000000,233353,2.333530000000e-02,2.333530000000e-02,-1.631986611,0,11.323969949,-1.025969615,3.327780213,3.154610114,96,7,7,adc_s16,0.050000000,12,1,-16.000000000,-6.000000000,6.000000000,16.000000000,0,1,1,-2,1,-5,5,64,-24,25,-25,14,-11,7,-7,2,-2,0,0,-1,-1
256,60,48,2.354762493206e-02,2.355e-2,-1.628052890,235476.249320590,10000000,235476,2.354760000000e-02,2.354760000000e-02,-1.628053350,0,10.994768244,-0.976377223,3.317666089,3.185409098,96,7,7,adc_s16,0.050000000,12,1,-16.000000000,-6.000000000,6.000000000,16.000000000,0,1,1,-2,1,-5,5,64,-29,25,-24,13,-10,7,-7,2,-2,0,0,-1,-1
256,88,76,2.356978317457e-02,2.357e-2,-1.627644413,235697.831745716,10000000,235698,2.356980000000e-02,2.356980000000e-02,-1.627644103,0,11.451177163,-1.023406621,3.340215754,3.159884498,96,7,7,adc_s16,0.050000000,12,1,-16.000000000,-6.000000000,6.000000000,16.000000000,0,1,1,-2,1,-5,5,64,-23,25,-25,14,-11,7,-7,2,-2,0,0,-1,-1
256,28,-8,2.371667186440e-02,2.372e-2,-1.624946255,237166.718644030,10000000,237167,2.371670000000e-02,2.371670000000e-02,-1.624945740,0,11.271715042,-0.899302125,3.330315230,3.116086323,96,7,7,adc_s16,0.050000000,12,1,-16.000000000,-6.000000000,6.000000000,16.000000000,0,0,1,-2,1,-5,5,64,-35,24,-20,11,-9,7,-7,3,-2,0,0,0,-1
256,28,-48,2.378496287736e-02,2.378e-2,-1.623697522,237849.628773615,10000000,237850,2.378500000000e-02,2.378500000000e-02,-1.623696844,0,10.156109586,-0.846807065,3.176413096,3.154667348,96,7,7,adc_s16,0.050000000,12,1,-16.000000000,-6.000000000,6.000000000,16.000000000,0,0,1,-2,1,-4,3,64,-35,19,-17,9,-8,7,-7,3,-2,0,0,0,-1
256,32,-64,2.383807329184e-02,2.384e-2,-1.622728849,238380.732918394,10000000,238381,2.383810000000e-02,2.383810000000e-02,-1.622728363,0,9.395833184,-0.832262846,3.041494733,3.142071321,96,7,7,adc_s16,0.050000000,12,1,-16.000000000,-6.000000000,6.000000000,16.000000000,0,0,1,-2,0,-3,2,64,-35,17,-15,8,-7,7,-7,3,-2,1,0,0,-1
256,92,80,2.389175120691e-02,2.389e-2,-1.621752016,238917.512069057,10000000,238918,2.389180000000e-02,2.389180000000e-02,-1.621751129,0,11.582602226,-1.035542243,3.365160010,3.151415100,96,7,7,adc_s16,0.050000000,12,1,-16.000000000,-6.000000000,6.000000000,16.000000000,0,1,1,-2,1,-5,5,64,-22,25,-25,14,-11,7,-7,2,-2,0,0,-1,-1
256,32,-68,2.390520320485e-02,2.391e-2,-1.621507560,239052.032048489,10000000,239052,2.390520000000e-02,2.390520000000e-02,-1.621507618,0,9.080178835,-0.824481225,3.015923938,3.185683779,96,7,7,adc_s16,0.050000000,12,1,-16.000000000,-6.000000000,6.000000000,16.000000000,0,0,1,-2,0,-3,2,64,-35,16,-15,8,-7,7,-7,3,-2,1,0,0,-1
256,28,-12,2.391078087749e-02,2.391e-2,-1.621406240,239107.808774850,10000000,239108,2.391080000000e-02,2.391080000000e-02,-1.621405893,0,11.280008056,-0.897572875,3.333400801,3.128365863,96,7,7,adc_s16,0.050000000,12,1,-16.000000000,-6.000000000,6.000000000,16.000000000,0,0,1,-2,1,-5,5,64,-35,24,-20,11,-9,7,-7,3,-2,0,0,0,-1
256,32,20,2.395937574777e-02,2.396e-2,-1.620524502,239593.757477670,10000000,239594,2.395940000000e-02,2.395940000000e-02,-1.620524062,0,12.223855114,-0.913661067,3.481370274,3.178330363,96,7,7,adc_s16,0.050000000,12,1,-16.000000000,-6.000000000,6.000000000,16.000000000,0,0,1,-2,2,-5,6,64,-35,25,-23,13,-10,7,-7,3,-2,0,0,0,-1
256,28,-28,2.401941501545e-02,2.402e-2,-1.619437574,240194.150154530,10000000,240194,2.401940000000e-02,2.401940000000e-02,-1.619437845,0,10.812989118,-0.889297184,3.257242724,3.180228283,96,7,7,adc_s16,0.050000000,12,1,-16.000000000,-6.000000000,6.000000000,16.000000000,0,0,1,-2,1,-4,4,64,-35,22,-19,10,-8,7,-7,3,-2,0,0,0,-1
256,76,64,2.406752619098e-02,2.407e-2,-1.618568547,240675.261909763,10000000,240675,2.406750000000e-02,2.406750000000e-02,-1.618569020,0,11.525213076,-0.999598567,3.365921539,3.181416833,96,7,7,adc_s16,0.050000000,12,1,-16.000000000,-6.000000000,6.000000000,16.000000000,0,1,1,-2,1,-5,5,64,-25,25,-25,14,-11,7,-7,2,-2,0,0,-1,-1
256,52,40,2.434420686722e-02,2.434e-2,-1.613604370,243442.068672204,10000000,243442,2.434420000000e-02,2.434420000000e-02,-1.613604493,0,11.222254488,-0.946671196,3.346636500,3.175496217,96,7,7,adc_s16,0.050000000,12,1,-16.000000000,-6.000000000,6.000000000,16.000000000,0,1,1,-2,1,-5,5,64,-30,25,-24,13,-10,7,-7,2,-2,0,0,0,-1
256,36,24,2.435922138713e-02,2.436e-2,-1.613336598,243592.213871336,10000000,243592,2.435920000000e-02,2.435920000000e-02,-1.613336979,0,11.714191454,-0.928020010,3.420563517,3.163071356,96,7,7,adc_s16,0.050000000,12,1,-16.000000000,-6.000000000,6.000000000,16.000000000,0,0,1,-2,1,-5,6,64,-34,25,-23,13,-10,7,-7,2,-2,0,0,0,-1
256,28,16,2.474233237615e-02,2.474e-2,-1.606559363,247423.323761487,10000000,247423,2.474230000000e-02,2.474230000000e-02,-1.606559932,0,12.383667888,-0.924870306,3.501383505,3.157978796,96,7,7,adc_s16,0.050000000,12,1,-16.000000000,-6.000000000,6.000000000,16.000000000,0,0,1,-2,2,-6,6,64,-35,25,-23,13,-9,7,-7,3,-2,0,0,0,0
256,68,56,2.481060704545e-02,2.481e-2,-1.605362610,248106.070454506,10000000,248106,2.481060000000e-02,2.481060000000e-02,-1.605362733,0,11.474496118,-0.968410326,3.358477169,3.217510342,96,7,7,adc_s16,0.050000000,12,1,-16.000000000,-6.000000000,6.000000000,16.000000000,0,1,1,-2,1,-5,5,64,-27,25,-24,14,-10,7,-7,2,-2,0,0,-1,-1
256,40,28,2.493689609176e-02,2.494e-2,-1.603157604,249368.960917590,10000000,249369,2.493690000000e-02,2.493690000000e-02,-1.603157536,0,11.850328861,-0.933485672,3.436002589,3.174337700,96,7,7,adc_s16,0.050000000,12,1,-16.000000000,-6.000000000,6.000000000,16.000000000,0,0,1,-2,1,-5,6,64,-33,25,-23,13,-10,7,-7,2,-2,0,0,0,-1
256,28,8,2.499451658720e-02,2.499e-2,-1.602155258,249945.165872008,10000000,249945,2.499450000000e-02,2.499450000000e-02,-1.602155547,0,11.876991156,-0.923882164,3.448074344,3.164444334,96,7,7,adc_s16,0.050000000,12,1,-16.000000000,-6.000000000,6.000000000,16.000000000,0,0,1,-2,1,-5,6,64,-35,25,-22,12,-9,7,-7,3,-2,0,0,0,-1
256,44,32,2.505444530209e-02,2.505e-2,-1.601115208,250544.453020857,10000000,250544,2.505440000000e-02,2.505440000000e-02,-1.601115993,0,12.029590160,-0.951179595,3.451187481,3.223422347,96,7,7,adc_s16,0.050000000,12,1,-16.000000000,-6.000000000,6.000000000,16.000000000,0,1,1,-2,1,-5,6,64,-32,25,-23,13,-10,7,-7,2,-2,0,0,0,-1
256,28,-4,2.509915806646e-02,2.510e-2,-1.600340846,250991.580664564,10000000,250992,2.509920000000e-02,2.509920000000e-02,-1.600340121,0,11.462574306,-0.883862401,3.364175028,3.147910973,96,7,7,adc_s16,0.050000000,12,1,-16.000000000,-6.000000000,6.000000000,16.000000000,0,0,1,-2,1,-5,5,64,-35,25,-21,12,-9,7,-7,3,-2,0,0,0,-1
256,28,0,2.517240418942e-02,2.517e-2,-1.599075303,251724.041894202,10000000,251724,2.517240000000e-02,2.517240000000e-02,-1.599075376,0,11.498521533,-0.885591650,3.369273294,3.144433455,96,7,7,adc_s16,0.050000000,12,1,-16.000000000,-6.000000000,6.000000000,16.000000000,0,0,1,-2,1,-5,5,64,-35,25,-21,12,-9,7,-7,3,-2,0,0,0,-1
256,48,36,2.539147589147e-02,2.539e-2,-1.595312055,253914.758914714,10000000,253915,2.539150000000e-02,2.539150000000e-02,-1.595311642,0,11.518414423,-0.955533597,3.389843566,3.201825419,96,7,7,adc_s16,0.050000000,12,1,-16.000000000,-6.000000000,6.000000000,16.000000000,0,1,1,-2,1,-5,5,64,-31,25,-23,13,-10,7,-7,2,-2,0,0,0,-1
256,40,32,2.541961587949e-02,2.542e-2,-1.594831016,254196.158794857,10000000,254196,2.541960000000e-02,2.541960000000e-02,-1.594831288,0,11.971778336,-0.912487648,3.434383227,3.192961035,96,7,7,adc_s16,0.050000000,12,1,-16.000000000,-6.000000000,6.000000000,16.000000000,0,0,1,-2,1,-5,6,64,-33,25,-24,13,-10,7,-7,2,-2,0,0,-1,-1
256,44,36,2.545211960235e-02,2.545e-2,-1.594276045,254521.196023474,10000000,254521,2.545210000000e-02,2.545210000000e-02,-1.594276379,0,12.132623688,-0.937716156,3.449008202,3.260801998,96,7,7,adc_s16,0.050000000,12,1,-16.000000000,-6.000000000,6.000000000,16.000000000,0,1,1,-2,1,-5,6,64,-32,25,-24,13,-10,7,-7,2,-2,0,0,-1,-1
256,72,60,2.548629141277e-02,2.549e-2,-1.593693355,254862.914127721,10000000,254863,2.548630000000e-02,2.548630000000e-02,-1.593693209,0,11.766334896,-0.981410573,3.424230847,3.235363246,96,7,7,adc_s16,0.050000000,12,1,-16.000000000,-6.000000000,6.000000000,16.000000000,0,1,1,-2,1,-5,5,64,-26,25,-24,14,-11,7,-7,2,-2,0,0,-1,-1
256,220,-48,2.580710538232e-02,2.581e-2,-1.588260705,258071.053823206,10000000,258071,2.580710000000e-02,2.580710000000e-02,-1.588260795,0,7.172398803,-0.979959239,2.667066851,2.568024377,96,7,7,adc_s16,0.050000000,12,1,-16.000000000,-6.000000000,6.000000000,16.000000000,0,1,0,1,-5,4,-8,64,-15,1,-7,4,-7,7,-8,3,-3,2,-2,1,-2
256,28,-32,2.585696219798e-02,2.586e-2,-1.587422499,258569.621979849,10000000,258570,2.585700000000e-02,2.585700000000e-02,-1.587421865,0,11.075914410,-0.902760623,3.298064688,3.202364443,96,7,7,adc_s16,0.050000000,12,1,-16.000000000,-6.000000000,6.000000000,16.000000000,0,0,1,-2,1,-4,4,64,-35,21,-18,10,-8,7,-7,3,-2,0,0,0,-1
256,208,-68,2.602619757048e-02,2.603e-2,-1.584589278,260261.975704834,10000000,260262,2.602620000000e-02,2.602620000000e-02,-1.584589237,0,7.652781811,-0.910079051,2.699744185,2.399911500,96,7,7,adc_s16,0.050000000,12,1,-16.000000000,-6.000000000,6.000000000,16.000000000,0,1,0,1,-4,4,-9,64,-18,1,-6,3,-6,7,-8,3,-3,2,-2,1,-2
256,64,56,2.602962426898e-02,2.603e-2,-1.584532101,260296.242689786,10000000,260296,2.602960000000e-02,2.602960000000e-02,-1.584532506,0,11.855189297,-0.999629447,3.402554482,3.271411170,96,7,7,adc_s16,0.050000000,12,1,-16.000000000,-6.000000000,6.000000000,16.000000000,0,1,1,-2,1,-5,5,64,-28,25,-24,14,-10,7,-7,2,-2,0,0,-1,-1
256,204,-76,2.603530586833e-02,2.604e-2,-1.584437316,260353.058683340,10000000,260353,2.603530000000e-02,2.603530000000e-02,-1.584437414,0,7.534323686,-0.882503706,2.697121456,2.420855239,96,7,7,adc_s16,0.050000000,12,1,-16.000000000,-6.000000000,6.000000000,16.000000000,0,1,0,1,-4,4,-9,64,-19,1,-5,3,-6,7,-8,3,-3,2,-2,1,-2
256,28,12,2.608640813562e-02,2.609e-2,-1.583585715,260864.081356207,10000000,260864,2.608640000000e-02,2.608640000000e-02,-1.583585851,0,12.806953658,-0.941545208,3.551073452,3.248663406,96,7,7,adc_s16,0.050000000,12,1,-16.000000000,-6.000000000,6.000000000,16.000000000,0,0,1,-2,2,-5,6,64,-35,25,-22,12,-9,7,-7,3,-2,0,0,0,-1
256,72,64,2.613267945031e-02,2.613e-2,-1.582816059,261326.794503087,10000000,261327,2.613270000000e-02,2.613270000000e-02,-1.582815717,0,11.963427304,-0.974617095,3.425858010,3.276117395,96,7,7,adc_s16,0.050000000,12,1,-16.000000000,-6.000000000,6.000000000,16.000000000,0,1,1,-2,1,-5,5,64,-26,25,-25,14,-11,7,-7,2,-2,0,0,-1,-1
256,28,20,2.630884521633e-02,2.631e-2,-1.579898214,263088.452163270,10000000,263088,2.630880000000e-02,2.630880000000e-02,-1.579898961,0,12.810949026,-0.902513587,3.565402946,3.230577711,96,7,7,adc_s16,0.050000000,12,1,-16.000000000,-6.000000000,6.000000000,16.000000000,0,0,1,-2,2,-6,6,64,-35,25,-23,13,-10,7,-7,3,-2,0,0,-1,0
256,28,-20,2.637463673077e-02,2.637e-2,-1.578813513,263746.367307702,10000000,263746,2.637460000000e-02,2.637460000000e-02,-1.578814118,0,11.079890090,-0.899055089,3.328276509,3.199980320,96,7,7,adc_s16,0.050000000,12,1,-16.000000000,-6.000000000,6.000000000,16.000000000,0,0,1,-2,1,-5,4,64,-35,23,-19,11,-8,7,-7,3,-2,0,0,0,-1
256,48,40,2.642295494513e-02,2.642e-2,-1.578018616,264229.549451349,10000000,264230,2.642300000000e-02,2.642300000000e-02,-1.578017875,0,12.258542084,-0.957015810,3.491951104,3.280179921,96,7,7,adc_s16,0.050000000,12,1,-16.000000000,-6.000000000,6.000000000,16.000000000,0,1,1,-2,1,-5,6,64,-31,25,-24,13,-10,7,-7,2,-2,0,0,-1,-1
256,88,80,2.655892930773e-02,2.656e-2,-1.575789437,265589.293077262,10000000,265589,2.655890000000e-02,2.655890000000e-02,-1.575789916,0,12.088711747,-1.025135870,3.433866132,3.262776209,96,7,7,adc_s16,0.050000000,12,1,-16.000000000,-6.000000000,6.000000000,16.000000000,0,1,1,-2,1,-5,5,64,-23,25,-25,14,-11,7,-7,2,-2,0,0,-1,-1
256,52,44,2.663159243083e-02,2.663e-2,-1.574602864,266315.924308321,10000000,266316,2.663160000000e-02,2.663160000000e-02,-1.574602741,0,12.388678328,-0.949759140,3.498729923,3.276103244,96,7,7,adc_s16,0.050000000,12,1,-16.000000000,-6.000000000,6.000000000,16.000000000,0,1,1,-2,1,-5,6,64,-30,25,-24,13,-10,7,-7,2,-2,0,0,-1,-1
256,76,68,2.669479755193e-02,2.669e-2,-1.573573368,266947.975519263,10000000,266948,2.669480000000e-02,2.669480000000e-02,-1.573573329,0,12.087928059,-1.001327816,3.447504058,3.271311992,96,7,7,adc_s16,0.050000000,12,1,-16.000000000,-6.000000000,6.000000000,16.000000000,0,1,1,-2,1,-5,5,64,-25,25,-25,14,-11,7,-7,2,-2,0,0,-1,-1
256,32,24,2.671028187982e-02,2.671e-2,-1.573321529,267102.818798202,10000000,267103,2.671030000000e-02,2.671030000000e-02,-1.573321234,0,13.008097122,-0.912919960,3.576128457,3.225085566,96,7,7,adc_s16,0.050000000,12,1,-16.000000000,-6.000000000,6.000000000,16.000000000,0,0,1,-2,2,-6,6,64,-34,25,-23,13,-10,7,-7,2,-2,0,0,-1,0
256,68,60,2.692594696556e-02,2.693e-2,-1.569829014,269259.469655584,10000000,269259,2.692590000000e-02,2.692590000000e-02,-1.569829771,0,11.843144399,-0.974833251,3.434816357,3.300091067,96,7,7,adc_s16,0.050000000,12,1,-16.000000000,-6.000000000,6.000000000,16.000000000,0,1,1,-2,1,-5,5,64,-27,25,-25,14,-11,7,-7,2,-2,0,0,-1,-1
256,28,-36,2.698060633015e-02,2.698e-2,-1.568948295,269806.063301524,10000000,269806,2.698060000000e-02,2.698060000000e-02,-1.568948397,0,11.291065995,-0.901031374,3.330562790,3.242299664,96,7,7,adc_s16,0.050000000,12,1,-16.000000000,-6.000000000,6.000000000,16.000000000,0,0,1,-2,1,-4,4,64,-35,21,-18,10,-8,7,-7,3,-2,0,0,0,-1
256,32,-56,2.716054673127e-02,2.716e-2,-1.566061492,271605.467312655,10000000,271605,2.716050000000e-02,2.716050000000e-02,-1.566062239,0,10.033750171,-0.856966403,3.179932817,3.265128532,96,7,7,adc_s16,0.050000000,12,1,-16.000000000,-6.000000000,6.000000000,16.000000000,0,0,1,-2,0,-3,3,64,-35,18,-16,9,-7,7,-7,3,-2,1,0,0,-1
256,28,-24,2.717054270560e-02,2.717e-2,-1.565901687,271705.427056023,10000000,271705,2.717050000000e-02,2.717050000000e-02,-1.565902369,0,11.197030178,-0.896090662,3.343081811,3.263727850,96,7,7,adc_s16,0.050000000,12,1,-16.000000000,-6.000000000,6.000000000,16.000000000,0,0,1,-2,1,-4,4,64,-35,22,-19,11,-8,7,-7,3,-2,0,0,0,-1
256,32,-76,2.730385952281e-02,2.730e-2,-1.563775959,273038.595228084,10000000,273039,2.730390000000e-02,2.730390000000e-02,-1.563775315,0,9.785430595,-0.823122530,3.134725374,3.329755993,96,7,7,adc_s16,0.050000000,12,1,-16.000000000,-6.000000000,6.000000000,16.000000000,0,0,1,-2,0,-3,2,64,-35,15,-14,8,-7,7,-7,3,-2,1,0,0,-1
256,24,-28,2.747717538584e-02,2.748e-2,-1.561027914,274771.753858405,10000000,274772,2.747720000000e-02,2.747720000000e-02,-1.561027525,0,11.261875446,-0.876914526,3.361910173,3.275364460,96,7,7,adc_s16,0.050000000,12,1,-16.000000000,-6.000000000,6.000000000,16.000000000,0,0,1,-2,1,-5,4,64,-35,22,-19,10,-8,7,-7,3,-2,0,0,0,-1
256,80,72,2.769035530826e-02,2.769e-2,-1.557671472,276903.553082552,10000000,276904,2.769040000000e-02,2.769040000000e-02,-1.557670771,0,12.216646662,-1.024209486,3.459750966,3.302960162,96,7,7,adc_s16,0.050000000,12,1,-16.000000000,-6.000000000,6.000000000,16.000000000,0,1,1,-2,1,-5,5,64,-24,25,-25,14,-11,7,-7,2,-2,0,0,-1,-1
256,200,-80,2.786114469380e-02,2.786e-2,-1.555001044,278611.446938021,10000000,278611,2.786110000000e-02,2.786110000000e-02,-1.555001741,0,7.622526388,-0.871973814,2.732404448,2.453380448,96,7,7,adc_s16,0.050000000,12,1,-16.000000000,-6.000000000,6.000000000,16.000000000,0,1,0,1,-4,4,-9,64,-20,1,-5,3,-6,7,-8,3,-3,2,-1,1,-2
256,84,76,2.791669370535e-02,2.792e-2,-1.554136018,279166.937053534,10000000,279167,2.791670000000e-02,2.791670000000e-02,-1.554135920,0,12.349583115,-1.021646492,3.471266552,3.306669741,96,7,7,adc_s16,0.050000000,12,1,-16.000000000,-6.000000000,6.000000000,16.000000000,0,1,1,-2,1,-5,5,64,-23,25,-25,14,-11,7,-7,2,-2,0,0,-1,-1
256,32,28,2.802267165083e-02,2.802e-2,-1.552490462,280226.716508305,10000000,280227,2.802270000000e-02,2.802270000000e-02,-1.552490023,0,13.036269850,-0.895256917,3.606629296,3.280531915,96,7,7,adc_s16,0.050000000,12,1,-16.000000000,-6.000000000,6.000000000,16.000000000,0,0,1,-2,2,-6,6,64,-34,25,-24,13,-10,7,-7,2,-2,0,0,-1,0
256,56,48,2.813774641599e-02,2.814e-2,-1.550710689,281377.464159905,10000000,281377,2.813770000000e-02,2.813770000000e-02,-1.550711405,0,11.923657597,-0.974617095,3.456514532,3.335736679,96,7,7,adc_s16,0.050000000,12,1,-16.000000000,-6.000000000,6.000000000,16.000000000,0,1,1,-2,1,-5,5,64,-29,25,-24,13,-10,7,-7,2,-2,0,0,-1,-1
256,32,-60,2.816118952195e-02,2.816e-2,-1.550349005,281611.895219505,10000000,281612,2.816120000000e-02,2.816120000000e-02,-1.550348843,0,10.349997006,-0.865736166,3.199483119,3.364471026,96,7,7,adc_s16,0.050000000,12,1,-16.000000000,-6.000000000,6.000000000,16.000000000,0,0,1,-2,0,-3,3,64,-35,17,-15,9,-7,7,-7,3,-2,1,0,0,-1
256,36,32,2.817198294281e-02,2.817e-2,-1.550182583,281719.829428136,10000000,281720,2.817200000000e-02,2.817200000000e-02,-1.550182320,0,13.163574039,-0.928637599,3.613148589,3.289042145,96,7,7,adc_s16,0.050000000,12,1,-16.000000000,-6.000000000,6.000000000,16.000000000,0,0,1,-2,2,-6,6,64,-33,25,-24,13,-10,7,-7,2,-2,0,0,-1,0
256,36,28,2.819383713769e-02,2.819e-2,-1.549845813,281938.371376854,10000000,281938,2.819380000000e-02,2.819380000000e-02,-1.549846385,0,13.241655063,-0.892076334,3.638649911,3.312616239,96,7,7,adc_s16,0.050000000,12,1,-16.000000000,-6.000000000,6.000000000,16.000000000,0,0,1,-2,2,-6,6,64,-33,25,-23,13,-10,7,-7,2,-2,0,0,-1,-1
256,24,-8,2.821504500198e-02,2.822e-2,-1.549519253,282150.450019791,10000000,282150,2.821500000000e-02,2.821500000000e-02,-1.549519945,0,12.075289031,-0.869132905,3.467668123,3.270679581,96,7,7,adc_s16,0.050000000,12,1,-16.000000000,-6.000000000,6.000000000,16.000000000,0,0,1,-2,1,-5,5,64,-35,25,-21,11,-9,7,-7,3,-2,0,0,0,-1
256,60,52,2.827924565696e-02,2.828e-2,-1.548532179,282792.456569570,10000000,282792,2.827920000000e-02,2.827920000000e-02,-1.548532881,0,12.294035596,-0.996140069,3.467079299,3.339201098,96,7,7,adc_s16,0.050000000,12,1,-16.000000000,-6.000000000,6.000000000,16.000000000,0,1,1,-2,1,-5,5,64,-28,25,-24,14,-10,7,-7,2,-2,0,0,-1,-1
256,40,36,2.857963861410e-02,2.858e-2,-1.543943267,285796.386141042,10000000,285796,2.857960000000e-02,2.857960000000e-02,-1.543943854,0,13.383371018,-0.937685277,3.638749845,3.317336613,96,7,7,adc_s16,0.050000000,12,1,-16.000000000,-6.000000000,6.000000000,16.000000000,0,0,1,-2,2,-6,6,64,-32,25,-24,13,-10,7,-7,2,-2,0,0,-1,-1
256,48,44,2.876099502931e-02,2.876e-2,-1.541196093,287609.950293127,10000000,287610,2.876100000000e-02,2.876100000000e-02,-1.541196018,0,12.770176107,-0.958745059,3.564060901,3.363386099,96,7,7,adc_s16,0.050000000,12,1,-16.000000000,-6.000000000,6.000000000,16.000000000,0,1,1,-2,1,-5,6,64,-31,25,-24,13,-10,7,-7,2,-2,0,0,-1,-1
256,28,-56,2.883860234189e-02,2.884e-2,-1.540025791,288386.023418942,10000000,288386,2.883860000000e-02,2.883860000000e-02,-1.540025827,0,10.970400220,-0.850759634,3.299981799,3.286750866,96,7,7,adc_s16,0.050000000,12,1,-16.000000000,-6.000000000,6.000000000,16.000000000,0,0,1,-2,1,-4,3,64,-35,18,-16,9,-7,7,-7,3,-2,1,0,0,-1
256,220,-52,2.889505149145e-02,2.890e-2,-1.539176527,288950.514914527,10000000,288951,2.889510000000e-02,2.889510000000e-02,-1.539175798,0,7.640648452,-0.958220109,2.732035957,2.563721440,96,7,7,adc_s16,0.050000000,12,1,-16.000000000,-6.000000000,6.000000000,16.000000000,0,1,0,1,-5,4,-9,64,-15,1,-6,3,-7,7,-8,3,-3,2,-2,1,-2
256,24,-20,2.893114686646e-02,2.893e-2,-1.538634350,289311.468664575,10000000,289311,2.893110000000e-02,2.893110000000e-02,-1.538635054,0,12.169938934,-0.881731719,3.470110208,3.312415610,96,7,7,adc_s16,0.050000000,12,1,-16.000000000,-6.000000000,6.000000000,16.000000000,0,0,1,-2,1,-5,5,64,-35,23,-20,11,-8,7,-7,3,-2,0,0,0,-1
256,24,-12,2.903155201553e-02,2.903e-2,-1.537129746,290315.520155335,10000000,290316,2.903160000000e-02,2.903160000000e-02,-1.537129029,0,12.336447680,-0.895812747,3.488399586,3.297834482,96,7,7,adc_s16,0.050000000,12,1,-16.000000000,-6.000000000,6.000000000,16.000000000,0,0,1,-2,1,-5,5,64,-35,24,-20,11,-9,7,-7,3,-2,0,0,0,-1
256,72,68,2.911157725027e-02,2.911e-2,-1.535934264,291115.772502699,10000000,291116,2.911160000000e-02,2.911160000000e-02,-1.535933925,0,12.594554481,-0.976346344,3.515645442,3.373193055,96,7,7,adc_s16,0.050000000,12,1,-16.000000000,-6.000000000,6.000000000,16.000000000,0,1,1,-2,1,-5,5,64,-26,25,-25,14,-11,7,-7,2,-2,0,0,-1,-1
256,28,-44,2.914158578357e-02,2.914e-2,-1.535486819,291415.857835679,10000000,291416,2.914160000000e-02,2.914160000000e-02,-1.535486607,0,11.090281930,-0.866075840,3.320330151,3.355523182,96,7,7,adc_s16,0.050000000,12,1,-16.000000000,-6.000000000,6.000000000,16.000000000,0,0,1,-2,1,-4,3,64,-35,20,-17,10,-8,7,-7,3,-2,0,0,0,-1
256,28,24,2.919537277243e-02,2.920e-2,-1.534685975,291953.727724288,10000000,291954,2.919540000000e-02,2.919540000000e-02,-1.534685570,0,13.333362731,-0.895102520,3.647786226,3.344728361,96,7,7,adc_s16,0.050000000,12,1,-16.000000000,-6.000000000,6.000000000,16.000000000,0,0,1,-2,2,-6,6,64,-35,25,-23,13,-10,7,-7,2,-2,0,0,-1,0
256,28,-40,2.921267760700e-02,2.921e-2,-1.534428634,292126.776069968,10000000,292127,2.921270000000e-02,2.921270000000e-02,-1.534428301,0,11.607136148,-0.873733943,3.406742632,3.343301280,96,7,7,adc_s16,0.050000000,12,1,-16.000000000,-6.000000000,6.000000000,16.000000000,0,0,1,-2,1,-4,4,64,-35,20,-17,10,-8,7,-7,3,-2,0,0,0,-1
256,24,4,2.965059774379e-02,2.965e-2,-1.527966547,296505.977437858,10000000,296506,2.965060000000e-02,2.965060000000e-02,-1.527966514,0,13.524811583,-0.936326581,3.648964340,3.355448421,96,7,7,adc_s16,0.050000000,12,1,-16.000000000,-6.000000000,6.000000000,16.000000000,0,0,1,-2,2,-5,6,64,-35,25,-22,12,-9,7,-7,3,-2,0,0,0,-1
256,76,72,2.968011483006e-02,2.968e-2,-1.527534423,296801.148300561,10000000,296801,2.968010000000e-02,2.968010000000e-02,-1.527534640,0,12.721537750,-1.003057065,3.537222318,3.369118194,96,7,7,adc_s16,0.050000000,12,1,-16.000000000,-6.000000000,6.000000000,16.000000000,0,1,1,-2,1,-5,5,64,-25,25,-25,14,-11,7,-7,2,-2,0,0,-1,-1
256,216,-56,2.983395345408e-02,2.983e-2,-1.525289192,298339.534540809,10000000,298340,2.983400000000e-02,2.983400000000e-02,-1.525288515,0,7.770846538,-0.904582510,2.757250291,2.565978013,96,7,7,adc_s16,0.050000000,12,1,-16.000000000,-6.000000000,6.000000000,16.000000000,0,1,0,1,-5,4,-9,64,-16,1,-6,3,-7,7,-8,3,-3,2,-2,1,-2
256,32,-72,2.996078703869e-02,2.996e-2,-1.523446782,299607.870386944,10000000,299608,2.996080000000e-02,2.996080000000e-02,-1.523446594,0,10.118371427,-0.844491107,3.201351190,3.383664618,96,7,7,adc_s16,0.050000000,12,1,-16.000000000,-6.000000000,6.000000000,16.000000000,0,0,1,-2,0,-3,2,64,-35,16,-14,8,-7,7,-7,3,-2,1,0,0,-1
256,32,-80,3.002616716776e-02,3.003e-2,-1.522500102,300261.671677637,10000000,300262,3.002620000000e-02,3.002620000000e-02,-1.522499627,0,10.277871676,-0.821393281,3.212996790,3.412070588,96,7,7,adc_s16,0.050000000,12,1,-16.000000000,-6.000000000,6.000000000,16.000000000,0,0,1,-2,0,-3,2,64,-35,15,-14,8,-7,7,-7,3,-2,1,0,0,-1
256,44,40,3.004584047561e-02,3.005e-2,-1.522215643,300458.404756095,10000000,300458,3.004580000000e-02,3.004580000000e-02,-1.522216228,0,13.582731377,-0.940804101,3.677169103,3.505712288,96,7,7,adc_s16,0.050000000,12,1,-16.000000000,-6.000000000,6.000000000,16.000000000,0,1,1,-2,2,-6,6,64,-31,25,-24,13,-10,7,-7,2,-2,0,0,-1,-1
256,24,16,3.014740058203e-02,3.015e-2,-1.520750128,301474.005820315,10000000,301474,3.014740000000e-02,3.014740000000e-02,-1.520750137,0,13.431565190,-0.899765316,3.665440448,3.340652671,96,7,7,adc_s16,0.050000000,12,1,-16.000000000,-6.000000000,6.000000000,16.000000000,0,0,1,-2,2,-6,6,64,-35,25,-23,13,-9,7,-7,3,-2,0,0,-1,0
256,56,52,3.014906532267e-02,3.015e-2,-1.520726147,301490.653226656,10000000,301491,3.014910000000e-02,3.014910000000e-02,-1.520725648,0,12.825941477,-0.984869071,3.579369468,3.412972039,96,7,7,adc_s16,0.050000000,12,1,-16.000000000,-6.000000000,6.000000000,16.000000000,0,1,1,-2,1,-5,6,64,-29,25,-25,14,-10,7,-7,2,-2,0,0,-1,-1
256,220,-56,3.018402719472e-02,3.018e-2,-1.520222817,301840.271947243,10000000,301840,3.018400000000e-02,3.018400000000e-02,-1.520223208,0,7.800775783,-0.956490860,2.761258306,2.591605470,96,7,7,adc_s16,0.050000000,12,1,-16.000000000,-6.000000000,6.000000000,16.000000000,0,1,0,1,-5,4,-9,64,-15,1,-6,3,-7,7,-8,3,-3,2,-2,1,-2
256,28,-68,3.022189449369e-02,3.022e-2,-1.519678315,302218.944936921,10000000,302219,3.022190000000e-02,3.022190000000e-02,-1.519678236,0,10.760338035,-0.854835721,3.284806179,3.396309686,96,7,7,adc_s16,0.050000000,12,1,-16.000000000,-6.000000000,6.000000000,16.000000000,0,0,1,-2,0,-3,3,64,-35,16,-15,8,-7,7,-7,3,-2,1,0,0,-1
256,24,-4,3.025919863670e-02,3.026e-2,-1.519142578,302591.986366973,10000000,302592,3.025920000000e-02,3.025920000000e-02,-1.519142558,0,12.527485717,-0.882102273,3.518727287,3.323376569,96,7,7,adc_s16,0.050000000,12,1,-16.000000000,-6.000000000,6.000000000,16.000000000,0,0,1,-2,1,-5,5,64,-35,25,-21,12,-9,7,-7,3,-2,0,0,0,-1
256,52,48,3.031949419529e-02,3.032e-2,-1.518278048,303194.941952919,10000000,303195,3.031950000000e-02,3.031950000000e-02,-1.518277965,0,13.099021520,-0.955070405,3.587223049,3.424875318,96,7,7,adc_s16,0.050000000,12,1,-16.000000000,-6.000000000,6.000000000,16.000000000,0,1,1,-2,1,-5,6,64,-30,25,-24,14,-10,7,-7,2,-2,0,0,-1,-1
256,24,0,3.033614336766e-02,3.034e-2,-1.518039632,303361.433676605,10000000,303361,3.033610000000e-02,3.033610000000e-02,-1.518040253,0,12.564473082,-0.883831522,3.523733126,3.320040012,96,7,7,adc_s16,0.050000000,12,1,-16.000000000,-6.000000000,6.000000000,16.000000000,0,0,1,-2,1,-5,5,64,-35,25,-21,12,-9,7,-7,3,-2,0,0,0,-1
256,212,-68,3.043604665091e-02,3.044e-2,-1.516611759,304360.466509068,10000000,304360,3.043600000000e-02,3.043600000000e-02,-1.516612425,0,7.807401697,-0.873672184,2.775254908,2.568278001,96,7,7,adc_s16,0.050000000,12,1,-16.000000000,-6.000000000,6.000000000,16.000000000,0,1,0,1,-5,4,-9,64,-17,1,-5,3,-6,7,-8,3,-3,2,-2,1,-2
256,40,40,3.044889592255e-02,3.045e-2,-1.516428450,304488.959225496,10000000,304489,3.044890000000e-02,3.044890000000e-02,-1.516428392,0,13.837445334,-0.962141798,3.679537820,3.348129314,96,7,7,adc_s16,0.050000000,12,1,-16.000000000,-6.000000000,6.000000000,16.000000000,0,0,1,-2,2,-6,6,64,-32,25,-24,13,-10,7,-7,2,-2,0,0,-1,0
256,32,32,3.049525025682e-02,3.050e-2,-1.515767798,304952.502568250,10000000,304953,3.049530000000e-02,3.049530000000e-02,-1.515767090,0,13.573654078,-0.896986166,3.680028380,3.364387645,96,7,7,adc_s16,0.050000000,12,1,-16.000000000,-6.000000000,6.000000000,16.000000000,0,0,1,-2,2,-6,6,64,-34,25,-24,13,-10,7,-7,2,-2,0,0,-1,0
256,28,-52,3.056829128812e-02,3.057e-2,-1.514728837,305682.912881237,10000000,305683,3.056830000000e-02,3.056830000000e-02,-1.514728713,0,11.405017885,-0.853477026,3.379224367,3.329172991,96,7,7,adc_s16,0.050000000,12,1,-16.000000000,-6.000000000,6.000000000,16.000000000,0,0,1,-2,1,-4,3,64,-35,19,-16,9,-7,7,-7,3,-2,0,0,0,-1
256,36,36,3.062101525659e-02,3.062e-2,-1.513980414,306210.152565853,10000000,306210,3.062100000000e-02,3.062100000000e-02,-1.513980631,0,13.703440781,-0.930366848,3.686220116,3.373466732,96,7,7,adc_s16,0.050000000,12,1,-16.000000000,-6.000000000,6.000000000,16.000000000,0,0,1,-2,2,-6,6,64,-33,25,-24,13,-10,7,-7,2,-2,0,0,-1,0
256,24,8,3.071582389979e-02,3.072e-2,-1.512637831,307158.238997913,10000000,307158,3.071580000000e-02,3.071580000000e-02,-1.512638169,0,13.653599108,-0.932003458,3.681260959,3.407745283,96,7,7,adc_s16,0.050000000,12,1,-16.000000000,-6.000000000,6.000000000,16.000000000,0,0,1,-2,2,-5,6,64,-35,25,-22,12,-9,7,-7,3,-2,0,0,0,0
256,68,64,3.081080044650e-02,3.081e-2,-1.511297019,308108.004465020,10000000,308108,3.081080000000e-02,3.081080000000e-02,-1.511297025,0,12.915540250,-0.972856966,3.561918223,3.426131748,96,7,7,adc_s16,0.050000000,12,1,-16.000000000,-6.000000000,6.000000000,16.000000000,0,1,1,-2,1,-5,5,64,-26,25,-25,14,-11,7,-7,2,-2,0,0,-1,-1
256,84,80,3.088382591130e-02,3.088e-2,-1.510268904,308838.259112964,10000000,308838,3.088380000000e-02,3.088380000000e-02,-1.510269269,0,12.734921030,-1.013123765,3.539459959,3.428563485,96,7,7,adc_s16,0.050000000,12,1,-16.000000000,-6.000000000,6.000000000,16.000000000,0,1,1,-2,1,-5,5,64,-23,25,-26,14,-11,7,-7,2,-2,0,0,-1,-1
256,24,-16,3.098350631303e-02,3.098e-2,-1.508869436,309835.063130269,10000000,309835,3.098350000000e-02,3.098350000000e-02,-1.508869524,0,12.642647346,-0.880373024,3.549314601,3.382642337,96,7,7,adc_s16,0.050000000,12,1,-16.000000000,-6.000000000,6.000000000,16.000000000,0,0,1,-2,1,-5,5,64,-35,24,-20,11,-8,7,-7,3,-2,0,0,0,-1
256,80,76,3.103099179569e-02,3.103e-2,-1.508204344,310309.917956875,10000000,310310,3.103100000000e-02,3.103100000000e-02,-1.508204229,0,12.614853585,-1.013339921,3.534152137,3.444806088,96,7,7,adc_s16,0.050000000,12,1,-16.000000000,-6.000000000,6.000000000,16.000000000,0,1,1,-2,1,-5,5,64,-24,25,-26,14,-11,7,-7,2,-2,0,0,-1,-1
256,216,-60,3.112730023759e-02,3.113e-2,-1.506858545,311273.002375931,10000000,311273,3.112730000000e-02,3.112730000000e-02,-1.506858549,0,7.933456384,-0.902853261,2.785443458,2.588051820,96,7,7,adc_s16,0.050000000,12,1,-16.000000000,-6.000000000,6.000000000,16.000000000,0,1,0,1,-5,4,-9,64,-16,1,-6,3,-7,7,-8,3,-3,2,-2,1,-2
256,60,56,3.119239234728e-02,3.119e-2,-1.505951315,311923.923472792,10000000,311924,3.119240000000e-02,3.119240000000e-02,-1.505951209,0,13.205960013,-0.972054101,3.622553900,3.437071900,96,7,7,adc_s16,0.050000000,12,1,-16.000000000,-6.000000000,6.000000000,16.000000000,0,1,1,-2,1,-5,6,64,-28,25,-25,14,-11,7,-7,2,-2,0,0,-1,-1
256,24,12,3.131411552217e-02,3.131e-2,-1.504259851,313141.155221683,10000000,313141,3.131410000000e-02,3.131410000000e-02,-1.504260066,0,13.792354037,-0.927556818,3.699238704,3.384956405,96,7,7,adc_s16,0.050000000,12,1,-16.000000000,-6.000000000,6.000000000,16.000000000,0,0,1,-2,2,-6,6,64,-35,25,-22,13,-9,7,-7,3,-2,0,0,0,0
256,24,20,3.131546663185e-02,3.132e-2,-1.504241112,313154.666318457,10000000,313155,3.131550000000e-02,3.131550000000e-02,-1.504240650,0,13.866122776,-0.900753458,3.709705003,3.391783551,96,7,7,adc_s16,0.050000000,12,1,-16.000000000,-6.000000000,6.000000000,16.000000000,0,0,1,-2,2,-6,6,64,-35,25,-23,13,-10,7,-7,3,-2,0,0,-1,0
256,28,-64,3.144070594919e-02,3.144e-2,-1.502507711,314407.059491944,10000000,314407,3.144070000000e-02,3.144070000000e-02,-1.502507793,0,11.115628430,-0.834455287,3.318078179,3.405800643,96,7,7,adc_s16,0.050000000,12,1,-16.000000000,-6.000000000,6.000000000,16.000000000,0,0,1,-2,0,-3,3,64,-35,17,-15,8,-7,7,-7,3,-2,1,0,0,-1
256,24,-48,3.144168336408e-02,3.144e-2,-1.502494210,314416.833640763,10000000,314417,3.144170000000e-02,3.144170000000e-02,-1.502493980,0,11.987361899,-0.845293972,3.459301448,3.407149275,96,7,7,adc_s16,0.050000000,12,1,-16.000000000,-6.000000000,6.000000000,16.000000000,0,0,1,-2,1,-4,4,64,-35,19,-17,9,-8,7,-7,3,-2,0,0,0,-1
256,64,60,3.159793007529e-02,3.160e-2,-1.500341366,315979.300752871,10000000,315979,3.159790000000e-02,3.159790000000e-02,-1.500341780,0,12.789528106,-0.973073123,3.570564612,3.450631904,96,7,7,adc_s16,0.050000000,12,1,-16.000000000,-6.000000000,6.000000000,16.000000000,0,1,1,-2,1,-5,5,64,-27,25,-25,14,-11,7,-7,2,-2,0,0,-1,-1
256,28,-72,3.177447886046e-02,3.177e-2,-1.497921564,317744.788604620,10000000,317745,3.177450000000e-02,3.177450000000e-02,-1.497921275,0,10.500926581,-0.820991848,3.244403481,3.425365390,96,7,7,adc_s16,0.050000000,12,1,-16.000000000,-6.000000000,6.000000000,16.000000000,0,0,1,-2,0,-3,2,64,-35,16,-15,8,-7,7,-7,3,-2,1,0,0,-1
256,52,52,3.221657217147e-02,3.222e-2,-1.491920670,322165.721714666,10000000,322166,3.221660000000e-02,3.221660000000e-02,-1.491920295,0,13.492827338,-0.978415267,3.640998045,3.488633115,96,7,7,adc_s16,0.050000000,12,1,-16.000000000,-6.000000000,6.000000000,16.000000000,0,1,1,-2,1,-6,6,64,-29,25,-25,14,-10,7,-7,2,-2,0,0,-1,-1
256,212,-64,3.231712744167e-02,3.232e-2,-1.490567249,323171.274416715,10000000,323171,3.231710000000e-02,3.231710000000e-02,-1.490567618,0,8.070354833,-0.917768034,2.812171075,2.544142831,96,7,7,adc_s16,0.050000000,12,1,-16.000000000,-6.000000000,6.000000000,16.000000000,0,1,0,1,-5,4,-9,64,-17,1,-6,3,-7,7,-8,3,-3,2,-2,1,-2
256,20,4,3.233246835308e-02,3.233e-2,-1.490361139,323324.683530752,10000000,323325,3.233250000000e-02,3.233250000000e-02,-1.490360714,0,14.039665174,-0.917891551,3.733184118,3.433512484,96,7,7,adc_s16,0.050000000,12,1,-16.000000000,-6.000000000,6.000000000,16.000000000,0,0,1,-2,2,-6,6,64,-35,25,-22,12,-9,7,-7,3,-2,0,0,0,0
256,24,-36,3.243091891607e-02,3.243e-2,-1.489040746,324309.189160740,10000000,324309,3.243090000000e-02,3.243090000000e-02,-1.489040999,0,12.378454835,-0.899271245,3.489089896,3.415617378,96,7,7,adc_s16,0.050000000,12,1,-16.000000000,-6.000000000,6.000000000,16.000000000,0,0,1,-2,1,-4,4,64,-35,21,-18,10,-8,7,-7,3,-2,0,0,0,-1
256,24,-52,3.272465640244e-02,3.272e-2,-1.485124905,327246.564024390,10000000,327247,3.272470000000e-02,3.272470000000e-02,-1.485124326,0,11.776517281,-0.855422431,3.421929928,3.392760973,96,7,7,adc_s16,0.050000000,12,1,-16.000000000,-6.000000000,6.000000000,16.000000000,0,0,1,-2,1,-4,3,64,-35,19,-17,9,-7,7,-7,3,-2,0,0,0,-1
256,28,-76,3.288678192838e-02,3.289e-2,-1.482978621,328867.819283806,10000000,328868,3.288680000000e-02,3.288680000000e-02,-1.482978383,0,10.803663107,-0.821362401,3.293444405,3.494983300,96,7,7,adc_s16,0.050000000,12,1,-16.000000000,-6.000000000,6.000000000,16.000000000,0,0,1,-2,0,-3,2,64,-35,15,-14,8,-7,7,-7,3,-2,1,0,0,-1
256,24,24,3.292600094724e-02,3.293e-2,-1.482461014,329260.009472378,10000000,329260,3.292600000000e-02,3.292600000000e-02,-1.482461026,0,13.947386500,-0.891613142,3.745818262,3.448295961,96,7,7,adc_s16,0.050000000,12,1,-16.000000000,-6.000000000,6.000000000,16.000000000,0,0,1,-2,2,-6,6,64,-35,25,-24,13,-10,7,-7,2,-2,0,0,-1,0
256,208,-72,3.293467227440e-02,3.293e-2,-1.482346654,329346.722744012,10000000,329347,3.293470000000e-02,3.293470000000e-02,-1.482346288,0,7.921147059,-0.881175889,2.830877642,2.631529952,96,7,7,adc_s16,0.050000000,12,1,-16.000000000,-6.000000000,6.000000000,16.000000000,0,1,0,1,-5,4,-9,64,-18,1,-5,3,-6,7,-8,3,-3,2,-2,1,-2
256,28,28,3.303264322163e-02,3.303e-2,-1.481056673,330326.432216269,10000000,330326,3.303260000000e-02,3.303260000000e-02,-1.481057242,0,14.076202079,-0.893496789,3.748546609,3.437088661,96,7,7,adc_s16,0.050000000,12,1,-16.000000000,-6.000000000,6.000000000,16.000000000,0,0,1,-2,2,-6,6,64,-34,25,-24,13,-10,7,-7,2,-2,0,0,-1,0
256,20,8,3.303922778171e-02,3.304e-2,-1.480970112,330392.277817134,10000000,330392,3.303920000000e-02,3.303920000000e-02,-1.480970477,0,14.218571615,-0.919620800,3.756271837,3.460133797,96,7,7,adc_s16,0.050000000,12,1,-16.000000000,-6.000000000,6.000000000,16.000000000,0,0,1,-2,2,-6,6,64,-35,25,-22,12,-9,7,-7,3,-2,0,0,0,0
256,48,48,3.316465340308e-02,3.316e-2,-1.479324537,331646.534030820,10000000,331647,3.316470000000e-02,3.316470000000e-02,-1.479323927,0,14.057512355,-0.940217391,3.743920615,3.589231089,96,7,7,adc_s16,0.050000000,12,1,-16.000000000,-6.000000000,6.000000000,16.000000000,0,1,1,-2,2,-6,6,64,-30,25,-25,14,-10,7,-7,2,-2,0,0,-1,-1
256,64,64,3.322258994611e-02,3.322e-2,-1.478566514,332225.899461076,10000000,332226,3.322260000000e-02,3.322260000000e-02,-1.478566383,0,13.933694250,-0.983695652,3.689270239,3.492928901,96,7,7,adc_s16,0.050000000,12,1,-16.000000000,-6.000000000,6.000000000,16.000000000,0,1,1,-2,1,-5,6,64,-27,25,-25,14,-11,7,-7,2,-2,0,0,-1,-1
256,44,44,3.328300326077e-02,3.328e-2,-1.477777492,332830.032607741,10000000,332830,3.328300000000e-02,3.328300000000e-02,-1.477777535,0,14.334183284,-0.935863389,3.770070934,3.605113696,96,7,7,adc_s16,0.050000000,12,1,-16.000000000,-6.000000000,6.000000000,16.000000000,0,1,1,-2,2,-6,6,64,-31,25,-24,14,-10,7,-7,2,-2,0,0,-1,-1
256,24,-24,3.384772319678e-02,3.385e-2,-1.470470539,338477.231967829,10000000,338477,3.384770000000e-02,3.384770000000e-02,-1.470470837,0,13.137094969,-0.884202075,3.617822640,3.472819938,96,7,7,adc_s16,0.050000000,12,1,-16.000000000,-6.000000000,6.000000000,16.000000000,0,0,1,-2,1,-5,5,64,-35,23,-19,11,-8,7,-7,3,-2,0,0,0,-1
256,40,44,3.390740336427e-02,3.391e-2,-1.469705467,339074.033642658,10000000,339074,3.390740000000e-02,3.390740000000e-02,-1.469705510,0,14.230305631,-0.940032115,3.753318600,3.474979627,96,7,7,adc_s16,0.050000000,12,1,-16.000000000,-6.000000000,6.000000000,16.000000000,0,0,1,-2,2,-6,6,64,-32,25,-25,14,-10,7,-7,2,-2,0,0,-1,0
256,24,-40,3.391138796934e-02,3.391e-2,-1.469654434,339113.879693375,10000000,339114,3.391140000000e-02,3.391140000000e-02,-1.469654280,0,12.663460992,-0.897541996,3.529736913,3.463420172,96,7,7,adc_s16,0.050000000,12,1,-16.000000000,-6.000000000,6.000000000,16.000000000,0,0,1,-2,1,-4,4,64,-35,21,-18,10,-8,7,-7,3,-2,0,0,0,-1
256,60,60,3.396643307814e-02,3.397e-2,-1.468950057,339664.330781447,10000000,339664,3.396640000000e-02,3.396640000000e-02,-1.468950480,0,13.802314179,-0.973783350,3.703982163,3.526145948,96,7,7,adc_s16,0.050000000,12,1,-16.000000000,-6.000000000,6.000000000,16.000000000,0,1,1,-2,1,-5,6,64,-28,25,-25,14,-11,7,-7,2,-2,0,0,-1,-1
256,20,-32,3.409185521658e-02,3.409e-2,-1.467349365,340918.552165757,10000000,340919,3.409190000000e-02,3.409190000000e-02,-1.467348794,0,12.554491429,-0.873425148,3.549625697,3.481266245,96,7,7,adc_s16,0.050000000,12,1,-16.000000000,-6.000000000,6.000000000,16.000000000,0,0,1,-2,1,-5,4,64,-35,22,-19,10,-8,7,-7,3,-2,0,0,0,-1
256,56,56,3.411180161090e-02,3.411e-2,-1.467095343,341118.016108998,10000000,341118,3.411180000000e-02,3.411180000000e-02,-1.467095363,0,13.675151958,-0.945960968,3.705650236,3.526556456,96,7,7,adc_s16,0.050000000,12,1,-16.000000000,-6.000000000,6.000000000,16.000000000,0,1,1,-2,1,-5,6,64,-29,25,-25,14,-11,7,-7,2,-2,0,0,-1,-1
256,20,12,3.424192804844e-02,3.424e-2,-1.465441790,342419.280484431,10000000,342419,3.424190000000e-02,3.424190000000e-02,-1.465442145,0,14.259282691,-0.896275939,3.777339707,3.462213141,96,7,7,adc_s16,0.050000000,12,1,-16.000000000,-6.000000000,6.000000000,16.000000000,0,0,1,-2,2,-6,6,64,-35,25,-23,13,-9,7,-7,3,-2,0,0,-1,0
256,80,80,3.444036363941e-02,3.444e-2,-1.462932272,344403.636394050,10000000,344404,3.444040000000e-02,3.444040000000e-02,-1.462931813,0,13.324626547,-1.015069170,3.632373843,3.548651935,96,7,7,adc_s16,0.050000000,12,1,-16.000000000,-6.000000000,6.000000000,16.000000000,0,1,1,-2,1,-5,5,64,-24,25,-26,14,-11,7,-7,2,-2,0,0,-1,-1
256,68,68,3.454136105758e-02,3.454e-2,-1.461660554,345413.610575821,10000000,345414,3.454140000000e-02,3.454140000000e-02,-1.461660064,0,14.069292170,-0.989531868,3.721756182,3.527084655,96,7,7,adc_s16,0.050000000,12,1,-16.000000000,-6.000000000,6.000000000,16.000000000,0,1,1,-2,1,-5,6,64,-26,25,-25,14,-11,7,-7,2,-2,0,0,-1,-1
256,72,72,3.458628571511e-02,3.459e-2,-1.461096075,345862.857151071,10000000,345863,3.458630000000e-02,3.458630000000e-02,-1.461095896,0,13.433124858,-0.989686265,3.651952958,3.599474600,96,7,7,adc_s16,0.050000000,12,1,-16.000000000,-6.000000000,6.000000000,16.000000000,0,1,1,-2,1,-5,5,64,-25,25,-26,14,-11,7,-7,2,-2,0,0,-1,-1
256,24,-56,3.479694510747e-02,3.480e-2,-1.458458882,347969.451074665,10000000,347969,3.479690000000e-02,3.479690000000e-02,-1.458459445,0,12.083720815,-0.882472826,3.493137364,3.481939099,96,7,7,adc_s16,0.050000000,12,1,-16.000000000,-6.000000000,6.000000000,16.000000000,0,0,1,-2,1,-4,3,64,-35,18,-16,9,-7,7,-7,3,-2,0,0,0,-1
256,28,-60,3.483890577377e-02,3.484e-2,-1.457935494,348389.057737681,10000000,348389,3.483890000000e-02,3.483890000000e-02,-1.457935566,0,11.463130195,-0.853477026,3.399223515,3.499578619,96,7,7,adc_s16,0.050000000,12,1,-16.000000000,-6.000000000,6.000000000,16.000000000,0,0,1,-2,0,-3,3,64,-35,18,-16,9,-7,7,-7,3,-2,1,0,0,-1
256,24,-32,3.485102453909e-02,3.485e-2,-1.457784450,348510.245390916,10000000,348510,3.485100000000e-02,3.485100000000e-02,-1.457784756,0,12.843403507,-0.890995553,3.571253031,3.476336033,96,7,7,adc_s16,0.050000000,12,1,-16.000000000,-6.000000000,6.000000000,16.000000000,0,0,1,-2,1,-4,4,64,-35,22,-18,10,-8,7,-7,3,-2,0,0,0,-1
256,28,32,3.515043685884e-02,3.515e-2,-1.454069273,351504.368588403,10000000,351504,3.515040000000e-02,3.515040000000e-02,-1.454069728,0,15.252902561,-0.928205287,3.882121220,3.527714205,96,7,7,adc_s16,0.050000000,12,1,-16.000000000,-6.000000000,6.000000000,16.000000000,0,0,1,-2,2,-6,7,64,-34,25,-24,13,-10,7,-7,2,-2,0,0,-1,0
256,20,0,3.525598108616e-02,3.526e-2,-1.452767195,352559.810861553,10000000,352560,3.525600000000e-02,3.525600000000e-02,-1.452766962,0,14.572579554,-0.926784832,3.803762148,3.541583677,96,7,7,adc_s16,0.050000000,12,1,-16.000000000,-6.000000000,6.000000000,16.000000000,0,0,1,-2,2,-5,6,64,-35,25,-22,12,-9,7,-7,3,-2,0,0,0,0
256,44,48,3.532958320485e-02,3.533e-2,-1.451861486,353295.832048546,10000000,353296,3.532960000000e-02,3.532960000000e-02,-1.451861280,0,14.506844004,-0.941915761,3.802890335,3.659679733,96,7,7,adc_s16,0.050000000,12,1,-16.000000000,-6.000000000,6.000000000,16.000000000,0,1,1,-2,2,-6,6,64,-31,25,-25,14,-10,7,-7,2,-2,0,0,-1,-1
256,28,-80,3.561498251078e-02,3.561e-2,-1.448367265,356149.825107766,10000000,356150,3.561500000000e-02,3.561500000000e-02,-1.448367051,0,11.295064051,-0.819633152,3.367892032,3.573533740,96,7,7,adc_s16,0.050000000,12,1,-16.000000000,-6.000000000,6.000000000,16.000000000,0,0,1,-2,0,-3,2,64,-35,15,-14,8,-7,7,-7,3,-2,1,0,0,-1
256,204,-80,3.571763541951e-02,3.572e-2,-1.447117300,357176.354195060,10000000,357176,3.571760000000e-02,3.571760000000e-02,-1.447117731,0,8.382095344,-0.881268528,2.893941641,2.704358773,96,7,7,adc_s16,0.050000000,12,1,-16.000000000,-6.000000000,6.000000000,16.000000000,0,1,0,1,-5,4,-9,64,-19,1,-5,3,-6,7,-8,3,-3,2,-2,1,-2
256,76,76,3.572787558343e-02,3.573e-2,-1.446992807,357278.755834310,10000000,357279,3.572790000000e-02,3.572790000000e-02,-1.446992510,0,13.554703692,-1.011579792,3.665834847,3.588222994,96,7,7,adc_s16,0.050000000,12,1,-16.000000000,-6.000000000,6.000000000,16.000000000,0,1,1,-2,1,-5,5,64,-24,25,-26,14,-11,7,-7,2,-2,0,0,-1,-1
256,24,28,3.577340763336e-02,3.577e-2,-1.446439689,357734.076333641,10000000,357734,3.577340000000e-02,3.577340000000e-02,-1.446439781,0,14.636571823,-0.905570652,3.814431156,3.567219678,96,7,7,adc_s16,0.050000000,12,1,-16.000000000,-6.000000000,6.000000000,16.000000000,0,0,1,-3,2,-6,7,64,-35,25,-24,13,-10,7,-7,2,-2,0,0,-1,0
256,48,52,3.584889413195e-02,3.585e-2,-1.445524237,358488.941319492,10000000,358489,3.584890000000e-02,3.584890000000e-02,-1.445524166,0,14.646019247,-0.941946640,3.821431512,3.673239683,96,7,7,adc_s16,0.050000000,12,1,-16.000000000,-6.000000000,6.000000000,16.000000000,0,1,1,-2,2,-6,6,64,-30,25,-25,14,-10,7,-7,2,-2,0,0,-1,-1
256,20,-8,3.603203403303e-02,3.603e-2,-1.443311221,360320.340330286,10000000,360320,3.603200000000e-02,3.603200000000e-02,-1.443311631,0,13.696159045,-0.878612895,3.681120653,3.513579849,96,7,7,adc_s16,0.050000000,12,1,-16.000000000,-6.000000000,6.000000000,16.000000000,0,0,1,-2,1,-5,5,64,-35,25,-21,12,-9,7,-7,3,-2,0,0,0,-1
256,24,-44,3.631225977880e-02,3.631e-2,-1.439946723,363122.597787955,10000000,363123,3.631230000000e-02,3.631230000000e-02,-1.439946242,0,12.998562283,-0.870244565,3.606464249,3.564383288,96,7,7,adc_s16,0.050000000,12,1,-16.000000000,-6.000000000,6.000000000,16.000000000,0,0,1,-2,1,-4,4,64,-35,20,-17,10,-8,7,-7,3,-2,0,0,0,-1
256,216,-68,3.631423380973e-02,3.631e-2,-1.439923115,363142.338097308,10000000,363142,3.631420000000e-02,3.631420000000e-02,-1.439923519,0,8.609070123,-0.875432312,2.915126994,2.729363002,96,7,7,adc_s16,0.050000000,12,1,-16.000000000,-6.000000000,6.000000000,16.000000000,0,1,0,1,-5,4,-9,64,-17,1,-5,3,-6,7,-8,3,-3,2,-2,1,-2
256,20,-16,3.647463069859e-02,3.647e-2,-1.438009097,364746.306985912,10000000,364746,3.647460000000e-02,3.647460000000e-02,-1.438009462,0,13.767541229,-0.878612895,3.705451136,3.553122977,96,7,7,adc_s16,0.050000000,12,1,-16.000000000,-6.000000000,6.000000000,16.000000000,0,0,1,-2,1,-5,5,64,-35,24,-20,11,-8,7,-7,3,-2,0,0,0,-1
256,52,56,3.656731449861e-02,3.657e-2,-1.436906933,365673.144986113,10000000,365673,3.656730000000e-02,3.656730000000e-02,-1.436907105,0,15.077084743,-0.952229496,3.858334575,3.731685354,96,7,7,adc_s16,0.050000000,12,1,-16.000000000,-6.000000000,6.000000000,16.000000000,0,1,1,-2,2,-6,6,64,-29,25,-25,14,-11,7,-7,2,-2,0,0,-1,-1
256,20,16,3.658010800387e-02,3.658e-2,-1.436755017,365801.080038736,10000000,365801,3.658010000000e-02,3.658010000000e-02,-1.436755112,0,14.127673358,-0.912086215,3.759556072,3.563664433,96,7,7,adc_s16,0.050000000,12,1,-16.000000000,-6.000000000,6.000000000,16.000000000,0,0,1,-3,2,-6,6,64,-35,25,-23,13,-9,7,-7,3,-2,0,0,-1,0
256,64,68,3.659174637962e-02,3.659e-2,-1.436616863,365917.463796219,10000000,365917,3.659170000000e-02,3.659170000000e-02,-1.436617413,0,14.348127741,-0.975914032,3.769655118,3.649316293,96,7,7,adc_s16,0.050000000,12,1,-16.000000000,-6.000000000,6.000000000,16.000000000,0,1,1,-2,1,-5,6,64,-27,25,-26,14,-11,7,-7,2,-2,0,0,-1,-1
256,220,-64,3.685901593218e-02,3.686e-2,-1.433456264,368590.159321756,10000000,368590,3.685900000000e-02,3.685900000000e-02,-1.433456452,0,8.441819365,-0.908812994,2.913503834,2.739410940,96,7,7,adc_s16,0.050000000,12,1,-16.000000000,-6.000000000,6.000000000,16.000000000,0,1,0,1,-5,4,-9,64,-16,1,-5,3,-7,7,-8,3,-3,2,-2,1,-2
256,24,-60,3.686227295369e-02,3.686e-2,-1.433417889,368622.729536870,10000000,368623,3.686230000000e-02,3.686230000000e-02,-1.433417571,0,12.474791793,-0.880743577,3.548868621,3.544799305,96,7,7,adc_s16,0.050000000,12,1,-16.000000000,-6.000000000,6.000000000,16.000000000,0,0,1,-2,1,-4,3,64,-35,18,-16,9,-7,7,-7,3,-2,0,0,0,-1
256,68,72,3.699028074617e-02,3.699e-2,-1.431912372,369902.807461717,10000000,369903,3.699030000000e-02,3.699030000000e-02,-1.431912146,0,14.470856654,-1.007812500,3.779747391,3.651265342,96,7,7,adc_s16,0.050000000,12,1,-16.000000000,-6.000000000,6.000000000,16.000000000,0,1,1,-2,1,-5,6,64,-26,25,-26,14,-11,7,-7,2,-2,0,0,-1,-1
256,216,-76,3.702239626287e-02,3.702e-2,-1.431535475,370223.962628654,10000000,370224,3.702240000000e-02,3.702240000000e-02,-1.431535431,0,8.884455490,-0.894083498,2.934609272,2.814731968,96,7,7,adc_s16,0.050000000,12,1,-16.000000000,-6.000000000,6.000000000,16.000000000,0,1,0,1,-5,5,-9,64,-17,1,-4,2,-6,7,-8,3,-3,2,-2,1,-2
256,72,76,3.719676194041e-02,3.720e-2,-1.429494865,371967.619404083,10000000,371968,3.719680000000e-02,3.719680000000e-02,-1.429494420,0,14.597803416,-0.994503458,3.788010567,3.652479594,96,7,7,adc_s16,0.050000000,12,1,-16.000000000,-6.000000000,6.000000000,16.000000000,0,1,1,-2,1,-5,6,64,-25,25,-26,14,-11,7,-7,2,-2,0,0,-1,-1
256,36,40,3.720975502329e-02,3.721e-2,-1.429343189,372097.550232882,10000000,372098,3.720980000000e-02,3.720980000000e-02,-1.429342664,0,15.118397807,-0.941977520,3.855746519,3.563089745,96,7,7,adc_s16,0.050000000,12,1,-16.000000000,-6.000000000,6.000000000,16.000000000,0,0,1,-2,2,-6,6,64,-32,25,-24,14,-10,7,-7,2,-2,0,0,-1,0
256,56,60,3.723251406114e-02,3.723e-2,-1.429077638,372325.140611355,10000000,372325,3.723250000000e-02,3.723250000000e-02,-1.429077802,0,14.509571615,-0.984251482,3.794485187,3.631250827,96,7,7,adc_s16,0.050000000,12,1,-16.000000000,-6.000000000,6.000000000,16.000000000,0,1,1,-2,1,-6,6,64,-28,25,-25,14,-11,7,-7,2,-2,0,0,-1,-1
256,220,-60,3.724343433945e-02,3.724e-2,-1.428950278,372434.343394465,10000000,372434,3.724340000000e-02,3.724340000000e-02,-1.428950679,0,8.751716573,-0.904613389,2.928553918,2.757769982,96,7,7,adc_s16,0.050000000,12,1,-16.000000000,-6.000000000,6.000000000,16.000000000,0,1,0,1,-5,4,-9,64,-16,1,-6,3,-7,7,-8,3,-3,2,-2,1,-2
256,20,-20,3.739288872575e-02,3.739e-2,-1.427210983,373928.887257461,10000000,373929,3.739290000000e-02,3.739290000000e-02,-1.427210852,0,13.943895606,-0.876883646,3.728591229,3.585354748,96,7,7,adc_s16,0.050000000,12,1,-16.000000000,-6.000000000,6.000000000,16.000000000,0,0,1,-2,1,-5,5,64,-35,24,-20,11,-8,7,-7,3,-2,0,0,0,-1
256,32,36,3.742376092333e-02,3.742e-2,-1.426852570,374237.609233324,10000000,374238,3.742380000000e-02,3.742380000000e-02,-1.426852116,0,14.965185314,-0.933423913,3.871772879,3.593762910,96,7,7,adc_s16,0.050000000,12,1,-16.000000000,-6.000000000,6.000000000,16.000000000,0,0,1,-2,2,-6,6,64,-33,25,-24,14,-10,7,-7,2,-2,0,0,-1,0
256,20,-12,3.751506646325e-02,3.752e-2,-1.425794280,375150.664632484,10000000,375151,3.751510000000e-02,3.751510000000e-02,-1.425793892,0,14.049369196,-0.898622777,3.745238772,3.548856427,96,7,7,adc_s16,0.050000000,12,1,-16.000000000,-6.000000000,6.000000000,16.000000000,0,0,1,-2,1,-5,5,64,-35,25,-20,11,-9,7,-7,3,-2,0,0,0,-1
256,16,0,3.753439759276e-02,3.753e-2,-1.425570550,375343.975927610,10000000,375344,3.753440000000e-02,3.753440000000e-02,-1.425570522,0,15.115719579,-0.914402174,3.875334073,3.591162145,96,7,7,adc_s16,0.050000000,12,1,-16.000000000,-6.000000000,6.000000000,16.000000000,0,0,1,-2,2,-6,6,64,-35,25,-22,12,-9,7,-7,3,-2,0,0,0,0
256,32,40,3.770705592843e-02,3.771e-2,-1.423577375,377070.559284348,10000000,377071,3.770710000000e-02,3.770710000000e-02,-1.423576867,0,15.729103152,-0.937252964,3.935691536,3.615717308,96,7,7,adc_s16,0.050000000,12,1,-16.000000000,-6.000000000,6.000000000,16.000000000,0,0,1,-2,2,-6,7,64,-33,25,-25,14,-10,7,-7,2,-2,0,0,-1,0
256,20,-4,3.790156707575e-02,3.790e-2,-1.421342833,379015.670757469,10000000,379016,3.790160000000e-02,3.790160000000e-02,-1.421342456,0,15.357643908,-0.928390563,3.902403152,3.596795418,96,7,7,adc_s16,0.050000000,12,1,-16.000000000,-6.000000000,6.000000000,16.000000000,0,0,1,-2,2,-5,6,64,-35,25,-21,12,-9,7,-7,3,-2,0,0,0,-1
256,16,4,3.791191362299e-02,3.791e-2,-1.421224294,379119.136229864,10000000,379119,3.791190000000e-02,3.791190000000e-02,-1.421224450,0,15.224771448,-0.916131423,3.888605414,3.606761421,96,7,7,adc_s16,0.050000000,12,1,-16.000000000,-6.000000000,6.000000000,16.000000000,0,0,1,-2,2,-6,6,64,-35,25,-22,12,-9,7,-7,3,-2,0,0,0,0
256,60,64,3.803425992393e-02,3.803e-2,-1.419825030,380342.599239287,10000000,380343,3.803430000000e-02,3.803430000000e-02,-1.419824572,0,14.640781098,-0.964643034,3.819247613,3.664035095,96,7,7,adc_s16,0.050000000,12,1,-16.000000000,-6.000000000,6.000000000,16.000000000,0,1,1,-2,1,-6,6,64,-27,25,-25,14,-11,7,-7,2,-2,0,0,-1,-1
256,44,52,3.810368371490e-02,3.810e-2,-1.419033036,381036.837148957,10000000,381037,3.810370000000e-02,3.810370000000e-02,-1.419032851,0,15.081227367,-0.945868330,3.857579659,3.723324029,96,7,7,adc_s16,0.050000000,12,1,-16.000000000,-6.000000000,6.000000000,16.000000000,0,1,1,-2,2,-6,6,64,-31,25,-25,14,-10,7,-7,2,-2,0,0,-1,0
256,20,20,3.822089656843e-02,3.822e-2,-1.417699130,382208.965684344,10000000,382209,3.822090000000e-02,3.822090000000e-02,-1.417699091,0,15.240400033,-0.911221591,3.882990924,3.615604077,96,7,7,adc_s16,0.050000000,12,1,-16.000000000,-6.000000000,6.000000000,16.000000000,0,0,1,-3,2,-6,7,64,-35,25,-23,13,-10,7,-7,3,-2,0,0,-1,0
256,20,-36,3.822581863789e-02,3.823e-2,-1.417643205,382258.186378878,10000000,382258,3.822580000000e-02,3.822580000000e-02,-1.417643417,0,13.536738384,-0.897511117,3.650433454,3.590496620,96,7,7,adc_s16,0.050000000,12,1,-16.000000000,-6.000000000,6.000000000,16.000000000,0,0,1,-2,1,-4,4,64,-35,21,-18,10,-8,7,-7,3,-2,0,0,0,-1
256,24,-72,3.840777213700e-02,3.841e-2,-1.415580884,384077.721370001,10000000,384078,3.840780000000e-02,3.840780000000e-02,-1.415580569,0,12.286824724,-0.851346344,3.510590406,3.636673646,96,7,7,adc_s16,0.050000000,12,1,-16.000000000,-6.000000000,6.000000000,16.000000000,0,0,1,-2,0,-3,3,64,-35,16,-15,8,-7,7,-7,3,-2,1,0,0,-1
256,216,-64,3.843698739716e-02,3.844e-2,-1.415250659,384369.873971603,10000000,384370,3.843700000000e-02,3.843700000000e-02,-1.415250516,0,8.894344261,-0.919528162,2.954385608,2.712658938,96,7,7,adc_s16,0.050000000,12,1,-16.000000000,-6.000000000,6.000000000,16.000000000,0,1,0,1,-5,4,-9,64,-17,1,-6,3,-7,7,-8,3,-3,2,-2,1,-2
256,20,24,3.870706686140e-02,3.871e-2,-1.412209737,387070.668613994,10000000,387071,3.870710000000e-02,3.870710000000e-02,-1.412209366,0,15.234994434,-0.902081275,3.892824104,3.663142001,96,7,7,adc_s16,0.050000000,12,1,-16.000000000,-6.000000000,6.000000000,16.000000000,0,0,1,-3,2,-6,7,64,-35,25,-24,13,-10,7,-7,2,-2,0,0,-1,0
256,208,-80,3.870875554419e-02,3.871e-2,-1.412190791,387087.555441865,10000000,387088,3.870880000000e-02,3.870880000000e-02,-1.412190292,0,8.972235726,-0.870800395,2.970049533,2.824866474,96,7,7,adc_s16,0.050000000,12,1,-16.000000000,-6.000000000,6.000000000,16.000000000,0,1,0,1,-5,4,-9,64,-19,1,-4,2,-6,7,-8,3,-3,2,-2,1,-2
256,20,-44,3.879506706155e-02,3.880e-2,-1.411223493,387950.670615458,10000000,387951,3.879510000000e-02,3.879510000000e-02,-1.411223124,0,13.417373456,-0.872189970,3.665574072,3.611274692,96,7,7,adc_s16,0.050000000,12,1,-16.000000000,-6.000000000,6.000000000,16.000000000,0,0,1,-2,1,-4,4,64,-35,20,-18,10,-8,7,-7,3,-2,0,0,0,-1
256,40,48,3.883274847082e-02,3.883e-2,-1.410801870,388327.484708239,10000000,388327,3.883270000000e-02,3.883270000000e-02,-1.410802412,0,15.431933373,-0.971776186,3.890758500,3.621816228,96,7,7,adc_s16,0.050000000,12,1,-16.000000000,-6.000000000,6.000000000,16.000000000,0,0,1,-2,2,-6,6,64,-31,25,-25,14,-10,7,-7,2,-2,0,0,-1,0
256,216,-72,3.887424493512e-02,3.887e-2,-1.410338033,388742.449351242,10000000,388742,3.887420000000e-02,3.887420000000e-02,-1.410338535,0,8.948130305,-0.873703063,2.973383057,2.805489524,96,7,7,adc_s16,0.050000000,12,1,-16.000000000,-6.000000000,6.000000000,16.000000000,0,1,0,1,-5,4,-9,64,-17,1,-5,3,-6,7,-8,3,-3,2,-2,1,-2
256,76,80,3.888033140737e-02,3.888e-2,-1.410270042,388803.314073697,10000000,388803,3.888030000000e-02,3.888030000000e-02,-1.410270393,0,14.850403579,-1.026401927,3.832396571,3.676376765,96,7,7,adc_s16,0.050000000,12,1,-16.000000000,-6.000000000,6.000000000,16.000000000,0,1,1,-2,1,-5,6,64,-24,25,-26,15,-11,7,-7,2,-2,0,0,-1,-1
256,24,-64,3.896546636412e-02,3.897e-2,-1.409320121,389654.663641190,10000000,389655,3.896550000000e-02,3.896550000000e-02,-1.409319747,0,12.804394274,-0.864192194,3.564747525,3.621955427,96,7,7,adc_s16,0.050000000,12,1,-16.000000000,-6.000000000,6.000000000,16.000000000,0,0,1,-2,1,-4,3,64,-35,17,-15,9,-7,7,-7,3,-2,1,0,0,-1
256,36,44,3.903470214807e-02,3.903e-2,-1.408549130,390347.021480736,10000000,390347,3.903470000000e-02,3.903470000000e-02,-1.408549154,0,15.876549899,-0.923202816,3.968857885,3.658277654,96,7,7,adc_s16,0.050000000,12,1,-16.000000000,-6.000000000,6.000000000,16.000000000,0,0,1,-2,2,-6,7,64,-32,25,-25,14,-10,7,-7,2,-2,0,0,-1,0
256,212,-72,3.906190788318e-02,3.906e-2,-1.408246548,390619.078831786,10000000,390619,3.906190000000e-02,3.906190000000e-02,-1.408246636,0,8.728544724,-0.882936018,2.970863918,2.796620627,96,7,7,adc_s16,0.050000000,12,1,-16.000000000,-6.000000000,6.000000000,16.000000000,0,1,0,1,-5,4,-9,64,-18,1,-5,3,-6,7,-8,3,-3,2,-2,1,-2
256,220,-68,3.917629774275e-02,3.918e-2,-1.406976608,391762.977427491,10000000,391763,3.917630000000e-02,3.917630000000e-02,-1.406976583,0,8.830391038,-0.882627223,2.966187926,2.829152985,96,7,7,adc_s16,0.050000000,12,1,-16.000000000,-6.000000000,6.000000000,16.000000000,0,1,0,1,-5,4,-9,64,-16,1,-5,3,-6,7,-8,3,-3,2,-2,1,-2
256,208,-76,3.921543185168e-02,3.922e-2,-1.406542998,392154.318516841,10000000,392154,3.921540000000e-02,3.921540000000e-02,-1.406543351,0,8.852237173,-0.884757905,2.974562741,2.807871183,96,7,7,adc_s16,0.050000000,12,1,-16.000000000,-6.000000000,6.000000000,16.000000000,0,1,0,1,-5,4,-9,64,-19,1,-5,3,-6,7,-8,3,-3,2,-2,1,-2
256,20,-24,3.938599739116e-02,3.939e-2,-1.404658152,393859.973911640,10000000,393860,3.938600000000e-02,3.938600000000e-02,-1.404658123,0,14.281873945,-0.882441947,3.772903127,3.644807001,96,7,7,adc_s16,0.050000000,12,1,-16.000000000,-6.000000000,6.000000000,16.000000000,0,0,1,-2,1,-5,5,64,-35,23,-19,11,-8,7,-7,3,-2,0,0,0,-1
256,48,56,3.943917669684e-02,3.944e-2,-1.404072160,394391.766968392,10000000,394392,3.943920000000e-02,3.943920000000e-02,-1.404071903,0,15.635947401,-0.947751976,3.927777401,3.815554084,96,7,7,adc_s16,0.050000000,12,1,-16.000000000,-6.000000000,6.000000000,16.000000000,0,1,1,-2,2,-6,6,64,-30,25,-25,14,-11,7,-7,2,-2,0,0,-1,-1
256,24,-68,3.958811272853e-02,3.959e-2,-1.402435202,395881.127285273,10000000,395881,3.958810000000e-02,3.958810000000e-02,-1.402435341,0,12.650631479,-0.830965909,3.542032380,3.644573280,96,7,7,adc_s16,0.050000000,12,1,-16.000000000,-6.000000000,6.000000000,16.000000000,0,0,1,-2,0,-3,3,64,-35,17,-15,8,-7,7,-7,3,-2,1,0,0,-1
256,52,60,3.965692975425e-02,3.966e-2,-1.401680912,396569.297542453,10000000,396569,3.965690000000e-02,3.965690000000e-02,-1.401681238,0,15.767321078,-0.953958745,3.945323663,3.823663457,96,7,7,adc_s16,0.050000000,12,1,-16.000000000,-6.000000000,6.000000000,16.000000000,0,1,1,-2,2,-6,6,64,-29,25,-25,14,-11,7,-7,2,-2,0,0,-1,-1
256,28,36,3.968090861815e-02,3.968e-2,-1.401418392,396809.086181467,10000000,396809,3.968090000000e-02,3.968090000000e-02,-1.401418486,0,15.109198557,-0.894731966,3.895063128,3.689130968,96,7,7,adc_s16,0.050000000,12,1,-16.000000000,-6.000000000,6.000000000,16.000000000,0,0,1,-3,2,-6,7,64,-34,25,-25,14,-10,7,-7,2,-2,0,0,-1,0
256,20,-40,3.969225351378e-02,3.969e-2,-1.401294243,396922.535137838,10000000,396923,3.969230000000e-02,3.969230000000e-02,-1.401293735,0,13.820704404,-0.895781868,3.689177994,3.636040097,96,7,7,adc_s16,0.050000000,12,1,-16.000000000,-6.000000000,6.000000000,16.000000000,0,0,1,-2,1,-4,4,64,-35,21,-18,10,-8,7,-7,3,-2,0,0,0,-1
256,24,32,3.970574535040e-02,3.971e-2,-1.401146647,397057.453503955,10000000,397057,3.970570000000e-02,3.970570000000e-02,-1.401147143,0,15.380402015,-0.913599308,3.922403486,3.667200066,96,7,7,adc_s16,0.050000000,12,1,-16.000000000,-6.000000000,6.000000000,16.000000000,0,0,1,-3,2,-6,7,64,-35,25,-24,14,-10,7,-7,2,-2,0,0,-1,0
256,56,64,3.976801108348e-02,3.977e-2,-1.400466129,397680.110834824,10000000,397680,3.976800000000e-02,3.976800000000e-02,-1.400466250,0,15.642294878,-0.969676383,3.930148744,3.835234649,96,7,7,adc_s16,0.050000000,12,1,-16.000000000,-6.000000000,6.000000000,16.000000000,0,1,1,-2,2,-6,6,64,-28,25,-26,14,-11,7,-7,2,-2,0,0,-1,-1
256,16,8,4.010042011826e-02,4.010e-2,-1.396851077,401004.201182562,10000000,401004,4.010040000000e-02,4.010040000000e-02,-1.396851295,0,14.791432086,-0.906867589,3.849925774,3.686623522,96,7,7,adc_s16,0.050000000,12,1,-16.000000000,-6.000000000,6.000000000,16.000000000,0,0,1,-3,2,-6,6,64,-35,25,-23,13,-9,7,-7,3,-2,0,0,-1,0
256,20,-52,4.015920107691e-02,4.016e-2,-1.396214936,401592.010769093,10000000,401592,4.015920000000e-02,4.015920000000e-02,-1.396214947,0,13.717055326,-0.837481472,3.700382688,3.647215836,96,7,7,adc_s16,0.050000000,12,1,-16.000000000,-6.000000000,6.000000000,16.000000000,0,0,1,-2,1,-4,4,64,-35,19,-17,9,-7,7,-7,3,-2,0,0,0,-1
256,68,76,4.023512913194e-02,4.024e-2,-1.395394600,402351.291319359,10000000,402351,4.023510000000e-02,4.023510000000e-02,-1.395394915,0,15.059034918,-1.003859931,3.859968891,3.725624858,96,7,7,adc_s16,0.050000000,12,1,-16.000000000,-6.000000000,6.000000000,16.000000000,0,1,1,-2,1,-6,6,64,-26,25,-26,15,-11,7,-7,2,-2,0,0,-1,-1
256,60,68,4.038641530950e-02,4.039e-2,-1.393764693,403864.153095012,10000000,403864,4.038640000000e-02,4.038640000000e-02,-1.393764858,0,15.070428267,-0.966001729,3.864485031,3.755243473,96,7,7,adc_s16,0.050000000,12,1,-16.000000000,-6.000000000,6.000000000,16.000000000,0,1,1,-2,1,-6,6,64,-27,25,-26,14,-11,7,-7,2,-2,0,0,-1,-1
256,20,-28,4.065818561129e-02,4.066e-2,-1.390852006,406581.856112889,10000000,406582,4.065820000000e-02,4.065820000000e-02,-1.390851852,0,14.527228939,-0.880712698,3.806303880,3.686505887,96,7,7,adc_s16,0.050000000,12,1,-16.000000000,-6.000000000,6.000000000,16.000000000,0,0,1,-2,1,-5,5,64,-35,23,-19,11,-8,7,-7,3,-2,0,0,0,-1
256,64,72,4.079234675098e-02,4.079e-2,-1.389421309,407923.467509828,10000000,407923,4.079230000000e-02,4.079230000000e-02,-1.389421807,0,15.192986592,-0.980484190,3.882006079,3.769070892,96,7,7,adc_s16,0.050000000,12,1,-16.000000000,-6.000000000,6.000000000,16.000000000,0,1,1,-2,1,-6,6,64,-26,25,-26,14,-11,7,-7,2,-2,0,0,-1,-1
256,16,-16,4.084407625972e-02,4.084e-2,-1.388870922,408440.762597180,10000000,408441,4.084410000000e-02,4.084410000000e-02,-1.388870669,0,14.738078367,-0.890563241,3.818993454,3.663028164,96,7,7,adc_s16,0.050000000,12,1,-16.000000000,-6.000000000,6.000000000,16.000000000,0,0,1,-2,1,-5,5,64,-35,24,-20,11,-9,7,-7,3,-2,0,0,0,-1
256,16,-32,4.088813282357e-02,4.089e-2,-1.388402721,408881.328235727,10000000,408881,4.088810000000e-02,4.088810000000e-02,-1.388403070,0,14.570645729,-0.896492095,3.803721818,3.717538820,96,7,7,adc_s16,0.050000000,12,1,-16.000000000,-6.000000000,6.000000000,16.000000000,0,0,1,-2,1,-5,5,64,-35,22,-19,10,-8,7,-7,3,-2,0,0,0,-1
256,20,28,4.096442750499e-02,4.096e-2,-1.387593110,409644.275049906,10000000,409644,4.096440000000e-02,4.096440000000e-02,-1.387593402,0,15.742268103,-0.903810524,3.956703210,3.725450771,96,7,7,adc_s16,0.050000000,12,1,-16.000000000,-6.000000000,6.000000000,16.000000000,0,0,1,-3,2,-6,7,64,-35,25,-24,13,-10,7,-7,2,-2,0,0,-1,0
256,16,12,4.103534783242e-02,4.104e-2,-1.386841881,410353.478324195,10000000,410353,4.103530000000e-02,4.103530000000e-02,-1.386842387,0,15.018627822,-0.908596838,3.878274769,3.706479306,96,7,7,adc_s16,0.050000000,12,1,-16.000000000,-6.000000000,6.000000000,16.000000000,0,0,1,-3,2,-6,6,64,-35,25,-23,13,-9,7,-7,3,-2,0,0,-1,0
256,16,-24,4.111610183832e-02,4.112e-2,-1.385988067,411161.018383154,10000000,411161,4.111610000000e-02,4.111610000000e-02,-1.385988086,0,14.653583065,-0.876482213,3.810489360,3.686228104,96,7,7,adc_s16,0.050000000,12,1,-16.000000000,-6.000000000,6.000000000,16.000000000,0,0,1,-2,1,-5,5,64,-35,23,-20,11,-8,7,-7,3,-2,0,0,0,-1
256,72,80,4.137389225600e-02,4.137e-2,-1.383273621,413738.922559963,10000000,413739,4.137390000000e-02,4.137390000000e-02,-1.383273540,0,15.429377066,-1.029458992,3.909200427,3.761922473,96,7,7,adc_s16,0.050000000,12,1,-16.000000000,-6.000000000,6.000000000,16.000000000,0,1,1,-2,1,-5,6,64,-25,25,-26,15,-11,7,-7,2,-2,0,0,-1,-1
256,24,-80,4.154479142609e-02,4.154e-2,-1.381483417,415447.914260920,10000000,415448,4.154480000000e-02,4.154480000000e-02,-1.381483327,0,12.383151136,-0.817873024,3.526026291,3.737559367,96,7,7,adc_s16,0.050000000,12,1,-16.000000000,-6.000000000,6.000000000,16.000000000,0,0,1,-2,0,-3,2,64,-35,15,-14,8,-7,7,-7,3,-2,1,0,0,-1
256,212,-76,4.157031585828e-02,4.157e-2,-1.381216676,415703.158582752,10000000,415703,4.157030000000e-02,4.157030000000e-02,-1.381216841,0,9.312576152,-0.894299654,3.034253489,2.873946318,96,7,7,adc_s16,0.050000000,12,1,-16.000000000,-6.000000000,6.000000000,16.000000000,0,1,0,1,-5,4,-9,64,-18,1,-5,2,-6,7,-8,3,-3,2,-2,1,-2
256,212,-80,4.157828364162e-02,4.158e-2,-1.381133442,415782.836416182,10000000,415783,4.157830000000e-02,4.157830000000e-02,-1.381133272,0,9.238396658,-0.857738389,3.025413653,2.879109321,96,7,7,adc_s16,0.050000000,12,1,-16.000000000,-6.000000000,6.000000000,16.000000000,0,1,0,1,-5,4,-9,64,-18,1,-4,2,-6,7,-8,3,-3,2,-2,1,-2
256,36,48,4.182131939347e-02,4.182e-2,-1.378602270,418213.193934681,10000000,418213,4.182130000000e-02,4.182130000000e-02,-1.378602471,0,16.508906263,-0.924932065,4.046745109,3.736669721,96,7,7,adc_s16,0.050000000,12,1,-16.000000000,-6.000000000,6.000000000,16.000000000,0,0,1,-2,2,-6,7,64,-32,25,-25,14,-10,7,-7,2,-2,0,0,-1,0
256,40,52,4.223608077524e-02,4.224e-2,-1.374316388,422360.807752421,10000000,422361,4.223610000000e-02,4.223610000000e-02,-1.374316191,0,16.663053373,-0.956954051,4.071373560,3.738468237,96,7,7,adc_s16,0.050000000,12,1,-16.000000000,-6.000000000,6.000000000,16.000000000,0,0,1,-2,2,-6,7,64,-31,25,-25,14,-10,7,-7,2,-2,0,0,-1,0
256,16,20,4.235971626773e-02,4.236e-2,-1.373046958,423597.162677323,10000000,423597,4.235970000000e-02,4.235970000000e-02,-1.373047124,0,15.934805461,-0.907855731,3.978566348,3.789107044,96,7,7,adc_s16,0.050000000,12,1,-16.000000000,-6.000000000,6.000000000,16.000000000,0,0,1,-3,2,-6,7,64,-35,25,-24,13,-10,7,-6,3,-2,0,0,-1,0
256,28,40,4.255204977185e-02,4.255e-2,-1.371079515,425520.497718452,10000000,425520,4.255200000000e-02,4.255200000000e-02,-1.371080023,0,15.737729693,-0.896461215,3.974969336,3.765024015,96,7,7,adc_s16,0.050000000,12,1,-16.000000000,-6.000000000,6.000000000,16.000000000,0,0,1,-3,2,-6,7,64,-34,25,-25,14,-10,7,-7,2,-2,0,0,-1,0
256,32,44,4.273611145461e-02,4.274e-2,-1.369204997,427361.114546090,10000000,427361,4.273610000000e-02,4.273610000000e-02,-1.369205113,0,15.881008423,-0.930830040,3.987381058,3.760636626,96,7,7,adc_s16,0.050000000,12,1,-16.000000000,-6.000000000,6.000000000,16.000000000,0,0,1,-3,2,-6,7,64,-33,25,-25,14,-10,7,-7,2,-2,0,0,-1,0
256,20,-60,4.284035212134e-02,4.284e-2,-1.368146968,428403.521213376,10000000,428404,4.284040000000e-02,4.284040000000e-02,-1.368146483,0,13.633175723,-0.878983449,3.709092603,3.713945604,96,7,7,adc_s16,0.050000000,12,1,-16.000000000,-6.000000000,6.000000000,16.000000000,0,0,1,-2,1,-4,3,64,-35,18,-16,9,-7,7,-7,3,-2,0,0,0,-1
256,16,-12,4.292520211223e-02,4.293e-2,-1.367287651,429252.021122297,10000000,429252,4.292520000000e-02,4.292520000000e-02,-1.367287673,0,15.798407631,-0.894515810,3.974068954,3.733529857,96,7,7,adc_s16,0.050000000,12,1,-16.000000000,-6.000000000,6.000000000,16.000000000,0,0,1,-2,2,-5,5,64,-35,25,-21,12,-9,7,-7,3,-2,0,0,0,-1
256,16,-40,4.299982696739e-02,4.300e-2,-1.366533292,429998.269673893,10000000,429998,4.299980000000e-02,4.299980000000e-02,-1.366533564,0,14.311284585,-0.879940711,3.793456225,3.742323457,96,7,7,adc_s16,0.050000000,12,1,-16.000000000,-6.000000000,6.000000000,16.000000000,0,0,1,-2,1,-5,4,64,-35,21,-18,10,-8,7,-7,3,-2,0,0,0,-1
256,16,16,4.309611041452e-02,4.310e-2,-1.365561925,430961.104145175,10000000,430961,4.309610000000e-02,4.309610000000e-02,-1.365562030,0,16.150040577,-0.920454545,4.006600694,3.775470740,96,7,7,adc_s16,0.050000000,12,1,-16.000000000,-6.000000000,6.000000000,16.000000000,0,0,1,-3,2,-6,7,64,-35,25,-23,13,-9,7,-6,3,-2,0,0,-1,0
256,16,-20,4.315119829034e-02,4.315e-2,-1.365007140,431511.982903377,10000000,431512,4.315120000000e-02,4.315120000000e-02,-1.365007122,0,15.138644061,-0.875123518,3.886517507,3.756138651,96,7,7,adc_s16,0.050000000,12,1,-16.000000000,-6.000000000,6.000000000,16.000000000,0,0,1,-2,1,-5,5,64,-35,24,-20,11,-8,7,-7,3,-2,0,0,0,-1
256,56,68,4.326635306836e-02,4.327e-2,-1.363849710,432663.530683604,10000000,432664,4.326640000000e-02,4.326640000000e-02,-1.363849239,0,16.408694483,-0.971405632,4.026386958,3.934568512,96,7,7,adc_s16,0.050000000,12,1,-16.000000000,-6.000000000,6.000000000,16.000000000,0,1,1,-2,2,-6,6,64,-28,25,-26,14,-11,7,-7,2,-2,0,0,-1,-1
256,44,56,4.344209801924e-02,4.344e-2,-1.362089209,434420.980192377,10000000,434421,4.344210000000e-02,4.344210000000e-02,-1.362089189,0,16.369808785,-0.963037302,4.025729323,4.000211473,96,7,7,adc_s16,0.050000000,12,1,-16.000000000,-6.000000000,6.000000000,16.000000000,0,1,1,-2,2,-6,6,64,-30,25,-26,14,-11,7,-7,2,-2,0,0,-1,0
256,52,64,4.350528068592e-02,4.351e-2,-1.361458025,435052.806859222,10000000,435053,4.350530000000e-02,4.350530000000e-02,-1.361457832,0,16.285971964,-0.949759140,4.025546255,3.947085988,96,7,7,adc_s16,0.050000000,12,1,-16.000000000,-6.000000000,6.000000000,16.000000000,0,1,1,-2,2,-6,6,64,-29,25,-26,14,-11,7,-7,2,-2,0,0,-1,-1
256,20,32,4.371437526688e-02,4.371e-2,-1.359375724,437143.752668811,10000000,437144,4.371440000000e-02,4.371440000000e-02,-1.359375478,0,16.082952035,-0.889976532,4.020591815,3.787162740,96,7,7,adc_s16,0.050000000,12,1,-16.000000000,-6.000000000,6.000000000,16.000000000,0,0,1,-3,2,-6,7,64,-35,25,-25,14,-10,7,-7,2,-2,0,0,-1,0
256,16,-4,4.380551670721e-02,4.381e-2,-1.358471193,438055.167072135,10000000,438055,4.380550000000e-02,4.380550000000e-02,-1.358471358,0,16.570147947,-0.921936759,4.044353694,3.774217049,96,7,7,adc_s16,0.050000000,12,1,-16.000000000,-6.000000000,6.000000000,16.000000000,0,0,1,-2,2,-5,6,64,-35,25,-21,12,-9,7,-7,3,-2,0,0,0,0
256,36,52,4.382137630775e-02,4.382e-2,-1.358313987,438213.763077464,10000000,438214,4.382140000000e-02,4.382140000000e-02,-1.358313752,0,16.906073885,-0.952476532,4.087120320,3.858987573,96,7,7,adc_s16,0.050000000,12,1,-16.000000000,-6.000000000,6.000000000,16.000000000,0,0,1,-2,2,-6,7,64,-32,25,-26,14,-10,7,-7,2,-2,0,0,-1,0
256,16,24,4.382716116219e-02,4.383e-2,-1.358256659,438271.611621950,10000000,438272,4.382720000000e-02,4.382720000000e-02,-1.358256274,0,16.365267716,-0.892168972,4.028615713,3.800235073,96,7,7,adc_s16,0.050000000,12,1,-16.000000000,-6.000000000,6.000000000,16.000000000,0,0,1,-3,2,-6,7,64,-35,25,-24,13,-10,7,-6,2,-2,0,0,-1,0
256,20,-48,4.401607055024e-02,4.402e-2,-1.356388731,440160.705502416,10000000,440161,4.401610000000e-02,4.401610000000e-02,-1.356388440,0,14.529697562,-0.866755188,3.814058436,3.791442267,96,7,7,adc_s16,0.050000000,12,1,-16.000000000,-6.000000000,6.000000000,16.000000000,0,0,1,-2,1,-4,4,64,-35,20,-17,10,-8,7,-7,3,-2,0,0,0,-1
256,16,-8,4.421563144410e-02,4.422e-2,-1.354424168,442156.314441019,10000000,442156,4.421560000000e-02,4.421560000000e-02,-1.354424477,0,16.635570584,-0.920207510,4.052541420,3.791412582,96,7,7,adc_s16,0.050000000,12,1,-16.000000000,-6.000000000,6.000000000,16.000000000,0,0,1,-2,2,-5,6,64,-35,25,-21,12,-9,7,-7,3,-2,0,0,0,0
256,20,-56,4.424433777299e-02,4.424e-2,-1.354142301,442443.377729912,10000000,442443,4.424430000000e-02,4.424430000000e-02,-1.354142672,0,14.055354734,-0.848227520,3.751789420,3.729850491,96,7,7,adc_s16,0.050000000,12,1,-16.000000000,-6.000000000,6.000000000,16.000000000,0,0,1,-2,1,-4,3,64,-35,19,-16,9,-7,7,-7,3,-2,0,0,0,-1
256,24,-76,4.427318874049e-02,4.427e-2,-1.353859197,442731.887404918,10000000,442732,4.427320000000e-02,4.427320000000e-02,-1.353859087,0,12.728444552,-0.839241601,3.590349731,3.790047301,96,7,7,adc_s16,0.050000000,12,1,-16.000000000,-6.000000000,6.000000000,16.000000000,0,0,1,-2,0,-3,2,64,-35,16,-14,8,-7,7,-7,3,-2,1,0,0,-1
256,12,-4,4.432519639871e-02,4.433e-2,-1.353349331,443251.963987056,10000000,443252,4.432520000000e-02,4.432520000000e-02,-1.353349296,0,16.411900218,-0.915359437,4.048867576,3.816744383,96,7,7,adc_s16,0.050000000,12,1,-16.000000000,-6.000000000,6.000000000,16.000000000,0,0,1,-2,2,-6,6,64,-35,25,-22,12,-9,7,-6,3,-2,0,0,0,0
256,48,60,4.464695227250e-02,4.465e-2,-1.350208182,446469.522725021,10000000,446470,4.464700000000e-02,4.464700000000e-02,-1.350207718,0,16.495436913,-0.952939723,4.056130303,4.011952191,96,7,7,adc_s16,0.050000000,12,1,-16.000000000,-6.000000000,6.000000000,16.000000000,0,1,1,-2,2,-6,6,64,-29,25,-26,14,-11,7,-7,2,-2,0,0,-1,0
256,60,72,4.469532890701e-02,4.470e-2,-1.349737862,446953.289070122,10000000,446953,4.469530000000e-02,4.469530000000e-02,-1.349738143,0,16.623473882,-0.984035326,4.051917445,3.947024415,96,7,7,adc_s16,0.050000000,12,1,-16.000000000,-6.000000000,6.000000000,16.000000000,0,1,1,-2,2,-6,6,64,-27,25,-26,15,-11,7,-7,2,-2,0,0,-1,-1
256,24,36,4.496902043306e-02,4.497e-2,-1.347086573,449690.204330603,10000000,449690,4.496900000000e-02,4.496900000000e-02,-1.347086770,0,16.225259640,-0.892971838,4.037141042,3.846104237,96,7,7,adc_s16,0.050000000,12,1,-16.000000000,-6.000000000,6.000000000,16.000000000,0,0,1,-3,2,-6,7,64,-34,25,-25,14,-10,7,-7,2,-2,0,0,-1,0
256,64,76,4.499501342870e-02,4.500e-2,-1.346835614,449950.134287047,10000000,449950,4.499500000000e-02,4.499500000000e-02,-1.346835744,0,16.062945829,-1.002099802,3.987897415,3.866327130,96,7,7,adc_s16,0.050000000,12,1,-16.000000000,-6.000000000,6.000000000,16.000000000,0,1,1,-2,1,-6,6,64,-26,25,-26,15,-11,7,-7,2,-2,0,0,-1,-1
256,12,4,4.509527325734e-02,4.510e-2,-1.345868977,450952.732573363,10000000,450953,4.509530000000e-02,4.509530000000e-02,-1.345868720,0,16.132310148,-0.913753706,3.998486488,3.821594121,96,7,7,adc_s16,0.050000000,12,1,-16.000000000,-6.000000000,6.000000000,16.000000000,0,0,1,-3,2,-6,6,64,-35,25,-22,12,-9,7,-6,3,-2,0,0,-1,0
256,20,-64,4.521429322333e-02,4.521e-2,-1.344724254,452142.932233312,10000000,452143,4.521430000000e-02,4.521430000000e-02,-1.344724188,0,14.094101273,-0.877254200,3.770902326,3.782401658,96,7,7,adc_s16,0.050000000,12,1,-16.000000000,-6.000000000,6.000000000,16.000000000,0,0,1,-2,1,-4,3,64,-35,18,-16,9,-7,7,-7,3,-2,0,0,0,-1
256,68,80,4.535133588819e-02,4.535e-2,-1.343409916,453513.358881913,10000000,453513,4.535130000000e-02,4.535130000000e-02,-1.343410259,0,16.205683219,-1.008306571,4.006772516,3.859530883,96,7,7,adc_s16,0.050000000,12,1,-16.000000000,-6.000000000,6.000000000,16.000000000,0,1,1,-2,1,-6,6,64,-25,25,-26,15,-11,7,-7,2,-2,0,0,-1,-1
256,12,0,4.543763857265e-02,4.544e-2,-1.342584247,454376.385726462,10000000,454376,4.543760000000e-02,4.543760000000e-02,-1.342584616,0,16.012056042,-0.925981966,3.979752241,3.838190691,96,7,7,adc_s16,0.050000000,12,1,-16.000000000,-6.000000000,6.000000000,16.000000000,0,0,1,-3,2,-6,6,64,-35,25,-22,12,-9,7,-6,3,-2,0,0,0,0
256,40,56,4.606427652612e-02,4.606e-2,-1.336635745,460642.765261182,10000000,460643,4.606430000000e-02,4.606430000000e-02,-1.336635524,0,17.454869835,-0.939538043,4.182944036,3.991769518,96,7,7,adc_s16,0.050000000,12,1,-16.000000000,-6.000000000,6.000000000,16.000000000,0,0,1,-2,2,-6,7,64,-31,25,-26,14,-11,7,-7,2,-2,0,0,-1,0
256,44,60,4.637818350219e-02,4.638e-2,-1.333686265,463781.835021934,10000000,463782,4.637820000000e-02,4.637820000000e-02,-1.333686111,0,17.639278881,-0.948091650,4.202571486,4.094127622,96,7,7,adc_s16,0.050000000,12,1,-16.000000000,-6.000000000,6.000000000,16.000000000,0,1,1,-2,2,-6,7,64,-30,25,-26,14,-11,7,-7,2,-2,0,0,-1,0
256,16,-28,4.642390950174e-02,4.642e-2,-1.333258289,464239.095017356,10000000,464239,4.642390000000e-02,4.642390000000e-02,-1.333258378,0,15.741862487,-0.878952569,3.962827068,3.858242961,96,7,7,adc_s16,0.050000000,12,1,-16.000000000,-6.000000000,6.000000000,16.000000000,0,0,1,-2,1,-5,5,64,-35,23,-19,11,-8,7,-7,3,-2,0,0,0,-1
256,12,-8,4.644902892328e-02,4.645e-2,-1.333023361,464490.289232787,10000000,464490,4.644900000000e-02,4.644900000000e-02,-1.333023631,0,17.172603628,-0.891644022,4.109094806,3.845881258,96,7,7,adc_s16,0.050000000,12,1,-16.000000000,-6.000000000,6.000000000,16.000000000,0,0,1,-2,2,-6,6,64,-35,25,-21,12,-9,7,-7,3,-2,0,0,0,0
256,20,36,4.654658268648e-02,4.655e-2,-1.332112198,465465.826864848,10000000,465466,4.654660000000e-02,4.654660000000e-02,-1.332112037,0,16.710040794,-0.891705781,4.098312964,3.863719405,96,7,7,adc_s16,0.050000000,12,1,-16.000000000,-6.000000000,6.000000000,16.000000000,0,0,1,-3,2,-6,7,64,-35,25,-25,14,-10,7,-7,2,-2,0,0,-1,0
256,220,-72,4.664944298358e-02,4.665e-2,-1.331153538,466494.429835837,10000000,466494,4.664940000000e-02,4.664940000000e-02,-1.331153938,0,9.797812067,-0.923635128,3.134192652,2.973746319,96,7,7,adc_s16,0.050000000,12,1,-16.000000000,-6.000000000,6.000000000,16.000000000,0,1,-1,1,-5,5,-9,64,-17,1,-5,2,-6,7,-8,3,-3,2,-2,1,-2
256,16,-36,4.677915913613e-02,4.678e-2,-1.329947589,467791.591361260,10000000,467792,4.677920000000e-02,4.677920000000e-02,-1.329947210,0,15.688084659,-0.878705534,3.960571531,3.853310059,96,7,7,adc_s16,0.050000000,12,1,-16.000000000,-6.000000000,6.000000000,16.000000000,0,0,1,-2,1,-5,5,64,-35,22,-18,10,-8,7,-7,3,-2,0,0,0,-1
256,12,8,4.693608463909e-02,4.694e-2,-1.328493142,469360.846390874,10000000,469361,4.693610000000e-02,4.693610000000e-02,-1.328493000,0,16.940941839,-0.915235919,4.104299896,3.903670694,96,7,7,adc_s16,0.050000000,12,1,-16.000000000,-6.000000000,6.000000000,16.000000000,0,0,1,-3,2,-6,7,64,-35,25,-23,13,-9,7,-6,3,-2,0,0,-1,0
256,48,64,4.701319503373e-02,4.701e-2,-1.327780233,470131.950337303,10000000,470132,4.701320000000e-02,4.701320000000e-02,-1.327780187,0,17.873588573,-0.976408103,4.208922919,4.091103377,96,7,7,adc_s16,0.050000000,12,1,-16.000000000,-6.000000000,6.000000000,16.000000000,0,1,1,-2,2,-6,7,64,-29,25,-26,15,-11,7,-7,2,-2,0,0,-1,0
256,20,-76,4.717280856924e-02,4.717e-2,-1.326308266,471728.085692448,10000000,471728,4.717280000000e-02,4.717280000000e-02,-1.326308345,0,13.953020556,-0.847856966,3.741431105,3.880581451,96,7,7,adc_s16,0.050000000,12,1,-16.000000000,-6.000000000,6.000000000,16.000000000,0,0,1,-2,0,-3,3,64,-35,16,-15,8,-7,7,-7,3,-2,1,0,0,-1
256,216,-80,4.722002476540e-02,4.722e-2,-1.325873789,472200.247654026,10000000,472200,4.722000000000e-02,4.722000000000e-02,-1.325874017,0,9.865879890,-0.896183300,3.153080052,3.005720585,96,7,7,adc_s16,0.050000000,12,1,-16.000000000,-6.000000000,6.000000000,16.000000000,0,1,-1,1,-5,5,-9,64,-18,1,-4,2,-6,7,-8,3,-3,2,-2,1,-2
256,20,-68,4.739160111751e-02,4.739e-2,-1.324298618,473916.011175073,10000000,473916,4.739160000000e-02,4.739160000000e-02,-1.324298629,0,14.436987370,-0.860702816,3.787085722,3.858354943,96,7,7,adc_s16,0.050000000,12,1,-16.000000000,-6.000000000,6.000000000,16.000000000,0,0,1,-2,1,-4,3,64,-35,17,-15,9,-7,7,-7,3,-2,1,0,0,-1
256,16,-44,4.749653369747e-02,4.750e-2,-1.323338084,474965.336974657,10000000,474965,4.749650000000e-02,4.749650000000e-02,-1.323338392,0,15.402663117,-0.892292490,3.896933228,3.862405283,96,7,7,adc_s16,0.050000000,12,1,-16.000000000,-6.000000000,6.000000000,16.000000000,0,0,1,-2,1,-4,4,64,-35,21,-18,10,-8,7,-7,3,-2,0,0,0,-1
256,16,28,4.768914179011e-02,4.769e-2,-1.321580493,476891.417901079,10000000,476891,4.768910000000e-02,4.768910000000e-02,-1.321580874,0,17.191140868,-0.915266798,4.131586918,3.900408921,96,7,7,adc_s16,0.050000000,12,1,-16.000000000,-6.000000000,6.000000000,16.000000000,0,0,1,-3,2,-6,7,64,-35,25,-24,14,-10,7,-6,2,-2,0,0,-1,0
256,12,12,4.772403588625e-02,4.772e-2,-1.321262836,477240.358862496,10000000,477240,4.772400000000e-02,4.772400000000e-02,-1.321263163,0,17.141156511,-0.916965168,4.128376382,3.920643544,96,7,7,adc_s16,0.050000000,12,1,-16.000000000,-6.000000000,6.000000000,16.000000000,0,0,1,-3,2,-6,7,64,-35,25,-23,13,-9,7,-6,3,-2,0,0,-1,0
256,24,40,4.778441951388e-02,4.778e-2,-1.320713685,477844.195138850,10000000,477844,4.778440000000e-02,4.778440000000e-02,-1.320713863,0,16.854830913,-0.894701087,4.114401141,3.918922293,96,7,7,adc_s16,0.050000000,12,1,-16.000000000,-6.000000000,6.000000000,16.000000000,0,0,1,-3,2,-6,7,64,-34,25,-25,14,-10,7,-7,2,-2,0,0,-1,0
256,28,44,4.794624403307e-02,4.795e-2,-1.319245409,479462.440330663,10000000,479462,4.794620000000e-02,4.794620000000e-02,-1.319245807,0,17.003838881,-0.929069911,4.126317325,3.912421332,96,7,7,adc_s16,0.050000000,12,1,-16.000000000,-6.000000000,6.000000000,16.000000000,0,0,1,-3,2,-6,7,64,-33,25,-25,14,-10,7,-7,2,-2,0,0,-1,0
256,32,48,4.804522284017e-02,4.805e-2,-1.318349788,480452.228401654,10000000,480452,4.804520000000e-02,4.804520000000e-02,-1.318349994,0,17.157064698,-0.941699605,4.138099424,3.951181975,96,7,7,adc_s16,0.050000000,12,1,-16.000000000,-6.000000000,6.000000000,16.000000000,0,0,1,-3,2,-6,7,64,-32,25,-25,14,-10,7,-7,2,-2,0,0,-1,0
256,12,20,4.806271735790e-02,4.806e-2,-1.318191679,480627.173579015,10000000,480627,4.806270000000e-02,4.806270000000e-02,-1.318191836,0,17.174709774,-0.906095603,4.131188351,3.956920600,96,7,7,adc_s16,0.050000000,12,1,-16.000000000,-6.000000000,6.000000000,16.000000000,0,0,1,-3,2,-6,7,64,-35,25,-24,13,-10,7,-6,3,-2,0,0,-1,0
256,52,68,4.811088673147e-02,4.811e-2,-1.317756639,481108.867314748,10000000,481109,4.811090000000e-02,4.811090000000e-02,-1.317756519,0,17.498983763,-0.967792737,4.151304814,4.110769860,96,7,7,adc_s16,0.050000000,12,1,-16.000000000,-6.000000000,6.000000000,16.000000000,0,1,1,-2,2,-6,6,64,-28,25,-26,15,-11,7,-7,2,-2,0,0,-1,0
256,60,76,4.830247851569e-02,4.830e-2,-1.316030584,483024.785156885,10000000,483025,4.830250000000e-02,4.830250000000e-02,-1.316030391,0,17.438490335,-0.985764575,4.150482890,4.051028704,96,7,7,adc_s16,0.050000000,12,1,-16.000000000,-6.000000000,6.000000000,16.000000000,0,1,1,-2,2,-6,6,64,-27,25,-26,15,-11,7,-7,2,-2,0,0,-1,-1
256,16,-56,4.832463932866e-02,4.832e-2,-1.315831379,483246.393286566,10000000,483246,4.832460000000e-02,4.832460000000e-02,-1.315831732,0,15.353218038,-0.833992095,3.915581286,3.878187803,96,7,7,adc_s16,0.050000000,12,1,-16.000000000,-6.000000000,6.000000000,16.000000000,0,0,1,-2,1,-4,4,64,-35,19,-17,9,-7,7,-7,3,-2,0,0,0,-1
256,12,-36,4.834023663326e-02,4.834e-2,-1.315691228,483402.366332594,10000000,483402,4.834020000000e-02,4.834020000000e-02,-1.315691557,0,16.108709797,-0.893002717,4.001482890,3.932998740,96,7,7,adc_s16,0.050000000,12,1,-16.000000000,-6.000000000,6.000000000,16.000000000,0,0,1,-2,1,-5,5,64,-35,22,-19,10,-8,7,-7,3,-2,0,0,0,-1
256,64,80,4.857417258620e-02,4.857e-2,-1.313594588,485741.725862015,10000000,485742,4.857420000000e-02,4.857420000000e-02,-1.313594343,0,17.585609768,-1.011857708,4.169148077,4.065657442,96,7,7,adc_s16,0.050000000,12,1,-16.000000000,-6.000000000,6.000000000,16.000000000,0,1,1,-2,2,-6,6,64,-26,25,-26,15,-11,7,-7,2,-2,0,0,-1,-1
256,12,16,4.882206372964e-02,4.882e-2,-1.311383867,488220.637296443,10000000,488221,4.882210000000e-02,4.882210000000e-02,-1.311383544,0,17.412265891,-0.918694417,4.160830029,3.946571986,96,7,7,adc_s16,0.050000000,12,1,-16.000000000,-6.000000000,6.000000000,16.000000000,0,0,1,-3,2,-6,7,64,-35,25,-23,13,-9,7,-6,3,-2,0,0,-1,0
256,20,-72,4.908968479751e-02,4.909e-2,-1.309009756,490896.847975103,10000000,490897,4.908970000000e-02,4.908970000000e-02,-1.309009622,0,15.040272657,-0.840816453,3.862426337,3.890546389,96,7,7,adc_s16,0.050000000,12,1,-16.000000000,-6.000000000,6.000000000,16.000000000,0,0,1,-2,1,-3,3,64,-35,17,-15,8,-7,7,-7,3,-2,1,0,0,-1
256,12,-16,4.915471962514e-02,4.915e-2,-1.308434777,491547.196251367,10000000,491547,4.915470000000e-02,4.915470000000e-02,-1.308434950,0,17.646765531,-0.916718132,4.195313011,3.951218455,96,7,7,adc_s16,0.050000000,12,1,-16.000000000,-6.000000000,6.000000000,16.000000000,0,0,1,-2,2,-5,6,64,-35,25,-21,11,-9,7,-7,3,-2,0,0,0,0
256,16,-52,4.942076615193e-02,4.942e-2,-1.306090526,494207.661519346,10000000,494208,4.942080000000e-02,4.942080000000e-02,-1.306090229,0,15.802426749,-0.883522727,3.954533850,3.920383755,96,7,7,adc_s16,0.050000000,12,1,-16.000000000,-6.000000000,6.000000000,16.000000000,0,0,1,-2,1,-4,4,64,-35,20,-17,9,-7,7,-7,3,-2,0,0,0,-1
256,12,24,4.949258159019e-02,4.949e-2,-1.305459892,494925.815901857,10000000,494926,4.949260000000e-02,4.949260000000e-02,-1.305459731,0,17.608962721,-0.890408844,4.179542330,3.965898172,96,7,7,adc_s16,0.050000000,12,1,-16.000000000,-6.000000000,6.000000000,16.000000000,0,0,1,-3,2,-6,7,64,-35,25,-24,13,-10,7,-6,2,-2,0,0,-1,0
256,56,72,4.974556133053e-02,4.975e-2,-1.303245664,497455.613305320,10000000,497456,4.974560000000e-02,4.974560000000e-02,-1.303245327,0,17.722447153,-0.982275198,4.185513500,4.093949516,96,7,7,adc_s16,0.050000000,12,1,-16.000000000,-6.000000000,6.000000000,16.000000000,0,1,1,-2,2,-6,6,64,-27,25,-26,15,-11,7,-7,2,-2,0,0,-1,-1
256,16,32,4.988646785040e-02,4.989e-2,-1.302017245,498864.678504036,10000000,498865,4.988650000000e-02,4.988650000000e-02,-1.302016965,0,17.249657779,-0.897727273,4.166069757,3.998355747,96,7,7,adc_s16,0.050000000,12,1,-16.000000000,-6.000000000,6.000000000,16.000000000,0,0,1,-3,2,-6,7,64,-35,25,-25,14,-10,7,-6,2,-2,0,0,-1,0
256,28,48,5.008002831326e-02,5.008e-2,-1.300335434,500800.283132589,10000000,500800,5.008000000000e-02,5.008000000000e-02,-1.300335680,0,17.399498878,-0.922029397,4.153916115,4.007600527,96,7,7,adc_s16,0.050000000,12,1,-16.000000000,-6.000000000,6.000000000,16.000000000,0,0,1,-3,2,-6,7,64,-33,25,-26,14,-10,7,-7,2,-2,0,0,-1,0
256,16,-48,5.009709320426e-02,5.010e-2,-1.300187473,500970.932042648,10000000,500971,5.009710000000e-02,5.009710000000e-02,-1.300187414,0,15.777720776,-0.864995059,3.975260985,3.963024413,96,7,7,adc_s16,0.050000000,12,1,-16.000000000,-6.000000000,6.000000000,16.000000000,0,0,1,-2,1,-4,4,64,-35,20,-17,10,-8,7,-7,3,-2,0,0,0,-1
256,220,-76,5.026674445642e-02,5.027e-2,-1.298719241,502667.444564164,10000000,502667,5.026670000000e-02,5.026670000000e-02,-1.298719625,0,10.271145918,-0.936851532,3.201074523,2.959238387,96,7,7,adc_s16,0.050000000,12,1,-16.000000000,-6.000000000,6.000000000,16.000000000,0,1,-1,1,-5,5,-10,64,-17,1,-4,2,-6,7,-8,3,-3,2,-2,1,-2
256,32,52,5.028073886968e-02,5.028e-2,-1.298598349,502807.388696768,10000000,502807,5.028070000000e-02,5.028070000000e-02,-1.298598685,0,17.539855688,-0.937623518,4.164117073,3.998576981,96,7,7,adc_s16,0.050000000,12,1,-16.000000000,-6.000000000,6.000000000,16.000000000,0,0,1,-3,2,-6,7,64,-32,25,-26,14,-10,7,-7,2,-2,0,0,-1,0
256,12,-24,5.031739170201e-02,5.032e-2,-1.298281879,503173.917020097,10000000,503174,5.031740000000e-02,5.031740000000e-02,-1.298281808,0,16.649456037,-0.871634140,4.076694357,3.966775332,96,7,7,adc_s16,0.050000000,12,1,-16.000000000,-6.000000000,6.000000000,16.000000000,0,0,1,-2,1,-5,5,64,-35,24,-20,11,-8,7,-7,3,-2,0,0,0,-1
256,48,68,5.033617336214e-02,5.034e-2,-1.298119803,503361.733621417,10000000,503362,5.033620000000e-02,5.033620000000e-02,-1.298119573,0,18.656553772,-0.978137352,4.299437447,4.189028358,96,7,7,adc_s16,0.050000000,12,1,-16.000000000,-6.000000000,6.000000000,16.000000000,0,1,1,-2,2,-6,7,64,-29,25,-26,15,-11,7,-7,2,-2,0,0,-1,0
256,20,40,5.034155833701e-02,5.034e-2,-1.298073345,503415.583370106,10000000,503416,5.034160000000e-02,5.034160000000e-02,-1.298072985,0,17.401907840,-0.902945899,4.183478491,3.999087009,96,7,7,adc_s16,0.050000000,12,1,-16.000000000,-6.000000000,6.000000000,16.000000000,0,0,1,-3,2,-6,7,64,-35,25,-25,14,-10,7,-6,2,-2,0,0,-1,0
256,12,-20,5.036543288078e-02,5.037e-2,-1.297867429,503654.328807815,10000000,503654,5.036540000000e-02,5.036540000000e-02,-1.297867713,0,17.232331532,-0.909924654,4.146285209,3.974607368,96,7,7,adc_s16,0.050000000,12,1,-16.000000000,-6.000000000,6.000000000,16.000000000,0,0,1,-2,2,-5,5,64,-35,24,-20,11,-8,7,-7,3,-2,0,0,0,-1
256,16,36,5.044396919283e-02,5.044e-2,-1.297190748,504439.691928330,10000000,504440,5.044400000000e-02,5.044400000000e-02,-1.297190483,0,17.608174791,-0.887598814,4.179777253,4.004301638,96,7,7,adc_s16,0.050000000,12,1,-16.000000000,-6.000000000,6.000000000,16.000000000,0,0,1,-3,2,-7,7,64,-35,25,-25,14,-10,7,-6,2,-2,0,0,-1,0
256,44,64,5.059988798532e-02,5.060e-2,-1.295850445,505998.879853250,10000000,505999,5.059990000000e-02,5.059990000000e-02,-1.295850341,0,18.505378652,-0.966372283,4.296381955,4.163309997,96,7,7,adc_s16,0.050000000,12,1,-16.000000000,-6.000000000,6.000000000,16.000000000,0,1,1,-2,2,-6,7,64,-30,25,-26,15,-11,7,-7,2,-2,0,0,-1,0
256,8,0,5.079473195290e-02,5.079e-2,-1.294181327,507947.319528984,10000000,507947,5.079470000000e-02,5.079470000000e-02,-1.294181600,0,17.341390243,-0.910264328,4.147989817,3.992313407,96,7,7,adc_s16,0.050000000,12,1,-16.000000000,-6.000000000,6.000000000,16.000000000,0,0,1,-3,2,-6,6,64,-35,25,-22,12,-9,7,-6,3,-2,0,0,-1,0
256,12,-44,5.079496420857e-02,5.079e-2,-1.294179341,507949.642085650,10000000,507950,5.079500000000e-02,5.079500000000e-02,-1.294179035,0,15.902349994,-0.876451334,3.998884091,3.966404640,96,7,7,adc_s16,0.050000000,12,1,-16.000000000,-6.000000000,6.000000000,16.000000000,0,0,1,-2,1,-5,4,64,-35,21,-18,10,-8,7,-7,3,-2,0,0,0,-1
256,12,-12,5.081895338642e-02,5.082e-2,-1.293974283,508189.533864188,10000000,508190,5.081900000000e-02,5.081900000000e-02,-1.293973885,0,18.079338653,-0.916718132,4.227164000,3.992793408,96,7,7,adc_s16,0.050000000,12,1,-16.000000000,-6.000000000,6.000000000,16.000000000,0,0,1,-2,2,-5,6,64,-35,25,-21,12,-9,7,-7,3,-2,0,0,0,0
256,24,44,5.087779807229e-02,5.088e-2,-1.293471693,508777.980722895,10000000,508778,5.087780000000e-02,5.087780000000e-02,-1.293471676,0,17.555296896,-0.896430336,4.198676789,3.999321168,96,7,7,adc_s16,0.050000000,12,1,-16.000000000,-6.000000000,6.000000000,16.000000000,0,0,1,-3,2,-6,7,64,-34,25,-25,14,-10,7,-7,2,-2,0,0,-1,0
256,16,-72,5.105294673178e-02,5.105e-2,-1.291979186,510529.467317834,10000000,510529,5.105290000000e-02,5.105290000000e-02,-1.291979583,0,15.435816678,-0.822257905,3.917902128,3.967189228,96,7,7,adc_s16,0.050000000,12,1,-16.000000000,-6.000000000,6.000000000,16.000000000,0,0,1,-2,1,-4,3,64,-35,17,-15,8,-7,7,-7,3,-2,0,0,0,-1
256,52,72,5.114319494994e-02,5.114e-2,-1.291212145,511431.949499445,10000000,511432,5.114320000000e-02,5.114320000000e-02,-1.291212102,0,18.811946740,-0.999660326,4.324577720,4.174149468,96,7,7,adc_s16,0.050000000,12,1,-16.000000000,-6.000000000,6.000000000,16.000000000,0,1,1,-2,2,-6,7,64,-28,25,-26,15,-11,7,-7,2,-2,0,0,-1,0
256,16,-64,5.135782598168e-02,5.136e-2,-1.289393369,513578.259816750,10000000,513578,5.135780000000e-02,5.135780000000e-02,-1.289393588,0,15.322339775,-0.875494071,3.930966241,3.950433581,96,7,7,adc_s16,0.050000000,12,1,-16.000000000,-6.000000000,6.000000000,16.000000000,0,0,1,-2,1,-4,3,64,-35,18,-16,9,-7,7,-7,3,-2,0,0,0,-1
256,8,-4,5.139096544012e-02,5.139e-2,-1.289113224,513909.654401197,10000000,513910,5.139100000000e-02,5.139100000000e-02,-1.289112931,0,17.285479082,-0.922492589,4.137069232,4.018605147,96,7,7,adc_s16,0.050000000,12,1,-16.000000000,-6.000000000,6.000000000,16.000000000,0,0,1,-3,2,-6,6,64,-35,25,-22,12,-9,7,-6,3,-2,0,0,0,0
256,56,76,5.204261300127e-02,5.204e-2,-1.283640906,520426.130012746,10000000,520426,5.204260000000e-02,5.204260000000e-02,-1.283641015,0,18.971557557,-1.006978755,4.342990975,4.218374765,96,7,7,adc_s16,0.050000000,12,1,-16.000000000,-6.000000000,6.000000000,16.000000000,0,1,1,-2,2,-6,7,64,-27,25,-26,15,-11,7,-7,2,-2,0,0,-1,0
256,8,16,5.227507412907e-02,5.228e-2,-1.281705343,522750.741290727,10000000,522751,5.227510000000e-02,5.227510000000e-02,-1.281705128,0,18.069288585,-0.890748518,4.231629484,4.059750182,96,7,7,adc_s16,0.050000000,12,1,-16.000000000,-6.000000000,6.000000000,16.000000000,0,0,1,-3,2,-6,7,64,-35,25,-24,13,-9,7,-6,3,-2,0,0,-1,0
256,40,60,5.233764907590e-02,5.234e-2,-1.281185789,523376.490758962,10000000,523376,5.233760000000e-02,5.233760000000e-02,-1.281186196,0,18.879614802,-0.962882905,4.339369472,4.214789993,96,7,7,adc_s16,0.050000000,12,1,-16.000000000,-6.000000000,6.000000000,16.000000000,0,1,1,-2,2,-6,7,64,-30,25,-26,15,-11,7,-7,2,-2,0,0,-1,0
256,12,-28,5.237514135104e-02,5.238e-2,-1.280874792,523751.413510410,10000000,523751,5.237510000000e-02,5.237510000000e-02,-1.280875135,0,17.027390744,-0.877192441,4.121997550,4.031506019,96,7,7,adc_s16,0.050000000,12,1,-16.000000000,-6.000000000,6.000000000,16.000000000,0,0,1,-2,1,-5,5,64,-35,23,-19,11,-8,7,-7,3,-2,0,0,0,-1
256,8,4,5.240507069627e-02,5.241e-2,-1.280626689,524050.706962688,10000000,524051,5.240510000000e-02,5.240510000000e-02,-1.280626446,0,18.141621489,-0.911746542,4.248007177,4.070678196,96,7,7,adc_s16,0.050000000,12,1,-16.000000000,-6.000000000,6.000000000,16.000000000,0,0,1,-3,2,-6,7,64,-35,25,-23,13,-9,7,-6,3,-2,0,0,-1,0
256,16,40,5.262590194804e-02,5.263e-2,-1.278800448,526259.019480360,10000000,526259,5.262590000000e-02,5.262590000000e-02,-1.278800464,0,18.859980004,-0.907608696,4.320977818,4.093245520,96,7,7,adc_s16,0.050000000,12,1,-16.000000000,-6.000000000,6.000000000,16.000000000,0,0,1,-3,2,-7,8,64,-35,25,-25,14,-10,7,-6,2,-2,0,0,-1,0
256,8,8,5.286870985992e-02,5.287e-2,-1.276801287,528687.098599215,10000000,528687,5.286870000000e-02,5.286870000000e-02,-1.276801368,0,18.271981589,-0.913475791,4.263086010,4.078204722,96,7,7,adc_s16,0.050000000,12,1,-16.000000000,-6.000000000,6.000000000,16.000000000,0,0,1,-3,2,-6,7,64,-35,25,-23,13,-9,7,-6,3,-2,0,0,-1,0
256,28,52,5.289446998137e-02,5.289e-2,-1.276589730,528944.699813680,10000000,528945,5.289450000000e-02,5.289450000000e-02,-1.276589484,0,17.992509555,-0.898313982,4.232182674,4.054311207,96,7,7,adc_s16,0.050000000,12,1,-16.000000000,-6.000000000,6.000000000,16.000000000,0,0,1,-3,2,-7,7,64,-33,25,-26,14,-10,7,-7,2,-2,0,0,-1,0
256,36,56,5.295042960825e-02,5.295e-2,-1.276130512,529504.296082523,10000000,529504,5.295040000000e-02,5.295040000000e-02,-1.276130755,0,18.094282766,-0.929008152,4.251922948,4.095026733,96,7,7,adc_s16,0.050000000,12,1,-16.000000000,-6.000000000,6.000000000,16.000000000,0,0,1,-3,2,-6,7,64,-31,25,-26,14,-11,7,-7,2,-2,0,0,-1,0
256,12,28,5.312710868118e-02,5.313e-2,-1.274683819,531271.086811763,10000000,531271,5.312710000000e-02,5.312710000000e-02,-1.274683890,0,17.937927246,-0.894237895,4.248724240,4.096097027,96,7,7,adc_s16,0.050000000,12,1,-16.000000000,-6.000000000,6.000000000,16.000000000,0,0,1,-3,2,-6,7,64,-35,25,-25,14,-10,7,-6,2,-2,0,0,-1,0
256,16,-76,5.349883415987e-02,5.350e-2,-1.271655682,534988.341598694,10000000,534988,5.349880000000e-02,5.349880000000e-02,-1.271655959,0,15.960843154,-0.816452569,3.976567573,4.026654404,96,7,7,adc_s16,0.050000000,12,1,-16.000000000,-6.000000000,6.000000000,16.000000000,0,0,1,-2,1,-4,3,64,-35,17,-15,8,-7,7,-7,3,-2,1,0,0,-1
256,12,32,5.354372838940e-02,5.354e-2,-1.271291391,535437.283894044,10000000,535437,5.354370000000e-02,5.354370000000e-02,-1.271291621,0,18.137675625,-0.893990860,4.236341429,4.074654535,96,7,7,adc_s16,0.050000000,12,1,-16.000000000,-6.000000000,6.000000000,16.000000000,0,0,1,-3,2,-7,7,64,-35,25,-25,14,-10,7,-6,2,-2,0,1,-1,0
256,60,80,5.354381068952e-02,5.354e-2,-1.271290724,535438.106895165,10000000,535438,5.354380000000e-02,5.354380000000e-02,-1.271290810,0,18.691352415,-1.010097579,4.300062888,4.211601161,96,7,7,adc_s16,0.050000000,12,1,-16.000000000,-6.000000000,6.000000000,16.000000000,0,1,1,-2,2,-6,6,64,-26,25,-26,15,-11,7,-7,2,-2,0,0,-1,-1
256,220,-80,5.357289031898e-02,5.357e-2,-1.271054922,535728.903189772,10000000,535729,5.357290000000e-02,5.357290000000e-02,-1.271054844,0,10.726919539,-0.935122283,3.271670946,3.045357989,96,7,7,adc_s16,0.050000000,12,1,-16.000000000,-6.000000000,6.000000000,16.000000000,0,1,-1,1,-5,5,-10,64,-17,1,-4,2,-6,7,-8,3,-3,2,-2,1,-2
256,20,44,5.360190006585e-02,5.360e-2,-1.270819815,536019.000658463,10000000,536019,5.360190000000e-02,5.360190000000e-02,-1.270819816,0,18.148408252,-0.912827322,4.257739088,4.122748391,96,7,7,adc_s16,0.050000000,12,1,-16.000000000,-6.000000000,6.000000000,16.000000000,0,0,1,-3,2,-7,7,64,-34,25,-26,14,-10,7,-6,2,-2,0,0,-1,0
256,8,12,5.363645904331e-02,5.364e-2,-1.270539901,536364.590433117,10000000,536365,5.363650000000e-02,5.363650000000e-02,-1.270539569,0,18.473236398,-0.915205040,4.286378512,4.094419406,96,7,7,adc_s16,0.050000000,12,1,-16.000000000,-6.000000000,6.000000000,16.000000000,0,0,1,-3,2,-6,7,64,-35,25,-23,13,-9,7,-6,3,-2,0,0,-1,0
256,20,-80,5.383225926179e-02,5.383e-2,-1.268957393,538322.592617906,10000000,538323,5.383230000000e-02,5.383230000000e-02,-1.268957064,0,15.282078501,-0.832787796,3.914900343,4.077324488,96,7,7,adc_s16,0.050000000,12,1,-16.000000000,-6.000000000,6.000000000,16.000000000,0,0,1,-2,0,-3,3,64,-35,16,-14,8,-7,7,-7,3,-2,1,0,0,-1
256,12,-32,5.389388042635e-02,5.389e-2,-1.268460546,538938.804263485,10000000,538939,5.389390000000e-02,5.389390000000e-02,-1.268460388,0,17.341560173,-0.875463192,4.160885372,4.078051114,96,7,7,adc_s16,0.050000000,12,1,-16.000000000,-6.000000000,6.000000000,16.000000000,0,0,1,-2,1,-5,5,64,-35,23,-19,11,-8,7,-7,3,-2,0,0,0,-1
256,8,20,5.393109166307e-02,5.393e-2,-1.268160789,539310.916630742,10000000,539311,5.393110000000e-02,5.393110000000e-02,-1.268160722,0,18.485508796,-0.904335474,4.286637435,4.126547955,96,7,7,adc_s16,0.050000000,12,1,-16.000000000,-6.000000000,6.000000000,16.000000000,0,0,1,-3,2,-6,7,64,-35,25,-24,13,-10,7,-6,3,-2,0,0,-1,0
256,16,-68,5.398104902556e-02,5.398e-2,-1.267758680,539810.490255599,10000000,539810,5.398100000000e-02,5.398100000000e-02,-1.267759074,0,15.853119897,-0.873764822,3.998088114,4.023749987,96,7,7,adc_s16,0.050000000,12,1,-16.000000000,-6.000000000,6.000000000,16.000000000,0,0,1,-2,1,-4,3,64,-35,18,-16,9,-7,7,-7,3,-2,0,0,0,-1
256,12,-40,5.445572104391e-02,5.446e-2,-1.263956487,544557.210439118,10000000,544557,5.445570000000e-02,5.445570000000e-02,-1.263956655,0,17.323550799,-0.875216156,4.163265056,4.079201167,96,7,7,adc_s16,0.050000000,12,1,-16.000000000,-6.000000000,6.000000000,16.000000000,0,0,1,-2,1,-5,5,64,-35,22,-18,10,-8,7,-7,3,-2,0,0,0,-1
256,16,-60,5.447335672060e-02,5.447e-2,-1.263815862,544733.567205951,10000000,544734,5.447340000000e-02,5.447340000000e-02,-1.263815517,0,16.663298619,-0.851902174,4.077465165,4.093513666,96,7,7,adc_s16,0.050000000,12,1,-16.000000000,-6.000000000,6.000000000,16.000000000,0,0,1,-2,1,-4,4,64,-35,19,-16,9,-7,7,-7,3,-2,0,0,0,-1
256,24,48,5.450719837732e-02,5.451e-2,-1.263546140,545071.983773211,10000000,545072,5.450720000000e-02,5.450720000000e-02,-1.263546127,0,18.325136279,-0.894824605,4.272268378,4.107713383,96,7,7,adc_s16,0.050000000,12,1,-16.000000000,-6.000000000,6.000000000,16.000000000,0,0,1,-3,2,-7,7,64,-33,25,-26,14,-10,7,-7,2,-2,0,0,-1,0
256,52,76,5.472624386732e-02,5.473e-2,-1.261804359,547262.438673194,10000000,547262,5.472620000000e-02,5.472620000000e-02,-1.261804707,0,19.668289162,-1.001389575,4.422288225,4.280981038,96,7,7,adc_s16,0.050000000,12,1,-16.000000000,-6.000000000,6.000000000,16.000000000,0,1,1,-2,2,-6,7,64,-28,25,-26,15,-11,7,-7,2,-2,0,0,-1,0
256,32,56,5.485284649713e-02,5.485e-2,-1.260800831,548528.464971321,10000000,548528,5.485280000000e-02,5.485280000000e-02,-1.260801199,0,18.826745271,-0.930212451,4.315308440,4.140819349,96,7,7,adc_s16,0.050000000,12,1,-16.000000000,-6.000000000,6.000000000,16.000000000,0,0,1,-3,2,-6,7,64,-32,25,-26,15,-11,7,-7,2,-2,0,0,-1,0
256,8,-8,5.493371927967e-02,5.493e-2,-1.260160996,549337.192796660,10000000,549337,5.493370000000e-02,5.493370000000e-02,-1.260161149,0,18.179602714,-0.923974802,4.252363826,4.146328751,96,7,7,adc_s16,0.050000000,12,1,-16.000000000,-6.000000000,6.000000000,16.000000000,0,0,1,-3,2,-6,6,64,-35,25,-21,12,-9,7,-6,3,-2,0,0,0,0
256,12,36,5.538826343258e-02,5.539e-2,-1.256582251,553882.634325760,10000000,553883,5.538830000000e-02,5.538830000000e-02,-1.256581964,0,19.356657128,-0.905230978,4.380713618,4.150152862,96,7,7,adc_s16,0.050000000,12,1,-16.000000000,-6.000000000,6.000000000,16.000000000,0,0,1,-3,2,-7,8,64,-35,25,-25,14,-10,7,-6,2,-2,0,1,-1,0
256,44,68,5.543214028739e-02,5.543e-2,-1.256238353,554321.402873861,10000000,554321,5.543210000000e-02,5.543210000000e-02,-1.256238668,0,19.818041980,-0.976377223,4.433116755,4.336580377,96,7,7,adc_s16,0.050000000,12,1,-16.000000000,-6.000000000,6.000000000,16.000000000,0,1,1,-2,2,-6,7,64,-29,25,-26,15,-11,7,-7,2,-2,0,0,-1,0
256,8,-12,5.545776396414e-02,5.546e-2,-1.256037645,554577.639641368,10000000,554578,5.545780000000e-02,5.545780000000e-02,-1.256037363,0,18.279974028,-0.922245553,4.264056036,4.168644024,96,7,7,adc_s16,0.050000000,12,1,-16.000000000,-6.000000000,6.000000000,16.000000000,0,0,1,-3,2,-6,6,64,-35,25,-21,12,-9,7,-6,3,-2,0,0,0,0
256,36,60,5.560657198547e-02,5.561e-2,-1.254873877,556065.719854715,10000000,556066,5.560660000000e-02,5.560660000000e-02,-1.254873659,0,18.972779217,-0.942718626,4.335208436,4.159182645,96,7,7,adc_s16,0.050000000,12,1,-16.000000000,-6.000000000,6.000000000,16.000000000,0,0,1,-3,2,-6,7,64,-31,25,-26,15,-11,7,-7,2,-2,0,0,-1,0
256,56,80,5.562793025323e-02,5.563e-2,-1.254707099,556279.302532347,10000000,556279,5.562790000000e-02,5.562790000000e-02,-1.254707335,0,19.830382494,-1.008708004,4.440503034,4.322875772,96,7,7,adc_s16,0.050000000,12,1,-16.000000000,-6.000000000,6.000000000,16.000000000,0,1,1,-2,2,-6,7,64,-27,25,-26,15,-11,7,-7,2,-2,0,0,-1,0
256,12,-48,5.569552729620e-02,5.570e-2,-1.254179680,556955.272962006,10000000,556955,5.569550000000e-02,5.569550000000e-02,-1.254179893,0,17.124330973,-0.888803113,4.111193410,4.093727277,96,7,7,adc_s16,0.050000000,12,1,-16.000000000,-6.000000000,6.000000000,16.000000000,0,0,1,-2,1,-4,4,64,-35,21,-18,10,-8,7,-7,3,-2,0,0,0,-1
256,40,64,5.588963614813e-02,5.589e-2,-1.252668718,558896.361481346,10000000,558896,5.588960000000e-02,5.588960000000e-02,-1.252668999,0,19.133179667,-0.948801877,4.349323456,4.229777186,96,7,7,adc_s16,0.050000000,12,1,-16.000000000,-6.000000000,6.000000000,16.000000000,0,1,1,-3,2,-6,7,64,-30,25,-26,15,-11,7,-7,2,-2,0,0,-1,0
256,8,28,5.603351429772e-02,5.603e-2,-1.251552139,560335.142977208,10000000,560335,5.603350000000e-02,5.603350000000e-02,-1.251552250,0,19.450270658,-0.900012352,4.391941237,4.181290418,96,7,7,adc_s16,0.050000000,12,1,-16.000000000,-6.000000000,6.000000000,16.000000000,0,0,1,-3,2,-7,8,64,-35,25,-25,14,-10,7,-6,2,-2,0,1,-1,0
256,8,-40,5.618290420585e-02,5.618e-2,-1.250395815,561829.042058457,10000000,561829,5.618290000000e-02,5.618290000000e-02,-1.250395848,0,17.786483010,-0.889513340,4.206566216,4.154479221,96,7,7,adc_s16,0.050000000,12,1,-16.000000000,-6.000000000,6.000000000,16.000000000,0,0,1,-2,1,-5,5,64,-35,22,-19,10,-8,7,-7,3,-2,0,0,0,-1
256,48,72,5.619985452835e-02,5.620e-2,-1.250264809,561998.545283514,10000000,561999,5.619990000000e-02,5.619990000000e-02,-1.250264457,0,19.979164187,-0.997900198,4.457385997,4.320068571,96,7,7,adc_s16,0.050000000,12,1,-16.000000000,-6.000000000,6.000000000,16.000000000,0,1,1,-2,2,-6,7,64,-28,25,-26,15,-11,7,-7,2,-2,0,0,-1,0
256,8,24,5.625376977807e-02,5.625e-2,-1.249848369,562537.697780717,10000000,562538,5.625380000000e-02,5.625380000000e-02,-1.249848135,0,18.855679460,-0.913722826,4.339070591,4.167309321,96,7,7,adc_s16,0.050000000,12,1,-16.000000000,-6.000000000,6.000000000,16.000000000,0,0,1,-3,2,-7,7,64,-35,25,-24,14,-10,7,-6,2,-2,0,1,-1,0
256,20,48,5.641749309503e-02,5.642e-2,-1.248586216,564174.930950333,10000000,564175,5.641750000000e-02,5.641750000000e-02,-1.248586162,0,19.411140102,-0.903563488,4.398192050,4.191577651,96,7,7,adc_s16,0.050000000,12,1,-16.000000000,-6.000000000,6.000000000,16.000000000,0,0,1,-3,2,-7,8,64,-34,25,-26,14,-10,7,-6,2,-2,0,0,-1,0
256,16,44,5.667632774605e-02,5.668e-2,-1.246598297,566763.277460460,10000000,566763,5.667630000000e-02,5.667630000000e-02,-1.246598510,0,19.235330172,-0.903162055,4.402600265,4.216403068,96,7,7,adc_s16,0.050000000,12,1,-16.000000000,-6.000000000,6.000000000,16.000000000,0,0,1,-3,2,-7,8,64,-35,25,-26,14,-10,7,-6,2,-2,0,1,-1,0
256,24,52,5.685783127854e-02,5.686e-2,-1.245209710,568578.312785373,10000000,568578,5.685780000000e-02,5.685780000000e-02,-1.245209948,0,19.748540534,-0.924098320,4.423540172,4.218325414,96,7,7,adc_s16,0.050000000,12,1,-16.000000000,-6.000000000,6.000000000,16.000000000,0,0,1,-3,2,-7,8,64,-33,25,-26,15,-10,7,-7,2,-2,0,0,-1,0
256,4,12,5.728341431563e-02,5.728e-2,-1.241971104,572834.143156318,10000000,572834,5.728340000000e-02,5.728340000000e-02,-1.241971213,0,19.172566164,-0.887259140,4.360916543,4.209308702,96,7,7,adc_s16,0.050000000,12,1,-16.000000000,-6.000000000,6.000000000,16.000000000,0,0,1,-3,2,-6,7,64,-35,25,-24,13,-9,7,-6,3,-2,0,0,-1,0
256,4,-8,5.777848596888e-02,5.778e-2,-1.238233843,577784.859688837,10000000,577785,5.777850000000e-02,5.777850000000e-02,-1.238233737,0,18.698611266,-0.919003211,4.304883751,4.208290430,96,7,7,adc_s16,0.050000000,12,1,-16.000000000,-6.000000000,6.000000000,16.000000000,0,0,1,-3,2,-6,6,64,-35,25,-22,12,-9,7,-6,3,-2,0,0,0,0
256,12,-56,5.784421391549e-02,5.784e-2,-1.237740076,578442.139154868,10000000,578442,5.784420000000e-02,5.784420000000e-02,-1.237740181,0,17.586814966,-0.880033350,4.173938844,4.156948251,96,7,7,adc_s16,0.050000000,12,1,-16.000000000,-6.000000000,6.000000000,16.000000000,0,0,1,-2,1,-4,4,64,-35,20,-17,9,-7,7,-7,3,-2,0,0,0,-1
256,8,-28,5.785941506019e-02,5.786e-2,-1.237625961,578594.150601883,10000000,578594,5.785940000000e-02,5.785940000000e-02,-1.237626074,0,18.299977157,-0.868144763,4.274765934,4.183882144,96,7,7,adc_s16,0.050000000,12,1,-16.000000000,-6.000000000,6.000000000,16.000000000,0,0,1,-2,1,-5,5,64,-35,24,-20,11,-8,7,-7,3,-2,0,0,0,-1
256,8,-24,5.825115277476e-02,5.825e-2,-1.234695476,582511.527747641,10000000,582512,5.825120000000e-02,5.825120000000e-02,-1.234695124,0,18.918209186,-0.910264328,4.343646286,4.192259898,96,7,7,adc_s16,0.050000000,12,1,-16.000000000,-6.000000000,6.000000000,16.000000000,0,0,1,-2,2,-5,5,64,-35,24,-20,11,-8,7,-6,3,-2,0,0,0,0
256,8,32,5.832436777487e-02,5.832e-2,-1.234149960,583243.677748709,10000000,583244,5.832440000000e-02,5.832440000000e-02,-1.234149720,0,20.014359305,-0.901741601,4.455266645,4.241176891,96,7,7,adc_s16,0.050000000,12,1,-16.000000000,-6.000000000,6.000000000,16.000000000,0,0,1,-3,2,-7,8,64,-35,25,-25,14,-10,7,-6,2,-2,0,1,-1,0
256,4,4,5.846895223255e-02,5.847e-2,-1.233074689,584689.522325463,10000000,584690,5.846900000000e-02,5.846900000000e-02,-1.233074334,0,19.542515811,-0.909986413,4.409544359,4.246775622,96,7,7,adc_s16,0.050000000,12,1,-16.000000000,-6.000000000,6.000000000,16.000000000,0,0,1,-3,2,-6,7,64,-35,25,-23,13,-9,7,-6,3,-2,0,0,-1,0
256,12,-64,5.848584276485e-02,5.849e-2,-1.232949248,584858.427648492,10000000,584858,5.848580000000e-02,5.848580000000e-02,-1.232949565,0,17.500972888,-0.859282362,4.176893331,4.148378666,96,7,7,adc_s16,0.050000000,12,1,-16.000000000,-6.000000000,6.000000000,16.000000000,0,0,1,-2,1,-4,4,64,-35,18,-16,9,-7,7,-7,3,-2,0,0,0,-1
256,12,40,5.864445529767e-02,5.864e-2,-1.231773043,586444.552976696,10000000,586445,5.864450000000e-02,5.864450000000e-02,-1.231772712,0,19.655921133,-0.899672678,4.450957377,4.281925777,96,7,7,adc_s16,0.050000000,12,1,-16.000000000,-6.000000000,6.000000000,16.000000000,0,0,1,-3,2,-7,8,64,-35,25,-26,14,-10,7,-6,2,-2,0,1,-1,0
256,4,0,5.867533363120e-02,5.868e-2,-1.231544432,586753.336312015,10000000,586753,5.867530000000e-02,5.867530000000e-02,-1.231544681,0,19.623679514,-0.901463686,4.416326477,4.232792291,96,7,7,adc_s16,0.050000000,12,1,-16.000000000,-6.000000000,6.000000000,16.000000000,0,0,1,-3,2,-6,7,64,-35,25,-22,12,-9,7,-6,3,-2,0,0,-1,0
256,4,-4,5.874458526849e-02,5.874e-2,-1.231032158,587445.852684885,10000000,587446,5.874460000000e-02,5.874460000000e-02,-1.231032049,0,19.612094366,-0.899734437,4.415774475,4.241179321,96,7,7,adc_s16,0.050000000,12,1,-16.000000000,-6.000000000,6.000000000,16.000000000,0,0,1,-3,2,-6,7,64,-35,25,-22,12,-9,7,-6,3,-2,0,0,-1,0
256,4,8,5.891897546683e-02,5.892e-2,-1.229744814,589189.754668262,10000000,589190,5.891900000000e-02,5.891900000000e-02,-1.229744633,0,19.673916048,-0.911715662,4.424177134,4.253957166,96,7,7,adc_s16,0.050000000,12,1,-16.000000000,-6.000000000,6.000000000,16.000000000,0,0,1,-3,2,-6,7,64,-35,25,-23,13,-9,7,-6,3,-2,0,0,-1,0
256,4,16,5.903667686604e-02,5.904e-2,-1.228878097,590366.768660438,10000000,590367,5.903670000000e-02,5.903670000000e-02,-1.228877926,0,19.470241313,-0.913938982,4.400628324,4.265287015,96,7,7,adc_s16,0.050000000,12,1,-16.000000000,-6.000000000,6.000000000,16.000000000,0,0,1,-3,2,-6,7,64,-35,25,-24,13,-9,7,-6,3,-2,0,1,-1,0
256,36,64,5.929439165146e-02,5.929e-2,-1.226986382,592943.916514607,10000000,592944,5.929440000000e-02,5.929440000000e-02,-1.226986321,0,19.666594279,-0.917397480,4.430657915,4.218191534,96,7,7,adc_s16,0.050000000,12,1,-16.000000000,-6.000000000,6.000000000,16.000000000,0,0,1,-3,2,-7,7,64,-31,25,-26,15,-11,7,-7,2,-2,0,0,-1,0
256,8,-16,5.931191143974e-02,5.931e-2,-1.226858080,593119.114397358,10000000,593119,5.931190000000e-02,5.931190000000e-02,-1.226858164,0,19.774392074,-0.919775198,4.445553253,4.259741188,96,7,7,adc_s16,0.050000000,12,1,-16.000000000,-6.000000000,6.000000000,16.000000000,0,0,1,-2,2,-5,6,64,-35,25,-21,12,-9,7,-6,3,-2,0,0,0,0
256,40,68,5.944880081000e-02,5.945e-2,-1.225856901,594488.008100020,10000000,594488,5.944880000000e-02,5.944880000000e-02,-1.225856907,0,19.986736998,-0.950531126,4.445847407,4.333810146,96,7,7,adc_s16,0.050000000,12,1,-16.000000000,-6.000000000,6.000000000,16.000000000,0,1,1,-3,2,-6,7,64,-30,25,-26,15,-11,7,-7,2,-2,0,0,-1,0
256,48,76,5.968140080341e-02,5.968e-2,-1.224160992,596814.008034149,10000000,596814,5.968140000000e-02,5.968140000000e-02,-1.224160998,0,20.836546746,-0.999629447,4.552348309,4.423856500,96,7,7,adc_s16,0.050000000,12,1,-16.000000000,-6.000000000,6.000000000,16.000000000,0,1,1,-2,2,-6,7,64,-28,25,-26,15,-11,7,-7,2,-2,0,0,-1,0
256,12,-52,5.970797464459e-02,5.971e-2,-1.223967660,597079.746445912,10000000,597080,5.970800000000e-02,5.970800000000e-02,-1.223967476,0,17.927863197,-0.868175642,4.217604158,4.206545853,96,7,7,adc_s16,0.050000000,12,1,-16.000000000,-6.000000000,6.000000000,16.000000000,0,0,1,-2,1,-4,4,64,-35,20,-17,10,-7,7,-7,3,-2,0,0,0,-1
256,4,24,5.983927508274e-02,5.984e-2,-1.223013676,598392.750827427,10000000,598393,5.983930000000e-02,5.983930000000e-02,-1.223013495,0,20.317536551,-0.896522974,4.489715116,4.296686141,96,7,7,adc_s16,0.050000000,12,1,-16.000000000,-6.000000000,6.000000000,16.000000000,0,0,1,-3,2,-7,8,64,-35,25,-25,14,-10,7,-6,2,-2,0,1,-1,0
256,8,-48,5.992235113695e-02,5.992e-2,-1.222411155,599223.511369490,10000000,599224,5.992240000000e-02,5.992240000000e-02,-1.222410801,0,18.580183465,-0.879755435,4.296073920,4.235729896,96,7,7,adc_s16,0.050000000,12,1,-16.000000000,-6.000000000,6.000000000,16.000000000,0,0,1,-2,1,-5,5,64,-35,21,-18,10,-8,7,-7,3,-2,0,0,0,-1
256,8,-32,5.992468139938e-02,5.992e-2,-1.222394266,599246.813993831,10000000,599247,5.992470000000e-02,5.992470000000e-02,-1.222394131,0,18.696943002,-0.873703063,4.320847637,4.250773608,96,7,7,adc_s16,0.050000000,12,1,-16.000000000,-6.000000000,6.000000000,16.000000000,0,0,1,-2,1,-5,5,64,-35,23,-19,11,-8,7,-7,3,-2,0,0,0,-1
256,12,-80,6.000526678302e-02,6.001e-2,-1.221810629,600052.667830229,10000000,600053,6.000530000000e-02,6.000530000000e-02,-1.221810389,0,16.870921967,-0.828032362,4.115542063,4.253533031,96,7,7,adc_s16,0.050000000,12,1,-16.000000000,-6.000000000,6.000000000,16.000000000,0,0,1,-2,1,-4,3,64,-35,16,-15,8,-7,7,-7,3,-2,1,0,0,-1
256,12,-76,6.003734740011e-02,6.004e-2,-1.221578504,600373.474001106,10000000,600373,6.003730000000e-02,6.003730000000e-02,-1.221578847,0,17.300458328,-0.818768528,4.148686887,4.211093106,96,7,7,adc_s16,0.050000000,12,1,-16.000000000,-6.000000000,6.000000000,16.000000000,0,0,1,-2,1,-4,3,64,-35,17,-15,8,-7,7,-7,3,-2,0,0,0,-1
256,12,-68,6.017996916693e-02,6.018e-2,-1.220548039,601799.691669347,10000000,601800,6.018000000000e-02,6.018000000000e-02,-1.220547817,0,17.151212971,-0.872004694,4.157810913,4.190644398,96,7,7,adc_s16,0.050000000,12,1,-16.000000000,-6.000000000,6.000000000,16.000000000,0,0,1,-2,1,-4,3,64,-35,18,-16,9,-7,7,-7,3,-2,0,0,0,-1
256,16,-80,6.028625201159e-02,6.029e-2,-1.219781715,602862.520115856,10000000,602863,6.028630000000e-02,6.028630000000e-02,-1.219781370,0,17.271465225,-0.842638340,4.149494997,4.237145140,96,7,7,adc_s16,0.050000000,12,1,-16.000000000,-6.000000000,6.000000000,16.000000000,0,0,1,-2,1,-3,3,64,-35,16,-14,8,-7,7,-7,3,-2,1,0,0,-1
256,28,56,6.029208692104e-02,6.029e-2,-1.219739683,602920.869210375,10000000,602921,6.029210000000e-02,6.029210000000e-02,-1.219739589,0,19.816161870,-0.919559042,4.447179955,4.275013544,96,7,7,adc_s16,0.050000000,12,1,-16.000000000,-6.000000000,6.000000000,16.000000000,0,0,1,-3,2,-7,7,64,-32,25,-26,15,-11,7,-7,2,-2,0,0,-1,0
256,12,-60,6.050341094987e-02,6.050e-2,-1.218220141,605034.109498735,10000000,605034,6.050340000000e-02,6.050340000000e-02,-1.218220219,0,17.971304305,-0.850142045,4.235452557,4.260276671,96,7,7,adc_s16,0.050000000,12,1,-16.000000000,-6.000000000,6.000000000,16.000000000,0,0,1,-2,1,-4,4,64,-35,19,-16,9,-7,7,-7,3,-2,0,0,0,-1
256,52,80,6.061298086654e-02,6.061e-2,-1.217434357,606129.808665372,10000000,606130,6.061300000000e-02,6.061300000000e-02,-1.217434220,0,21.004369317,-1.006947875,4.571460330,4.467910063,96,7,7,adc_s16,0.050000000,12,1,-16.000000000,-6.000000000,6.000000000,16.000000000,0,1,1,-2,2,-6,7,64,-27,25,-26,15,-11,7,-7,2,-2,0,0,-1,0
256,16,48,6.064452713874e-02,6.064e-2,-1.217208386,606445.271387368,10000000,606445,6.064450000000e-02,6.064450000000e-02,-1.217208580,0,20.266276848,-0.906991107,4.504723731,4.322037196,96,7,7,adc_s16,0.050000000,12,1,-16.000000000,-6.000000000,6.000000000,16.000000000,0,0,1,-3,2,-7,8,64,-35,25,-26,15,-10,7,-6,2,-2,0,1,-1,0
256,20,52,6.066213512019e-02,6.066e-2,-1.217082308,606621.351201881,10000000,606621,6.066210000000e-02,6.066210000000e-02,-1.217082559,0,20.441262909,-0.918632658,4.514562243,4.308634333,96,7,7,adc_s16,0.050000000,12,1,-16.000000000,-6.000000000,6.000000000,16.000000000,0,0,1,-3,2,-7,8,64,-34,25,-26,15,-10,7,-6,2,-2,0,1,-1,0
256,32,60,6.069817029943e-02,6.070e-2,-1.216824400,606981.702994345,10000000,606982,6.069820000000e-02,6.069820000000e-02,-1.216824188,0,19.962025228,-0.913908103,4.464885750,4.263723309,96,7,7,adc_s16,0.050000000,12,1,-16.000000000,-6.000000000,6.000000000,16.000000000,0,0,1,-3,2,-7,7,64,-31,25,-26,15,-11,7,-7,2,-2,0,0,-1,0
256,4,20,6.072151704906e-02,6.072e-2,-1.216657387,607215.170490599,10000000,607215,6.072150000000e-02,6.072150000000e-02,-1.216657509,0,20.622543327,-0.924561512,4.521005425,4.317209169,96,7,7,adc_s16,0.050000000,12,1,-16.000000000,-6.000000000,6.000000000,16.000000000,0,0,1,-3,2,-7,8,64,-35,25,-24,14,-10,7,-6,3,-2,0,1,-1,0
256,44,72,6.086505572205e-02,6.087e-2,-1.215631976,608650.557220545,10000000,608651,6.086510000000e-02,6.086510000000e-02,-1.215631660,0,20.143691188,-0.967483943,4.488900707,4.331316067,96,7,7,adc_s16,0.050000000,12,1,-16.000000000,-6.000000000,6.000000000,16.000000000,0,1,1,-3,2,-6,7,64,-29,25,-26,15,-11,7,-7,2,-2,0,0,-1,0
256,8,36,6.117607173326e-02,6.118e-2,-1.213418414,611760.717332628,10000000,611761,6.117610000000e-02,6.117610000000e-02,-1.213418213,0,20.216221238,-0.896183300,4.514301983,4.362884751,96,7,7,adc_s16,0.050000000,12,1,-16.000000000,-6.000000000,6.000000000,16.000000000,0,0,1,-3,2,-7,8,64,-35,25,-26,14,-10,7,-6,2,-2,0,1,-1,0
256,4,-20,6.135875509021e-02,6.136e-2,-1.212123460,613587.550902107,10000000,613588,6.135880000000e-02,6.135880000000e-02,-1.212123143,0,19.648159331,-0.910480484,4.429222318,4.313032981,96,7,7,adc_s16,0.050000000,12,1,-16.000000000,-6.000000000,6.000000000,16.000000000,0,0,1,-3,2,-6,6,64,-35,25,-21,11,-8,7,-6,3,-2,0,0,0,0
256,4,-12,6.152342804389e-02,6.152e-2,-1.210959474,615234.280438909,10000000,615234,6.152340000000e-02,6.152340000000e-02,-1.210959672,0,19.690136970,-0.920485425,4.426431544,4.343335103,96,7,7,adc_s16,0.050000000,12,1,-16.000000000,-6.000000000,6.000000000,16.000000000,0,0,1,-3,2,-6,6,64,-35,25,-21,12,-9,7,-6,3,-2,0,0,0,0
256,8,-36,6.167915954745e-02,6.168e-2,-1.209861553,616791.595474518,10000000,616792,6.167920000000e-02,6.167920000000e-02,-1.209861268,0,19.080967004,-0.871973814,4.365971157,4.303255105,96,7,7,adc_s16,0.050000000,12,1,-16.000000000,-6.000000000,6.000000000,16.000000000,0,0,1,-2,1,-5,5,64,-35,23,-19,11,-8,7,-7,3,-2,0,0,0,-1
256,4,28,6.178896072324e-02,6.179e-2,-1.209089109,617889.607232439,10000000,617890,6.178900000000e-02,6.178900000000e-02,-1.209088833,0,20.811770625,-0.898252223,4.543998053,4.346773002,96,7,7,adc_s16,0.050000000,12,1,-16.000000000,-6.000000000,6.000000000,16.000000000,0,0,1,-3,2,-7,8,64,-35,25,-25,14,-10,7,-6,2,-2,0,1,-1,0
256,8,-20,6.191227146774e-02,6.191e-2,-1.208223262,619122.714677415,10000000,619123,6.191230000000e-02,6.191230000000e-02,-1.208223062,0,20.623302458,-0.928791996,4.553346925,4.293637643,96,7,7,adc_s16,0.050000000,12,1,-16.000000000,-6.000000000,6.000000000,16.000000000,0,0,1,-2,2,-5,6,64,-35,25,-20,11,-8,7,-6,3,-2,0,0,0,0
256,0,12,6.193011060380e-02,6.193e-2,-1.208098144,619301.106038005,10000000,619301,6.193010000000e-02,6.193010000000e-02,-1.208098219,0,20.050353227,-0.885499012,4.466039995,4.336013295,96,7,7,adc_s16,0.050000000,12,1,-16.000000000,-6.000000000,6.000000000,16.000000000,0,0,1,-3,2,-7,7,64,-35,25,-24,13,-9,7,-6,3,-2,0,1,-1,0
256,24,56,6.193711142625e-02,6.194e-2,-1.208049053,619371.114262509,10000000,619371,6.193710000000e-02,6.193710000000e-02,-1.208049133,0,20.986110693,-0.892848320,4.561189008,4.327242354,96,7,7,adc_s16,0.050000000,12,1,-16.000000000,-6.000000000,6.000000000,16.000000000,0,0,1,-3,2,-7,8,64,-33,25,-26,15,-11,7,-7,2,-2,0,0,-1,0
256,12,-72,6.200058775064e-02,6.200e-2,-1.207604193,620005.877506417,10000000,620006,6.200060000000e-02,6.200060000000e-02,-1.207604108,0,17.570548873,-0.836925642,4.191260015,4.274204731,96,7,7,adc_s16,0.050000000,12,1,-16.000000000,-6.000000000,6.000000000,16.000000000,0,0,1,-2,1,-4,3,64,-35,17,-15,9,-7,7,-7,3,-2,0,0,0,-1
256,28,60,6.208006595246e-02,6.208e-2,-1.207047830,620800.659524608,10000000,620801,6.208010000000e-02,6.208010000000e-02,-1.207047592,0,21.137341978,-0.915853508,4.585862581,4.375572903,96,7,7,adc_s16,0.050000000,12,1,-16.000000000,-6.000000000,6.000000000,16.000000000,0,0,1,-3,2,-7,8,64,-32,25,-26,15,-11,7,-7,2,-2,0,0,-1,0
256,4,-16,6.231691102877e-02,6.232e-2,-1.205394082,623169.110287739,10000000,623169,6.231690000000e-02,6.231690000000e-02,-1.205394159,0,19.860362855,-0.918756176,4.445531301,4.372822754,96,7,7,adc_s16,0.050000000,12,1,-16.000000000,-6.000000000,6.000000000,16.000000000,0,0,1,-3,2,-6,6,64,-35,25,-21,12,-9,7,-6,3,-2,0,0,0,0
256,4,-40,6.236971175609e-02,6.237e-2,-1.205026263,623697.117560937,10000000,623697,6.236970000000e-02,6.236970000000e-02,-1.205026345,0,19.225012631,-0.872931077,4.377325301,4.293316456,96,7,7,adc_s16,0.050000000,12,1,-16.000000000,-6.000000000,6.000000000,16.000000000,0,0,1,-2,1,-5,5,64,-35,22,-19,10,-8,7,-6,3,-2,0,0,0,-1
256,8,-44,6.242516816723e-02,6.243e-2,-1.204640279,624251.681672329,10000000,624252,6.242520000000e-02,6.242520000000e-02,-1.204640058,0,19.098726083,-0.871726779,4.372549984,4.309850040,96,7,7,adc_s16,0.050000000,12,1,-16.000000000,-6.000000000,6.000000000,16.000000000,0,0,1,-2,1,-5,5,64,-35,22,-18,10,-8,7,-7,3,-2,0,0,0,-1
256,32,64,6.244864549275e-02,6.245e-2,-1.204476977,624486.454927545,10000000,624486,6.244860000000e-02,6.244860000000e-02,-1.204477293,0,21.292791112,-0.932188735,4.590179071,4.396580486,96,7,7,adc_s16,0.050000000,12,1,-16.000000000,-6.000000000,6.000000000,16.000000000,0,0,1,-3,2,-7,8,64,-31,25,-26,15,-11,7,-7,2,-2,0,0,-1,0
256,12,44,6.252126516244e-02,6.252e-2,-1.203972242,625212.651624417,10000000,625213,6.252130000000e-02,6.252130000000e-02,-1.203972000,0,20.670130494,-0.903501729,4.551005868,4.384118223,96,7,7,adc_s16,0.050000000,12,1,-16.000000000,-6.000000000,6.000000000,16.000000000,0,0,1,-3,2,-7,8,64,-35,25,-26,15,-10,7,-6,2,-2,0,1,-1,0
256,0,16,6.275172400649e-02,6.275e-2,-1.202374338,627517.240064885,10000000,627517,6.275170000000e-02,6.275170000000e-02,-1.202374504,0,21.122043664,-0.906250000,4.600067330,4.389156907,96,7,7,adc_s16,0.050000000,12,1,-16.000000000,-6.000000000,6.000000000,16.000000000,0,0,1,-3,2,-7,8,64,-35,25,-24,13,-9,7,-6,3,-2,0,1,-1,0
256,40,72,6.297216396721e-02,6.297e-2,-1.200851382,629721.639672065,10000000,629722,6.297220000000e-02,6.297220000000e-02,-1.200851134,0,20.731402979,-0.949666502,4.536640858,4.421760558,96,7,7,adc_s16,0.050000000,12,1,-16.000000000,-6.000000000,6.000000000,16.000000000,0,1,1,-3,2,-7,7,64,-30,25,-26,15,-11,7,-7,2,-2,0,0,-1,0
256,8,-60,6.305138169247e-02,6.305e-2,-1.200305392,630513.816924745,10000000,630514,6.305140000000e-02,6.305140000000e-02,-1.200305266,0,18.483228836,-0.828742589,4.297555344,4.281763958,96,7,7,adc_s16,0.050000000,12,1,-16.000000000,-6.000000000,6.000000000,16.000000000,0,0,1,-2,1,-4,4,64,-35,19,-17,9,-7,7,-7,3,-2,0,0,0,-1
256,8,-52,6.318325058166e-02,6.318e-2,-1.199398035,631832.505816561,10000000,631833,6.318330000000e-02,6.318330000000e-02,-1.199397695,0,18.450534247,-0.857151680,4.301882595,4.329704216,96,7,7,adc_s16,0.050000000,12,1,-16.000000000,-6.000000000,6.000000000,16.000000000,0,0,1,-2,1,-5,4,64,-35,20,-17,10,-7,7,-7,3,-2,0,0,0,-1
256,48,80,6.337192320718e-02,6.337e-2,-1.198103113,633719.232071801,10000000,633719,6.337190000000e-02,6.337190000000e-02,-1.198103272,0,21.764824014,-1.001358696,4.652984139,4.532926910,96,7,7,adc_s16,0.050000000,12,1,-16.000000000,-6.000000000,6.000000000,16.000000000,0,1,1,-2,2,-6,7,64,-28,25,-26,15,-11,7,-7,2,-2,0,0,-1,0
256,44,76,6.346352705003e-02,6.346e-2,-1.197475795,634635.270500332,10000000,634635,6.346350000000e-02,6.346350000000e-02,-1.197475980,0,20.884939858,-0.963531374,4.550229279,4.425780176,96,7,7,adc_s16,0.050000000,12,1,-16.000000000,-6.000000000,6.000000000,16.000000000,0,1,1,-3,2,-7,7,64,-29,25,-26,15,-11,7,-7,2,-2,0,0,-1,0
256,8,-56,6.394526553212e-02,6.395e-2,-1.194191605,639452.655321192,10000000,639453,6.394530000000e-02,6.394530000000e-02,-1.194191371,0,18.944790131,-0.878273221,4.333146062,4.326440517,96,7,7,adc_s16,0.050000000,12,1,-16.000000000,-6.000000000,6.000000000,16.000000000,0,0,1,-2,1,-4,4,64,-35,20,-17,9,-7,7,-7,3,-2,0,0,0,-1
256,4,32,6.399924338978e-02,6.400e-2,-1.193825160,639992.433897769,10000000,639992,6.399920000000e-02,6.399920000000e-02,-1.193825455,0,21.376899409,-0.899981472,4.605333415,4.404377709,96,7,7,adc_s16,0.050000000,12,1,-16.000000000,-6.000000000,6.000000000,16.000000000,0,0,1,-3,2,-7,8,64,-35,25,-25,14,-10,7,-6,2,-2,0,1,-1,0
256,8,40,6.401755816447e-02,6.402e-2,-1.193700895,640175.581644725,10000000,640176,6.401760000000e-02,6.401760000000e-02,-1.193700611,0,20.924885351,-0.897912549,4.592209862,4.434995416,96,7,7,adc_s16,0.050000000,12,1,-16.000000000,-6.000000000,6.000000000,16.000000000,0,0,1,-3,2,-7,8,64,-35,25,-26,14,-10,7,-6,2,-2,0,1,-1,0
256,36,68,6.423547466221e-02,6.424e-2,-1.192225062,642354.746622131,10000000,642355,6.423550000000e-02,6.423550000000e-02,-1.192224891,0,21.001608962,-0.938024951,4.567442102,4.367715787,96,7,7,adc_s16,0.050000000,12,1,-16.000000000,-6.000000000,6.000000000,16.000000000,0,0,1,-3,2,-7,7,64,-30,25,-26,15,-11,7,-7,2,-2,0,0,-1,0
256,0,0,6.445681334957e-02,6.446e-2,-1.190731169,644568.133495694,10000000,644568,6.445680000000e-02,6.445680000000e-02,-1.190731259,0,20.952759177,-0.906497036,4.566621173,4.425098200,96,7,7,adc_s16,0.050000000,12,1,-16.000000000,-6.000000000,6.000000000,16.000000000,0,0,1,-3,2,-6,7,64,-35,25,-23,13,-9,7,-6,3,-2,0,0,-1,0
256,0,-12,6.451683640250e-02,6.452e-2,-1.190326936,645168.364025032,10000000,645168,6.451680000000e-02,6.451680000000e-02,-1.190327182,0,20.251452595,-0.915513834,4.482016817,4.406049344,96,7,7,adc_s16,0.050000000,12,1,-16.000000000,-6.000000000,6.000000000,16.000000000,0,0,1,-3,2,-6,6,64,-35,25,-22,12,-9,7,-6,3,-2,0,0,0,0
256,0,4,6.460673382983e-02,6.461e-2,-1.189722214,646067.338298344,10000000,646067,6.460670000000e-02,6.460670000000e-02,-1.189722441,0,21.014304842,-0.908226285,4.573118654,4.423920698,96,7,7,adc_s16,0.050000000,12,1,-16.000000000,-6.000000000,6.000000000,16.000000000,0,0,1,-3,2,-6,7,64,-35,25,-23,13,-9,7,-6,3,-2,0,0,-1,0
256,0,-4,6.483245653835e-02,6.483e-2,-1.188207522,648324.565383487,10000000,648325,6.483250000000e-02,6.483250000000e-02,-1.188207231,0,21.078207695,-0.897974308,4.578849216,4.419064785,96,7,7,adc_s16,0.050000000,12,1,-16.000000000,-6.000000000,6.000000000,16.000000000,0,0,1,-3,2,-6,7,64,-35,25,-22,12,-9,7,-6,3,-2,0,0,-1,0
256,0,-8,6.518000673285e-02,6.518e-2,-1.185885599,651800.067328540,10000000,651800,6.518000000000e-02,6.518000000000e-02,-1.185885644,0,21.136477119,-0.896245059,4.585941710,4.435163262,96,7,7,adc_s16,0.050000000,12,1,-16.000000000,-6.000000000,6.000000000,16.000000000,0,0,1,-3,2,-6,7,64,-35,25,-22,12,-9,7,-6,3,-2,0,0,-1,0
256,28,64,6.572301250297e-02,6.572e-2,-1.182282538,657230.125029675,10000000,657230,6.572300000000e-02,6.572300000000e-02,-1.182282621,0,22.061926066,-0.917582757,4.684885754,4.473956280,96,7,7,adc_s16,0.050000000,12,1,-16.000000000,-6.000000000,6.000000000,16.000000000,0,0,1,-3,2,-7,8,64,-32,25,-26,15,-11,7,-7,2,-2,0,0,-1,0
256,0,24,6.574289325675e-02,6.574e-2,-1.182151187,657428.932567513,10000000,657429,6.574290000000e-02,6.574290000000e-02,-1.182151143,0,21.748891090,-0.894762846,4.646095574,4.465907647,96,7,7,adc_s16,0.050000000,12,1,-16.000000000,-6.000000000,6.000000000,16.000000000,0,0,1,-3,2,-7,8,64,-35,25,-25,14,-10,7,-6,2,-2,0,1,-1,0
256,12,48,6.578030435552e-02,6.578e-2,-1.181904121,657803.043555237,10000000,657803,6.578030000000e-02,6.578030000000e-02,-1.181904150,0,21.494783511,-0.905230978,4.640037648,4.469016563,96,7,7,adc_s16,0.050000000,12,1,-16.000000000,-6.000000000,6.000000000,16.000000000,0,0,1,-3,2,-7,8,64,-35,25,-26,15,-10,7,-6,2,-2,0,1,-1,0
256,0,8,6.584744212951e-02,6.585e-2,-1.181461091,658474.421295097,10000000,658474,6.584740000000e-02,6.584740000000e-02,-1.181461369,0,21.165400852,-0.905014822,4.589966384,4.436413734,96,7,7,adc_s16,0.050000000,12,1,-16.000000000,-6.000000000,6.000000000,16.000000000,0,0,1,-3,2,-6,7,64,-35,25,-23,13,-9,7,-6,3,-2,0,1,-1,0
256,4,36,6.599751906907e-02,6.600e-2,-1.180472390,659975.190690675,10000000,659975,6.599750000000e-02,6.599750000000e-02,-1.180472515,0,22.379861332,-0.894793725,4.734766709,4.448378487,96,7,7,adc_s16,0.050000000,12,1,-16.000000000,-6.000000000,6.000000000,16.000000000,0,0,1,-3,3,-7,8,64,-35,25,-26,14,-10,7,-6,2,-2,0,1,-1,0
256,24,60,6.606047350191e-02,6.606e-2,-1.180058318,660604.735019051,10000000,660605,6.606050000000e-02,6.606050000000e-02,-1.180058144,0,21.915278274,-0.939167490,4.662441758,4.495324351,96,7,7,adc_s16,0.050000000,12,1,-16.000000000,-6.000000000,6.000000000,16.000000000,0,0,1,-3,2,-7,8,64,-33,25,-26,15,-11,7,-6,2,-2,0,1,-1,0
256,32,68,6.609096087650e-02,6.609e-2,-1.179857934,660909.608764957,10000000,660910,6.609100000000e-02,6.609100000000e-02,-1.179857677,0,22.219857715,-0.933917984,4.689195691,4.494584279,96,7,7,adc_s16,0.050000000,12,1,-16.000000000,-6.000000000,6.000000000,16.000000000,0,0,1,-3,2,-7,8,64,-31,25,-26,15,-11,7,-7,2,-2,0,0,-1,0
256,8,-76,6.627121039214e-02,6.627e-2,-1.178675097,662712.103921436,10000000,662712,6.627120000000e-02,6.627120000000e-02,-1.178675165,0,18.660974324,-0.817008399,4.309239496,4.378909380,96,7,7,adc_s16,0.050000000,12,1,-16.000000000,-6.000000000,6.000000000,16.000000000,0,0,1,-2,1,-4,3,64,-35,17,-15,8,-7,7,-7,3,-2,0,0,0,-1
256,4,-48,6.652114302907e-02,6.652e-2,-1.177040297,665211.430290679,10000000,665211,6.652110000000e-02,6.652110000000e-02,-1.177040578,0,20.065426043,-0.857985425,4.460912407,4.445779912,96,7,7,adc_s16,0.050000000,12,1,-16.000000000,-6.000000000,6.000000000,16.000000000,0,0,1,-2,1,-5,5,64,-35,21,-18,10,-8,7,-6,3,-2,0,0,0,-1
256,0,20,6.662663080257e-02,6.663e-2,-1.176352148,666266.308025668,10000000,666266,6.662660000000e-02,6.662660000000e-02,-1.176352349,0,22.074868627,-0.922801383,4.678345635,4.488568701,96,7,7,adc_s16,0.050000000,12,1,-16.000000000,-6.000000000,6.000000000,16.000000000,0,0,1,-3,2,-7,8,64,-35,25,-24,14,-10,7,-6,3,-2,0,1,-1,0
256,36,72,6.667921001047e-02,6.668e-2,-1.176009554,666792.100104722,10000000,666792,6.667920000000e-02,6.667920000000e-02,-1.176009619,0,22.382007212,-0.956305583,4.713299725,4.510214806,96,7,7,adc_s16,0.050000000,12,1,-16.000000000,-6.000000000,6.000000000,16.000000000,0,0,1,-3,2,-7,8,64,-30,25,-26,15,-11,7,-7,2,-2,0,0,-1,0
256,16,52,6.683267232285e-02,6.683e-2,-1.175011173,668326.723228505,10000000,668327,6.683270000000e-02,6.683270000000e-02,-1.175010993,0,22.058387670,-0.899950593,4.674793191,4.543995062,96,7,7,adc_s16,0.050000000,12,1,-16.000000000,-6.000000000,6.000000000,16.000000000,0,0,1,-3,2,-7,8,64,-34,25,-26,15,-11,7,-6,2,-2,0,1,-1,0
256,40,76,6.709884152129e-02,6.710e-2,-1.173284978,670988.415212921,10000000,670988,6.709880000000e-02,6.709880000000e-02,-1.173285247,0,22.519205042,-0.967576581,4.728817547,4.547769769,96,7,7,adc_s16,0.050000000,12,1,-16.000000000,-6.000000000,6.000000000,16.000000000,0,1,1,-3,2,-7,8,64,-29,25,-26,15,-11,7,-7,2,-2,0,0,-1,0
256,8,-68,6.722016674582e-02,6.722e-2,-1.172500415,672201.667458174,10000000,672202,6.722020000000e-02,6.722020000000e-02,-1.172500200,0,19.435585026,-0.855792984,4.402848713,4.389161137,96,7,7,adc_s16,0.050000000,12,1,-16.000000000,-6.000000000,6.000000000,16.000000000,0,0,1,-2,1,-4,4,64,-35,18,-16,9,-7,7,-7,3,-2,0,0,0,-1
256,20,56,6.749085062207e-02,6.749e-2,-1.170755098,674908.506220672,10000000,674909,6.749090000000e-02,6.749090000000e-02,-1.170754780,0,22.228818889,-0.935678113,4.697245439,4.543192110,96,7,7,adc_s16,0.050000000,12,1,-16.000000000,-6.000000000,6.000000000,16.000000000,0,0,1,-3,2,-7,8,64,-33,25,-26,15,-11,7,-6,2,-2,0,1,-1,0
256,8,44,6.750936771605e-02,6.751e-2,-1.170635960,675093.677160535,10000000,675094,6.750940000000e-02,6.750940000000e-02,-1.170635752,0,22.760670069,-0.911375988,4.779021874,4.513618674,96,7,7,adc_s16,0.050000000,12,1,-16.000000000,-6.000000000,6.000000000,16.000000000,0,0,1,-3,3,-7,8,64,-35,25,-26,15,-10,7,-6,2,-2,0,1,-1,0
256,4,-28,6.754598576925e-02,6.755e-2,-1.170400456,675459.857692498,10000000,675460,6.754600000000e-02,6.754600000000e-02,-1.170400364,0,21.781959448,-0.909492342,4.657581756,4.475849275,96,7,7,adc_s16,0.050000000,12,1,-16.000000000,-6.000000000,6.000000000,16.000000000,0,0,1,-2,2,-5,6,64,-35,24,-20,11,-8,7,-6,3,-2,0,0,0,0
256,4,-32,6.772278510141e-02,6.772e-2,-1.169265190,677227.851014090,10000000,677228,6.772280000000e-02,6.772280000000e-02,-1.169265094,0,21.110108318,-0.907886611,4.586609142,4.482704230,96,7,7,adc_s16,0.050000000,12,1,-16.000000000,-6.000000000,6.000000000,16.000000000,0,0,1,-2,2,-5,5,64,-35,23,-19,11,-8,7,-6,3,-2,0,0,0,0
256,0,28,6.831608925765e-02,6.832e-2,-1.165477003,683160.892576530,10000000,683161,6.831610000000e-02,6.831610000000e-02,-1.165476934,0,23.114767753,-0.915513834,4.809126874,4.516088913,96,7,7,adc_s16,0.050000000,12,1,-16.000000000,-6.000000000,6.000000000,16.000000000,0,0,1,-3,3,-7,8,64,-35,25,-25,14,-10,7,-6,2,-2,0,1,-1,0
256,0,-16,6.841099536806e-02,6.841e-2,-1.164874091,684109.953680620,10000000,684110,6.841100000000e-02,6.841100000000e-02,-1.164874061,0,21.340380369,-0.916996047,4.609095646,4.547539884,96,7,7,adc_s16,0.050000000,12,1,-16.000000000,-6.000000000,6.000000000,16.000000000,0,0,1,-3,2,-6,6,64,-35,25,-21,12,-9,7,-6,3,-2,0,0,0,0
256,4,-44,6.870697017277e-02,6.871e-2,-1.162999202,687069.701727749,10000000,687070,6.870700000000e-02,6.870700000000e-02,-1.162999014,0,20.599603519,-0.870707757,4.535043034,4.552066353,96,7,7,adc_s16,0.050000000,12,1,-16.000000000,-6.000000000,6.000000000,16.000000000,0,0,1,-2,1,-5,5,64,-35,22,-18,10,-8,7,-6,3,-2,0,0,0,-1
256,4,-36,6.886194044734e-02,6.886e-2,-1.162020744,688619.404473380,10000000,688619,6.886190000000e-02,6.886190000000e-02,-1.162020999,0,20.630044707,-0.868731472,4.541187559,4.487350077,96,7,7,adc_s16,0.050000000,12,1,-16.000000000,-6.000000000,6.000000000,16.000000000,0,0,1,-2,1,-5,5,64,-35,23,-19,11,-8,7,-6,3,-2,0,0,0,-1
256,44,80,6.891242569262e-02,6.891e-2,-1.161702463,689124.256926176,10000000,689124,6.891240000000e-02,6.891240000000e-02,-1.161702625,0,22.246560372,-0.971807065,4.695036099,4.574743714,96,7,7,adc_s16,0.050000000,12,1,-16.000000000,-6.000000000,6.000000000,16.000000000,0,1,1,-3,2,-7,7,64,-28,25,-26,15,-11,7,-7,2,-2,0,0,-1,0
256,8,-64,6.910771283777e-02,6.911e-2,-1.160473480,691077.128377701,10000000,691077,6.910770000000e-02,6.910770000000e-02,-1.160473561,0,19.914432804,-0.846652668,4.459760034,4.499551693,96,7,7,adc_s16,0.050000000,12,1,-16.000000000,-6.000000000,6.000000000,16.000000000,0,0,1,-2,1,-4,4,64,-35,19,-16,9,-7,7,-7,3,-2,0,0,0,-1
256,4,-24,6.914834980728e-02,6.915e-2,-1.160218180,691483.498072822,10000000,691483,6.914830000000e-02,6.914830000000e-02,-1.160218492,0,22.412148063,-0.925302619,4.746099622,4.508061050,96,7,7,adc_s16,0.050000000,12,1,-16.000000000,-6.000000000,6.000000000,16.000000000,0,0,1,-2,2,-5,6,64,-35,25,-20,11,-8,7,-6,3,-2,0,0,0,0
256,8,-80,6.916515205074e-02,6.917e-2,-1.160112664,691651.520507417,10000000,691652,6.916520000000e-02,6.916520000000e-02,-1.160112363,0,19.304809122,-0.815279150,4.383265567,4.457696871,96,7,7,adc_s16,0.050000000,12,1,-16.000000000,-6.000000000,6.000000000,16.000000000,0,0,1,-2,1,-4,3,64,-35,17,-15,8,-7,7,-7,3,-2,0,0,0,-1
256,12,52,6.923276170676e-02,6.923e-2,-1.159688344,692327.617067603,10000000,692328,6.923280000000e-02,6.923280000000e-02,-1.159688104,0,23.561795661,-0.922646986,4.837833633,4.582437832,96,7,7,adc_s16,0.050000000,12,1,-16.000000000,-6.000000000,6.000000000,16.000000000,0,0,1,-3,3,-7,8,64,-35,25,-26,15,-11,7,-6,2,-2,0,1,-1,0
256,0,32,6.932754532593e-02,6.933e-2,-1.159094177,693275.453259324,10000000,693275,6.932750000000e-02,6.932750000000e-02,-1.159094460,0,23.185091247,-0.891304348,4.820050770,4.548435589,96,7,7,adc_s16,0.050000000,12,1,-16.000000000,-6.000000000,6.000000000,16.000000000,0,0,1,-3,3,-7,8,64,-35,25,-26,14,-10,7,-6,2,-2,0,1,-1,0
256,32,72,6.991418287898e-02,6.991e-2,-1.155434714,699141.828789781,10000000,699142,6.991420000000e-02,6.991420000000e-02,-1.155434607,0,23.217819027,-0.935647233,4.793555009,4.598243082,96,7,7,adc_s16,0.050000000,12,1,-16.000000000,-6.000000000,6.000000000,16.000000000,0,0,1,-3,2,-7,8,64,-31,25,-26,15,-11,7,-7,2,-2,0,0,-1,0
256,8,-72,6.999476313105e-02,6.999e-2,-1.154934452,699947.631310493,10000000,699948,6.999480000000e-02,6.999480000000e-02,-1.154934223,0,20.066027701,-0.854063735,4.474360789,4.467139724,96,7,7,adc_s16,0.050000000,12,1,-16.000000000,-6.000000000,6.000000000,16.000000000,0,0,1,-2,1,-4,4,64,-35,18,-16,9,-7,7,-7,3,-2,0,0,0,-1
256,4,-52,7.008643989522e-02,7.009e-2,-1.154366000,700864.398952176,10000000,700864,7.008640000000e-02,7.008640000000e-02,-1.154366247,0,20.913647294,-0.883059536,4.547624421,4.520647001,96,7,7,adc_s16,0.050000000,12,1,-16.000000000,-6.000000000,6.000000000,16.000000000,0,0,1,-2,1,-5,5,64,-35,21,-18,10,-7,7,-7,3,-2,0,0,0,-1
256,4,40,7.020055579739e-02,7.020e-2,-1.153659449,702005.557973872,10000000,702006,7.020060000000e-02,7.020060000000e-02,-1.153659176,0,23.409453524,-0.907886611,4.846989762,4.596867880,96,7,7,adc_s16,0.050000000,12,1,-16.000000000,-6.000000000,6.000000000,16.000000000,0,0,1,-3,3,-7,8,64,-35,25,-26,15,-10,7,-6,2,-2,0,1,-1,0
256,0,-44,7.038030380930e-02,7.038e-2,-1.152548863,703803.038092971,10000000,703803,7.038030000000e-02,7.038030000000e-02,-1.152548886,0,21.106772088,-0.869441700,4.587551678,4.519795697,96,7,7,adc_s16,0.050000000,12,1,-16.000000000,-6.000000000,6.000000000,16.000000000,0,0,1,-2,1,-5,5,64,-35,22,-19,10,-8,7,-6,3,-2,0,0,0,-1
256,16,56,7.044375031604e-02,7.044e-2,-1.152157531,704437.503160375,10000000,704438,7.044380000000e-02,7.044380000000e-02,-1.152157225,0,22.984770130,-0.901679842,4.773131031,4.640469210,96,7,7,adc_s16,0.050000000,12,1,-16.000000000,-6.000000000,6.000000000,16.000000000,0,0,1,-3,2,-7,8,64,-34,25,-26,15,-11,7,-6,2,-2,0,1,-1,0
256,0,-20,7.045913095219e-02,7.046e-2,-1.152062718,704591.309521913,10000000,704591,7.045910000000e-02,7.045910000000e-02,-1.152062909,0,21.987405427,-0.894639328,4.677441298,4.584095327,96,7,7,adc_s16,0.050000000,12,1,-16.000000000,-6.000000000,6.000000000,16.000000000,0,0,1,-3,2,-6,6,64,-35,25,-21,12,-8,7,-6,3,-2,0,0,0,0
256,36,76,7.052332646363e-02,7.052e-2,-1.151667211,705233.264636306,10000000,705233,7.052330000000e-02,7.052330000000e-02,-1.151667374,0,23.382451039,-0.958034832,4.818207335,4.615386976,96,7,7,adc_s16,0.050000000,12,1,-16.000000000,-6.000000000,6.000000000,16.000000000,0,0,1,-3,2,-7,8,64,-30,25,-26,15,-11,7,-7,2,-2,0,0,-1,0
256,8,48,7.059796667114e-02,7.060e-2,-1.151207807,705979.666711356,10000000,705980,7.059800000000e-02,7.059800000000e-02,-1.151207602,0,23.580894018,-0.913105237,4.864219298,4.603268990,96,7,7,adc_s16,0.050000000,12,1,-16.000000000,-6.000000000,6.000000000,16.000000000,0,0,1,-3,3,-7,8,64,-35,25,-26,15,-10,7,-6,2,-2,0,1,-1,0
256,24,64,7.093537373250e-02,7.094e-2,-1.149137139,709353.737324960,10000000,709354,7.093540000000e-02,7.093540000000e-02,-1.149136978,0,23.334815445,-0.956212945,4.829065994,4.629173243,96,7,7,adc_s16,0.050000000,12,1,-16.000000000,-6.000000000,6.000000000,16.000000000,0,0,1,-3,2,-7,8,64,-32,25,-26,15,-11,7,-6,2,-2,0,1,-1,0
256,20,60,7.101974324244e-02,7.102e-2,-1.148620902,710197.432424412,10000000,710197,7.101970000000e-02,7.101970000000e-02,-1.148621167,0,23.157683863,-0.937407362,4.794024014,4.637537692,96,7,7,adc_s16,0.050000000,12,1,-16.000000000,-6.000000000,6.000000000,16.000000000,0,0,1,-3,2,-7,8,64,-33,25,-26,15,-11,7,-6,2,-2,0,1,-1,0
256,28,68,7.135499967268e-02,7.135e-2,-1.146575592,713549.996726757,10000000,713550,7.135500000000e-02,7.135500000000e-02,-1.146575590,0,23.448920386,-0.932528409,4.822379767,4.620199051,96,7,7,adc_s16,0.050000000,12,1,-16.000000000,-6.000000000,6.000000000,16.000000000,0,0,1,-3,2,-7,8,64,-31,25,-26,15,-11,7,-7,2,-2,0,1,-1,0
256,4,-56,7.153928727064e-02,7.154e-2,-1.145455391,715392.872706380,10000000,715393,7.153930000000e-02,7.153930000000e-02,-1.145455314,0,20.367000989,-0.853662302,4.520138722,4.562340531,96,7,7,adc_s16,0.050000000,12,1,-16.000000000,-6.000000000,6.000000000,16.000000000,0,0,1,-2,1,-5,4,64,-35,20,-17,10,-7,7,-7,3,-2,0,0,0,-1
256,0,36,7.165691149076e-02,7.166e-2,-1.144741914,716569.114907617,10000000,716569,7.165690000000e-02,7.165690000000e-02,-1.144741984,0,23.819471721,-0.893033597,4.885029782,4.609611271,96,7,7,adc_s16,0.050000000,12,1,-16.000000000,-6.000000000,6.000000000,16.000000000,0,0,1,-3,3,-7,8,64,-35,25,-26,14,-10,7,-6,2,-2,0,1,-1,0
256,4,-64,7.174061319665e-02,7.174e-2,-1.144234916,717406.131966507,10000000,717406,7.174060000000e-02,7.174060000000e-02,-1.144234995,0,20.468664407,-0.825253211,4.522980787,4.519814558,96,7,7,adc_s16,0.050000000,12,1,-16.000000000,-6.000000000,6.000000000,16.000000000,0,0,1,-2,1,-4,4,64,-35,19,-17,9,-7,7,-7,3,-2,0,0,0,-1
256,40,80,7.179680378307e-02,7.180e-2,-1.143894889,717968.037830685,10000000,717968,7.179680000000e-02,7.179680000000e-02,-1.143894912,0,23.722703632,-0.965229743,4.859490688,4.676849602,96,7,7,adc_s16,0.050000000,12,1,-16.000000000,-6.000000000,6.000000000,16.000000000,0,1,1,-3,2,-7,8,64,-29,25,-26,16,-11,7,-7,2,-2,0,0,-1,0
256,0,-24,7.219336622136e-02,7.219e-2,-1.141502707,721933.662213569,10000000,721934,7.219340000000e-02,7.219340000000e-02,-1.141502504,0,22.447763018,-0.897109684,4.740950042,4.629847479,96,7,7,adc_s16,0.050000000,12,1,-16.000000000,-6.000000000,6.000000000,16.000000000,0,0,1,-3,2,-6,6,64,-35,25,-20,11,-8,7,-6,3,-2,0,0,0,0
256,4,-60,7.252990252918e-02,7.253e-2,-1.139482906,725299.025291831,10000000,725299,7.252990000000e-02,7.252990000000e-02,-1.139482921,0,20.938742064,-0.874783844,4.557328431,4.565469563,96,7,7,adc_s16,0.050000000,12,1,-16.000000000,-6.000000000,6.000000000,16.000000000,0,0,1,-2,1,-4,4,64,-35,20,-17,9,-7,7,-7,3,-2,0,0,0,-1
256,4,44,7.296635475544e-02,7.297e-2,-1.136877350,729663.547554418,10000000,729664,7.296640000000e-02,7.296640000000e-02,-1.136877080,0,24.159822902,-0.909615860,4.923922471,4.670154933,96,7,7,adc_s16,0.050000000,12,1,-16.000000000,-6.000000000,6.000000000,16.000000000,0,0,1,-3,3,-7,8,64,-35,25,-26,15,-10,7,-6,2,-2,0,1,-1,0
256,8,52,7.304805353202e-02,7.305e-2,-1.136391352,730480.535320250,10000000,730481,7.304810000000e-02,7.304810000000e-02,-1.136391076,0,25.485425384,-0.908535079,5.022398065,4.717868308,96,7,7,adc_s16,0.050000000,12,1,-16.000000000,-6.000000000,6.000000000,16.000000000,0,0,1,-3,3,-7,9,64,-35,25,-26,15,-11,7,-6,2,-2,0,1,-1,0
256,20,64,7.340425656814e-02,7.340e-2,-1.134278755,734042.565681400,10000000,734043,7.340430000000e-02,7.340430000000e-02,-1.134278499,0,24.909930513,-0.939877717,4.964621353,4.705029135,96,7,7,adc_s16,0.050000000,12,1,-16.000000000,-6.000000000,6.000000000,16.000000000,0,0,1,-3,3,-7,8,64,-33,25,-26,15,-11,7,-6,2,-2,0,1,-1,0
256,16,60,7.376223755398e-02,7.376e-2,-1.132165918,737622.375539767,10000000,737622,7.376220000000e-02,7.376220000000e-02,-1.132166139,0,24.728416887,-0.942440711,4.964560860,4.732254719,96,7,7,adc_s16,0.050000000,12,1,-16.000000000,-6.000000000,6.000000000,16.000000000,0,0,1,-3,3,-7,8,64,-34,25,-26,15,-11,7,-6,2,-2,0,1,-1,0
256,0,-28,7.378273094573e-02,7.378e-2,-1.132045274,737827.309457288,10000000,737827,7.378270000000e-02,7.378270000000e-02,-1.132045456,0,22.771398215,-0.913414032,4.754699788,4.703295600,96,7,7,adc_s16,0.050000000,12,1,-16.000000000,-6.000000000,6.000000000,16.000000000,0,0,1,-3,2,-5,6,64,-35,24,-20,11,-8,7,-6,3,-2,0,0,0,0
256,24,68,7.464920783259e-02,7.465e-2,-1.126974797,746492.078325894,10000000,746492,7.464920000000e-02,7.464920000000e-02,-1.126974842,0,24.337057643,-0.957942194,4.931659324,4.730375351,96,7,7,adc_s16,0.050000000,12,1,-16.000000000,-6.000000000,6.000000000,16.000000000,0,0,1,-3,2,-7,8,64,-32,25,-26,15,-11,7,-6,2,-2,0,1,-1,0
256,4,48,7.486468124338e-02,7.486e-2,-1.125723020,748646.812433800,10000000,748647,7.486470000000e-02,7.486470000000e-02,-1.125722911,0,25.613809474,-0.938148468,5.055803768,4.738112091,96,7,7,adc_s16,0.050000000,12,1,-16.000000000,-6.000000000,6.000000000,16.000000000,0,0,1,-3,3,-7,9,64,-35,25,-26,15,-10,7,-6,2,-2,0,1,-1,0
256,0,40,7.501684041649e-02,7.502e-2,-1.124841232,750168.404164894,10000000,750168,7.501680000000e-02,7.501680000000e-02,-1.124841466,0,25.577915903,-0.932929842,5.052667295,4.753689538,96,7,7,adc_s16,0.050000000,12,1,-16.000000000,-6.000000000,6.000000000,16.000000000,0,0,1,-3,3,-7,9,64,-35,25,-26,15,-10,7,-6,2,-2,0,1,-1,0
256,0,-32,7.510309443466e-02,7.510e-2,-1.124342169,751030.944346644,10000000,751031,7.510310000000e-02,7.510310000000e-02,-1.124342136,0,23.701997836,-0.906002964,4.860010314,4.692766668,96,7,7,adc_s16,0.050000000,12,1,-16.000000000,-6.000000000,6.000000000,16.000000000,0,0,1,-2,2,-5,6,64,-35,24,-20,11,-8,7,-6,3,-2,0,0,0,0
256,12,56,7.521441403678e-02,7.521e-2,-1.123698924,752144.140367783,10000000,752144,7.521440000000e-02,7.521440000000e-02,-1.123699005,0,25.074076872,-0.938951334,4.999611634,4.764448093,96,7,7,adc_s16,0.050000000,12,1,-16.000000000,-6.000000000,6.000000000,16.000000000,0,0,1,-3,3,-7,8,64,-34,25,-26,15,-11,7,-6,2,-2,0,1,-1,0
256,4,-80,7.531603900126e-02,7.532e-2,-1.123112528,753160.390012561,10000000,753160,7.531600000000e-02,7.531600000000e-02,-1.123112753,0,20.735179690,-0.813519022,4.543220331,4.624302860,96,7,7,adc_s16,0.050000000,12,1,-16.000000000,-6.000000000,6.000000000,16.000000000,0,0,1,-2,1,-4,3,64,-35,17,-15,8,-7,7,-7,3,-2,0,0,0,-1
256,4,-72,7.602684552941e-02,7.603e-2,-1.119033029,760268.455294075,10000000,760268,7.602680000000e-02,7.602680000000e-02,-1.119033289,0,21.509906308,-0.852303607,4.632869955,4.632868105,96,7,7,adc_s16,0.050000000,12,1,-16.000000000,-6.000000000,6.000000000,16.000000000,0,0,1,-2,1,-4,4,64,-35,18,-16,9,-7,7,-7,3,-2,0,0,0,-1
256,32,76,7.609151435265e-02,7.609e-2,-1.118663773,760915.143526477,10000000,760915,7.609150000000e-02,7.609150000000e-02,-1.118663855,0,24.867572293,-0.971096838,4.967719271,4.757748279,96,7,7,adc_s16,0.050000000,12,1,-16.000000000,-6.000000000,6.000000000,16.000000000,0,0,1,-3,2,-7,8,64,-30,25,-26,16,-11,7,-7,2,-2,0,0,-1,0
256,28,72,7.616517528463e-02,7.617e-2,-1.118243554,761651.752846301,10000000,761652,7.616520000000e-02,7.616520000000e-02,-1.118243413,0,24.664467788,-0.957355484,4.948286663,4.770186439,96,7,7,adc_s16,0.050000000,12,1,-16.000000000,-6.000000000,6.000000000,16.000000000,0,0,1,-3,2,-7,8,64,-31,25,-26,16,-11,7,-7,2,-2,0,1,-1,0
256,8,56,7.639937910977e-02,7.640e-2,-1.116910171,763993.791097659,10000000,763994,7.639940000000e-02,7.639940000000e-02,-1.116910052,0,26.444942853,-0.910264328,5.116168429,4.824120136,96,7,7,adc_s16,0.050000000,12,1,-16.000000000,-6.000000000,6.000000000,16.000000000,0,0,1,-3,3,-7,9,64,-35,25,-26,15,-11,7,-6,2,-2,0,1,-1,0
256,12,60,7.645737874874e-02,7.646e-2,-1.116580595,764573.787487378,10000000,764574,7.645740000000e-02,7.645740000000e-02,-1.116580475,0,26.635071129,-0.918570899,5.140785818,4.829880266,96,7,7,adc_s16,0.050000000,12,1,-16.000000000,-6.000000000,6.000000000,16.000000000,0,0,1,-3,3,-7,9,64,-34,25,-26,15,-11,7,-6,2,-2,0,1,-1,0
256,0,-36,7.650437790166e-02,7.650e-2,-1.116313712,765043.779016617,10000000,765044,7.650440000000e-02,7.650440000000e-02,-1.116313587,0,24.174175186,-0.908349802,4.911170904,4.789197920,96,7,7,adc_s16,0.050000000,12,1,-16.000000000,-6.000000000,6.000000000,16.000000000,0,0,1,-2,2,-5,6,64,-35,23,-19,11,-8,7,-6,3,-2,0,0,0,0
256,0,-52,7.661756368353e-02,7.662e-2,-1.115671662,766175.636835307,10000000,766176,7.661760000000e-02,7.661760000000e-02,-1.115671456,0,22.504600312,-0.864624506,4.729194783,4.749500685,96,7,7,adc_s16,0.050000000,12,1,-16.000000000,-6.000000000,6.000000000,16.000000000,0,0,1,-2,1,-5,5,64,-35,21,-18,10,-7,7,-6,3,-2,0,0,0,-1
256,0,-48,7.672773509841e-02,7.673e-2,-1.115047621,767277.350984088,10000000,767277,7.672770000000e-02,7.672770000000e-02,-1.115047820,0,22.578765048,-0.867218379,4.748986279,4.783527190,96,7,7,adc_s16,0.050000000,12,1,-16.000000000,-6.000000000,6.000000000,16.000000000,0,0,1,-2,1,-5,5,64,-35,22,-18,10,-8,7,-6,3,-2,0,0,0,-1
256,36,80,7.673945210962e-02,7.674e-2,-1.114981306,767394.521096172,10000000,767395,7.673950000000e-02,7.673950000000e-02,-1.114981035,0,25.055630094,-0.967298666,4.988062526,4.756347648,96,7,7,adc_s16,0.050000000,12,1,-16.000000000,-6.000000000,6.000000000,16.000000000,0,0,1,-3,2,-7,8,64,-29,25,-26,16,-11,7,-7,2,-2,0,0,-1,0
256,0,-40,7.716644629954e-02,7.717e-2,-1.112571500,771664.462995400,10000000,771664,7.716640000000e-02,7.716640000000e-02,-1.112571760,0,23.466052443,-0.902667984,4.835924176,4.758421140,96,7,7,adc_s16,0.050000000,12,1,-16.000000000,-6.000000000,6.000000000,16.000000000,0,0,1,-2,2,-5,5,64,-35,23,-19,11,-8,7,-6,3,-2,0,0,0,0
256,0,44,7.749568106732e-02,7.750e-2,-1.110722501,774956.810673195,10000000,774957,7.749570000000e-02,7.749570000000e-02,-1.110722395,0,26.298477300,-0.934659091,5.123448062,4.821035450,96,7,7,adc_s16,0.050000000,12,1,-16.000000000,-6.000000000,6.000000000,16.000000000,0,0,1,-3,3,-7,9,64,-35,25,-26,15,-10,7,-6,2,-2,0,1,-1,0
256,16,64,7.750969994688e-02,7.751e-2,-1.110643944,775096.999468823,10000000,775097,7.750970000000e-02,7.750970000000e-02,-1.110643944,0,26.829417254,-0.922924901,5.152735269,4.864434205,96,7,7,adc_s16,0.050000000,12,1,-16.000000000,-6.000000000,6.000000000,16.000000000,0,0,1,-3,3,-7,9,64,-33,25,-26,15,-11,7,-6,2,-2,0,1,-1,0
256,4,-68,7.777721213040e-02,7.778e-2,-1.109147628,777772.121303964,10000000,777772,7.777720000000e-02,7.777720000000e-02,-1.109147696,0,21.997270447,-0.843163291,4.688243713,4.741836673,96,7,7,adc_s16,0.050000000,12,1,-16.000000000,-6.000000000,6.000000000,16.000000000,0,0,1,-2,1,-4,4,64,-35,19,-16,9,-7,7,-7,3,-2,0,0,0,-1
256,4,52,7.814496538312e-02,7.814e-2,-1.107098997,781449.653831193,10000000,781450,7.814500000000e-02,7.814500000000e-02,-1.107098804,0,26.893095057,-0.906774951,5.160188663,4.865977252,96,7,7,adc_s16,0.050000000,12,1,-16.000000000,-6.000000000,6.000000000,16.000000000,0,0,1,-3,3,-7,9,64,-35,25,-26,15,-11,7,-6,2,-2,0,1,-1,0
256,0,-64,7.832266527397e-02,7.832e-2,-1.106112542,783226.652739681,10000000,783227,7.832270000000e-02,7.832270000000e-02,-1.106112350,0,22.122647622,-0.853631423,4.701897234,4.709896927,96,7,7,adc_s16,0.050000000,12,1,-16.000000000,-6.000000000,6.000000000,16.000000000,0,0,1,-2,1,-5,4,64,-35,20,-17,9,-7,7,-6,3,-2,0,0,0,-1
256,24,72,7.876237137005e-02,7.876e-2,-1.103681217,787623.713700470,10000000,787624,7.876240000000e-02,7.876240000000e-02,-1.103681059,0,26.413488895,-0.968935277,5.114290680,4.834870203,96,7,7,adc_s16,0.050000000,12,1,-16.000000000,-6.000000000,6.000000000,16.000000000,0,0,1,-3,3,-7,8,64,-32,25,-26,16,-11,7,-6,2,-2,0,1,-1,0
256,0,48,7.907391258827e-02,7.907e-2,-1.101966772,790739.125882736,10000000,790739,7.907390000000e-02,7.907390000000e-02,-1.101966841,0,26.683278267,-0.921689723,5.175578085,4.882045360,96,7,7,adc_s16,0.050000000,12,1,-16.000000000,-6.000000000,6.000000000,16.000000000,0,0,1,-3,3,-8,9,64,-35,25,-26,15,-10,7,-6,2,-2,0,1,-1,0
256,8,60,7.962481532695e-02,7.962e-2,-1.098951562,796248.153269490,10000000,796248,7.962480000000e-02,7.962480000000e-02,-1.098951646,0,27.228297356,-0.916440217,5.207135385,4.938674086,96,7,7,adc_s16,0.050000000,12,1,-16.000000000,-6.000000000,6.000000000,16.000000000,0,0,1,-3,3,-8,9,64,-35,25,-26,15,-11,7,-6,2,-2,0,1,-1,0
256,28,76,7.989018248603e-02,7.989e-2,-1.097506587,798901.824860265,10000000,798902,7.989020000000e-02,7.989020000000e-02,-1.097506492,0,25.712499916,-0.959084733,5.052612060,4.873213997,96,7,7,adc_s16,0.050000000,12,1,-16.000000000,-6.000000000,6.000000000,16.000000000,0,0,1,-3,2,-7,8,64,-31,25,-26,16,-11,7,-7,2,-2,0,1,-1,0
256,32,80,8.003355764391e-02,8.003e-2,-1.096727877,800335.576439099,10000000,800336,8.003360000000e-02,8.003360000000e-02,-1.096727648,0,25.906013179,-0.970232213,5.067428184,4.870608399,96,7,7,adc_s16,0.050000000,12,1,-16.000000000,-6.000000000,6.000000000,16.000000000,0,0,1,-3,2,-7,8,64,-30,25,-26,16,-11,7,-7,2,-2,0,1,-1,0
256,20,68,8.014272585627e-02,8.014e-2,-1.096135890,801427.258562747,10000000,801427,8.014270000000e-02,8.014270000000e-02,-1.096136030,0,26.748905012,-0.965445899,5.148309031,4.865639192,96,7,7,adc_s16,0.050000000,12,1,-16.000000000,-6.000000000,6.000000000,16.000000000,0,0,1,-3,3,-7,8,64,-32,25,-26,16,-11,7,-6,2,-2,0,1,-1,0
256,4,56,8.086847238257e-02,8.087e-2,-1.092220761,808684.723825661,10000000,808685,8.086850000000e-02,8.086850000000e-02,-1.092220612,0,27.545847112,-0.912950840,5.237756011,4.967993467,96,7,7,adc_s16,0.050000000,12,1,-16.000000000,-6.000000000,6.000000000,16.000000000,0,0,1,-3,3,-8,9,64,-35,25,-26,15,-11,7,-6,2,-2,0,1,-1,0
256,0,-60,8.150004714869e-02,8.150e-2,-1.088842140,815000.471486921,10000000,815000,8.150000000000e-02,8.150000000000e-02,-1.088842391,0,23.589040823,-0.860424901,4.853987980,4.898360693,96,7,7,adc_s16,0.050000000,12,1,-16.000000000,-6.000000000,6.000000000,16.000000000,0,0,1,-2,1,-5,5,64,-35,20,-17,10,-7,7,-6,3,-2,0,0,0,-1
256,16,68,8.191089091098e-02,8.191e-2,-1.086658350,819108.909109817,10000000,819109,8.191090000000e-02,8.191090000000e-02,-1.086658302,0,28.138866960,-0.947628458,5.295412801,4.954236700,96,7,7,adc_s16,0.050000000,12,1,-16.000000000,-6.000000000,6.000000000,16.000000000,0,0,1,-3,3,-7,9,64,-33,25,-26,16,-11,7,-6,2,-2,0,1,-1,0
256,0,-56,8.207622247830e-02,8.208e-2,-1.085782640,820762.224783040,10000000,820762,8.207620000000e-02,8.207620000000e-02,-1.085782759,0,24.187220129,-0.894762846,4.900846096,4.888586534,96,7,7,adc_s16,0.050000000,12,1,-16.000000000,-6.000000000,6.000000000,16.000000000,0,0,1,-2,1,-5,5,64,-35,21,-17,10,-7,7,-6,3,-2,0,0,0,-1
256,12,64,8.218378205789e-02,8.218e-2,-1.085213877,821837.820578918,10000000,821838,8.218380000000e-02,8.218380000000e-02,-1.085213782,0,27.928559619,-0.941421690,5.293552214,4.960245130,96,7,7,adc_s16,0.050000000,12,1,-16.000000000,-6.000000000,6.000000000,16.000000000,0,0,1,-3,3,-7,9,64,-34,25,-26,16,-11,7,-6,2,-2,0,1,-1,0
256,20,72,8.257227650302e-02,8.257e-2,-1.083165742,825722.765030215,10000000,825723,8.257230000000e-02,8.257230000000e-02,-1.083165618,0,28.353392151,-0.978909338,5.300386605,4.973902350,96,7,7,adc_s16,0.050000000,12,1,-16.000000000,-6.000000000,6.000000000,16.000000000,0,0,1,-3,3,-7,9,64,-32,25,-26,16,-11,7,-6,2,-2,0,1,-1,0
256,0,52,8.258154303899e-02,8.258e-2,-1.083117007,825815.430389933,10000000,825815,8.258150000000e-02,8.258150000000e-02,-1.083117233,0,28.003106011,-0.909461462,5.281447292,5.010165825,96,7,7,adc_s16,0.050000000,12,1,-16.000000000,-6.000000000,6.000000000,16.000000000,0,0,1,-3,3,-8,9,64,-35,25,-26,15,-11,7,-6,2,-2,0,1,-1,0
256,4,-76,8.287903883800e-02,8.288e-2,-1.081555294,828790.388379965,10000000,828790,8.287900000000e-02,8.287900000000e-02,-1.081555498,0,23.177944308,-0.871695899,4.821615886,4.918402048,96,7,7,adc_s16,0.050000000,12,1,-16.000000000,-6.000000000,6.000000000,16.000000000,0,0,1,-2,1,-4,4,64,-35,18,-15,9,-7,7,-7,3,-2,0,0,0,-1
256,24,76,8.327576609354e-02,8.328e-2,-1.079481363,832757.660935356,10000000,832758,8.327580000000e-02,8.327580000000e-02,-1.079481187,0,28.572135190,-0.981040020,5.320118058,5.004593637,96,7,7,adc_s16,0.050000000,12,1,-16.000000000,-6.000000000,6.000000000,16.000000000,0,0,1,-3,3,-7,9,64,-31,25,-26,16,-11,7,-6,2,-2,0,1,-1,0
256,0,-80,8.363600074866e-02,8.364e-2,-1.077606742,836360.007486631,10000000,836360,8.363600000000e-02,8.363600000000e-02,-1.077606746,0,23.220254817,-0.837450593,4.825101453,4.895615725,96,7,7,adc_s16,0.050000000,12,1,-16.000000000,-6.000000000,6.000000000,16.000000000,0,0,1,-2,1,-4,4,64,-35,17,-15,8,-7,7,-7,3,-2,0,0,0,-1
256,0,-68,8.412762613711e-02,8.413e-2,-1.075061366,841276.261371061,10000000,841276,8.412760000000e-02,8.412760000000e-02,-1.075061501,0,23.607862923,-0.848814229,4.867385206,4.900075195,96,7,7,adc_s16,0.050000000,12,1,-16.000000000,-6.000000000,6.000000000,16.000000000,0,0,1,-2,1,-4,4,64,-35,19,-16,9,-7,7,-6,3,-2,0,0,0,-1
256,0,-76,8.481178384357e-02,8.481e-2,-1.071543802,848117.838435718,10000000,848118,8.481180000000e-02,8.481180000000e-02,-1.071543719,0,23.723936734,-0.848814229,4.866380545,4.879061359,96,7,7,adc_s16,0.050000000,12,1,-16.000000000,-6.000000000,6.000000000,16.000000000,0,0,1,-2,1,-4,4,64,-35,18,-16,9,-7,7,-7,3,-2,0,0,0,-1
256,28,80,8.486710660218e-02,8.487e-2,-1.071260604,848671.066021829,10000000,848671,8.486710000000e-02,8.486710000000e-02,-1.071260638,0,28.220349880,-0.998980978,5.290859399,5.008790921,96,7,7,adc_s16,0.050000000,12,1,-16.000000000,-6.000000000,6.000000000,16.000000000,0,0,1,-3,3,-7,8,64,-30,25,-26,16,-11,7,-6,2,-2,0,1,-1,0
256,12,68,8.497759294257e-02,8.498e-2,-1.070695575,849775.929425650,10000000,849776,8.497760000000e-02,8.497760000000e-02,-1.070695539,0,28.779580929,-0.944633152,5.355065046,5.061478932,96,7,7,adc_s16,0.050000000,12,1,-16.000000000,-6.000000000,6.000000000,16.000000000,0,0,1,-3,3,-8,9,64,-34,25,-26,16,-11,7,-6,2,-2,0,1,-1,0
256,4,60,8.546893324281e-02,8.547e-2,-1.068191717,854689.332428060,10000000,854689,8.546890000000e-02,8.546890000000e-02,-1.068191885,0,28.877721188,-0.946300642,5.366002240,5.068313627,96,7,7,adc_s16,0.050000000,12,1,-16.000000000,-6.000000000,6.000000000,16.000000000,0,0,1,-3,3,-8,9,64,-35,25,-26,16,-11,7,-6,2,-2,0,1,-1,0
256,16,72,8.548215452587e-02,8.548e-2,-1.068124540,854821.545258749,10000000,854822,8.548220000000e-02,8.548220000000e-02,-1.068124309,0,28.986470959,-0.947628458,5.372494293,5.064456052,96,7,7,adc_s16,0.050000000,12,1,-16.000000000,-6.000000000,6.000000000,16.000000000,0,0,1,-3,3,-8,9,64,-33,25,-26,16,-11,7,-6,2,-2,0,1,-1,0
256,0,56,8.581662086020e-02,8.582e-2,-1.066428590,858166.208601959,10000000,858166,8.581660000000e-02,8.581660000000e-02,-1.066428696,0,28.994602795,-0.911190711,5.374053758,5.113785040,96,7,7,adc_s16,0.050000000,12,1,-16.000000000,-6.000000000,6.000000000,16.000000000,0,0,1,-3,3,-8,9,64,-35,25,-26,15,-11,7,-6,2,-2,0,1,-1,0
256,20,76,8.604768376457e-02,8.605e-2,-1.065260816,860476.837645712,10000000,860477,8.604770000000e-02,8.604770000000e-02,-1.065260734,0,29.437386205,-0.980638587,5.400594477,5.074208622,96,7,7,adc_s16,0.050000000,12,1,-16.000000000,-6.000000000,6.000000000,16.000000000,0,0,1,-3,3,-7,9,64,-32,25,-26,16,-11,7,-6,2,-2,0,1,-1,0
256,8,64,8.613916374220e-02,8.614e-2,-1.064799349,861391.637422046,10000000,861392,8.613920000000e-02,8.613920000000e-02,-1.064799166,0,29.083640093,-0.941143775,5.383860416,5.087323159,96,7,7,adc_s16,0.050000000,12,1,-16.000000000,-6.000000000,6.000000000,16.000000000,0,0,1,-3,3,-8,9,64,-34,25,-26,16,-11,7,-6,2,-2,0,1,-1,0
256,0,-72,8.642434299169e-02,8.642e-2,-1.063363913,864243.429916929,10000000,864243,8.642430000000e-02,8.642430000000e-02,-1.063364129,0,24.219817234,-0.839673913,4.920321841,4.986692901,96,7,7,adc_s16,0.050000000,12,1,-16.000000000,-6.000000000,6.000000000,16.000000000,0,0,1,-2,1,-4,4,64,-35,19,-16,9,-7,7,-7,3,-2,0,0,0,-1
256,24,80,8.675882763350e-02,8.676e-2,-1.061686325,867588.276334997,10000000,867588,8.675880000000e-02,8.675880000000e-02,-1.061686464,0,29.658611759,-0.982769269,5.420690446,5.105631445,96,7,7,adc_s16,0.050000000,12,1,-16.000000000,-6.000000000,6.000000000,16.000000000,0,0,1,-3,3,-7,9,64,-31,25,-26,16,-11,7,-6,2,-2,0,1,-1,0
256,4,64,8.898338302111e-02,8.898e-2,-1.050691087,889833.830211138,10000000,889834,8.898340000000e-02,8.898340000000e-02,-1.050691004,0,29.985206877,-0.948029891,5.467565632,5.169225522,96,7,7,adc_s16,0.050000000,12,1,-16.000000000,-6.000000000,6.000000000,16.000000000,0,0,1,-3,3,-8,9,64,-35,25,-26,16,-11,7,-6,2,-2,0,1,-1,0
256,8,68,8.965515042369e-02,8.966e-2,-1.047424756,896551.504236912,10000000,896552,8.965520000000e-02,8.965520000000e-02,-1.047424516,0,30.193608296,-0.942873024,5.485654266,5.200979967,96,7,7,adc_s16,0.050000000,12,1,-16.000000000,-6.000000000,6.000000000,16.000000000,0,0,1,-3,3,-8,9,64,-34,25,-26,16,-11,7,-6,2,-2,0,1,-1,0
256,20,80,8.983215665609e-02,8.983e-2,-1.046568174,898321.566560857,10000000,898322,8.983220000000e-02,8.983220000000e-02,-1.046567964,0,30.382366642,-0.987061512,5.514342153,5.188510992,96,7,7,adc_s16,0.050000000,12,1,-16.000000000,-6.000000000,6.000000000,16.000000000,0,0,1,-3,3,-8,9,64,-32,25,-26,16,-11,7,-6,2,-2,0,1,-1,0
256,12,72,9.015390291922e-02,9.015e-2,-1.045015467,901539.029192213,10000000,901539,9.015390000000e-02,9.015390000000e-02,-1.045015481,0,30.406227564,-0.945868330,5.503157586,5.203968638,96,7,7,adc_s16,0.050000000,12,1,-16.000000000,-6.000000000,6.000000000,16.000000000,0,0,1,-3,3,-8,9,64,-33,25,-26,16,-11,7,-6,2,-2,0,1,-1,0
256,0,60,9.033629255701e-02,9.034e-2,-1.044137737,903362.925570140,10000000,903363,9.033630000000e-02,9.033630000000e-02,-1.044137701,0,30.355873888,-0.944540514,5.502118070,5.215254738,96,7,7,adc_s16,0.050000000,12,1,-16.000000000,-6.000000000,6.000000000,16.000000000,0,0,1,-3,3,-8,9,64,-35,25,-26,16,-11,7,-6,2,-2,0,1,-1,0
256,16,76,9.072759410524e-02,9.073e-2,-1.042260605,907275.941052430,10000000,907276,9.072760000000e-02,9.072760000000e-02,-1.042260577,0,30.623064681,-0.983572134,5.536358415,5.207943635,96,7,7,adc_s16,0.050000000,12,1,-16.000000000,-6.000000000,6.000000000,16.000000000,0,0,1,-3,3,-8,9,64,-32,25,-26,16,-11,7,-6,2,-2,0,1,-1,0
256,0,64,9.241056884474e-02,9.241e-2,-1.034278356,924105.688447353,10000000,924106,9.241060000000e-02,9.241060000000e-02,-1.034278210,0,32.047720948,-0.952692688,5.660852816,5.317571727,96,7,7,adc_s16,0.050000000,12,1,-16.000000000,-6.000000000,6.000000000,16.000000000,0,0,1,-3,3,-8,10,64,-35,25,-26,16,-11,7,-6,2,-2,0,1,-1,0
256,4,68,9.261631242796e-02,9.262e-2,-1.033312515,926163.124279644,10000000,926163,9.261630000000e-02,9.261630000000e-02,-1.033312573,0,31.163587274,-0.949759140,5.573631572,5.284862471,96,7,7,adc_s16,0.050000000,12,1,-16.000000000,-6.000000000,6.000000000,16.000000000,0,0,1,-3,3,-8,9,64,-35,25,-26,16,-11,7,-6,2,-2,0,1,-1,0
256,8,72,9.328787638777e-02,9.329e-2,-1.030174793,932878.763877723,10000000,932879,9.328790000000e-02,9.328790000000e-02,-1.030174683,0,31.374471208,-0.944602273,5.591927533,5.318734293,96,7,7,adc_s16,0.050000000,12,1,-16.000000000,-6.000000000,6.000000000,16.000000000,0,0,1,-3,3,-8,9,64,-34,25,-26,16,-11,7,-6,2,-2,0,1,-1,0
256,12,76,9.376861076989e-02,9.377e-2,-1.027942518,937686.107698885,10000000,937686,9.376860000000e-02,9.376860000000e-02,-1.027942568,0,31.589572991,-0.947597579,5.609307571,5.322430940,96,7,7,adc_s16,0.050000000,12,1,-16.000000000,-6.000000000,6.000000000,16.000000000,0,0,1,-3,3,-8,9,64,-33,25,-26,16,-11,7,-6,2,-2,0,1,-1,0
256,16,80,9.433622325803e-02,9.434e-2,-1.025321515,943362.232580303,10000000,943362,9.433620000000e-02,9.433620000000e-02,-1.025321622,0,31.808892622,-0.985301383,5.642372379,5.325609760,96,7,7,adc_s16,0.050000000,12,1,-16.000000000,-6.000000000,6.000000000,16.000000000,0,0,1,-3,3,-8,9,64,-32,25,-26,16,-11,7,-6,2,-2,0,1,-1,0
256,0,68,9.577191379435e-02,9.577e-2,-1.018761834,957719.137943534,10000000,957719,9.577190000000e-02,9.577190000000e-02,-1.018761897,0,33.196293365,-0.954421937,5.761004664,5.430039857,96,7,7,adc_s16,0.050000000,12,1,-16.000000000,-6.000000000,6.000000000,16.000000000,0,0,1,-3,3,-8,10,64,-35,25,-26,16,-11,7,-6,2,-2,0,1,-1,0
256,4,72,9.622617868275e-02,9.623e-2,-1.016706760,962261.786827532,10000000,962262,9.622620000000e-02,9.622620000000e-02,-1.016706664,0,33.420009798,-0.951117836,5.784025277,5.414879785,96,7,7,adc_s16,0.050000000,12,1,-16.000000000,-6.000000000,6.000000000,16.000000000,0,0,1,-3,3,-8,10,64,-34,25,-26,16,-11,7,-6,2,-2,0,1,-1,0
256,8,76,9.667846570685e-02,9.668e-2,-1.014670250,966784.657068522,10000000,966785,9.667850000000e-02,9.667850000000e-02,-1.014670096,0,33.647944080,-0.965229743,5.802829004,5.446720916,96,7,7,adc_s16,0.050000000,12,1,-16.000000000,-6.000000000,6.000000000,16.000000000,0,0,1,-3,3,-8,10,64,-33,25,-26,16,-11,7,-6,2,-2,0,1,-1,0
256,12,80,9.748505825435e-02,9.749e-2,-1.011061944,974850.582543484,10000000,974851,9.748510000000e-02,9.748510000000e-02,-1.011061758,0,32.843813126,-0.949326828,5.719678358,5.444690883,96,7,7,adc_s16,0.050000000,12,1,-16.000000000,-6.000000000,6.000000000,16.000000000,0,0,1,-3,3,-8,9,64,-33,25,-26,16,-11,7,-6,2,-2,0,1,-1,0
256,0,72,9.924092876293e-02,9.924e-2,-1.003309180,992409.287629262,10000000,992409,9.924090000000e-02,9.924090000000e-02,-1.003309306,0,34.415760490,-0.956151186,5.865483436,5.546485626,96,7,7,adc_s16,0.050000000,12,1,-16.000000000,-6.000000000,6.000000000,16.000000000,0,0,1,-3,3,-8,10,64,-35,25,-26,16,-11,7,-6,2,-2,0,1,-1,0
256,4,76,9.967444751447e-02,9.967e-2,-1.001416163,996744.475144665,10000000,996744,9.967440000000e-02,9.967440000000e-02,-1.001416370,0,34.641959438,-0.952847085,5.888503042,5.532210045,96,7,7,adc_s16,0.050000000,12,1,-16.000000000,-6.000000000,6.000000000,16.000000000,0,0,1,-3,3,-8,10,64,-34,25,-26,16,-11,7,-6,2,-2,0,1,-1,0
256,8,80,1.001278431205e-01,1.001e-1,-0.999445139,1001278.431205296,10000000,1001278,1.001278000000e-01,1.001278000000e-01,-0.999445326,0,34.872376235,-0.966958992,5.907190986,5.563736226,96,7,7,adc_s16,0.050000000,12,1,-16.000000000,-6.000000000,6.000000000,16.000000000,0,0,1,-3,3,-8,10,64,-33,25,-26,16,-11,7,-6,2,-2,0,1,-1,0
256,0,76,1.037236550328e-01,1.037e-1,-0.984122188,1037236.550327886,10000000,1037237,1.037237000000e-01,1.037237000000e-01,-0.984122000,0,36.065378212,-0.938858696,5.995442291,5.673032655,96,7,7,adc_s16,0.050000000,12,1,-16.000000000,-6.000000000,6.000000000,16.000000000,0,0,1,-3,3,-8,10,64,-35,25,-26,17,-11,7,-6,2,-2,0,1,-1,0
256,4,80,1.046900108385e-01,1.047e-1,-0.980094755,1046900.108384962,10000000,1046900,1.046900000000e-01,1.046900000000e-01,-0.980094800,0,36.307538377,-0.964087204,6.035940949,5.718263381,96,7,7,adc_s16,0.050000000,12,1,-16.000000000,-6.000000000,6.000000000,16.000000000,0,0,1,-3,3,-8,10,64,-34,25,-26,17,-11,7,-6,2,-2,0,1,-1,0
256,0,80,1.090380402861e-01,1.090e-1,-0.962421963,1090380.402860782,10000000,1090380,1.090380000000e-01,1.090380000000e-01,-0.962422123,0,37.899868704,-0.962327075,6.166858471,5.857067062,96,7,7,adc_s16,0.050000000,12,1,-16.000000000,-6.000000000,6.000000000,16.000000000,0,0,1,-3,3,-8,10,64,-34,25,-26,17,-11,7,-6,2,-2,0,1,-1,0
