word,lane,destination,previous,metric,input_cycle,output_cycle
0,0,0,0,67,4,10
0,0,0,1,4095,4,10
0,0,0,2,4095,4,10
0,0,0,3,4095,4,10
0,0,1,0,3,4,10
0,0,1,1,3,4,10
0,0,1,2,3,4,10
0,0,1,3,3,4,10
0,0,2,0,61,4,10
0,0,2,1,61,4,10
0,0,2,2,61,4,10
0,0,2,3,61,4,10
0,0,3,0,125,4,10
0,0,3,1,4095,4,10
0,0,3,2,4095,4,10
0,0,3,3,4095,4,10
0,1,0,0,125,4,10
0,1,0,1,4095,4,10
0,1,0,2,4095,4,10
0,1,0,3,4095,4,10
0,1,1,0,61,4,10
0,1,1,1,61,4,10
0,1,1,2,61,4,10
0,1,1,3,61,4,10
0,1,2,0,3,4,10
0,1,2,1,3,4,10
0,1,2,2,3,4,10
0,1,2,3,3,4,10
0,1,3,0,67,4,10
0,1,3,1,4095,4,10
0,1,3,2,4095,4,10
0,1,3,3,4095,4,10
0,2,0,0,129,4,10
0,2,0,1,4095,4,10
0,2,0,2,4095,4,10
0,2,0,3,4095,4,10
0,2,1,0,65,4,10
0,2,1,1,4095,4,10
0,2,1,2,4095,4,10
0,2,1,3,4095,4,10
0,2,2,0,1,4,10
0,2,2,1,1,4,10
0,2,2,2,1,4,10
0,2,2,3,1,4,10
0,2,3,0,63,4,10
0,2,3,1,63,4,10
0,2,3,2,63,4,10
0,2,3,3,63,4,10
0,3,0,0,1,4,10
0,3,0,1,1,4,10
0,3,0,2,1,4,10
0,3,0,3,1,4,10
0,3,1,0,65,4,10
0,3,1,1,65,4,10
0,3,1,2,65,4,10
0,3,1,3,65,4,10
0,3,2,0,129,4,10
0,3,2,1,4095,4,10
0,3,2,2,4095,4,10
0,3,2,3,4095,4,10
0,3,3,0,193,4,10
0,3,3,1,4095,4,10
0,3,3,2,4095,4,10
0,3,3,3,4095,4,10
0,4,0,0,65,4,10
0,4,0,1,4095,4,10
0,4,0,2,4095,4,10
0,4,0,3,4095,4,10
0,4,1,0,1,4,10
0,4,1,1,1,4,10
0,4,1,2,1,4,10
0,4,1,3,1,4,10
0,4,2,0,63,4,10
0,4,2,1,63,4,10
0,4,2,2,63,4,10
0,4,2,3,63,4,10
0,4,3,0,127,4,10
0,4,3,1,4095,4,10
0,4,3,2,4095,4,10
0,4,3,3,4095,4,10
0,5,0,0,3,4,10
0,5,0,1,3,4,10
0,5,0,2,3,4,10
0,5,0,3,3,4,10
0,5,1,0,61,4,10
0,5,1,1,61,4,10
0,5,1,2,61,4,10
0,5,1,3,61,4,10
0,5,2,0,125,4,10
0,5,2,1,4095,4,10
0,5,2,2,4095,4,10
0,5,2,3,4095,4,10
0,5,3,0,189,4,10
0,5,3,1,4095,4,10
0,5,3,2,4095,4,10
0,5,3,3,4095,4,10
0,6,0,0,0,4,10
0,6,0,1,0,4,10
0,6,0,2,0,4,10
0,6,0,3,0,4,10
0,6,1,0,64,4,10
0,6,1,1,64,4,10
0,6,1,2,64,4,10
0,6,1,3,64,4,10
0,6,2,0,128,4,10
0,6,2,1,4095,4,10
0,6,2,2,4095,4,10
0,6,2,3,4095,4,10
0,6,3,0,192,4,10
0,6,3,1,4095,4,10
0,6,3,2,4095,4,10
0,6,3,3,4095,4,10
0,7,0,0,2,4,10
0,7,0,1,2,4,10
0,7,0,2,2,4,10
0,7,0,3,2,4,10
0,7,1,0,62,4,10
0,7,1,1,62,4,10
0,7,1,2,62,4,10
0,7,1,3,62,4,10
0,7,2,0,126,4,10
0,7,2,1,4095,4,10
0,7,2,2,4095,4,10
0,7,2,3,4095,4,10
0,7,3,0,190,4,10
0,7,3,1,4095,4,10
0,7,3,2,4095,4,10
0,7,3,3,4095,4,10
1,0,0,0,66,5,11
1,0,0,1,4095,5,11
1,0,0,2,4095,5,11
1,0,0,3,4095,5,11
1,0,1,0,2,5,11
1,0,1,1,2,5,11
1,0,1,2,2,5,11
1,0,1,3,2,5,11
1,0,2,0,62,5,11
1,0,2,1,62,5,11
1,0,2,2,62,5,11
1,0,2,3,62,5,11
1,0,3,0,126,5,11
1,0,3,1,4095,5,11
1,0,3,2,4095,5,11
1,0,3,3,4095,5,11
1,1,0,0,1,5,11
1,1,0,1,1,5,11
1,1,0,2,1,5,11
1,1,0,3,1,5,11
1,1,1,0,63,5,11
1,1,1,1,63,5,11
1,1,1,2,63,5,11
1,1,1,3,63,5,11
1,1,2,0,127,5,11
1,1,2,1,4095,5,11
1,1,2,2,4095,5,11
1,1,2,3,4095,5,11
1,1,3,0,191,5,11
1,1,3,1,4095,5,11
1,1,3,2,4095,5,11
1,1,3,3,4095,5,11
1,2,0,0,62,5,11
1,2,0,1,62,5,11
1,2,0,2,62,5,11
1,2,0,3,62,5,11
1,2,1,0,2,5,11
1,2,1,1,2,5,11
1,2,1,2,2,5,11
1,2,1,3,2,5,11
1,2,2,0,66,5,11
1,2,2,1,4095,5,11
1,2,2,2,4095,5,11
1,2,2,3,4095,5,11
1,2,3,0,130,5,11
1,2,3,1,4095,5,11
1,2,3,2,4095,5,11
1,2,3,3,4095,5,11
1,3,0,0,1,5,11
1,3,0,1,1,5,11
1,3,0,2,1,5,11
1,3,0,3,1,5,11
1,3,1,0,65,5,11
1,3,1,1,65,5,11
1,3,1,2,65,5,11
1,3,1,3,65,5,11
1,3,2,0,129,5,11
1,3,2,1,4095,5,11
1,3,2,2,4095,5,11
1,3,2,3,4095,5,11
1,3,3,0,193,5,11
1,3,3,1,4095,5,11
1,3,3,2,4095,5,11
1,3,3,3,4095,5,11
1,4,0,0,63,5,11
1,4,0,1,63,5,11
1,4,0,2,63,5,11
1,4,0,3,63,5,11
1,4,1,0,1,5,11
1,4,1,1,1,5,11
1,4,1,2,1,5,11
1,4,1,3,1,5,11
1,4,2,0,65,5,11
1,4,2,1,4095,5,11
1,4,2,2,4095,5,11
1,4,2,3,4095,5,11
1,4,3,0,129,5,11
1,4,3,1,4095,5,11
1,4,3,2,4095,5,11
1,4,3,3,4095,5,11
1,5,0,0,190,5,11
1,5,0,1,4095,5,11
1,5,0,2,4095,5,11
1,5,0,3,4095,5,11
1,5,1,0,126,5,11
1,5,1,1,4095,5,11
1,5,1,2,4095,5,11
1,5,1,3,4095,5,11
1,5,2,0,62,5,11
1,5,2,1,62,5,11
1,5,2,2,62,5,11
1,5,2,3,62,5,11
1,5,3,0,2,5,11
1,5,3,1,2,5,11
1,5,3,2,2,5,11
1,5,3,3,2,5,11
1,6,0,0,1,5,11
1,6,0,1,1,5,11
1,6,0,2,1,5,11
1,6,0,3,1,5,11
1,6,1,0,63,5,11
1,6,1,1,63,5,11
1,6,1,2,63,5,11
1,6,1,3,63,5,11
1,6,2,0,127,5,11
1,6,2,1,4095,5,11
1,6,2,2,4095,5,11
1,6,2,3,4095,5,11
1,6,3,0,191,5,11
1,6,3,1,4095,5,11
1,6,3,2,4095,5,11
1,6,3,3,4095,5,11
1,7,0,0,127,5,11
1,7,0,1,4095,5,11
1,7,0,2,4095,5,11
1,7,0,3,4095,5,11
1,7,1,0,63,5,11
1,7,1,1,63,5,11
1,7,1,2,63,5,11
1,7,1,3,63,5,11
1,7,2,0,1,5,11
1,7,2,1,1,5,11
1,7,2,2,1,5,11
1,7,2,3,1,5,11
1,7,3,0,65,5,11
1,7,3,1,4095,5,11
1,7,3,2,4095,5,11
1,7,3,3,4095,5,11
2,0,0,0,2,6,12
2,0,0,1,2,6,12
2,0,0,2,2,6,12
2,0,0,3,2,6,12
2,0,1,0,66,6,12
2,0,1,1,66,6,12
2,0,1,2,66,6,12
2,0,1,3,66,6,12
2,0,2,0,130,6,12
2,0,2,1,4095,6,12
2,0,2,2,4095,6,12
2,0,2,3,4095,6,12
2,0,3,0,194,6,12
2,0,3,1,4095,6,12
2,0,3,2,4095,6,12
2,0,3,3,4095,6,12
2,1,0,0,3,6,12
2,1,0,1,3,6,12
2,1,0,2,3,6,12
2,1,0,3,3,6,12
2,1,1,0,67,6,12
2,1,1,1,67,6,12
2,1,1,2,67,6,12
2,1,1,3,67,6,12
2,1,2,0,131,6,12
2,1,2,1,4095,6,12
2,1,2,2,4095,6,12
2,1,2,3,4095,6,12
2,1,3,0,195,6,12
2,1,3,1,4095,6,12
2,1,3,2,4095,6,12
2,1,3,3,4095,6,12
2,2,0,0,3,6,12
2,2,0,1,3,6,12
2,2,0,2,3,6,12
2,2,0,3,3,6,12
2,2,1,0,67,6,12
2,2,1,1,67,6,12
2,2,1,2,67,6,12
2,2,1,3,67,6,12
2,2,2,0,131,6,12
2,2,2,1,4095,6,12
2,2,2,2,4095,6,12
2,2,2,3,4095,6,12
2,2,3,0,195,6,12
2,2,3,1,4095,6,12
2,2,3,2,4095,6,12
2,2,3,3,4095,6,12
2,3,0,0,3,6,12
2,3,0,1,3,6,12
2,3,0,2,3,6,12
2,3,0,3,3,6,12
2,3,1,0,67,6,12
2,3,1,1,67,6,12
2,3,1,2,67,6,12
2,3,1,3,67,6,12
2,3,2,0,131,6,12
2,3,2,1,4095,6,12
2,3,2,2,4095,6,12
2,3,2,3,4095,6,12
2,3,3,0,195,6,12
2,3,3,1,4095,6,12
2,3,3,2,4095,6,12
2,3,3,3,4095,6,12
2,4,0,0,0,6,12
2,4,0,1,0,6,12
2,4,0,2,0,6,12
2,4,0,3,0,6,12
2,4,1,0,64,6,12
2,4,1,1,64,6,12
2,4,1,2,64,6,12
2,4,1,3,64,6,12
2,4,2,0,128,6,12
2,4,2,1,4095,6,12
2,4,2,2,4095,6,12
2,4,2,3,4095,6,12
2,4,3,0,192,6,12
2,4,3,1,4095,6,12
2,4,3,2,4095,6,12
2,4,3,3,4095,6,12
2,5,0,0,2,6,12
2,5,0,1,2,6,12
2,5,0,2,2,6,12
2,5,0,3,2,6,12
2,5,1,0,62,6,12
2,5,1,1,62,6,12
2,5,1,2,62,6,12
2,5,1,3,62,6,12
2,5,2,0,126,6,12
2,5,2,1,4095,6,12
2,5,2,2,4095,6,12
2,5,2,3,4095,6,12
2,5,3,0,190,6,12
2,5,3,1,4095,6,12
2,5,3,2,4095,6,12
2,5,3,3,4095,6,12
2,6,0,0,125,6,12
2,6,0,1,4095,6,12
2,6,0,2,4095,6,12
2,6,0,3,4095,6,12
2,6,1,0,61,6,12
2,6,1,1,61,6,12
2,6,1,2,61,6,12
2,6,1,3,61,6,12
2,6,2,0,3,6,12
2,6,2,1,3,6,12
2,6,2,2,3,6,12
2,6,2,3,3,6,12
2,6,3,0,67,6,12
2,6,3,1,4095,6,12
2,6,3,2,4095,6,12
2,6,3,3,4095,6,12
2,7,0,0,130,6,12
2,7,0,1,4095,6,12
2,7,0,2,4095,6,12
2,7,0,3,4095,6,12
2,7,1,0,66,6,12
2,7,1,1,4095,6,12
2,7,1,2,4095,6,12
2,7,1,3,4095,6,12
2,7,2,0,2,6,12
2,7,2,1,2,6,12
2,7,2,2,2,6,12
2,7,2,3,2,6,12
2,7,3,0,62,6,12
2,7,3,1,62,6,12
2,7,3,2,62,6,12
2,7,3,3,62,6,12
3,0,0,0,3,7,13
3,0,0,1,3,7,13
3,0,0,2,3,7,13
3,0,0,3,3,7,13
3,0,1,0,67,7,13
3,0,1,1,67,7,13
3,0,1,2,67,7,13
3,0,1,3,67,7,13
3,0,2,0,131,7,13
3,0,2,1,4095,7,13
3,0,2,2,4095,7,13
3,0,2,3,4095,7,13
3,0,3,0,195,7,13
3,0,3,1,4095,7,13
3,0,3,2,4095,7,13
3,0,3,3,4095,7,13
3,1,0,0,190,7,13
3,1,0,1,4095,7,13
3,1,0,2,4095,7,13
3,1,0,3,4095,7,13
3,1,1,0,126,7,13
3,1,1,1,4095,7,13
3,1,1,2,4095,7,13
3,1,1,3,4095,7,13
3,1,2,0,62,7,13
3,1,2,1,62,7,13
3,1,2,2,62,7,13
3,1,2,3,62,7,13
3,1,3,0,2,7,13
3,1,3,1,2,7,13
3,1,3,2,2,7,13
3,1,3,3,2,7,13
3,2,0,0,193,7,13
3,2,0,1,4095,7,13
3,2,0,2,4095,7,13
3,2,0,3,4095,7,13
3,2,1,0,129,7,13
3,2,1,1,4095,7,13
3,2,1,2,4095,7,13
3,2,1,3,4095,7,13
3,2,2,0,65,7,13
3,2,2,1,65,7,13
3,2,2,2,65,7,13
3,2,2,3,65,7,13
3,2,3,0,1,7,13
3,2,3,1,1,7,13
3,2,3,2,1,7,13
3,2,3,3,1,7,13
3,3,0,0,190,7,13
3,3,0,1,4095,7,13
3,3,0,2,4095,7,13
3,3,0,3,4095,7,13
3,3,1,0,126,7,13
3,3,1,1,4095,7,13
3,3,1,2,4095,7,13
3,3,1,3,4095,7,13
3,3,2,0,62,7,13
3,3,2,1,62,7,13
3,3,2,2,62,7,13
3,3,2,3,62,7,13
3,3,3,0,2,7,13
3,3,3,1,2,7,13
3,3,3,2,2,7,13
3,3,3,3,2,7,13
3,4,0,0,65,7,13
3,4,0,1,4095,7,13
3,4,0,2,4095,7,13
3,4,0,3,4095,7,13
3,4,1,0,1,7,13
3,4,1,1,1,7,13
3,4,1,2,1,7,13
3,4,1,3,1,7,13
3,4,2,0,63,7,13
3,4,2,1,63,7,13
3,4,2,2,63,7,13
3,4,2,3,63,7,13
3,4,3,0,127,7,13
3,4,3,1,4095,7,13
3,4,3,2,4095,7,13
3,4,3,3,4095,7,13
3,5,0,0,194,7,13
3,5,0,1,4095,7,13
3,5,0,2,4095,7,13
3,5,0,3,4095,7,13
3,5,1,0,130,7,13
3,5,1,1,4095,7,13
3,5,1,2,4095,7,13
3,5,1,3,4095,7,13
3,5,2,0,66,7,13
3,5,2,1,66,7,13
3,5,2,2,66,7,13
3,5,2,3,66,7,13
3,5,3,0,2,7,13
3,5,3,1,2,7,13
3,5,3,2,2,7,13
3,5,3,3,2,7,13
3,6,0,0,61,7,13
3,6,0,1,61,7,13
3,6,0,2,61,7,13
3,6,0,3,61,7,13
3,6,1,0,3,7,13
3,6,1,1,3,7,13
3,6,1,2,3,7,13
3,6,1,3,3,7,13
3,6,2,0,67,7,13
3,6,2,1,4095,7,13
3,6,2,2,4095,7,13
3,6,2,3,4095,7,13
3,6,3,0,131,7,13
3,6,3,1,4095,7,13
3,6,3,2,4095,7,13
3,6,3,3,4095,7,13
3,7,0,0,125,7,13
3,7,0,1,4095,7,13
3,7,0,2,4095,7,13
3,7,0,3,4095,7,13
3,7,1,0,61,7,13
3,7,1,1,61,7,13
3,7,1,2,61,7,13
3,7,1,3,61,7,13
3,7,2,0,3,7,13
3,7,2,1,3,7,13
3,7,2,2,3,7,13
3,7,2,3,3,7,13
3,7,3,0,67,7,13
3,7,3,1,4095,7,13
3,7,3,2,4095,7,13
3,7,3,3,4095,7,13
4,0,0,0,191,8,14
4,0,0,1,4095,8,14
4,0,0,2,4095,8,14
4,0,0,3,4095,8,14
4,0,1,0,127,8,14
4,0,1,1,4095,8,14
4,0,1,2,4095,8,14
4,0,1,3,4095,8,14
4,0,2,0,63,8,14
4,0,2,1,63,8,14
4,0,2,2,63,8,14
4,0,2,3,63,8,14
4,0,3,0,1,8,14
4,0,3,1,1,8,14
4,0,3,2,1,8,14
4,0,3,3,1,8,14
4,1,0,0,128,8,14
4,1,0,1,4095,8,14
4,1,0,2,4095,8,14
4,1,0,3,4095,8,14
4,1,1,0,64,8,14
4,1,1,1,64,8,14
4,1,1,2,64,8,14
4,1,1,3,64,8,14
4,1,2,0,0,8,14
4,1,2,1,0,8,14
4,1,2,2,0,8,14
4,1,2,3,0,8,14
4,1,3,0,64,8,14
4,1,3,1,4095,8,14
4,1,3,2,4095,8,14
4,1,3,3,4095,8,14
4,2,0,0,3,8,14
4,2,0,1,3,8,14
4,2,0,2,3,8,14
4,2,0,3,3,8,14
4,2,1,0,61,8,14
4,2,1,1,61,8,14
4,2,1,2,61,8,14
4,2,1,3,61,8,14
4,2,2,0,125,8,14
4,2,2,1,4095,8,14
4,2,2,2,4095,8,14
4,2,2,3,4095,8,14
4,2,3,0,189,8,14
4,2,3,1,4095,8,14
4,2,3,2,4095,8,14
4,2,3,3,4095,8,14
4,3,0,0,191,8,14
4,3,0,1,4095,8,14
4,3,0,2,4095,8,14
4,3,0,3,4095,8,14
4,3,1,0,127,8,14
4,3,1,1,4095,8,14
4,3,1,2,4095,8,14
4,3,1,3,4095,8,14
4,3,2,0,63,8,14
4,3,2,1,63,8,14
4,3,2,2,63,8,14
4,3,2,3,63,8,14
4,3,3,0,1,8,14
4,3,3,1,1,8,14
4,3,3,2,1,8,14
4,3,3,3,1,8,14
4,4,0,0,130,8,14
4,4,0,1,4095,8,14
4,4,0,2,4095,8,14
4,4,0,3,4095,8,14
4,4,1,0,66,8,14
4,4,1,1,4095,8,14
4,4,1,2,4095,8,14
4,4,1,3,4095,8,14
4,4,2,0,2,8,14
4,4,2,1,2,8,14
4,4,2,2,2,8,14
4,4,2,3,2,8,14
4,4,3,0,62,8,14
4,4,3,1,62,8,14
4,4,3,2,62,8,14
4,4,3,3,62,8,14
4,5,0,0,64,8,14
4,5,0,1,64,8,14
4,5,0,2,64,8,14
4,5,0,3,64,8,14
4,5,1,0,0,8,14
4,5,1,1,0,8,14
4,5,1,2,0,8,14
4,5,1,3,0,8,14
4,5,2,0,64,8,14
4,5,2,1,4095,8,14
4,5,2,2,4095,8,14
4,5,2,3,4095,8,14
4,5,3,0,128,8,14
4,5,3,1,4095,8,14
4,5,3,2,4095,8,14
4,5,3,3,4095,8,14
4,6,0,0,190,8,14
4,6,0,1,4095,8,14
4,6,0,2,4095,8,14
4,6,0,3,4095,8,14
4,6,1,0,126,8,14
4,6,1,1,4095,8,14
4,6,1,2,4095,8,14
4,6,1,3,4095,8,14
4,6,2,0,62,8,14
4,6,2,1,62,8,14
4,6,2,2,62,8,14
4,6,2,3,62,8,14
4,6,3,0,2,8,14
4,6,3,1,2,8,14
4,6,3,2,2,8,14
4,6,3,3,2,8,14
4,7,0,0,128,8,14
4,7,0,1,4095,8,14
4,7,0,2,4095,8,14
4,7,0,3,4095,8,14
4,7,1,0,64,8,14
4,7,1,1,64,8,14
4,7,1,2,64,8,14
4,7,1,3,64,8,14
4,7,2,0,0,8,14
4,7,2,1,0,8,14
4,7,2,2,0,8,14
4,7,2,3,0,8,14
4,7,3,0,64,8,14
4,7,3,1,4095,8,14
4,7,3,2,4095,8,14
4,7,3,3,4095,8,14
5,0,0,0,189,9,15
5,0,0,1,4095,9,15
5,0,0,2,4095,9,15
5,0,0,3,4095,9,15
5,0,1,0,125,9,15
5,0,1,1,4095,9,15
5,0,1,2,4095,9,15
5,0,1,3,4095,9,15
5,0,2,0,61,9,15
5,0,2,1,61,9,15
5,0,2,2,61,9,15
5,0,2,3,61,9,15
5,0,3,0,3,9,15
5,0,3,1,3,9,15
5,0,3,2,3,9,15
5,0,3,3,3,9,15
5,1,0,0,195,9,15
5,1,0,1,4095,9,15
5,1,0,2,4095,9,15
5,1,0,3,4095,9,15
5,1,1,0,131,9,15
5,1,1,1,4095,9,15
5,1,1,2,4095,9,15
5,1,1,3,4095,9,15
5,1,2,0,67,9,15
5,1,2,1,67,9,15
5,1,2,2,67,9,15
5,1,2,3,67,9,15
5,1,3,0,3,9,15
5,1,3,1,3,9,15
5,1,3,2,3,9,15
5,1,3,3,3,9,15
5,2,0,0,3,9,15
5,2,0,1,3,9,15
5,2,0,2,3,9,15
5,2,0,3,3,9,15
5,2,1,0,67,9,15
5,2,1,1,67,9,15
5,2,1,2,67,9,15
5,2,1,3,67,9,15
5,2,2,0,131,9,15
5,2,2,1,4095,9,15
5,2,2,2,4095,9,15
5,2,2,3,4095,9,15
5,2,3,0,195,9,15
5,2,3,1,4095,9,15
5,2,3,2,4095,9,15
5,2,3,3,4095,9,15
5,3,0,0,63,9,15
5,3,0,1,63,9,15
5,3,0,2,63,9,15
5,3,0,3,63,9,15
5,3,1,0,1,9,15
5,3,1,1,1,9,15
5,3,1,2,1,9,15
5,3,1,3,1,9,15
5,3,2,0,65,9,15
5,3,2,1,4095,9,15
5,3,2,2,4095,9,15
5,3,2,3,4095,9,15
5,3,3,0,129,9,15
5,3,3,1,4095,9,15
5,3,3,2,4095,9,15
5,3,3,3,4095,9,15
5,4,0,0,0,9,15
5,4,0,1,0,9,15
5,4,0,2,0,9,15
5,4,0,3,0,9,15
5,4,1,0,64,9,15
5,4,1,1,64,9,15
5,4,1,2,64,9,15
5,4,1,3,64,9,15
5,4,2,0,128,9,15
5,4,2,1,4095,9,15
5,4,2,2,4095,9,15
5,4,2,3,4095,9,15
5,4,3,0,192,9,15
5,4,3,1,4095,9,15
5,4,3,2,4095,9,15
5,4,3,3,4095,9,15
5,5,0,0,1,9,15
5,5,0,1,1,9,15
5,5,0,2,1,9,15
5,5,0,3,1,9,15
5,5,1,0,63,9,15
5,5,1,1,63,9,15
5,5,1,2,63,9,15
5,5,1,3,63,9,15
5,5,2,0,127,9,15
5,5,2,1,4095,9,15
5,5,2,2,4095,9,15
5,5,2,3,4095,9,15
5,5,3,0,191,9,15
5,5,3,1,4095,9,15
5,5,3,2,4095,9,15
5,5,3,3,4095,9,15
5,6,0,0,2,9,15
5,6,0,1,2,9,15
5,6,0,2,2,9,15
5,6,0,3,2,9,15
5,6,1,0,66,9,15
5,6,1,1,66,9,15
5,6,1,2,66,9,15
5,6,1,3,66,9,15
5,6,2,0,130,9,15
5,6,2,1,4095,9,15
5,6,2,2,4095,9,15
5,6,2,3,4095,9,15
5,6,3,0,194,9,15
5,6,3,1,4095,9,15
5,6,3,2,4095,9,15
5,6,3,3,4095,9,15
5,7,0,0,131,9,15
5,7,0,1,4095,9,15
5,7,0,2,4095,9,15
5,7,0,3,4095,9,15
5,7,1,0,67,9,15
5,7,1,1,4095,9,15
5,7,1,2,4095,9,15
5,7,1,3,4095,9,15
5,7,2,0,3,9,15
5,7,2,1,3,9,15
5,7,2,2,3,9,15
5,7,2,3,3,9,15
5,7,3,0,61,9,15
5,7,3,1,61,9,15
5,7,3,2,61,9,15
5,7,3,3,61,9,15
6,0,0,0,125,10,16
6,0,0,1,4095,10,16
6,0,0,2,4095,10,16
6,0,0,3,4095,10,16
6,0,1,0,61,10,16
6,0,1,1,61,10,16
6,0,1,2,61,10,16
6,0,1,3,61,10,16
6,0,2,0,3,10,16
6,0,2,1,3,10,16
6,0,2,2,3,10,16
6,0,2,3,3,10,16
6,0,3,0,67,10,16
6,0,3,1,4095,10,16
6,0,3,2,4095,10,16
6,0,3,3,4095,10,16
6,1,0,0,127,10,16
6,1,0,1,4095,10,16
6,1,0,2,4095,10,16
6,1,0,3,4095,10,16
6,1,1,0,63,10,16
6,1,1,1,63,10,16
6,1,1,2,63,10,16
6,1,1,3,63,10,16
6,1,2,0,1,10,16
6,1,2,1,1,10,16
6,1,2,2,1,10,16
6,1,2,3,1,10,16
6,1,3,0,65,10,16
6,1,3,1,4095,10,16
6,1,3,2,4095,10,16
6,1,3,3,4095,10,16
6,2,0,0,3,10,16
6,2,0,1,3,10,16
6,2,0,2,3,10,16
6,2,0,3,3,10,16
6,2,1,0,61,10,16
6,2,1,1,61,10,16
6,2,1,2,61,10,16
6,2,1,3,61,10,16
6,2,2,0,125,10,16
6,2,2,1,4095,10,16
6,2,2,2,4095,10,16
6,2,2,3,4095,10,16
6,2,3,0,189,10,16
6,2,3,1,4095,10,16
6,2,3,2,4095,10,16
6,2,3,3,4095,10,16
6,3,0,0,61,10,16
6,3,0,1,61,10,16
6,3,0,2,61,10,16
6,3,0,3,61,10,16
6,3,1,0,3,10,16
6,3,1,1,3,10,16
6,3,1,2,3,10,16
6,3,1,3,3,10,16
6,3,2,0,67,10,16
6,3,2,1,4095,10,16
6,3,2,2,4095,10,16
6,3,2,3,4095,10,16
6,3,3,0,131,10,16
6,3,3,1,4095,10,16
6,3,3,2,4095,10,16
6,3,3,3,4095,10,16
6,4,0,0,2,10,16
6,4,0,1,2,10,16
6,4,0,2,2,10,16
6,4,0,3,2,10,16
6,4,1,0,62,10,16
6,4,1,1,62,10,16
6,4,1,2,62,10,16
6,4,1,3,62,10,16
6,4,2,0,126,10,16
6,4,2,1,4095,10,16
6,4,2,2,4095,10,16
6,4,2,3,4095,10,16
6,4,3,0,190,10,16
6,4,3,1,4095,10,16
6,4,3,2,4095,10,16
6,4,3,3,4095,10,16
6,5,0,0,67,10,16
6,5,0,1,4095,10,16
6,5,0,2,4095,10,16
6,5,0,3,4095,10,16
6,5,1,0,3,10,16
6,5,1,1,3,10,16
6,5,1,2,3,10,16
6,5,1,3,3,10,16
6,5,2,0,61,10,16
6,5,2,1,61,10,16
6,5,2,2,61,10,16
6,5,2,3,61,10,16
6,5,3,0,125,10,16
6,5,3,1,4095,10,16
6,5,3,2,4095,10,16
6,5,3,3,4095,10,16
6,6,0,0,67,10,16
6,6,0,1,4095,10,16
6,6,0,2,4095,10,16
6,6,0,3,4095,10,16
6,6,1,0,3,10,16
6,6,1,1,3,10,16
6,6,1,2,3,10,16
6,6,1,3,3,10,16
6,6,2,0,61,10,16
6,6,2,1,61,10,16
6,6,2,2,61,10,16
6,6,2,3,61,10,16
6,6,3,0,125,10,16
6,6,3,1,4095,10,16
6,6,3,2,4095,10,16
6,6,3,3,4095,10,16
6,7,0,0,131,10,16
6,7,0,1,4095,10,16
6,7,0,2,4095,10,16
6,7,0,3,4095,10,16
6,7,1,0,67,10,16
6,7,1,1,4095,10,16
6,7,1,2,4095,10,16
6,7,1,3,4095,10,16
6,7,2,0,3,10,16
6,7,2,1,3,10,16
6,7,2,2,3,10,16
6,7,2,3,3,10,16
6,7,3,0,61,10,16
6,7,3,1,61,10,16
6,7,3,2,61,10,16
6,7,3,3,61,10,16
7,0,0,0,192,11,17
7,0,0,1,4095,11,17
7,0,0,2,4095,11,17
7,0,0,3,4095,11,17
7,0,1,0,128,11,17
7,0,1,1,4095,11,17
7,0,1,2,4095,11,17
7,0,1,3,4095,11,17
7,0,2,0,64,11,17
7,0,2,1,64,11,17
7,0,2,2,64,11,17
7,0,2,3,64,11,17
7,0,3,0,0,11,17
7,0,3,1,0,11,17
7,0,3,2,0,11,17
7,0,3,3,0,11,17
7,1,0,0,129,11,17
7,1,0,1,4095,11,17
7,1,0,2,4095,11,17
7,1,0,3,4095,11,17
7,1,1,0,65,11,17
7,1,1,1,4095,11,17
7,1,1,2,4095,11,17
7,1,1,3,4095,11,17
7,1,2,0,1,11,17
7,1,2,1,1,11,17
7,1,2,2,1,11,17
7,1,2,3,1,11,17
7,1,3,0,63,11,17
7,1,3,1,63,11,17
7,1,3,2,63,11,17
7,1,3,3,63,11,17
7,2,0,0,1,11,17
7,2,0,1,1,11,17
7,2,0,2,1,11,17
7,2,0,3,1,11,17
7,2,1,0,65,11,17
7,2,1,1,65,11,17
7,2,1,2,65,11,17
7,2,1,3,65,11,17
7,2,2,0,129,11,17
7,2,2,1,4095,11,17
7,2,2,2,4095,11,17
7,2,2,3,4095,11,17
7,2,3,0,193,11,17
7,2,3,1,4095,11,17
7,2,3,2,4095,11,17
7,2,3,3,4095,11,17
7,3,0,0,64,11,17
7,3,0,1,64,11,17
7,3,0,2,64,11,17
7,3,0,3,64,11,17
7,3,1,0,0,11,17
7,3,1,1,0,11,17
7,3,1,2,0,11,17
7,3,1,3,0,11,17
7,3,2,0,64,11,17
7,3,2,1,4095,11,17
7,3,2,2,4095,11,17
7,3,2,3,4095,11,17
7,3,3,0,128,11,17
7,3,3,1,4095,11,17
7,3,3,2,4095,11,17
7,3,3,3,4095,11,17
7,4,0,0,3,11,17
7,4,0,1,3,11,17
7,4,0,2,3,11,17
7,4,0,3,3,11,17
7,4,1,0,67,11,17
7,4,1,1,67,11,17
7,4,1,2,67,11,17
7,4,1,3,67,11,17
7,4,2,0,131,11,17
7,4,2,1,4095,11,17
7,4,2,2,4095,11,17
7,4,2,3,4095,11,17
7,4,3,0,195,11,17
7,4,3,1,4095,11,17
7,4,3,2,4095,11,17
7,4,3,3,4095,11,17
7,5,0,0,67,11,17
7,5,0,1,4095,11,17
7,5,0,2,4095,11,17
7,5,0,3,4095,11,17
7,5,1,0,3,11,17
7,5,1,1,3,11,17
7,5,1,2,3,11,17
7,5,1,3,3,11,17
7,5,2,0,61,11,17
7,5,2,1,61,11,17
7,5,2,2,61,11,17
7,5,2,3,61,11,17
7,5,3,0,125,11,17
7,5,3,1,4095,11,17
7,5,3,2,4095,11,17
7,5,3,3,4095,11,17
7,6,0,0,126,11,17
7,6,0,1,4095,11,17
7,6,0,2,4095,11,17
7,6,0,3,4095,11,17
7,6,1,0,62,11,17
7,6,1,1,62,11,17
7,6,1,2,62,11,17
7,6,1,3,62,11,17
7,6,2,0,2,11,17
7,6,2,1,2,11,17
7,6,2,2,2,11,17
7,6,2,3,2,11,17
7,6,3,0,66,11,17
7,6,3,1,4095,11,17
7,6,3,2,4095,11,17
7,6,3,3,4095,11,17
7,7,0,0,3,11,17
7,7,0,1,3,11,17
7,7,0,2,3,11,17
7,7,0,3,3,11,17
7,7,1,0,67,11,17
7,7,1,1,67,11,17
7,7,1,2,67,11,17
7,7,1,3,67,11,17
7,7,2,0,131,11,17
7,7,2,1,4095,11,17
7,7,2,2,4095,11,17
7,7,2,3,4095,11,17
7,7,3,0,195,11,17
7,7,3,1,4095,11,17
7,7,3,2,4095,11,17
7,7,3,3,4095,11,17
8,0,0,0,190,15,21
8,0,0,1,4095,15,21
8,0,0,2,4095,15,21
8,0,0,3,4095,15,21
8,0,1,0,126,15,21
8,0,1,1,4095,15,21
8,0,1,2,4095,15,21
8,0,1,3,4095,15,21
8,0,2,0,62,15,21
8,0,2,1,62,15,21
8,0,2,2,62,15,21
8,0,2,3,62,15,21
8,0,3,0,2,15,21
8,0,3,1,2,15,21
8,0,3,2,2,15,21
8,0,3,3,2,15,21
8,1,0,0,128,15,21
8,1,0,1,4095,15,21
8,1,0,2,4095,15,21
8,1,0,3,4095,15,21
8,1,1,0,64,15,21
8,1,1,1,64,15,21
8,1,1,2,64,15,21
8,1,1,3,64,15,21
8,1,2,0,0,15,21
8,1,2,1,0,15,21
8,1,2,2,0,15,21
8,1,2,3,0,15,21
8,1,3,0,64,15,21
8,1,3,1,4095,15,21
8,1,3,2,4095,15,21
8,1,3,3,4095,15,21
8,2,0,0,193,15,21
8,2,0,1,4095,15,21
8,2,0,2,4095,15,21
8,2,0,3,4095,15,21
8,2,1,0,129,15,21
8,2,1,1,4095,15,21
8,2,1,2,4095,15,21
8,2,1,3,4095,15,21
8,2,2,0,65,15,21
8,2,2,1,65,15,21
8,2,2,2,65,15,21
8,2,2,3,65,15,21
8,2,3,0,1,15,21
8,2,3,1,1,15,21
8,2,3,2,1,15,21
8,2,3,3,1,15,21
8,3,0,0,66,15,21
8,3,0,1,4095,15,21
8,3,0,2,4095,15,21
8,3,0,3,4095,15,21
8,3,1,0,2,15,21
8,3,1,1,2,15,21
8,3,1,2,2,15,21
8,3,1,3,2,15,21
8,3,2,0,62,15,21
8,3,2,1,62,15,21
8,3,2,2,62,15,21
8,3,2,3,62,15,21
8,3,3,0,126,15,21
8,3,3,1,4095,15,21
8,3,3,2,4095,15,21
8,3,3,3,4095,15,21
8,4,0,0,65,15,21
8,4,0,1,4095,15,21
8,4,0,2,4095,15,21
8,4,0,3,4095,15,21
8,4,1,0,1,15,21
8,4,1,1,1,15,21
8,4,1,2,1,15,21
8,4,1,3,1,15,21
8,4,2,0,63,15,21
8,4,2,1,63,15,21
8,4,2,2,63,15,21
8,4,2,3,63,15,21
8,4,3,0,127,15,21
8,4,3,1,4095,15,21
8,4,3,2,4095,15,21
8,4,3,3,4095,15,21
8,5,0,0,3,15,21
8,5,0,1,3,15,21
8,5,0,2,3,15,21
8,5,0,3,3,15,21
8,5,1,0,67,15,21
8,5,1,1,67,15,21
8,5,1,2,67,15,21
8,5,1,3,67,15,21
8,5,2,0,131,15,21
8,5,2,1,4095,15,21
8,5,2,2,4095,15,21
8,5,2,3,4095,15,21
8,5,3,0,195,15,21
8,5,3,1,4095,15,21
8,5,3,2,4095,15,21
8,5,3,3,4095,15,21
8,6,0,0,125,15,21
8,6,0,1,4095,15,21
8,6,0,2,4095,15,21
8,6,0,3,4095,15,21
8,6,1,0,61,15,21
8,6,1,1,61,15,21
8,6,1,2,61,15,21
8,6,1,3,61,15,21
8,6,2,0,3,15,21
8,6,2,1,3,15,21
8,6,2,2,3,15,21
8,6,2,3,3,15,21
8,6,3,0,67,15,21
8,6,3,1,4095,15,21
8,6,3,2,4095,15,21
8,6,3,3,4095,15,21
8,7,0,0,129,15,21
8,7,0,1,4095,15,21
8,7,0,2,4095,15,21
8,7,0,3,4095,15,21
8,7,1,0,65,15,21
8,7,1,1,4095,15,21
8,7,1,2,4095,15,21
8,7,1,3,4095,15,21
8,7,2,0,1,15,21
8,7,2,1,1,15,21
8,7,2,2,1,15,21
8,7,2,3,1,15,21
8,7,3,0,63,15,21
8,7,3,1,63,15,21
8,7,3,2,63,15,21
8,7,3,3,63,15,21
9,0,0,0,192,16,22
9,0,0,1,4095,16,22
9,0,0,2,4095,16,22
9,0,0,3,4095,16,22
9,0,1,0,128,16,22
9,0,1,1,4095,16,22
9,0,1,2,4095,16,22
9,0,1,3,4095,16,22
9,0,2,0,64,16,22
9,0,2,1,64,16,22
9,0,2,2,64,16,22
9,0,2,3,64,16,22
9,0,3,0,0,16,22
9,0,3,1,0,16,22
9,0,3,2,0,16,22
9,0,3,3,0,16,22
9,1,0,0,66,16,22
9,1,0,1,4095,16,22
9,1,0,2,4095,16,22
9,1,0,3,4095,16,22
9,1,1,0,2,16,22
9,1,1,1,2,16,22
9,1,1,2,2,16,22
9,1,1,3,2,16,22
9,1,2,0,62,16,22
9,1,2,1,62,16,22
9,1,2,2,62,16,22
9,1,2,3,62,16,22
9,1,3,0,126,16,22
9,1,3,1,4095,16,22
9,1,3,2,4095,16,22
9,1,3,3,4095,16,22
9,2,0,0,66,16,22
9,2,0,1,4095,16,22
9,2,0,2,4095,16,22
9,2,0,3,4095,16,22
9,2,1,0,2,16,22
9,2,1,1,2,16,22
9,2,1,2,2,16,22
9,2,1,3,2,16,22
9,2,2,0,62,16,22
9,2,2,1,62,16,22
9,2,2,2,62,16,22
9,2,2,3,62,16,22
9,2,3,0,126,16,22
9,2,3,1,4095,16,22
9,2,3,2,4095,16,22
9,2,3,3,4095,16,22
9,3,0,0,131,16,22
9,3,0,1,4095,16,22
9,3,0,2,4095,16,22
9,3,0,3,4095,16,22
9,3,1,0,67,16,22
9,3,1,1,4095,16,22
9,3,1,2,4095,16,22
9,3,1,3,4095,16,22
9,3,2,0,3,16,22
9,3,2,1,3,16,22
9,3,2,2,3,16,22
9,3,2,3,3,16,22
9,3,3,0,61,16,22
9,3,3,1,61,16,22
9,3,3,2,61,16,22
9,3,3,3,61,16,22
9,4,0,0,190,16,22
9,4,0,1,4095,16,22
9,4,0,2,4095,16,22
9,4,0,3,4095,16,22
9,4,1,0,126,16,22
9,4,1,1,4095,16,22
9,4,1,2,4095,16,22
9,4,1,3,4095,16,22
9,4,2,0,62,16,22
9,4,2,1,62,16,22
9,4,2,2,62,16,22
9,4,2,3,62,16,22
9,4,3,0,2,16,22
9,4,3,1,2,16,22
9,4,3,2,2,16,22
9,4,3,3,2,16,22
9,5,0,0,125,16,22
9,5,0,1,4095,16,22
9,5,0,2,4095,16,22
9,5,0,3,4095,16,22
9,5,1,0,61,16,22
9,5,1,1,61,16,22
9,5,1,2,61,16,22
9,5,1,3,61,16,22
9,5,2,0,3,16,22
9,5,2,1,3,16,22
9,5,2,2,3,16,22
9,5,2,3,3,16,22
9,5,3,0,67,16,22
9,5,3,1,4095,16,22
9,5,3,2,4095,16,22
9,5,3,3,4095,16,22
9,6,0,0,189,16,22
9,6,0,1,4095,16,22
9,6,0,2,4095,16,22
9,6,0,3,4095,16,22
9,6,1,0,125,16,22
9,6,1,1,4095,16,22
9,6,1,2,4095,16,22
9,6,1,3,4095,16,22
9,6,2,0,61,16,22
9,6,2,1,61,16,22
9,6,2,2,61,16,22
9,6,2,3,61,16,22
9,6,3,0,3,16,22
9,6,3,1,3,16,22
9,6,3,2,3,16,22
9,6,3,3,3,16,22
9,7,0,0,2,16,22
9,7,0,1,2,16,22
9,7,0,2,2,16,22
9,7,0,3,2,16,22
9,7,1,0,66,16,22
9,7,1,1,66,16,22
9,7,1,2,66,16,22
9,7,1,3,66,16,22
9,7,2,0,130,16,22
9,7,2,1,4095,16,22
9,7,2,2,4095,16,22
9,7,2,3,4095,16,22
9,7,3,0,194,16,22
9,7,3,1,4095,16,22
9,7,3,2,4095,16,22
9,7,3,3,4095,16,22
10,0,0,0,66,17,23
10,0,0,1,4095,17,23
10,0,0,2,4095,17,23
10,0,0,3,4095,17,23
10,0,1,0,2,17,23
10,0,1,1,2,17,23
10,0,1,2,2,17,23
10,0,1,3,2,17,23
10,0,2,0,62,17,23
10,0,2,1,62,17,23
10,0,2,2,62,17,23
10,0,2,3,62,17,23
10,0,3,0,126,17,23
10,0,3,1,4095,17,23
10,0,3,2,4095,17,23
10,0,3,3,4095,17,23
10,1,0,0,130,17,23
10,1,0,1,4095,17,23
10,1,0,2,4095,17,23
10,1,0,3,4095,17,23
10,1,1,0,66,17,23
10,1,1,1,4095,17,23
10,1,1,2,4095,17,23
10,1,1,3,4095,17,23
10,1,2,0,2,17,23
10,1,2,1,2,17,23
10,1,2,2,2,17,23
10,1,2,3,2,17,23
10,1,3,0,62,17,23
10,1,3,1,62,17,23
10,1,3,2,62,17,23
10,1,3,3,62,17,23
10,2,0,0,192,17,23
10,2,0,1,4095,17,23
10,2,0,2,4095,17,23
10,2,0,3,4095,17,23
10,2,1,0,128,17,23
10,2,1,1,4095,17,23
10,2,1,2,4095,17,23
10,2,1,3,4095,17,23
10,2,2,0,64,17,23
10,2,2,1,64,17,23
10,2,2,2,64,17,23
10,2,2,3,64,17,23
10,2,3,0,0,17,23
10,2,3,1,0,17,23
10,2,3,2,0,17,23
10,2,3,3,0,17,23
10,3,0,0,127,17,23
10,3,0,1,4095,17,23
10,3,0,2,4095,17,23
10,3,0,3,4095,17,23
10,3,1,0,63,17,23
10,3,1,1,63,17,23
10,3,1,2,63,17,23
10,3,1,3,63,17,23
10,3,2,0,1,17,23
10,3,2,1,1,17,23
10,3,2,2,1,17,23
10,3,2,3,1,17,23
10,3,3,0,65,17,23
10,3,3,1,4095,17,23
10,3,3,2,4095,17,23
10,3,3,3,4095,17,23
10,4,0,0,192,17,23
10,4,0,1,4095,17,23
10,4,0,2,4095,17,23
10,4,0,3,4095,17,23
10,4,1,0,128,17,23
10,4,1,1,4095,17,23
10,4,1,2,4095,17,23
10,4,1,3,4095,17,23
10,4,2,0,64,17,23
10,4,2,1,64,17,23
10,4,2,2,64,17,23
10,4,2,3,64,17,23
10,4,3,0,0,17,23
10,4,3,1,0,17,23
10,4,3,2,0,17,23
10,4,3,3,0,17,23
10,5,0,0,126,17,23
10,5,0,1,4095,17,23
10,5,0,2,4095,17,23
10,5,0,3,4095,17,23
10,5,1,0,62,17,23
10,5,1,1,62,17,23
10,5,1,2,62,17,23
10,5,1,3,62,17,23
10,5,2,0,2,17,23
10,5,2,1,2,17,23
10,5,2,2,2,17,23
10,5,2,3,2,17,23
10,5,3,0,66,17,23
10,5,3,1,4095,17,23
10,5,3,2,4095,17,23
10,5,3,3,4095,17,23
10,6,0,0,129,17,23
10,6,0,1,4095,17,23
10,6,0,2,4095,17,23
10,6,0,3,4095,17,23
10,6,1,0,65,17,23
10,6,1,1,4095,17,23
10,6,1,2,4095,17,23
10,6,1,3,4095,17,23
10,6,2,0,1,17,23
10,6,2,1,1,17,23
10,6,2,2,1,17,23
10,6,2,3,1,17,23
10,6,3,0,63,17,23
10,6,3,1,63,17,23
10,6,3,2,63,17,23
10,6,3,3,63,17,23
10,7,0,0,189,17,23
10,7,0,1,4095,17,23
10,7,0,2,4095,17,23
10,7,0,3,4095,17,23
10,7,1,0,125,17,23
10,7,1,1,4095,17,23
10,7,1,2,4095,17,23
10,7,1,3,4095,17,23
10,7,2,0,61,17,23
10,7,2,1,61,17,23
10,7,2,2,61,17,23
10,7,2,3,61,17,23
10,7,3,0,3,17,23
10,7,3,1,3,17,23
10,7,3,2,3,17,23
10,7,3,3,3,17,23
11,0,0,0,66,18,24
11,0,0,1,4095,18,24
11,0,0,2,4095,18,24
11,0,0,3,4095,18,24
11,0,1,0,2,18,24
11,0,1,1,2,18,24
11,0,1,2,2,18,24
11,0,1,3,2,18,24
11,0,2,0,62,18,24
11,0,2,1,62,18,24
11,0,2,2,62,18,24
11,0,2,3,62,18,24
11,0,3,0,126,18,24
11,0,3,1,4095,18,24
11,0,3,2,4095,18,24
11,0,3,3,4095,18,24
11,1,0,0,130,18,24
11,1,0,1,4095,18,24
11,1,0,2,4095,18,24
11,1,0,3,4095,18,24
11,1,1,0,66,18,24
11,1,1,1,4095,18,24
11,1,1,2,4095,18,24
11,1,1,3,4095,18,24
11,1,2,0,2,18,24
11,1,2,1,2,18,24
11,1,2,2,2,18,24
11,1,2,3,2,18,24
11,1,3,0,62,18,24
11,1,3,1,62,18,24
11,1,3,2,62,18,24
11,1,3,3,62,18,24
11,2,0,0,62,18,24
11,2,0,1,62,18,24
11,2,0,2,62,18,24
11,2,0,3,62,18,24
11,2,1,0,2,18,24
11,2,1,1,2,18,24
11,2,1,2,2,18,24
11,2,1,3,2,18,24
11,2,2,0,66,18,24
11,2,2,1,4095,18,24
11,2,2,2,4095,18,24
11,2,2,3,4095,18,24
11,2,3,0,130,18,24
11,2,3,1,4095,18,24
11,2,3,2,4095,18,24
11,2,3,3,4095,18,24
11,3,0,0,189,18,24
11,3,0,1,4095,18,24
11,3,0,2,4095,18,24
11,3,0,3,4095,18,24
11,3,1,0,125,18,24
11,3,1,1,4095,18,24
11,3,1,2,4095,18,24
11,3,1,3,4095,18,24
11,3,2,0,61,18,24
11,3,2,1,61,18,24
11,3,2,2,61,18,24
11,3,2,3,61,18,24
11,3,3,0,3,18,24
11,3,3,1,3,18,24
11,3,3,2,3,18,24
11,3,3,3,3,18,24
11,4,0,0,189,18,24
11,4,0,1,4095,18,24
11,4,0,2,4095,18,24
11,4,0,3,4095,18,24
11,4,1,0,125,18,24
11,4,1,1,4095,18,24
11,4,1,2,4095,18,24
11,4,1,3,4095,18,24
11,4,2,0,61,18,24
11,4,2,1,61,18,24
11,4,2,2,61,18,24
11,4,2,3,61,18,24
11,4,3,0,3,18,24
11,4,3,1,3,18,24
11,4,3,2,3,18,24
11,4,3,3,3,18,24
11,5,0,0,61,18,24
11,5,0,1,61,18,24
11,5,0,2,61,18,24
11,5,0,3,61,18,24
11,5,1,0,3,18,24
11,5,1,1,3,18,24
11,5,1,2,3,18,24
11,5,1,3,3,18,24
11,5,2,0,67,18,24
11,5,2,1,4095,18,24
11,5,2,2,4095,18,24
11,5,2,3,4095,18,24
11,5,3,0,131,18,24
11,5,3,1,4095,18,24
11,5,3,2,4095,18,24
11,5,3,3,4095,18,24
11,6,0,0,191,18,24
11,6,0,1,4095,18,24
11,6,0,2,4095,18,24
11,6,0,3,4095,18,24
11,6,1,0,127,18,24
11,6,1,1,4095,18,24
11,6,1,2,4095,18,24
11,6,1,3,4095,18,24
11,6,2,0,63,18,24
11,6,2,1,63,18,24
11,6,2,2,63,18,24
11,6,2,3,63,18,24
11,6,3,0,1,18,24
11,6,3,1,1,18,24
11,6,3,2,1,18,24
11,6,3,3,1,18,24
11,7,0,0,126,18,24
11,7,0,1,4095,18,24
11,7,0,2,4095,18,24
11,7,0,3,4095,18,24
11,7,1,0,62,18,24
11,7,1,1,62,18,24
11,7,1,2,62,18,24
11,7,1,3,62,18,24
11,7,2,0,2,18,24
11,7,2,1,2,18,24
11,7,2,2,2,18,24
11,7,2,3,2,18,24
11,7,3,0,66,18,24
11,7,3,1,4095,18,24
11,7,3,2,4095,18,24
11,7,3,3,4095,18,24
12,0,0,0,64,19,25
12,0,0,1,64,19,25
12,0,0,2,64,19,25
12,0,0,3,64,19,25
12,0,1,0,0,19,25
12,0,1,1,0,19,25
12,0,1,2,0,19,25
12,0,1,3,0,19,25
12,0,2,0,64,19,25
12,0,2,1,4095,19,25
12,0,2,2,4095,19,25
12,0,2,3,4095,19,25
12,0,3,0,128,19,25
12,0,3,1,4095,19,25
12,0,3,2,4095,19,25
12,0,3,3,4095,19,25
12,1,0,0,61,19,25
12,1,0,1,61,19,25
12,1,0,2,61,19,25
12,1,0,3,61,19,25
12,1,1,0,3,19,25
12,1,1,1,3,19,25
12,1,1,2,3,19,25
12,1,1,3,3,19,25
12,1,2,0,67,19,25
12,1,2,1,4095,19,25
12,1,2,2,4095,19,25
12,1,2,3,4095,19,25
12,1,3,0,131,19,25
12,1,3,1,4095,19,25
12,1,3,2,4095,19,25
12,1,3,3,4095,19,25
12,2,0,0,131,19,25
12,2,0,1,4095,19,25
12,2,0,2,4095,19,25
12,2,0,3,4095,19,25
12,2,1,0,67,19,25
12,2,1,1,4095,19,25
12,2,1,2,4095,19,25
12,2,1,3,4095,19,25
12,2,2,0,3,19,25
12,2,2,1,3,19,25
12,2,2,2,3,19,25
12,2,2,3,3,19,25
12,2,3,0,61,19,25
12,2,3,1,61,19,25
12,2,3,2,61,19,25
12,2,3,3,61,19,25
12,3,0,0,2,19,25
12,3,0,1,2,19,25
12,3,0,2,2,19,25
12,3,0,3,2,19,25
12,3,1,0,62,19,25
12,3,1,1,62,19,25
12,3,1,2,62,19,25
12,3,1,3,62,19,25
12,3,2,0,126,19,25
12,3,2,1,4095,19,25
12,3,2,2,4095,19,25
12,3,2,3,4095,19,25
12,3,3,0,190,19,25
12,3,3,1,4095,19,25
12,3,3,2,4095,19,25
12,3,3,3,4095,19,25
12,4,0,0,126,19,25
12,4,0,1,4095,19,25
12,4,0,2,4095,19,25
12,4,0,3,4095,19,25
12,4,1,0,62,19,25
12,4,1,1,62,19,25
12,4,1,2,62,19,25
12,4,1,3,62,19,25
12,4,2,0,2,19,25
12,4,2,1,2,19,25
12,4,2,2,2,19,25
12,4,2,3,2,19,25
12,4,3,0,66,19,25
12,4,3,1,4095,19,25
12,4,3,2,4095,19,25
12,4,3,3,4095,19,25
12,5,0,0,0,19,25
12,5,0,1,0,19,25
12,5,0,2,0,19,25
12,5,0,3,0,19,25
12,5,1,0,64,19,25
12,5,1,1,64,19,25
12,5,1,2,64,19,25
12,5,1,3,64,19,25
12,5,2,0,128,19,25
12,5,2,1,4095,19,25
12,5,2,2,4095,19,25
12,5,2,3,4095,19,25
12,5,3,0,192,19,25
12,5,3,1,4095,19,25
12,5,3,2,4095,19,25
12,5,3,3,4095,19,25
12,6,0,0,131,19,25
12,6,0,1,4095,19,25
12,6,0,2,4095,19,25
12,6,0,3,4095,19,25
12,6,1,0,67,19,25
12,6,1,1,4095,19,25
12,6,1,2,4095,19,25
12,6,1,3,4095,19,25
12,6,2,0,3,19,25
12,6,2,1,3,19,25
12,6,2,2,3,19,25
12,6,2,3,3,19,25
12,6,3,0,61,19,25
12,6,3,1,61,19,25
12,6,3,2,61,19,25
12,6,3,3,61,19,25
12,7,0,0,63,19,25
12,7,0,1,63,19,25
12,7,0,2,63,19,25
12,7,0,3,63,19,25
12,7,1,0,1,19,25
12,7,1,1,1,19,25
12,7,1,2,1,19,25
12,7,1,3,1,19,25
12,7,2,0,65,19,25
12,7,2,1,4095,19,25
12,7,2,2,4095,19,25
12,7,2,3,4095,19,25
12,7,3,0,129,19,25
12,7,3,1,4095,19,25
12,7,3,2,4095,19,25
12,7,3,3,4095,19,25
13,0,0,0,67,20,26
13,0,0,1,4095,20,26
13,0,0,2,4095,20,26
13,0,0,3,4095,20,26
13,0,1,0,3,20,26
13,0,1,1,3,20,26
13,0,1,2,3,20,26
13,0,1,3,3,20,26
13,0,2,0,61,20,26
13,0,2,1,61,20,26
13,0,2,2,61,20,26
13,0,2,3,61,20,26
13,0,3,0,125,20,26
13,0,3,1,4095,20,26
13,0,3,2,4095,20,26
13,0,3,3,4095,20,26
13,1,0,0,192,20,26
13,1,0,1,4095,20,26
13,1,0,2,4095,20,26
13,1,0,3,4095,20,26
13,1,1,0,128,20,26
13,1,1,1,4095,20,26
13,1,1,2,4095,20,26
13,1,1,3,4095,20,26
13,1,2,0,64,20,26
13,1,2,1,64,20,26
13,1,2,2,64,20,26
13,1,2,3,64,20,26
13,1,3,0,0,20,26
13,1,3,1,0,20,26
13,1,3,2,0,20,26
13,1,3,3,0,20,26
13,2,0,0,128,20,26
13,2,0,1,4095,20,26
13,2,0,2,4095,20,26
13,2,0,3,4095,20,26
13,2,1,0,64,20,26
13,2,1,1,64,20,26
13,2,1,2,64,20,26
13,2,1,3,64,20,26
13,2,2,0,0,20,26
13,2,2,1,0,20,26
13,2,2,2,0,20,26
13,2,2,3,0,20,26
13,2,3,0,64,20,26
13,2,3,1,4095,20,26
13,2,3,2,4095,20,26
13,2,3,3,4095,20,26
13,3,0,0,61,20,26
13,3,0,1,61,20,26
13,3,0,2,61,20,26
13,3,0,3,61,20,26
13,3,1,0,3,20,26
13,3,1,1,3,20,26
13,3,1,2,3,20,26
13,3,1,3,3,20,26
13,3,2,0,67,20,26
13,3,2,1,4095,20,26
13,3,2,2,4095,20,26
13,3,2,3,4095,20,26
13,3,3,0,131,20,26
13,3,3,1,4095,20,26
13,3,3,2,4095,20,26
13,3,3,3,4095,20,26
13,4,0,0,61,20,26
13,4,0,1,61,20,26
13,4,0,2,61,20,26
13,4,0,3,61,20,26
13,4,1,0,3,20,26
13,4,1,1,3,20,26
13,4,1,2,3,20,26
13,4,1,3,3,20,26
13,4,2,0,67,20,26
13,4,2,1,4095,20,26
13,4,2,2,4095,20,26
13,4,2,3,4095,20,26
13,4,3,0,131,20,26
13,4,3,1,4095,20,26
13,4,3,2,4095,20,26
13,4,3,3,4095,20,26
13,5,0,0,67,20,26
13,5,0,1,4095,20,26
13,5,0,2,4095,20,26
13,5,0,3,4095,20,26
13,5,1,0,3,20,26
13,5,1,1,3,20,26
13,5,1,2,3,20,26
13,5,1,3,3,20,26
13,5,2,0,61,20,26
13,5,2,1,61,20,26
13,5,2,2,61,20,26
13,5,2,3,61,20,26
13,5,3,0,125,20,26
13,5,3,1,4095,20,26
13,5,3,2,4095,20,26
13,5,3,3,4095,20,26
13,6,0,0,195,20,26
13,6,0,1,4095,20,26
13,6,0,2,4095,20,26
13,6,0,3,4095,20,26
13,6,1,0,131,20,26
13,6,1,1,4095,20,26
13,6,1,2,4095,20,26
13,6,1,3,4095,20,26
13,6,2,0,67,20,26
13,6,2,1,67,20,26
13,6,2,2,67,20,26
13,6,2,3,67,20,26
13,6,3,0,3,20,26
13,6,3,1,3,20,26
13,6,3,2,3,20,26
13,6,3,3,3,20,26
13,7,0,0,65,20,26
13,7,0,1,4095,20,26
13,7,0,2,4095,20,26
13,7,0,3,4095,20,26
13,7,1,0,1,20,26
13,7,1,1,1,20,26
13,7,1,2,1,20,26
13,7,1,3,1,20,26
13,7,2,0,63,20,26
13,7,2,1,63,20,26
13,7,2,2,63,20,26
13,7,2,3,63,20,26
13,7,3,0,127,20,26
13,7,3,1,4095,20,26
13,7,3,2,4095,20,26
13,7,3,3,4095,20,26
14,0,0,0,130,21,27
14,0,0,1,4095,21,27
14,0,0,2,4095,21,27
14,0,0,3,4095,21,27
14,0,1,0,66,21,27
14,0,1,1,4095,21,27
14,0,1,2,4095,21,27
14,0,1,3,4095,21,27
14,0,2,0,2,21,27
14,0,2,1,2,21,27
14,0,2,2,2,21,27
14,0,2,3,2,21,27
14,0,3,0,62,21,27
14,0,3,1,62,21,27
14,0,3,2,62,21,27
14,0,3,3,62,21,27
14,1,0,0,63,21,27
14,1,0,1,63,21,27
14,1,0,2,63,21,27
14,1,0,3,63,21,27
14,1,1,0,1,21,27
14,1,1,1,1,21,27
14,1,1,2,1,21,27
14,1,1,3,1,21,27
14,1,2,0,65,21,27
14,1,2,1,4095,21,27
14,1,2,2,4095,21,27
14,1,2,3,4095,21,27
14,1,3,0,129,21,27
14,1,3,1,4095,21,27
14,1,3,2,4095,21,27
14,1,3,3,4095,21,27
14,2,0,0,3,21,27
14,2,0,1,3,21,27
14,2,0,2,3,21,27
14,2,0,3,3,21,27
14,2,1,0,67,21,27
14,2,1,1,67,21,27
14,2,1,2,67,21,27
14,2,1,3,67,21,27
14,2,2,0,131,21,27
14,2,2,1,4095,21,27
14,2,2,2,4095,21,27
14,2,2,3,4095,21,27
14,2,3,0,195,21,27
14,2,3,1,4095,21,27
14,2,3,2,4095,21,27
14,2,3,3,4095,21,27
14,3,0,0,63,21,27
14,3,0,1,63,21,27
14,3,0,2,63,21,27
14,3,0,3,63,21,27
14,3,1,0,1,21,27
14,3,1,1,1,21,27
14,3,1,2,1,21,27
14,3,1,3,1,21,27
14,3,2,0,65,21,27
14,3,2,1,4095,21,27
14,3,2,2,4095,21,27
14,3,2,3,4095,21,27
14,3,3,0,129,21,27
14,3,3,1,4095,21,27
14,3,3,2,4095,21,27
14,3,3,3,4095,21,27
14,4,0,0,191,21,27
14,4,0,1,4095,21,27
14,4,0,2,4095,21,27
14,4,0,3,4095,21,27
14,4,1,0,127,21,27
14,4,1,1,4095,21,27
14,4,1,2,4095,21,27
14,4,1,3,4095,21,27
14,4,2,0,63,21,27
14,4,2,1,63,21,27
14,4,2,2,63,21,27
14,4,2,3,63,21,27
14,4,3,0,1,21,27
14,4,3,1,1,21,27
14,4,3,2,1,21,27
14,4,3,3,1,21,27
14,5,0,0,67,21,27
14,5,0,1,4095,21,27
14,5,0,2,4095,21,27
14,5,0,3,4095,21,27
14,5,1,0,3,21,27
14,5,1,1,3,21,27
14,5,1,2,3,21,27
14,5,1,3,3,21,27
14,5,2,0,61,21,27
14,5,2,1,61,21,27
14,5,2,2,61,21,27
14,5,2,3,61,21,27
14,5,3,0,125,21,27
14,5,3,1,4095,21,27
14,5,3,2,4095,21,27
14,5,3,3,4095,21,27
14,6,0,0,0,21,27
14,6,0,1,0,21,27
14,6,0,2,0,21,27
14,6,0,3,0,21,27
14,6,1,0,64,21,27
14,6,1,1,64,21,27
14,6,1,2,64,21,27
14,6,1,3,64,21,27
14,6,2,0,128,21,27
14,6,2,1,4095,21,27
14,6,2,2,4095,21,27
14,6,2,3,4095,21,27
14,6,3,0,192,21,27
14,6,3,1,4095,21,27
14,6,3,2,4095,21,27
14,6,3,3,4095,21,27
14,7,0,0,190,21,27
14,7,0,1,4095,21,27
14,7,0,2,4095,21,27
14,7,0,3,4095,21,27
14,7,1,0,126,21,27
14,7,1,1,4095,21,27
14,7,1,2,4095,21,27
14,7,1,3,4095,21,27
14,7,2,0,62,21,27
14,7,2,1,62,21,27
14,7,2,2,62,21,27
14,7,2,3,62,21,27
14,7,3,0,2,21,27
14,7,3,1,2,21,27
14,7,3,2,2,21,27
14,7,3,3,2,21,27
15,0,0,0,125,22,28
15,0,0,1,4095,22,28
15,0,0,2,4095,22,28
15,0,0,3,4095,22,28
15,0,1,0,61,22,28
15,0,1,1,61,22,28
15,0,1,2,61,22,28
15,0,1,3,61,22,28
15,0,2,0,3,22,28
15,0,2,1,3,22,28
15,0,2,2,3,22,28
15,0,2,3,3,22,28
15,0,3,0,67,22,28
15,0,3,1,4095,22,28
15,0,3,2,4095,22,28
15,0,3,3,4095,22,28
15,1,0,0,3,22,28
15,1,0,1,3,22,28
15,1,0,2,3,22,28
15,1,0,3,3,22,28
15,1,1,0,61,22,28
15,1,1,1,61,22,28
15,1,1,2,61,22,28
15,1,1,3,61,22,28
15,1,2,0,125,22,28
15,1,2,1,4095,22,28
15,1,2,2,4095,22,28
15,1,2,3,4095,22,28
15,1,3,0,189,22,28
15,1,3,1,4095,22,28
15,1,3,2,4095,22,28
15,1,3,3,4095,22,28
15,2,0,0,0,22,28
15,2,0,1,0,22,28
15,2,0,2,0,22,28
15,2,0,3,0,22,28
15,2,1,0,64,22,28
15,2,1,1,64,22,28
15,2,1,2,64,22,28
15,2,1,3,64,22,28
15,2,2,0,128,22,28
15,2,2,1,4095,22,28
15,2,2,2,4095,22,28
15,2,2,3,4095,22,28
15,2,3,0,192,22,28
15,2,3,1,4095,22,28
15,2,3,2,4095,22,28
15,2,3,3,4095,22,28
15,3,0,0,63,22,28
15,3,0,1,63,22,28
15,3,0,2,63,22,28
15,3,0,3,63,22,28
15,3,1,0,1,22,28
15,3,1,1,1,22,28
15,3,1,2,1,22,28
15,3,1,3,1,22,28
15,3,2,0,65,22,28
15,3,2,1,4095,22,28
15,3,2,2,4095,22,28
15,3,2,3,4095,22,28
15,3,3,0,129,22,28
15,3,3,1,4095,22,28
15,3,3,2,4095,22,28
15,3,3,3,4095,22,28
15,4,0,0,1,22,28
15,4,0,1,1,22,28
15,4,0,2,1,22,28
15,4,0,3,1,22,28
15,4,1,0,65,22,28
15,4,1,1,65,22,28
15,4,1,2,65,22,28
15,4,1,3,65,22,28
15,4,2,0,129,22,28
15,4,2,1,4095,22,28
15,4,2,2,4095,22,28
15,4,2,3,4095,22,28
15,4,3,0,193,22,28
15,4,3,1,4095,22,28
15,4,3,2,4095,22,28
15,4,3,3,4095,22,28
15,5,0,0,190,22,28
15,5,0,1,4095,22,28
15,5,0,2,4095,22,28
15,5,0,3,4095,22,28
15,5,1,0,126,22,28
15,5,1,1,4095,22,28
15,5,1,2,4095,22,28
15,5,1,3,4095,22,28
15,5,2,0,62,22,28
15,5,2,1,62,22,28
15,5,2,2,62,22,28
15,5,2,3,62,22,28
15,5,3,0,2,22,28
15,5,3,1,2,22,28
15,5,3,2,2,22,28
15,5,3,3,2,22,28
15,6,0,0,192,22,28
15,6,0,1,4095,22,28
15,6,0,2,4095,22,28
15,6,0,3,4095,22,28
15,6,1,0,128,22,28
15,6,1,1,4095,22,28
15,6,1,2,4095,22,28
15,6,1,3,4095,22,28
15,6,2,0,64,22,28
15,6,2,1,64,22,28
15,6,2,2,64,22,28
15,6,2,3,64,22,28
15,6,3,0,0,22,28
15,6,3,1,0,22,28
15,6,3,2,0,22,28
15,6,3,3,0,22,28
15,7,0,0,65,22,28
15,7,0,1,4095,22,28
15,7,0,2,4095,22,28
15,7,0,3,4095,22,28
15,7,1,0,1,22,28
15,7,1,1,1,22,28
15,7,1,2,1,22,28
15,7,1,3,1,22,28
15,7,2,0,63,22,28
15,7,2,1,63,22,28
15,7,2,2,63,22,28
15,7,2,3,63,22,28
15,7,3,0,127,22,28
15,7,3,1,4095,22,28
15,7,3,2,4095,22,28
15,7,3,3,4095,22,28
16,0,0,0,189,23,29
16,0,0,1,4095,23,29
16,0,0,2,4095,23,29
16,0,0,3,4095,23,29
16,0,1,0,125,23,29
16,0,1,1,4095,23,29
16,0,1,2,4095,23,29
16,0,1,3,4095,23,29
16,0,2,0,61,23,29
16,0,2,1,61,23,29
16,0,2,2,61,23,29
16,0,2,3,61,23,29
16,0,3,0,3,23,29
16,0,3,1,3,23,29
16,0,3,2,3,23,29
16,0,3,3,3,23,29
16,1,0,0,193,23,29
16,1,0,1,4095,23,29
16,1,0,2,4095,23,29
16,1,0,3,4095,23,29
16,1,1,0,129,23,29
16,1,1,1,4095,23,29
16,1,1,2,4095,23,29
16,1,1,3,4095,23,29
16,1,2,0,65,23,29
16,1,2,1,65,23,29
16,1,2,2,65,23,29
16,1,2,3,65,23,29
16,1,3,0,1,23,29
16,1,3,1,1,23,29
16,1,3,2,1,23,29
16,1,3,3,1,23,29
16,2,0,0,194,23,29
16,2,0,1,4095,23,29
16,2,0,2,4095,23,29
16,2,0,3,4095,23,29
16,2,1,0,130,23,29
16,2,1,1,4095,23,29
16,2,1,2,4095,23,29
16,2,1,3,4095,23,29
16,2,2,0,66,23,29
16,2,2,1,66,23,29
16,2,2,2,66,23,29
16,2,2,3,66,23,29
16,2,3,0,2,23,29
16,2,3,1,2,23,29
16,2,3,2,2,23,29
16,2,3,3,2,23,29
16,3,0,0,190,23,29
16,3,0,1,4095,23,29
16,3,0,2,4095,23,29
16,3,0,3,4095,23,29
16,3,1,0,126,23,29
16,3,1,1,4095,23,29
16,3,1,2,4095,23,29
16,3,1,3,4095,23,29
16,3,2,0,62,23,29
16,3,2,1,62,23,29
16,3,2,2,62,23,29
16,3,2,3,62,23,29
16,3,3,0,2,23,29
16,3,3,1,2,23,29
16,3,3,2,2,23,29
16,3,3,3,2,23,29
16,4,0,0,128,23,29
16,4,0,1,4095,23,29
16,4,0,2,4095,23,29
16,4,0,3,4095,23,29
16,4,1,0,64,23,29
16,4,1,1,64,23,29
16,4,1,2,64,23,29
16,4,1,3,64,23,29
16,4,2,0,0,23,29
16,4,2,1,0,23,29
16,4,2,2,0,23,29
16,4,2,3,0,23,29
16,4,3,0,64,23,29
16,4,3,1,4095,23,29
16,4,3,2,4095,23,29
16,4,3,3,4095,23,29
16,5,0,0,193,23,29
16,5,0,1,4095,23,29
16,5,0,2,4095,23,29
16,5,0,3,4095,23,29
16,5,1,0,129,23,29
16,5,1,1,4095,23,29
16,5,1,2,4095,23,29
16,5,1,3,4095,23,29
16,5,2,0,65,23,29
16,5,2,1,65,23,29
16,5,2,2,65,23,29
16,5,2,3,65,23,29
16,5,3,0,1,23,29
16,5,3,1,1,23,29
16,5,3,2,1,23,29
16,5,3,3,1,23,29
16,6,0,0,64,23,29
16,6,0,1,64,23,29
16,6,0,2,64,23,29
16,6,0,3,64,23,29
16,6,1,0,0,23,29
16,6,1,1,0,23,29
16,6,1,2,0,23,29
16,6,1,3,0,23,29
16,6,2,0,64,23,29
16,6,2,1,4095,23,29
16,6,2,2,4095,23,29
16,6,2,3,4095,23,29
16,6,3,0,128,23,29
16,6,3,1,4095,23,29
16,6,3,2,4095,23,29
16,6,3,3,4095,23,29
16,7,0,0,194,23,29
16,7,0,1,4095,23,29
16,7,0,2,4095,23,29
16,7,0,3,4095,23,29
16,7,1,0,130,23,29
16,7,1,1,4095,23,29
16,7,1,2,4095,23,29
16,7,1,3,4095,23,29
16,7,2,0,66,23,29
16,7,2,1,66,23,29
16,7,2,2,66,23,29
16,7,2,3,66,23,29
16,7,3,0,2,23,29
16,7,3,1,2,23,29
16,7,3,2,2,23,29
16,7,3,3,2,23,29
17,0,0,0,192,24,30
17,0,0,1,4095,24,30
17,0,0,2,4095,24,30
17,0,0,3,4095,24,30
17,0,1,0,128,24,30
17,0,1,1,4095,24,30
17,0,1,2,4095,24,30
17,0,1,3,4095,24,30
17,0,2,0,64,24,30
17,0,2,1,64,24,30
17,0,2,2,64,24,30
17,0,2,3,64,24,30
17,0,3,0,0,24,30
17,0,3,1,0,24,30
17,0,3,2,0,24,30
17,0,3,3,0,24,30
17,1,0,0,130,24,30
17,1,0,1,4095,24,30
17,1,0,2,4095,24,30
17,1,0,3,4095,24,30
17,1,1,0,66,24,30
17,1,1,1,4095,24,30
17,1,1,2,4095,24,30
17,1,1,3,4095,24,30
17,1,2,0,2,24,30
17,1,2,1,2,24,30
17,1,2,2,2,24,30
17,1,2,3,2,24,30
17,1,3,0,62,24,30
17,1,3,1,62,24,30
17,1,3,2,62,24,30
17,1,3,3,62,24,30
17,2,0,0,193,24,30
17,2,0,1,4095,24,30
17,2,0,2,4095,24,30
17,2,0,3,4095,24,30
17,2,1,0,129,24,30
17,2,1,1,4095,24,30
17,2,1,2,4095,24,30
17,2,1,3,4095,24,30
17,2,2,0,65,24,30
17,2,2,1,65,24,30
17,2,2,2,65,24,30
17,2,2,3,65,24,30
17,2,3,0,1,24,30
17,2,3,1,1,24,30
17,2,3,2,1,24,30
17,2,3,3,1,24,30
17,3,0,0,67,24,30
17,3,0,1,4095,24,30
17,3,0,2,4095,24,30
17,3,0,3,4095,24,30
17,3,1,0,3,24,30
17,3,1,1,3,24,30
17,3,1,2,3,24,30
17,3,1,3,3,24,30
17,3,2,0,61,24,30
17,3,2,1,61,24,30
17,3,2,2,61,24,30
17,3,2,3,61,24,30
17,3,3,0,125,24,30
17,3,3,1,4095,24,30
17,3,3,2,4095,24,30
17,3,3,3,4095,24,30
17,4,0,0,3,24,30
17,4,0,1,3,24,30
17,4,0,2,3,24,30
17,4,0,3,3,24,30
17,4,1,0,61,24,30
17,4,1,1,61,24,30
17,4,1,2,61,24,30
17,4,1,3,61,24,30
17,4,2,0,125,24,30
17,4,2,1,4095,24,30
17,4,2,2,4095,24,30
17,4,2,3,4095,24,30
17,4,3,0,189,24,30
17,4,3,1,4095,24,30
17,4,3,2,4095,24,30
17,4,3,3,4095,24,30
17,5,0,0,64,24,30
17,5,0,1,64,24,30
17,5,0,2,64,24,30
17,5,0,3,64,24,30
17,5,1,0,0,24,30
17,5,1,1,0,24,30
17,5,1,2,0,24,30
17,5,1,3,0,24,30
17,5,2,0,64,24,30
17,5,2,1,4095,24,30
17,5,2,2,4095,24,30
17,5,2,3,4095,24,30
17,5,3,0,128,24,30
17,5,3,1,4095,24,30
17,5,3,2,4095,24,30
17,5,3,3,4095,24,30
17,6,0,0,194,24,30
17,6,0,1,4095,24,30
17,6,0,2,4095,24,30
17,6,0,3,4095,24,30
17,6,1,0,130,24,30
17,6,1,1,4095,24,30
17,6,1,2,4095,24,30
17,6,1,3,4095,24,30
17,6,2,0,66,24,30
17,6,2,1,66,24,30
17,6,2,2,66,24,30
17,6,2,3,66,24,30
17,6,3,0,2,24,30
17,6,3,1,2,24,30
17,6,3,2,2,24,30
17,6,3,3,2,24,30
17,7,0,0,195,24,30
17,7,0,1,4095,24,30
17,7,0,2,4095,24,30
17,7,0,3,4095,24,30
17,7,1,0,131,24,30
17,7,1,1,4095,24,30
17,7,1,2,4095,24,30
17,7,1,3,4095,24,30
17,7,2,0,67,24,30
17,7,2,1,67,24,30
17,7,2,2,67,24,30
17,7,2,3,67,24,30
17,7,3,0,3,24,30
17,7,3,1,3,24,30
17,7,3,2,3,24,30
17,7,3,3,3,24,30
18,0,0,0,61,25,31
18,0,0,1,61,25,31
18,0,0,2,61,25,31
18,0,0,3,61,25,31
18,0,1,0,3,25,31
18,0,1,1,3,25,31
18,0,1,2,3,25,31
18,0,1,3,3,25,31
18,0,2,0,67,25,31
18,0,2,1,4095,25,31
18,0,2,2,4095,25,31
18,0,2,3,4095,25,31
18,0,3,0,131,25,31
18,0,3,1,4095,25,31
18,0,3,2,4095,25,31
18,0,3,3,4095,25,31
18,1,0,0,192,25,31
18,1,0,1,4095,25,31
18,1,0,2,4095,25,31
18,1,0,3,4095,25,31
18,1,1,0,128,25,31
18,1,1,1,4095,25,31
18,1,1,2,4095,25,31
18,1,1,3,4095,25,31
18,1,2,0,64,25,31
18,1,2,1,64,25,31
18,1,2,2,64,25,31
18,1,2,3,64,25,31
18,1,3,0,0,25,31
18,1,3,1,0,25,31
18,1,3,2,0,25,31
18,1,3,3,0,25,31
18,2,0,0,128,25,31
18,2,0,1,4095,25,31
18,2,0,2,4095,25,31
18,2,0,3,4095,25,31
18,2,1,0,64,25,31
18,2,1,1,64,25,31
18,2,1,2,64,25,31
18,2,1,3,64,25,31
18,2,2,0,0,25,31
18,2,2,1,0,25,31
18,2,2,2,0,25,31
18,2,2,3,0,25,31
18,2,3,0,64,25,31
18,2,3,1,4095,25,31
18,2,3,2,4095,25,31
18,2,3,3,4095,25,31
18,3,0,0,3,25,31
18,3,0,1,3,25,31
18,3,0,2,3,25,31
18,3,0,3,3,25,31
18,3,1,0,67,25,31
18,3,1,1,67,25,31
18,3,1,2,67,25,31
18,3,1,3,67,25,31
18,3,2,0,131,25,31
18,3,2,1,4095,25,31
18,3,2,2,4095,25,31
18,3,2,3,4095,25,31
18,3,3,0,195,25,31
18,3,3,1,4095,25,31
18,3,3,2,4095,25,31
18,3,3,3,4095,25,31
18,4,0,0,194,25,31
18,4,0,1,4095,25,31
18,4,0,2,4095,25,31
18,4,0,3,4095,25,31
18,4,1,0,130,25,31
18,4,1,1,4095,25,31
18,4,1,2,4095,25,31
18,4,1,3,4095,25,31
18,4,2,0,66,25,31
18,4,2,1,66,25,31
18,4,2,2,66,25,31
18,4,2,3,66,25,31
18,4,3,0,2,25,31
18,4,3,1,2,25,31
18,4,3,2,2,25,31
18,4,3,3,2,25,31
18,5,0,0,67,25,31
18,5,0,1,4095,25,31
18,5,0,2,4095,25,31
18,5,0,3,4095,25,31
18,5,1,0,3,25,31
18,5,1,1,3,25,31
18,5,1,2,3,25,31
18,5,1,3,3,25,31
18,5,2,0,61,25,31
18,5,2,1,61,25,31
18,5,2,2,61,25,31
18,5,2,3,61,25,31
18,5,3,0,125,25,31
18,5,3,1,4095,25,31
18,5,3,2,4095,25,31
18,5,3,3,4095,25,31
18,6,0,0,131,25,31
18,6,0,1,4095,25,31
18,6,0,2,4095,25,31
18,6,0,3,4095,25,31
18,6,1,0,67,25,31
18,6,1,1,4095,25,31
18,6,1,2,4095,25,31
18,6,1,3,4095,25,31
18,6,2,0,3,25,31
18,6,2,1,3,25,31
18,6,2,2,3,25,31
18,6,2,3,3,25,31
18,6,3,0,61,25,31
18,6,3,1,61,25,31
18,6,3,2,61,25,31
18,6,3,3,61,25,31
18,7,0,0,65,25,31
18,7,0,1,4095,25,31
18,7,0,2,4095,25,31
18,7,0,3,4095,25,31
18,7,1,0,1,25,31
18,7,1,1,1,25,31
18,7,1,2,1,25,31
18,7,1,3,1,25,31
18,7,2,0,63,25,31
18,7,2,1,63,25,31
18,7,2,2,63,25,31
18,7,2,3,63,25,31
18,7,3,0,127,25,31
18,7,3,1,4095,25,31
18,7,3,2,4095,25,31
18,7,3,3,4095,25,31
19,0,0,0,1,26,32
19,0,0,1,1,26,32
19,0,0,2,1,26,32
19,0,0,3,1,26,32
19,0,1,0,63,26,32
19,0,1,1,63,26,32
19,0,1,2,63,26,32
19,0,1,3,63,26,32
19,0,2,0,127,26,32
19,0,2,1,4095,26,32
19,0,2,2,4095,26,32
19,0,2,3,4095,26,32
19,0,3,0,191,26,32
19,0,3,1,4095,26,32
19,0,3,2,4095,26,32
19,0,3,3,4095,26,32
19,1,0,0,130,26,32
19,1,0,1,4095,26,32
19,1,0,2,4095,26,32
19,1,0,3,4095,26,32
19,1,1,0,66,26,32
19,1,1,1,4095,26,32
19,1,1,2,4095,26,32
19,1,1,3,4095,26,32
19,1,2,0,2,26,32
19,1,2,1,2,26,32
19,1,2,2,2,26,32
19,1,2,3,2,26,32
19,1,3,0,62,26,32
19,1,3,1,62,26,32
19,1,3,2,62,26,32
19,1,3,3,62,26,32
19,2,0,0,3,26,32
19,2,0,1,3,26,32
19,2,0,2,3,26,32
19,2,0,3,3,26,32
19,2,1,0,67,26,32
19,2,1,1,67,26,32
19,2,1,2,67,26,32
19,2,1,3,67,26,32
19,2,2,0,131,26,32
19,2,2,1,4095,26,32
19,2,2,2,4095,26,32
19,2,2,3,4095,26,32
19,2,3,0,195,26,32
19,2,3,1,4095,26,32
19,2,3,2,4095,26,32
19,2,3,3,4095,26,32
19,3,0,0,128,26,32
19,3,0,1,4095,26,32
19,3,0,2,4095,26,32
19,3,0,3,4095,26,32
19,3,1,0,64,26,32
19,3,1,1,64,26,32
19,3,1,2,64,26,32
19,3,1,3,64,26,32
19,3,2,0,0,26,32
19,3,2,1,0,26,32
19,3,2,2,0,26,32
19,3,2,3,0,26,32
19,3,3,0,64,26,32
19,3,3,1,4095,26,32
19,3,3,2,4095,26,32
19,3,3,3,4095,26,32
19,4,0,0,131,26,32
19,4,0,1,4095,26,32
19,4,0,2,4095,26,32
19,4,0,3,4095,26,32
19,4,1,0,67,26,32
19,4,1,1,4095,26,32
19,4,1,2,4095,26,32
19,4,1,3,4095,26,32
19,4,2,0,3,26,32
19,4,2,1,3,26,32
19,4,2,2,3,26,32
19,4,2,3,3,26,32
19,4,3,0,61,26,32
19,4,3,1,61,26,32
19,4,3,2,61,26,32
19,4,3,3,61,26,32
19,5,0,0,0,26,32
19,5,0,1,0,26,32
19,5,0,2,0,26,32
19,5,0,3,0,26,32
19,5,1,0,64,26,32
19,5,1,1,64,26,32
19,5,1,2,64,26,32
19,5,1,3,64,26,32
19,5,2,0,128,26,32
19,5,2,1,4095,26,32
19,5,2,2,4095,26,32
19,5,2,3,4095,26,32
19,5,3,0,192,26,32
19,5,3,1,4095,26,32
19,5,3,2,4095,26,32
19,5,3,3,4095,26,32
19,6,0,0,67,26,32
19,6,0,1,4095,26,32
19,6,0,2,4095,26,32
19,6,0,3,4095,26,32
19,6,1,0,3,26,32
19,6,1,1,3,26,32
19,6,1,2,3,26,32
19,6,1,3,3,26,32
19,6,2,0,61,26,32
19,6,2,1,61,26,32
19,6,2,2,61,26,32
19,6,2,3,61,26,32
19,6,3,0,125,26,32
19,6,3,1,4095,26,32
19,6,3,2,4095,26,32
19,6,3,3,4095,26,32
19,7,0,0,64,26,32
19,7,0,1,64,26,32
19,7,0,2,64,26,32
19,7,0,3,64,26,32
19,7,1,0,0,26,32
19,7,1,1,0,26,32
19,7,1,2,0,26,32
19,7,1,3,0,26,32
19,7,2,0,64,26,32
19,7,2,1,4095,26,32
19,7,2,2,4095,26,32
19,7,2,3,4095,26,32
19,7,3,0,128,26,32
19,7,3,1,4095,26,32
19,7,3,2,4095,26,32
19,7,3,3,4095,26,32
20,0,0,0,194,27,33
20,0,0,1,4095,27,33
20,0,0,2,4095,27,33
20,0,0,3,4095,27,33
20,0,1,0,130,27,33
20,0,1,1,4095,27,33
20,0,1,2,4095,27,33
20,0,1,3,4095,27,33
20,0,2,0,66,27,33
20,0,2,1,66,27,33
20,0,2,2,66,27,33
20,0,2,3,66,27,33
20,0,3,0,2,27,33
20,0,3,1,2,27,33
20,0,3,2,2,27,33
20,0,3,3,2,27,33
20,1,0,0,0,27,33
20,1,0,1,0,27,33
20,1,0,2,0,27,33
20,1,0,3,0,27,33
20,1,1,0,64,27,33
20,1,1,1,64,27,33
20,1,1,2,64,27,33
20,1,1,3,64,27,33
20,1,2,0,128,27,33
20,1,2,1,4095,27,33
20,1,2,2,4095,27,33
20,1,2,3,4095,27,33
20,1,3,0,192,27,33
20,1,3,1,4095,27,33
20,1,3,2,4095,27,33
20,1,3,3,4095,27,33
20,2,0,0,0,27,33
20,2,0,1,0,27,33
20,2,0,2,0,27,33
20,2,0,3,0,27,33
20,2,1,0,64,27,33
20,2,1,1,64,27,33
20,2,1,2,64,27,33
20,2,1,3,64,27,33
20,2,2,0,128,27,33
20,2,2,1,4095,27,33
20,2,2,2,4095,27,33
20,2,2,3,4095,27,33
20,2,3,0,192,27,33
20,2,3,1,4095,27,33
20,2,3,2,4095,27,33
20,2,3,3,4095,27,33
20,3,0,0,190,27,33
20,3,0,1,4095,27,33
20,3,0,2,4095,27,33
20,3,0,3,4095,27,33
20,3,1,0,126,27,33
20,3,1,1,4095,27,33
20,3,1,2,4095,27,33
20,3,1,3,4095,27,33
20,3,2,0,62,27,33
20,3,2,1,62,27,33
20,3,2,2,62,27,33
20,3,2,3,62,27,33
20,3,3,0,2,27,33
20,3,3,1,2,27,33
20,3,3,2,2,27,33
20,3,3,3,2,27,33
20,4,0,0,63,27,33
20,4,0,1,63,27,33
20,4,0,2,63,27,33
20,4,0,3,63,27,33
20,4,1,0,1,27,33
20,4,1,1,1,27,33
20,4,1,2,1,27,33
20,4,1,3,1,27,33
20,4,2,0,65,27,33
20,4,2,1,4095,27,33
20,4,2,2,4095,27,33
20,4,2,3,4095,27,33
20,4,3,0,129,27,33
20,4,3,1,4095,27,33
20,4,3,2,4095,27,33
20,4,3,3,4095,27,33
20,5,0,0,1,27,33
20,5,0,1,1,27,33
20,5,0,2,1,27,33
20,5,0,3,1,27,33
20,5,1,0,63,27,33
20,5,1,1,63,27,33
20,5,1,2,63,27,33
20,5,1,3,63,27,33
20,5,2,0,127,27,33
20,5,2,1,4095,27,33
20,5,2,2,4095,27,33
20,5,2,3,4095,27,33
20,5,3,0,191,27,33
20,5,3,1,4095,27,33
20,5,3,2,4095,27,33
20,5,3,3,4095,27,33
20,6,0,0,127,27,33
20,6,0,1,4095,27,33
20,6,0,2,4095,27,33
20,6,0,3,4095,27,33
20,6,1,0,63,27,33
20,6,1,1,63,27,33
20,6,1,2,63,27,33
20,6,1,3,63,27,33
20,6,2,0,1,27,33
20,6,2,1,1,27,33
20,6,2,2,1,27,33
20,6,2,3,1,27,33
20,6,3,0,65,27,33
20,6,3,1,4095,27,33
20,6,3,2,4095,27,33
20,6,3,3,4095,27,33
20,7,0,0,2,27,33
20,7,0,1,2,27,33
20,7,0,2,2,27,33
20,7,0,3,2,27,33
20,7,1,0,62,27,33
20,7,1,1,62,27,33
20,7,1,2,62,27,33
20,7,1,3,62,27,33
20,7,2,0,126,27,33
20,7,2,1,4095,27,33
20,7,2,2,4095,27,33
20,7,2,3,4095,27,33
20,7,3,0,190,27,33
20,7,3,1,4095,27,33
20,7,3,2,4095,27,33
20,7,3,3,4095,27,33
21,0,0,0,191,28,34
21,0,0,1,4095,28,34
21,0,0,2,4095,28,34
21,0,0,3,4095,28,34
21,0,1,0,127,28,34
21,0,1,1,4095,28,34
21,0,1,2,4095,28,34
21,0,1,3,4095,28,34
21,0,2,0,63,28,34
21,0,2,1,63,28,34
21,0,2,2,63,28,34
21,0,2,3,63,28,34
21,0,3,0,1,28,34
21,0,3,1,1,28,34
21,0,3,2,1,28,34
21,0,3,3,1,28,34
21,1,0,0,0,28,34
21,1,0,1,0,28,34
21,1,0,2,0,28,34
21,1,0,3,0,28,34
21,1,1,0,64,28,34
21,1,1,1,64,28,34
21,1,1,2,64,28,34
21,1,1,3,64,28,34
21,1,2,0,128,28,34
21,1,2,1,4095,28,34
21,1,2,2,4095,28,34
21,1,2,3,4095,28,34
21,1,3,0,192,28,34
21,1,3,1,4095,28,34
21,1,3,2,4095,28,34
21,1,3,3,4095,28,34
21,2,0,0,1,28,34
21,2,0,1,1,28,34
21,2,0,2,1,28,34
21,2,0,3,1,28,34
21,2,1,0,65,28,34
21,2,1,1,65,28,34
21,2,1,2,65,28,34
21,2,1,3,65,28,34
21,2,2,0,129,28,34
21,2,2,1,4095,28,34
21,2,2,2,4095,28,34
21,2,2,3,4095,28,34
21,2,3,0,193,28,34
21,2,3,1,4095,28,34
21,2,3,2,4095,28,34
21,2,3,3,4095,28,34
21,3,0,0,130,28,34
21,3,0,1,4095,28,34
21,3,0,2,4095,28,34
21,3,0,3,4095,28,34
21,3,1,0,66,28,34
21,3,1,1,4095,28,34
21,3,1,2,4095,28,34
21,3,1,3,4095,28,34
21,3,2,0,2,28,34
21,3,2,1,2,28,34
21,3,2,2,2,28,34
21,3,2,3,2,28,34
21,3,3,0,62,28,34
21,3,3,1,62,28,34
21,3,3,2,62,28,34
21,3,3,3,62,28,34
21,4,0,0,125,28,34
21,4,0,1,4095,28,34
21,4,0,2,4095,28,34
21,4,0,3,4095,28,34
21,4,1,0,61,28,34
21,4,1,1,61,28,34
21,4,1,2,61,28,34
21,4,1,3,61,28,34
21,4,2,0,3,28,34
21,4,2,1,3,28,34
21,4,2,2,3,28,34
21,4,2,3,3,28,34
21,4,3,0,67,28,34
21,4,3,1,4095,28,34
21,4,3,2,4095,28,34
21,4,3,3,4095,28,34
21,5,0,0,2,28,34
21,5,0,1,2,28,34
21,5,0,2,2,28,34
21,5,0,3,2,28,34
21,5,1,0,66,28,34
21,5,1,1,66,28,34
21,5,1,2,66,28,34
21,5,1,3,66,28,34
21,5,2,0,130,28,34
21,5,2,1,4095,28,34
21,5,2,2,4095,28,34
21,5,2,3,4095,28,34
21,5,3,0,194,28,34
21,5,3,1,4095,28,34
21,5,3,2,4095,28,34
21,5,3,3,4095,28,34
21,6,0,0,128,28,34
21,6,0,1,4095,28,34
21,6,0,2,4095,28,34
21,6,0,3,4095,28,34
21,6,1,0,64,28,34
21,6,1,1,64,28,34
21,6,1,2,64,28,34
21,6,1,3,64,28,34
21,6,2,0,0,28,34
21,6,2,1,0,28,34
21,6,2,2,0,28,34
21,6,2,3,0,28,34
21,6,3,0,64,28,34
21,6,3,1,4095,28,34
21,6,3,2,4095,28,34
21,6,3,3,4095,28,34
21,7,0,0,67,28,34
21,7,0,1,4095,28,34
21,7,0,2,4095,28,34
21,7,0,3,4095,28,34
21,7,1,0,3,28,34
21,7,1,1,3,28,34
21,7,1,2,3,28,34
21,7,1,3,3,28,34
21,7,2,0,61,28,34
21,7,2,1,61,28,34
21,7,2,2,61,28,34
21,7,2,3,61,28,34
21,7,3,0,125,28,34
21,7,3,1,4095,28,34
21,7,3,2,4095,28,34
21,7,3,3,4095,28,34
22,0,0,0,130,29,35
22,0,0,1,4095,29,35
22,0,0,2,4095,29,35
22,0,0,3,4095,29,35
22,0,1,0,66,29,35
22,0,1,1,4095,29,35
22,0,1,2,4095,29,35
22,0,1,3,4095,29,35
22,0,2,0,2,29,35
22,0,2,1,2,29,35
22,0,2,2,2,29,35
22,0,2,3,2,29,35
22,0,3,0,62,29,35
22,0,3,1,62,29,35
22,0,3,2,62,29,35
22,0,3,3,62,29,35
22,1,0,0,65,29,35
22,1,0,1,4095,29,35
22,1,0,2,4095,29,35
22,1,0,3,4095,29,35
22,1,1,0,1,29,35
22,1,1,1,1,29,35
22,1,1,2,1,29,35
22,1,1,3,1,29,35
22,1,2,0,63,29,35
22,1,2,1,63,29,35
22,1,2,2,63,29,35
22,1,2,3,63,29,35
22,1,3,0,127,29,35
22,1,3,1,4095,29,35
22,1,3,2,4095,29,35
22,1,3,3,4095,29,35
22,2,0,0,1,29,35
22,2,0,1,1,29,35
22,2,0,2,1,29,35
22,2,0,3,1,29,35
22,2,1,0,63,29,35
22,2,1,1,63,29,35
22,2,1,2,63,29,35
22,2,1,3,63,29,35
22,2,2,0,127,29,35
22,2,2,1,4095,29,35
22,2,2,2,4095,29,35
22,2,2,3,4095,29,35
22,2,3,0,191,29,35
22,2,3,1,4095,29,35
22,2,3,2,4095,29,35
22,2,3,3,4095,29,35
22,3,0,0,0,29,35
22,3,0,1,0,29,35
22,3,0,2,0,29,35
22,3,0,3,0,29,35
22,3,1,0,64,29,35
22,3,1,1,64,29,35
22,3,1,2,64,29,35
22,3,1,3,64,29,35
22,3,2,0,128,29,35
22,3,2,1,4095,29,35
22,3,2,2,4095,29,35
22,3,2,3,4095,29,35
22,3,3,0,192,29,35
22,3,3,1,4095,29,35
22,3,3,2,4095,29,35
22,3,3,3,4095,29,35
22,4,0,0,1,29,35
22,4,0,1,1,29,35
22,4,0,2,1,29,35
22,4,0,3,1,29,35
22,4,1,0,65,29,35
22,4,1,1,65,29,35
22,4,1,2,65,29,35
22,4,1,3,65,29,35
22,4,2,0,129,29,35
22,4,2,1,4095,29,35
22,4,2,2,4095,29,35
22,4,2,3,4095,29,35
22,4,3,0,193,29,35
22,4,3,1,4095,29,35
22,4,3,2,4095,29,35
22,4,3,3,4095,29,35
22,5,0,0,191,29,35
22,5,0,1,4095,29,35
22,5,0,2,4095,29,35
22,5,0,3,4095,29,35
22,5,1,0,127,29,35
22,5,1,1,4095,29,35
22,5,1,2,4095,29,35
22,5,1,3,4095,29,35
22,5,2,0,63,29,35
22,5,2,1,63,29,35
22,5,2,2,63,29,35
22,5,2,3,63,29,35
22,5,3,0,1,29,35
22,5,3,1,1,29,35
22,5,3,2,1,29,35
22,5,3,3,1,29,35
22,6,0,0,66,29,35
22,6,0,1,4095,29,35
22,6,0,2,4095,29,35
22,6,0,3,4095,29,35
22,6,1,0,2,29,35
22,6,1,1,2,29,35
22,6,1,2,2,29,35
22,6,1,3,2,29,35
22,6,2,0,62,29,35
22,6,2,1,62,29,35
22,6,2,2,62,29,35
22,6,2,3,62,29,35
22,6,3,0,126,29,35
22,6,3,1,4095,29,35
22,6,3,2,4095,29,35
22,6,3,3,4095,29,35
22,7,0,0,189,29,35
22,7,0,1,4095,29,35
22,7,0,2,4095,29,35
22,7,0,3,4095,29,35
22,7,1,0,125,29,35
22,7,1,1,4095,29,35
22,7,1,2,4095,29,35
22,7,1,3,4095,29,35
22,7,2,0,61,29,35
22,7,2,1,61,29,35
22,7,2,2,61,29,35
22,7,2,3,61,29,35
22,7,3,0,3,29,35
22,7,3,1,3,29,35
22,7,3,2,3,29,35
22,7,3,3,3,29,35
23,0,0,0,189,30,36
23,0,0,1,4095,30,36
23,0,0,2,4095,30,36
23,0,0,3,4095,30,36
23,0,1,0,125,30,36
23,0,1,1,4095,30,36
23,0,1,2,4095,30,36
23,0,1,3,4095,30,36
23,0,2,0,61,30,36
23,0,2,1,61,30,36
23,0,2,2,61,30,36
23,0,2,3,61,30,36
23,0,3,0,3,30,36
23,0,3,1,3,30,36
23,0,3,2,3,30,36
23,0,3,3,3,30,36
23,1,0,0,0,30,36
23,1,0,1,0,30,36
23,1,0,2,0,30,36
23,1,0,3,0,30,36
23,1,1,0,64,30,36
23,1,1,1,64,30,36
23,1,1,2,64,30,36
23,1,1,3,64,30,36
23,1,2,0,128,30,36
23,1,2,1,4095,30,36
23,1,2,2,4095,30,36
23,1,2,3,4095,30,36
23,1,3,0,192,30,36
23,1,3,1,4095,30,36
23,1,3,2,4095,30,36
23,1,3,3,4095,30,36
23,2,0,0,2,30,36
23,2,0,1,2,30,36
23,2,0,2,2,30,36
23,2,0,3,2,30,36
23,2,1,0,62,30,36
23,2,1,1,62,30,36
23,2,1,2,62,30,36
23,2,1,3,62,30,36
23,2,2,0,126,30,36
23,2,2,1,4095,30,36
23,2,2,2,4095,30,36
23,2,2,3,4095,30,36
23,2,3,0,190,30,36
23,2,3,1,4095,30,36
23,2,3,2,4095,30,36
23,2,3,3,4095,30,36
23,3,0,0,67,30,36
23,3,0,1,4095,30,36
23,3,0,2,4095,30,36
23,3,0,3,4095,30,36
23,3,1,0,3,30,36
23,3,1,1,3,30,36
23,3,1,2,3,30,36
23,3,1,3,3,30,36
23,3,2,0,61,30,36
23,3,2,1,61,30,36
23,3,2,2,61,30,36
23,3,2,3,61,30,36
23,3,3,0,125,30,36
23,3,3,1,4095,30,36
23,3,3,2,4095,30,36
23,3,3,3,4095,30,36
23,4,0,0,192,30,36
23,4,0,1,4095,30,36
23,4,0,2,4095,30,36
23,4,0,3,4095,30,36
23,4,1,0,128,30,36
23,4,1,1,4095,30,36
23,4,1,2,4095,30,36
23,4,1,3,4095,30,36
23,4,2,0,64,30,36
23,4,2,1,64,30,36
23,4,2,2,64,30,36
23,4,2,3,64,30,36
23,4,3,0,0,30,36
23,4,3,1,0,30,36
23,4,3,2,0,30,36
23,4,3,3,0,30,36
23,5,0,0,61,30,36
23,5,0,1,61,30,36
23,5,0,2,61,30,36
23,5,0,3,61,30,36
23,5,1,0,3,30,36
23,5,1,1,3,30,36
23,5,1,2,3,30,36
23,5,1,3,3,30,36
23,5,2,0,67,30,36
23,5,2,1,4095,30,36
23,5,2,2,4095,30,36
23,5,2,3,4095,30,36
23,5,3,0,131,30,36
23,5,3,1,4095,30,36
23,5,3,2,4095,30,36
23,5,3,3,4095,30,36
23,6,0,0,128,30,36
23,6,0,1,4095,30,36
23,6,0,2,4095,30,36
23,6,0,3,4095,30,36
23,6,1,0,64,30,36
23,6,1,1,64,30,36
23,6,1,2,64,30,36
23,6,1,3,64,30,36
23,6,2,0,0,30,36
23,6,2,1,0,30,36
23,6,2,2,0,30,36
23,6,2,3,0,30,36
23,6,3,0,64,30,36
23,6,3,1,4095,30,36
23,6,3,2,4095,30,36
23,6,3,3,4095,30,36
23,7,0,0,63,30,36
23,7,0,1,63,30,36
23,7,0,2,63,30,36
23,7,0,3,63,30,36
23,7,1,0,1,30,36
23,7,1,1,1,30,36
23,7,1,2,1,30,36
23,7,1,3,1,30,36
23,7,2,0,65,30,36
23,7,2,1,4095,30,36
23,7,2,2,4095,30,36
23,7,2,3,4095,30,36
23,7,3,0,129,30,36
23,7,3,1,4095,30,36
23,7,3,2,4095,30,36
23,7,3,3,4095,30,36
24,0,0,0,3,31,37
24,0,0,1,3,31,37
24,0,0,2,3,31,37
24,0,0,3,3,31,37
24,0,1,0,67,31,37
24,0,1,1,67,31,37
24,0,1,2,67,31,37
24,0,1,3,67,31,37
24,0,2,0,131,31,37
24,0,2,1,4095,31,37
24,0,2,2,4095,31,37
24,0,2,3,4095,31,37
24,0,3,0,195,31,37
24,0,3,1,4095,31,37
24,0,3,2,4095,31,37
24,0,3,3,4095,31,37
24,1,0,0,191,31,37
24,1,0,1,4095,31,37
24,1,0,2,4095,31,37
24,1,0,3,4095,31,37
24,1,1,0,127,31,37
24,1,1,1,4095,31,37
24,1,1,2,4095,31,37
24,1,1,3,4095,31,37
24,1,2,0,63,31,37
24,1,2,1,63,31,37
24,1,2,2,63,31,37
24,1,2,3,63,31,37
24,1,3,0,1,31,37
24,1,3,1,1,31,37
24,1,3,2,1,31,37
24,1,3,3,1,31,37
24,2,0,0,189,31,37
24,2,0,1,4095,31,37
24,2,0,2,4095,31,37
24,2,0,3,4095,31,37
24,2,1,0,125,31,37
24,2,1,1,4095,31,37
24,2,1,2,4095,31,37
24,2,1,3,4095,31,37
24,2,2,0,61,31,37
24,2,2,1,61,31,37
24,2,2,2,61,31,37
24,2,2,3,61,31,37
24,2,3,0,3,31,37
24,2,3,1,3,31,37
24,2,3,2,3,31,37
24,2,3,3,3,31,37
24,3,0,0,1,31,37
24,3,0,1,1,31,37
24,3,0,2,1,31,37
24,3,0,3,1,31,37
24,3,1,0,63,31,37
24,3,1,1,63,31,37
24,3,1,2,63,31,37
24,3,1,3,63,31,37
24,3,2,0,127,31,37
24,3,2,1,4095,31,37
24,3,2,2,4095,31,37
24,3,2,3,4095,31,37
24,3,3,0,191,31,37
24,3,3,1,4095,31,37
24,3,3,2,4095,31,37
24,3,3,3,4095,31,37
24,4,0,0,61,31,37
24,4,0,1,61,31,37
24,4,0,2,61,31,37
24,4,0,3,61,31,37
24,4,1,0,3,31,37
24,4,1,1,3,31,37
24,4,1,2,3,31,37
24,4,1,3,3,31,37
24,4,2,0,67,31,37
24,4,2,1,4095,31,37
24,4,2,2,4095,31,37
24,4,2,3,4095,31,37
24,4,3,0,131,31,37
24,4,3,1,4095,31,37
24,4,3,2,4095,31,37
24,4,3,3,4095,31,37
24,5,0,0,192,31,37
24,5,0,1,4095,31,37
24,5,0,2,4095,31,37
24,5,0,3,4095,31,37
24,5,1,0,128,31,37
24,5,1,1,4095,31,37
24,5,1,2,4095,31,37
24,5,1,3,4095,31,37
24,5,2,0,64,31,37
24,5,2,1,64,31,37
24,5,2,2,64,31,37
24,5,2,3,64,31,37
24,5,3,0,0,31,37
24,5,3,1,0,31,37
24,5,3,2,0,31,37
24,5,3,3,0,31,37
24,6,0,0,191,31,37
24,6,0,1,4095,31,37
24,6,0,2,4095,31,37
24,6,0,3,4095,31,37
24,6,1,0,127,31,37
24,6,1,1,4095,31,37
24,6,1,2,4095,31,37
24,6,1,3,4095,31,37
24,6,2,0,63,31,37
24,6,2,1,63,31,37
24,6,2,2,63,31,37
24,6,2,3,63,31,37
24,6,3,0,1,31,37
24,6,3,1,1,31,37
24,6,3,2,1,31,37
24,6,3,3,1,31,37
24,7,0,0,0,31,37
24,7,0,1,0,31,37
24,7,0,2,0,31,37
24,7,0,3,0,31,37
24,7,1,0,64,31,37
24,7,1,1,64,31,37
24,7,1,2,64,31,37
24,7,1,3,64,31,37
24,7,2,0,128,31,37
24,7,2,1,4095,31,37
24,7,2,2,4095,31,37
24,7,2,3,4095,31,37
24,7,3,0,192,31,37
24,7,3,1,4095,31,37
24,7,3,2,4095,31,37
24,7,3,3,4095,31,37
25,0,0,0,65,32,38
25,0,0,1,4095,32,38
25,0,0,2,4095,32,38
25,0,0,3,4095,32,38
25,0,1,0,1,32,38
25,0,1,1,1,32,38
25,0,1,2,1,32,38
25,0,1,3,1,32,38
25,0,2,0,63,32,38
25,0,2,1,63,32,38
25,0,2,2,63,32,38
25,0,2,3,63,32,38
25,0,3,0,127,32,38
25,0,3,1,4095,32,38
25,0,3,2,4095,32,38
25,0,3,3,4095,32,38
25,1,0,0,64,32,38
25,1,0,1,64,32,38
25,1,0,2,64,32,38
25,1,0,3,64,32,38
25,1,1,0,0,32,38
25,1,1,1,0,32,38
25,1,1,2,0,32,38
25,1,1,3,0,32,38
25,1,2,0,64,32,38
25,1,2,1,4095,32,38
25,1,2,2,4095,32,38
25,1,2,3,4095,32,38
25,1,3,0,128,32,38
25,1,3,1,4095,32,38
25,1,3,2,4095,32,38
25,1,3,3,4095,32,38
25,2,0,0,2,32,38
25,2,0,1,2,32,38
25,2,0,2,2,32,38
25,2,0,3,2,32,38
25,2,1,0,66,32,38
25,2,1,1,66,32,38
25,2,1,2,66,32,38
25,2,1,3,66,32,38
25,2,2,0,130,32,38
25,2,2,1,4095,32,38
25,2,2,2,4095,32,38
25,2,2,3,4095,32,38
25,2,3,0,194,32,38
25,2,3,1,4095,32,38
25,2,3,2,4095,32,38
25,2,3,3,4095,32,38
25,3,0,0,126,32,38
25,3,0,1,4095,32,38
25,3,0,2,4095,32,38
25,3,0,3,4095,32,38
25,3,1,0,62,32,38
25,3,1,1,62,32,38
25,3,1,2,62,32,38
25,3,1,3,62,32,38
25,3,2,0,2,32,38
25,3,2,1,2,32,38
25,3,2,2,2,32,38
25,3,2,3,2,32,38
25,3,3,0,66,32,38
25,3,3,1,4095,32,38
25,3,3,2,4095,32,38
25,3,3,3,4095,32,38
25,4,0,0,2,32,38
25,4,0,1,2,32,38
25,4,0,2,2,32,38
25,4,0,3,2,32,38
25,4,1,0,66,32,38
25,4,1,1,66,32,38
25,4,1,2,66,32,38
25,4,1,3,66,32,38
25,4,2,0,130,32,38
25,4,2,1,4095,32,38
25,4,2,2,4095,32,38
25,4,2,3,4095,32,38
25,4,3,0,194,32,38
25,4,3,1,4095,32,38
25,4,3,2,4095,32,38
25,4,3,3,4095,32,38
25,5,0,0,130,32,38
25,5,0,1,4095,32,38
25,5,0,2,4095,32,38
25,5,0,3,4095,32,38
25,5,1,0,66,32,38
25,5,1,1,4095,32,38
25,5,1,2,4095,32,38
25,5,1,3,4095,32,38
25,5,2,0,2,32,38
25,5,2,1,2,32,38
25,5,2,2,2,32,38
25,5,2,3,2,32,38
25,5,3,0,62,32,38
25,5,3,1,62,32,38
25,5,3,2,62,32,38
25,5,3,3,62,32,38
25,6,0,0,1,32,38
25,6,0,1,1,32,38
25,6,0,2,1,32,38
25,6,0,3,1,32,38
25,6,1,0,65,32,38
25,6,1,1,65,32,38
25,6,1,2,65,32,38
25,6,1,3,65,32,38
25,6,2,0,129,32,38
25,6,2,1,4095,32,38
25,6,2,2,4095,32,38
25,6,2,3,4095,32,38
25,6,3,0,193,32,38
25,6,3,1,4095,32,38
25,6,3,2,4095,32,38
25,6,3,3,4095,32,38
25,7,0,0,190,32,38
25,7,0,1,4095,32,38
25,7,0,2,4095,32,38
25,7,0,3,4095,32,38
25,7,1,0,126,32,38
25,7,1,1,4095,32,38
25,7,1,2,4095,32,38
25,7,1,3,4095,32,38
25,7,2,0,62,32,38
25,7,2,1,62,32,38
25,7,2,2,62,32,38
25,7,2,3,62,32,38
25,7,3,0,2,32,38
25,7,3,1,2,32,38
25,7,3,2,2,32,38
25,7,3,3,2,32,38
26,0,0,0,67,33,39
26,0,0,1,4095,33,39
26,0,0,2,4095,33,39
26,0,0,3,4095,33,39
26,0,1,0,3,33,39
26,0,1,1,3,33,39
26,0,1,2,3,33,39
26,0,1,3,3,33,39
26,0,2,0,61,33,39
26,0,2,1,61,33,39
26,0,2,2,61,33,39
26,0,2,3,61,33,39
26,0,3,0,125,33,39
26,0,3,1,4095,33,39
26,0,3,2,4095,33,39
26,0,3,3,4095,33,39
26,1,0,0,3,33,39
26,1,0,1,3,33,39
26,1,0,2,3,33,39
26,1,0,3,3,33,39
26,1,1,0,67,33,39
26,1,1,1,67,33,39
26,1,1,2,67,33,39
26,1,1,3,67,33,39
26,1,2,0,131,33,39
26,1,2,1,4095,33,39
26,1,2,2,4095,33,39
26,1,2,3,4095,33,39
26,1,3,0,195,33,39
26,1,3,1,4095,33,39
26,1,3,2,4095,33,39
26,1,3,3,4095,33,39
26,2,0,0,193,33,39
26,2,0,1,4095,33,39
26,2,0,2,4095,33,39
26,2,0,3,4095,33,39
26,2,1,0,129,33,39
26,2,1,1,4095,33,39
26,2,1,2,4095,33,39
26,2,1,3,4095,33,39
26,2,2,0,65,33,39
26,2,2,1,65,33,39
26,2,2,2,65,33,39
26,2,2,3,65,33,39
26,2,3,0,1,33,39
26,2,3,1,1,33,39
26,2,3,2,1,33,39
26,2,3,3,1,33,39
26,3,0,0,191,33,39
26,3,0,1,4095,33,39
26,3,0,2,4095,33,39
26,3,0,3,4095,33,39
26,3,1,0,127,33,39
26,3,1,1,4095,33,39
26,3,1,2,4095,33,39
26,3,1,3,4095,33,39
26,3,2,0,63,33,39
26,3,2,1,63,33,39
26,3,2,2,63,33,39
26,3,2,3,63,33,39
26,3,3,0,1,33,39
26,3,3,1,1,33,39
26,3,3,2,1,33,39
26,3,3,3,1,33,39
26,4,0,0,61,33,39
26,4,0,1,61,33,39
26,4,0,2,61,33,39
26,4,0,3,61,33,39
26,4,1,0,3,33,39
26,4,1,1,3,33,39
26,4,1,2,3,33,39
26,4,1,3,3,33,39
26,4,2,0,67,33,39
26,4,2,1,4095,33,39
26,4,2,2,4095,33,39
26,4,2,3,4095,33,39
26,4,3,0,131,33,39
26,4,3,1,4095,33,39
26,4,3,2,4095,33,39
26,4,3,3,4095,33,39
26,5,0,0,67,33,39
26,5,0,1,4095,33,39
26,5,0,2,4095,33,39
26,5,0,3,4095,33,39
26,5,1,0,3,33,39
26,5,1,1,3,33,39
26,5,1,2,3,33,39
26,5,1,3,3,33,39
26,5,2,0,61,33,39
26,5,2,1,61,33,39
26,5,2,2,61,33,39
26,5,2,3,61,33,39
26,5,3,0,125,33,39
26,5,3,1,4095,33,39
26,5,3,2,4095,33,39
26,5,3,3,4095,33,39
26,6,0,0,125,33,39
26,6,0,1,4095,33,39
26,6,0,2,4095,33,39
26,6,0,3,4095,33,39
26,6,1,0,61,33,39
26,6,1,1,61,33,39
26,6,1,2,61,33,39
26,6,1,3,61,33,39
26,6,2,0,3,33,39
26,6,2,1,3,33,39
26,6,2,2,3,33,39
26,6,2,3,3,33,39
26,6,3,0,67,33,39
26,6,3,1,4095,33,39
26,6,3,2,4095,33,39
26,6,3,3,4095,33,39
26,7,0,0,0,33,39
26,7,0,1,0,33,39
26,7,0,2,0,33,39
26,7,0,3,0,33,39
26,7,1,0,64,33,39
26,7,1,1,64,33,39
26,7,1,2,64,33,39
26,7,1,3,64,33,39
26,7,2,0,128,33,39
26,7,2,1,4095,33,39
26,7,2,2,4095,33,39
26,7,2,3,4095,33,39
26,7,3,0,192,33,39
26,7,3,1,4095,33,39
26,7,3,2,4095,33,39
26,7,3,3,4095,33,39
27,0,0,0,127,34,40
27,0,0,1,4095,34,40
27,0,0,2,4095,34,40
27,0,0,3,4095,34,40
27,0,1,0,63,34,40
27,0,1,1,63,34,40
27,0,1,2,63,34,40
27,0,1,3,63,34,40
27,0,2,0,1,34,40
27,0,2,1,1,34,40
27,0,2,2,1,34,40
27,0,2,3,1,34,40
27,0,3,0,65,34,40
27,0,3,1,4095,34,40
27,0,3,2,4095,34,40
27,0,3,3,4095,34,40
27,1,0,0,127,34,40
27,1,0,1,4095,34,40
27,1,0,2,4095,34,40
27,1,0,3,4095,34,40
27,1,1,0,63,34,40
27,1,1,1,63,34,40
27,1,1,2,63,34,40
27,1,1,3,63,34,40
27,1,2,0,1,34,40
27,1,2,1,1,34,40
27,1,2,2,1,34,40
27,1,2,3,1,34,40
27,1,3,0,65,34,40
27,1,3,1,4095,34,40
27,1,3,2,4095,34,40
27,1,3,3,4095,34,40
27,2,0,0,2,34,40
27,2,0,1,2,34,40
27,2,0,2,2,34,40
27,2,0,3,2,34,40
27,2,1,0,62,34,40
27,2,1,1,62,34,40
27,2,1,2,62,34,40
27,2,1,3,62,34,40
27,2,2,0,126,34,40
27,2,2,1,4095,34,40
27,2,2,2,4095,34,40
27,2,2,3,4095,34,40
27,2,3,0,190,34,40
27,2,3,1,4095,34,40
27,2,3,2,4095,34,40
27,2,3,3,4095,34,40
27,3,0,0,1,34,40
27,3,0,1,1,34,40
27,3,0,2,1,34,40
27,3,0,3,1,34,40
27,3,1,0,63,34,40
27,3,1,1,63,34,40
27,3,1,2,63,34,40
27,3,1,3,63,34,40
27,3,2,0,127,34,40
27,3,2,1,4095,34,40
27,3,2,2,4095,34,40
27,3,2,3,4095,34,40
27,3,3,0,191,34,40
27,3,3,1,4095,34,40
27,3,3,2,4095,34,40
27,3,3,3,4095,34,40
27,4,0,0,195,34,40
27,4,0,1,4095,34,40
27,4,0,2,4095,34,40
27,4,0,3,4095,34,40
27,4,1,0,131,34,40
27,4,1,1,4095,34,40
27,4,1,2,4095,34,40
27,4,1,3,4095,34,40
27,4,2,0,67,34,40
27,4,2,1,67,34,40
27,4,2,2,67,34,40
27,4,2,3,67,34,40
27,4,3,0,3,34,40
27,4,3,1,3,34,40
27,4,3,2,3,34,40
27,4,3,3,3,34,40
27,5,0,0,190,34,40
27,5,0,1,4095,34,40
27,5,0,2,4095,34,40
27,5,0,3,4095,34,40
27,5,1,0,126,34,40
27,5,1,1,4095,34,40
27,5,1,2,4095,34,40
27,5,1,3,4095,34,40
27,5,2,0,62,34,40
27,5,2,1,62,34,40
27,5,2,2,62,34,40
27,5,2,3,62,34,40
27,5,3,0,2,34,40
27,5,3,1,2,34,40
27,5,3,2,2,34,40
27,5,3,3,2,34,40
27,6,0,0,67,34,40
27,6,0,1,4095,34,40
27,6,0,2,4095,34,40
27,6,0,3,4095,34,40
27,6,1,0,3,34,40
27,6,1,1,3,34,40
27,6,1,2,3,34,40
27,6,1,3,3,34,40
27,6,2,0,61,34,40
27,6,2,1,61,34,40
27,6,2,2,61,34,40
27,6,2,3,61,34,40
27,6,3,0,125,34,40
27,6,3,1,4095,34,40
27,6,3,2,4095,34,40
27,6,3,3,4095,34,40
27,7,0,0,3,34,40
27,7,0,1,3,34,40
27,7,0,2,3,34,40
27,7,0,3,3,34,40
27,7,1,0,61,34,40
27,7,1,1,61,34,40
27,7,1,2,61,34,40
27,7,1,3,61,34,40
27,7,2,0,125,34,40
27,7,2,1,4095,34,40
27,7,2,2,4095,34,40
27,7,2,3,4095,34,40
27,7,3,0,189,34,40
27,7,3,1,4095,34,40
27,7,3,2,4095,34,40
27,7,3,3,4095,34,40
28,0,0,0,3,35,41
28,0,0,1,3,35,41
28,0,0,2,3,35,41
28,0,0,3,3,35,41
28,0,1,0,61,35,41
28,0,1,1,61,35,41
28,0,1,2,61,35,41
28,0,1,3,61,35,41
28,0,2,0,125,35,41
28,0,2,1,4095,35,41
28,0,2,2,4095,35,41
28,0,2,3,4095,35,41
28,0,3,0,189,35,41
28,0,3,1,4095,35,41
28,0,3,2,4095,35,41
28,0,3,3,4095,35,41
28,1,0,0,126,35,41
28,1,0,1,4095,35,41
28,1,0,2,4095,35,41
28,1,0,3,4095,35,41
28,1,1,0,62,35,41
28,1,1,1,62,35,41
28,1,1,2,62,35,41
28,1,1,3,62,35,41
28,1,2,0,2,35,41
28,1,2,1,2,35,41
28,1,2,2,2,35,41
28,1,2,3,2,35,41
28,1,3,0,66,35,41
28,1,3,1,4095,35,41
28,1,3,2,4095,35,41
28,1,3,3,4095,35,41
28,2,0,0,65,35,41
28,2,0,1,4095,35,41
28,2,0,2,4095,35,41
28,2,0,3,4095,35,41
28,2,1,0,1,35,41
28,2,1,1,1,35,41
28,2,1,2,1,35,41
28,2,1,3,1,35,41
28,2,2,0,63,35,41
28,2,2,1,63,35,41
28,2,2,2,63,35,41
28,2,2,3,63,35,41
28,2,3,0,127,35,41
28,2,3,1,4095,35,41
28,2,3,2,4095,35,41
28,2,3,3,4095,35,41
28,3,0,0,189,35,41
28,3,0,1,4095,35,41
28,3,0,2,4095,35,41
28,3,0,3,4095,35,41
28,3,1,0,125,35,41
28,3,1,1,4095,35,41
28,3,1,2,4095,35,41
28,3,1,3,4095,35,41
28,3,2,0,61,35,41
28,3,2,1,61,35,41
28,3,2,2,61,35,41
28,3,2,3,61,35,41
28,3,3,0,3,35,41
28,3,3,1,3,35,41
28,3,3,2,3,35,41
28,3,3,3,3,35,41
28,4,0,0,189,35,41
28,4,0,1,4095,35,41
28,4,0,2,4095,35,41
28,4,0,3,4095,35,41
28,4,1,0,125,35,41
28,4,1,1,4095,35,41
28,4,1,2,4095,35,41
28,4,1,3,4095,35,41
28,4,2,0,61,35,41
28,4,2,1,61,35,41
28,4,2,2,61,35,41
28,4,2,3,61,35,41
28,4,3,0,3,35,41
28,4,3,1,3,35,41
28,4,3,2,3,35,41
28,4,3,3,3,35,41
28,5,0,0,191,35,41
28,5,0,1,4095,35,41
28,5,0,2,4095,35,41
28,5,0,3,4095,35,41
28,5,1,0,127,35,41
28,5,1,1,4095,35,41
28,5,1,2,4095,35,41
28,5,1,3,4095,35,41
28,5,2,0,63,35,41
28,5,2,1,63,35,41
28,5,2,2,63,35,41
28,5,2,3,63,35,41
28,5,3,0,1,35,41
28,5,3,1,1,35,41
28,5,3,2,1,35,41
28,5,3,3,1,35,41
28,6,0,0,189,35,41
28,6,0,1,4095,35,41
28,6,0,2,4095,35,41
28,6,0,3,4095,35,41
28,6,1,0,125,35,41
28,6,1,1,4095,35,41
28,6,1,2,4095,35,41
28,6,1,3,4095,35,41
28,6,2,0,61,35,41
28,6,2,1,61,35,41
28,6,2,2,61,35,41
28,6,2,3,61,35,41
28,6,3,0,3,35,41
28,6,3,1,3,35,41
28,6,3,2,3,35,41
28,6,3,3,3,35,41
28,7,0,0,62,35,41
28,7,0,1,62,35,41
28,7,0,2,62,35,41
28,7,0,3,62,35,41
28,7,1,0,2,35,41
28,7,1,1,2,35,41
28,7,1,2,2,35,41
28,7,1,3,2,35,41
28,7,2,0,66,35,41
28,7,2,1,4095,35,41
28,7,2,2,4095,35,41
28,7,2,3,4095,35,41
28,7,3,0,130,35,41
28,7,3,1,4095,35,41
28,7,3,2,4095,35,41
28,7,3,3,4095,35,41
29,0,0,0,3,36,42
29,0,0,1,3,36,42
29,0,0,2,3,36,42
29,0,0,3,3,36,42
29,0,1,0,61,36,42
29,0,1,1,61,36,42
29,0,1,2,61,36,42
29,0,1,3,61,36,42
29,0,2,0,125,36,42
29,0,2,1,4095,36,42
29,0,2,2,4095,36,42
29,0,2,3,4095,36,42
29,0,3,0,189,36,42
29,0,3,1,4095,36,42
29,0,3,2,4095,36,42
29,0,3,3,4095,36,42
29,1,0,0,129,36,42
29,1,0,1,4095,36,42
29,1,0,2,4095,36,42
29,1,0,3,4095,36,42
29,1,1,0,65,36,42
29,1,1,1,4095,36,42
29,1,1,2,4095,36,42
29,1,1,3,4095,36,42
29,1,2,0,1,36,42
29,1,2,1,1,36,42
29,1,2,2,1,36,42
29,1,2,3,1,36,42
29,1,3,0,63,36,42
29,1,3,1,63,36,42
29,1,3,2,63,36,42
29,1,3,3,63,36,42
29,2,0,0,2,36,42
29,2,0,1,2,36,42
29,2,0,2,2,36,42
29,2,0,3,2,36,42
29,2,1,0,62,36,42
29,2,1,1,62,36,42
29,2,1,2,62,36,42
29,2,1,3,62,36,42
29,2,2,0,126,36,42
29,2,2,1,4095,36,42
29,2,2,2,4095,36,42
29,2,2,3,4095,36,42
29,2,3,0,190,36,42
29,2,3,1,4095,36,42
29,2,3,2,4095,36,42
29,2,3,3,4095,36,42
29,3,0,0,194,36,42
29,3,0,1,4095,36,42
29,3,0,2,4095,36,42
29,3,0,3,4095,36,42
29,3,1,0,130,36,42
29,3,1,1,4095,36,42
29,3,1,2,4095,36,42
29,3,1,3,4095,36,42
29,3,2,0,66,36,42
29,3,2,1,66,36,42
29,3,2,2,66,36,42
29,3,2,3,66,36,42
29,3,3,0,2,36,42
29,3,3,1,2,36,42
29,3,3,2,2,36,42
29,3,3,3,2,36,42
29,4,0,0,195,36,42
29,4,0,1,4095,36,42
29,4,0,2,4095,36,42
29,4,0,3,4095,36,42
29,4,1,0,131,36,42
29,4,1,1,4095,36,42
29,4,1,2,4095,36,42
29,4,1,3,4095,36,42
29,4,2,0,67,36,42
29,4,2,1,67,36,42
29,4,2,2,67,36,42
29,4,2,3,67,36,42
29,4,3,0,3,36,42
29,4,3,1,3,36,42
29,4,3,2,3,36,42
29,4,3,3,3,36,42
29,5,0,0,195,36,42
29,5,0,1,4095,36,42
29,5,0,2,4095,36,42
29,5,0,3,4095,36,42
29,5,1,0,131,36,42
29,5,1,1,4095,36,42
29,5,1,2,4095,36,42
29,5,1,3,4095,36,42
29,5,2,0,67,36,42
29,5,2,1,67,36,42
29,5,2,2,67,36,42
29,5,2,3,67,36,42
29,5,3,0,3,36,42
29,5,3,1,3,36,42
29,5,3,2,3,36,42
29,5,3,3,3,36,42
29,6,0,0,3,36,42
29,6,0,1,3,36,42
29,6,0,2,3,36,42
29,6,0,3,3,36,42
29,6,1,0,61,36,42
29,6,1,1,61,36,42
29,6,1,2,61,36,42
29,6,1,3,61,36,42
29,6,2,0,125,36,42
29,6,2,1,4095,36,42
29,6,2,2,4095,36,42
29,6,2,3,4095,36,42
29,6,3,0,189,36,42
29,6,3,1,4095,36,42
29,6,3,2,4095,36,42
29,6,3,3,4095,36,42
29,7,0,0,130,36,42
29,7,0,1,4095,36,42
29,7,0,2,4095,36,42
29,7,0,3,4095,36,42
29,7,1,0,66,36,42
29,7,1,1,4095,36,42
29,7,1,2,4095,36,42
29,7,1,3,4095,36,42
29,7,2,0,2,36,42
29,7,2,1,2,36,42
29,7,2,2,2,36,42
29,7,2,3,2,36,42
29,7,3,0,62,36,42
29,7,3,1,62,36,42
29,7,3,2,62,36,42
29,7,3,3,62,36,42
30,0,0,0,1,37,43
30,0,0,1,1,37,43
30,0,0,2,1,37,43
30,0,0,3,1,37,43
30,0,1,0,63,37,43
30,0,1,1,63,37,43
30,0,1,2,63,37,43
30,0,1,3,63,37,43
30,0,2,0,127,37,43
30,0,2,1,4095,37,43
30,0,2,2,4095,37,43
30,0,2,3,4095,37,43
30,0,3,0,191,37,43
30,0,3,1,4095,37,43
30,0,3,2,4095,37,43
30,0,3,3,4095,37,43
30,1,0,0,126,37,43
30,1,0,1,4095,37,43
30,1,0,2,4095,37,43
30,1,0,3,4095,37,43
30,1,1,0,62,37,43
30,1,1,1,62,37,43
30,1,1,2,62,37,43
30,1,1,3,62,37,43
30,1,2,0,2,37,43
30,1,2,1,2,37,43
30,1,2,2,2,37,43
30,1,2,3,2,37,43
30,1,3,0,66,37,43
30,1,3,1,4095,37,43
30,1,3,2,4095,37,43
30,1,3,3,4095,37,43
30,2,0,0,66,37,43
30,2,0,1,4095,37,43
30,2,0,2,4095,37,43
30,2,0,3,4095,37,43
30,2,1,0,2,37,43
30,2,1,1,2,37,43
30,2,1,2,2,37,43
30,2,1,3,2,37,43
30,2,2,0,62,37,43
30,2,2,1,62,37,43
30,2,2,2,62,37,43
30,2,2,3,62,37,43
30,2,3,0,126,37,43
30,2,3,1,4095,37,43
30,2,3,2,4095,37,43
30,2,3,3,4095,37,43
30,3,0,0,3,37,43
30,3,0,1,3,37,43
30,3,0,2,3,37,43
30,3,0,3,3,37,43
30,3,1,0,61,37,43
30,3,1,1,61,37,43
30,3,1,2,61,37,43
30,3,1,3,61,37,43
30,3,2,0,125,37,43
30,3,2,1,4095,37,43
30,3,2,2,4095,37,43
30,3,2,3,4095,37,43
30,3,3,0,189,37,43
30,3,3,1,4095,37,43
30,3,3,2,4095,37,43
30,3,3,3,4095,37,43
30,4,0,0,63,37,43
30,4,0,1,63,37,43
30,4,0,2,63,37,43
30,4,0,3,63,37,43
30,4,1,0,1,37,43
30,4,1,1,1,37,43
30,4,1,2,1,37,43
30,4,1,3,1,37,43
30,4,2,0,65,37,43
30,4,2,1,4095,37,43
30,4,2,2,4095,37,43
30,4,2,3,4095,37,43
30,4,3,0,129,37,43
30,4,3,1,4095,37,43
30,4,3,2,4095,37,43
30,4,3,3,4095,37,43
30,5,0,0,131,37,43
30,5,0,1,4095,37,43
30,5,0,2,4095,37,43
30,5,0,3,4095,37,43
30,5,1,0,67,37,43
30,5,1,1,4095,37,43
30,5,1,2,4095,37,43
30,5,1,3,4095,37,43
30,5,2,0,3,37,43
30,5,2,1,3,37,43
30,5,2,2,3,37,43
30,5,2,3,3,37,43
30,5,3,0,61,37,43
30,5,3,1,61,37,43
30,5,3,2,61,37,43
30,5,3,3,61,37,43
30,6,0,0,3,37,43
30,6,0,1,3,37,43
30,6,0,2,3,37,43
30,6,0,3,3,37,43
30,6,1,0,67,37,43
30,6,1,1,67,37,43
30,6,1,2,67,37,43
30,6,1,3,67,37,43
30,6,2,0,131,37,43
30,6,2,1,4095,37,43
30,6,2,2,4095,37,43
30,6,2,3,4095,37,43
30,6,3,0,195,37,43
30,6,3,1,4095,37,43
30,6,3,2,4095,37,43
30,6,3,3,4095,37,43
30,7,0,0,3,37,43
30,7,0,1,3,37,43
30,7,0,2,3,37,43
30,7,0,3,3,37,43
30,7,1,0,67,37,43
30,7,1,1,67,37,43
30,7,1,2,67,37,43
30,7,1,3,67,37,43
30,7,2,0,131,37,43
30,7,2,1,4095,37,43
30,7,2,2,4095,37,43
30,7,2,3,4095,37,43
30,7,3,0,195,37,43
30,7,3,1,4095,37,43
30,7,3,2,4095,37,43
30,7,3,3,4095,37,43
31,0,0,0,1,38,44
31,0,0,1,1,38,44
31,0,0,2,1,38,44
31,0,0,3,1,38,44
31,0,1,0,63,38,44
31,0,1,1,63,38,44
31,0,1,2,63,38,44
31,0,1,3,63,38,44
31,0,2,0,127,38,44
31,0,2,1,4095,38,44
31,0,2,2,4095,38,44
31,0,2,3,4095,38,44
31,0,3,0,191,38,44
31,0,3,1,4095,38,44
31,0,3,2,4095,38,44
31,0,3,3,4095,38,44
31,1,0,0,1,38,44
31,1,0,1,1,38,44
31,1,0,2,1,38,44
31,1,0,3,1,38,44
31,1,1,0,63,38,44
31,1,1,1,63,38,44
31,1,1,2,63,38,44
31,1,1,3,63,38,44
31,1,2,0,127,38,44
31,1,2,1,4095,38,44
31,1,2,2,4095,38,44
31,1,2,3,4095,38,44
31,1,3,0,191,38,44
31,1,3,1,4095,38,44
31,1,3,2,4095,38,44
31,1,3,3,4095,38,44
31,2,0,0,63,38,44
31,2,0,1,63,38,44
31,2,0,2,63,38,44
31,2,0,3,63,38,44
31,2,1,0,1,38,44
31,2,1,1,1,38,44
31,2,1,2,1,38,44
31,2,1,3,1,38,44
31,2,2,0,65,38,44
31,2,2,1,4095,38,44
31,2,2,2,4095,38,44
31,2,2,3,4095,38,44
31,2,3,0,129,38,44
31,2,3,1,4095,38,44
31,2,3,2,4095,38,44
31,2,3,3,4095,38,44
31,3,0,0,62,38,44
31,3,0,1,62,38,44
31,3,0,2,62,38,44
31,3,0,3,62,38,44
31,3,1,0,2,38,44
31,3,1,1,2,38,44
31,3,1,2,2,38,44
31,3,1,3,2,38,44
31,3,2,0,66,38,44
31,3,2,1,4095,38,44
31,3,2,2,4095,38,44
31,3,2,3,4095,38,44
31,3,3,0,130,38,44
31,3,3,1,4095,38,44
31,3,3,2,4095,38,44
31,3,3,3,4095,38,44
31,4,0,0,2,38,44
31,4,0,1,2,38,44
31,4,0,2,2,38,44
31,4,0,3,2,38,44
31,4,1,0,66,38,44
31,4,1,1,66,38,44
31,4,1,2,66,38,44
31,4,1,3,66,38,44
31,4,2,0,130,38,44
31,4,2,1,4095,38,44
31,4,2,2,4095,38,44
31,4,2,3,4095,38,44
31,4,3,0,194,38,44
31,4,3,1,4095,38,44
31,4,3,2,4095,38,44
31,4,3,3,4095,38,44
31,5,0,0,63,38,44
31,5,0,1,63,38,44
31,5,0,2,63,38,44
31,5,0,3,63,38,44
31,5,1,0,1,38,44
31,5,1,1,1,38,44
31,5,1,2,1,38,44
31,5,1,3,1,38,44
31,5,2,0,65,38,44
31,5,2,1,4095,38,44
31,5,2,2,4095,38,44
31,5,2,3,4095,38,44
31,5,3,0,129,38,44
31,5,3,1,4095,38,44
31,5,3,2,4095,38,44
31,5,3,3,4095,38,44
31,6,0,0,2,38,44
31,6,0,1,2,38,44
31,6,0,2,2,38,44
31,6,0,3,2,38,44
31,6,1,0,62,38,44
31,6,1,1,62,38,44
31,6,1,2,62,38,44
31,6,1,3,62,38,44
31,6,2,0,126,38,44
31,6,2,1,4095,38,44
31,6,2,2,4095,38,44
31,6,2,3,4095,38,44
31,6,3,0,190,38,44
31,6,3,1,4095,38,44
31,6,3,2,4095,38,44
31,6,3,3,4095,38,44
31,7,0,0,65,38,44
31,7,0,1,4095,38,44
31,7,0,2,4095,38,44
31,7,0,3,4095,38,44
31,7,1,0,1,38,44
31,7,1,1,1,38,44
31,7,1,2,1,38,44
31,7,1,3,1,38,44
31,7,2,0,63,38,44
31,7,2,1,63,38,44
31,7,2,2,63,38,44
31,7,2,3,63,38,44
31,7,3,0,127,38,44
31,7,3,1,4095,38,44
31,7,3,2,4095,38,44
31,7,3,3,4095,38,44
32,0,0,0,192,42,48
32,0,0,1,4095,42,48
32,0,0,2,4095,42,48
32,0,0,3,4095,42,48
32,0,1,0,128,42,48
32,0,1,1,4095,42,48
32,0,1,2,4095,42,48
32,0,1,3,4095,42,48
32,0,2,0,64,42,48
32,0,2,1,64,42,48
32,0,2,2,64,42,48
32,0,2,3,64,42,48
32,0,3,0,0,42,48
32,0,3,1,0,42,48
32,0,3,2,0,42,48
32,0,3,3,0,42,48
32,1,0,0,1,42,48
32,1,0,1,1,42,48
32,1,0,2,1,42,48
32,1,0,3,1,42,48
32,1,1,0,63,42,48
32,1,1,1,63,42,48
32,1,1,2,63,42,48
32,1,1,3,63,42,48
32,1,2,0,127,42,48
32,1,2,1,4095,42,48
32,1,2,2,4095,42,48
32,1,2,3,4095,42,48
32,1,3,0,191,42,48
32,1,3,1,4095,42,48
32,1,3,2,4095,42,48
32,1,3,3,4095,42,48
32,2,0,0,0,42,48
32,2,0,1,0,42,48
32,2,0,2,0,42,48
32,2,0,3,0,42,48
32,2,1,0,64,42,48
32,2,1,1,64,42,48
32,2,1,2,64,42,48
32,2,1,3,64,42,48
32,2,2,0,128,42,48
32,2,2,1,4095,42,48
32,2,2,2,4095,42,48
32,2,2,3,4095,42,48
32,2,3,0,192,42,48
32,2,3,1,4095,42,48
32,2,3,2,4095,42,48
32,2,3,3,4095,42,48
32,3,0,0,190,42,48
32,3,0,1,4095,42,48
32,3,0,2,4095,42,48
32,3,0,3,4095,42,48
32,3,1,0,126,42,48
32,3,1,1,4095,42,48
32,3,1,2,4095,42,48
32,3,1,3,4095,42,48
32,3,2,0,62,42,48
32,3,2,1,62,42,48
32,3,2,2,62,42,48
32,3,2,3,62,42,48
32,3,3,0,2,42,48
32,3,3,1,2,42,48
32,3,3,2,2,42,48
32,3,3,3,2,42,48
32,4,0,0,62,42,48
32,4,0,1,62,42,48
32,4,0,2,62,42,48
32,4,0,3,62,42,48
32,4,1,0,2,42,48
32,4,1,1,2,42,48
32,4,1,2,2,42,48
32,4,1,3,2,42,48
32,4,2,0,66,42,48
32,4,2,1,4095,42,48
32,4,2,2,4095,42,48
32,4,2,3,4095,42,48
32,4,3,0,130,42,48
32,4,3,1,4095,42,48
32,4,3,2,4095,42,48
32,4,3,3,4095,42,48
32,5,0,0,189,42,48
32,5,0,1,4095,42,48
32,5,0,2,4095,42,48
32,5,0,3,4095,42,48
32,5,1,0,125,42,48
32,5,1,1,4095,42,48
32,5,1,2,4095,42,48
32,5,1,3,4095,42,48
32,5,2,0,61,42,48
32,5,2,1,61,42,48
32,5,2,2,61,42,48
32,5,2,3,61,42,48
32,5,3,0,3,42,48
32,5,3,1,3,42,48
32,5,3,2,3,42,48
32,5,3,3,3,42,48
32,6,0,0,129,42,48
32,6,0,1,4095,42,48
32,6,0,2,4095,42,48
32,6,0,3,4095,42,48
32,6,1,0,65,42,48
32,6,1,1,4095,42,48
32,6,1,2,4095,42,48
32,6,1,3,4095,42,48
32,6,2,0,1,42,48
32,6,2,1,1,42,48
32,6,2,2,1,42,48
32,6,2,3,1,42,48
32,6,3,0,63,42,48
32,6,3,1,63,42,48
32,6,3,2,63,42,48
32,6,3,3,63,42,48
32,7,0,0,126,42,48
32,7,0,1,4095,42,48
32,7,0,2,4095,42,48
32,7,0,3,4095,42,48
32,7,1,0,62,42,48
32,7,1,1,62,42,48
32,7,1,2,62,42,48
32,7,1,3,62,42,48
32,7,2,0,2,42,48
32,7,2,1,2,42,48
32,7,2,2,2,42,48
32,7,2,3,2,42,48
32,7,3,0,66,42,48
32,7,3,1,4095,42,48
32,7,3,2,4095,42,48
32,7,3,3,4095,42,48
33,0,0,0,1,43,49
33,0,0,1,1,43,49
33,0,0,2,1,43,49
33,0,0,3,1,43,49
33,0,1,0,65,43,49
33,0,1,1,65,43,49
33,0,1,2,65,43,49
33,0,1,3,65,43,49
33,0,2,0,129,43,49
33,0,2,1,4095,43,49
33,0,2,2,4095,43,49
33,0,2,3,4095,43,49
33,0,3,0,193,43,49
33,0,3,1,4095,43,49
33,0,3,2,4095,43,49
33,0,3,3,4095,43,49
33,1,0,0,190,43,49
33,1,0,1,4095,43,49
33,1,0,2,4095,43,49
33,1,0,3,4095,43,49
33,1,1,0,126,43,49
33,1,1,1,4095,43,49
33,1,1,2,4095,43,49
33,1,1,3,4095,43,49
33,1,2,0,62,43,49
33,1,2,1,62,43,49
33,1,2,2,62,43,49
33,1,2,3,62,43,49
33,1,3,0,2,43,49
33,1,3,1,2,43,49
33,1,3,2,2,43,49
33,1,3,3,2,43,49
33,2,0,0,1,43,49
33,2,0,1,1,43,49
33,2,0,2,1,43,49
33,2,0,3,1,43,49
33,2,1,0,65,43,49
33,2,1,1,65,43,49
33,2,1,2,65,43,49
33,2,1,3,65,43,49
33,2,2,0,129,43,49
33,2,2,1,4095,43,49
33,2,2,2,4095,43,49
33,2,2,3,4095,43,49
33,2,3,0,193,43,49
33,2,3,1,4095,43,49
33,2,3,2,4095,43,49
33,2,3,3,4095,43,49
33,3,0,0,192,43,49
33,3,0,1,4095,43,49
33,3,0,2,4095,43,49
33,3,0,3,4095,43,49
33,3,1,0,128,43,49
33,3,1,1,4095,43,49
33,3,1,2,4095,43,49
33,3,1,3,4095,43,49
33,3,2,0,64,43,49
33,3,2,1,64,43,49
33,3,2,2,64,43,49
33,3,2,3,64,43,49
33,3,3,0,0,43,49
33,3,3,1,0,43,49
33,3,3,2,0,43,49
33,3,3,3,0,43,49
33,4,0,0,63,43,49
33,4,0,1,63,43,49
33,4,0,2,63,43,49
33,4,0,3,63,43,49
33,4,1,0,1,43,49
33,4,1,1,1,43,49
33,4,1,2,1,43,49
33,4,1,3,1,43,49
33,4,2,0,65,43,49
33,4,2,1,4095,43,49
33,4,2,2,4095,43,49
33,4,2,3,4095,43,49
33,4,3,0,129,43,49
33,4,3,1,4095,43,49
33,4,3,2,4095,43,49
33,4,3,3,4095,43,49
33,5,0,0,128,43,49
33,5,0,1,4095,43,49
33,5,0,2,4095,43,49
33,5,0,3,4095,43,49
33,5,1,0,64,43,49
33,5,1,1,64,43,49
33,5,1,2,64,43,49
33,5,1,3,64,43,49
33,5,2,0,0,43,49
33,5,2,1,0,43,49
33,5,2,2,0,43,49
33,5,2,3,0,43,49
33,5,3,0,64,43,49
33,5,3,1,4095,43,49
33,5,3,2,4095,43,49
33,5,3,3,4095,43,49
33,6,0,0,191,43,49
33,6,0,1,4095,43,49
33,6,0,2,4095,43,49
33,6,0,3,4095,43,49
33,6,1,0,127,43,49
33,6,1,1,4095,43,49
33,6,1,2,4095,43,49
33,6,1,3,4095,43,49
33,6,2,0,63,43,49
33,6,2,1,63,43,49
33,6,2,2,63,43,49
33,6,2,3,63,43,49
33,6,3,0,1,43,49
33,6,3,1,1,43,49
33,6,3,2,1,43,49
33,6,3,3,1,43,49
33,7,0,0,67,43,49
33,7,0,1,4095,43,49
33,7,0,2,4095,43,49
33,7,0,3,4095,43,49
33,7,1,0,3,43,49
33,7,1,1,3,43,49
33,7,1,2,3,43,49
33,7,1,3,3,43,49
33,7,2,0,61,43,49
33,7,2,1,61,43,49
33,7,2,2,61,43,49
33,7,2,3,61,43,49
33,7,3,0,125,43,49
33,7,3,1,4095,43,49
33,7,3,2,4095,43,49
33,7,3,3,4095,43,49
34,0,0,0,131,44,50
34,0,0,1,4095,44,50
34,0,0,2,4095,44,50
34,0,0,3,4095,44,50
34,0,1,0,67,44,50
34,0,1,1,4095,44,50
34,0,1,2,4095,44,50
34,0,1,3,4095,44,50
34,0,2,0,3,44,50
34,0,2,1,3,44,50
34,0,2,2,3,44,50
34,0,2,3,3,44,50
34,0,3,0,61,44,50
34,0,3,1,61,44,50
34,0,3,2,61,44,50
34,0,3,3,61,44,50
34,1,0,0,131,44,50
34,1,0,1,4095,44,50
34,1,0,2,4095,44,50
34,1,0,3,4095,44,50
34,1,1,0,67,44,50
34,1,1,1,4095,44,50
34,1,1,2,4095,44,50
34,1,1,3,4095,44,50
34,1,2,0,3,44,50
34,1,2,1,3,44,50
34,1,2,2,3,44,50
34,1,2,3,3,44,50
34,1,3,0,61,44,50
34,1,3,1,61,44,50
34,1,3,2,61,44,50
34,1,3,3,61,44,50
34,2,0,0,131,44,50
34,2,0,1,4095,44,50
34,2,0,2,4095,44,50
34,2,0,3,4095,44,50
34,2,1,0,67,44,50
34,2,1,1,4095,44,50
34,2,1,2,4095,44,50
34,2,1,3,4095,44,50
34,2,2,0,3,44,50
34,2,2,1,3,44,50
34,2,2,2,3,44,50
34,2,2,3,3,44,50
34,2,3,0,61,44,50
34,2,3,1,61,44,50
34,2,3,2,61,44,50
34,2,3,3,61,44,50
34,3,0,0,65,44,50
34,3,0,1,4095,44,50
34,3,0,2,4095,44,50
34,3,0,3,4095,44,50
34,3,1,0,1,44,50
34,3,1,1,1,44,50
34,3,1,2,1,44,50
34,3,1,3,1,44,50
34,3,2,0,63,44,50
34,3,2,1,63,44,50
34,3,2,2,63,44,50
34,3,2,3,63,44,50
34,3,3,0,127,44,50
34,3,3,1,4095,44,50
34,3,3,2,4095,44,50
34,3,3,3,4095,44,50
34,4,0,0,129,44,50
34,4,0,1,4095,44,50
34,4,0,2,4095,44,50
34,4,0,3,4095,44,50
34,4,1,0,65,44,50
34,4,1,1,4095,44,50
34,4,1,2,4095,44,50
34,4,1,3,4095,44,50
34,4,2,0,1,44,50
34,4,2,1,1,44,50
34,4,2,2,1,44,50
34,4,2,3,1,44,50
34,4,3,0,63,44,50
34,4,3,1,63,44,50
34,4,3,2,63,44,50
34,4,3,3,63,44,50
34,5,0,0,65,44,50
34,5,0,1,4095,44,50
34,5,0,2,4095,44,50
34,5,0,3,4095,44,50
34,5,1,0,1,44,50
34,5,1,1,1,44,50
34,5,1,2,1,44,50
34,5,1,3,1,44,50
34,5,2,0,63,44,50
34,5,2,1,63,44,50
34,5,2,2,63,44,50
34,5,2,3,63,44,50
34,5,3,0,127,44,50
34,5,3,1,4095,44,50
34,5,3,2,4095,44,50
34,5,3,3,4095,44,50
34,6,0,0,129,44,50
34,6,0,1,4095,44,50
34,6,0,2,4095,44,50
34,6,0,3,4095,44,50
34,6,1,0,65,44,50
34,6,1,1,4095,44,50
34,6,1,2,4095,44,50
34,6,1,3,4095,44,50
34,6,2,0,1,44,50
34,6,2,1,1,44,50
34,6,2,2,1,44,50
34,6,2,3,1,44,50
34,6,3,0,63,44,50
34,6,3,1,63,44,50
34,6,3,2,63,44,50
34,6,3,3,63,44,50
34,7,0,0,0,44,50
34,7,0,1,0,44,50
34,7,0,2,0,44,50
34,7,0,3,0,44,50
34,7,1,0,64,44,50
34,7,1,1,64,44,50
34,7,1,2,64,44,50
34,7,1,3,64,44,50
34,7,2,0,128,44,50
34,7,2,1,4095,44,50
34,7,2,2,4095,44,50
34,7,2,3,4095,44,50
34,7,3,0,192,44,50
34,7,3,1,4095,44,50
34,7,3,2,4095,44,50
34,7,3,3,4095,44,50
35,0,0,0,0,45,51
35,0,0,1,0,45,51
35,0,0,2,0,45,51
35,0,0,3,0,45,51
35,0,1,0,64,45,51
35,0,1,1,64,45,51
35,0,1,2,64,45,51
35,0,1,3,64,45,51
35,0,2,0,128,45,51
35,0,2,1,4095,45,51
35,0,2,2,4095,45,51
35,0,2,3,4095,45,51
35,0,3,0,192,45,51
35,0,3,1,4095,45,51
35,0,3,2,4095,45,51
35,0,3,3,4095,45,51
35,1,0,0,1,45,51
35,1,0,1,1,45,51
35,1,0,2,1,45,51
35,1,0,3,1,45,51
35,1,1,0,65,45,51
35,1,1,1,65,45,51
35,1,1,2,65,45,51
35,1,1,3,65,45,51
35,1,2,0,129,45,51
35,1,2,1,4095,45,51
35,1,2,2,4095,45,51
35,1,2,3,4095,45,51
35,1,3,0,193,45,51
35,1,3,1,4095,45,51
35,1,3,2,4095,45,51
35,1,3,3,4095,45,51
35,2,0,0,1,45,51
35,2,0,1,1,45,51
35,2,0,2,1,45,51
35,2,0,3,1,45,51
35,2,1,0,63,45,51
35,2,1,1,63,45,51
35,2,1,2,63,45,51
35,2,1,3,63,45,51
35,2,2,0,127,45,51
35,2,2,1,4095,45,51
35,2,2,2,4095,45,51
35,2,2,3,4095,45,51
35,2,3,0,191,45,51
35,2,3,1,4095,45,51
35,2,3,2,4095,45,51
35,2,3,3,4095,45,51
35,3,0,0,3,45,51
35,3,0,1,3,45,51
35,3,0,2,3,45,51
35,3,0,3,3,45,51
35,3,1,0,61,45,51
35,3,1,1,61,45,51
35,3,1,2,61,45,51
35,3,1,3,61,45,51
35,3,2,0,125,45,51
35,3,2,1,4095,45,51
35,3,2,2,4095,45,51
35,3,2,3,4095,45,51
35,3,3,0,189,45,51
35,3,3,1,4095,45,51
35,3,3,2,4095,45,51
35,3,3,3,4095,45,51
35,4,0,0,190,45,51
35,4,0,1,4095,45,51
35,4,0,2,4095,45,51
35,4,0,3,4095,45,51
35,4,1,0,126,45,51
35,4,1,1,4095,45,51
35,4,1,2,4095,45,51
35,4,1,3,4095,45,51
35,4,2,0,62,45,51
35,4,2,1,62,45,51
35,4,2,2,62,45,51
35,4,2,3,62,45,51
35,4,3,0,2,45,51
35,4,3,1,2,45,51
35,4,3,2,2,45,51
35,4,3,3,2,45,51
35,5,0,0,61,45,51
35,5,0,1,61,45,51
35,5,0,2,61,45,51
35,5,0,3,61,45,51
35,5,1,0,3,45,51
35,5,1,1,3,45,51
35,5,1,2,3,45,51
35,5,1,3,3,45,51
35,5,2,0,67,45,51
35,5,2,1,4095,45,51
35,5,2,2,4095,45,51
35,5,2,3,4095,45,51
35,5,3,0,131,45,51
35,5,3,1,4095,45,51
35,5,3,2,4095,45,51
35,5,3,3,4095,45,51
35,6,0,0,67,45,51
35,6,0,1,4095,45,51
35,6,0,2,4095,45,51
35,6,0,3,4095,45,51
35,6,1,0,3,45,51
35,6,1,1,3,45,51
35,6,1,2,3,45,51
35,6,1,3,3,45,51
35,6,2,0,61,45,51
35,6,2,1,61,45,51
35,6,2,2,61,45,51
35,6,2,3,61,45,51
35,6,3,0,125,45,51
35,6,3,1,4095,45,51
35,6,3,2,4095,45,51
35,6,3,3,4095,45,51
35,7,0,0,192,45,51
35,7,0,1,4095,45,51
35,7,0,2,4095,45,51
35,7,0,3,4095,45,51
35,7,1,0,128,45,51
35,7,1,1,4095,45,51
35,7,1,2,4095,45,51
35,7,1,3,4095,45,51
35,7,2,0,64,45,51
35,7,2,1,64,45,51
35,7,2,2,64,45,51
35,7,2,3,64,45,51
35,7,3,0,0,45,51
35,7,3,1,0,45,51
35,7,3,2,0,45,51
35,7,3,3,0,45,51
36,0,0,0,67,46,52
36,0,0,1,4095,46,52
36,0,0,2,4095,46,52
36,0,0,3,4095,46,52
36,0,1,0,3,46,52
36,0,1,1,3,46,52
36,0,1,2,3,46,52
36,0,1,3,3,46,52
36,0,2,0,61,46,52
36,0,2,1,61,46,52
36,0,2,2,61,46,52
36,0,2,3,61,46,52
36,0,3,0,125,46,52
36,0,3,1,4095,46,52
36,0,3,2,4095,46,52
36,0,3,3,4095,46,52
36,1,0,0,1,46,52
36,1,0,1,1,46,52
36,1,0,2,1,46,52
36,1,0,3,1,46,52
36,1,1,0,63,46,52
36,1,1,1,63,46,52
36,1,1,2,63,46,52
36,1,1,3,63,46,52
36,1,2,0,127,46,52
36,1,2,1,4095,46,52
36,1,2,2,4095,46,52
36,1,2,3,4095,46,52
36,1,3,0,191,46,52
36,1,3,1,4095,46,52
36,1,3,2,4095,46,52
36,1,3,3,4095,46,52
36,2,0,0,65,46,52
36,2,0,1,4095,46,52
36,2,0,2,4095,46,52
36,2,0,3,4095,46,52
36,2,1,0,1,46,52
36,2,1,1,1,46,52
36,2,1,2,1,46,52
36,2,1,3,1,46,52
36,2,2,0,63,46,52
36,2,2,1,63,46,52
36,2,2,2,63,46,52
36,2,2,3,63,46,52
36,2,3,0,127,46,52
36,2,3,1,4095,46,52
36,2,3,2,4095,46,52
36,2,3,3,4095,46,52
36,3,0,0,0,46,52
36,3,0,1,0,46,52
36,3,0,2,0,46,52
36,3,0,3,0,46,52
36,3,1,0,64,46,52
36,3,1,1,64,46,52
36,3,1,2,64,46,52
36,3,1,3,64,46,52
36,3,2,0,128,46,52
36,3,2,1,4095,46,52
36,3,2,2,4095,46,52
36,3,2,3,4095,46,52
36,3,3,0,192,46,52
36,3,3,1,4095,46,52
36,3,3,2,4095,46,52
36,3,3,3,4095,46,52
36,4,0,0,194,46,52
36,4,0,1,4095,46,52
36,4,0,2,4095,46,52
36,4,0,3,4095,46,52
36,4,1,0,130,46,52
36,4,1,1,4095,46,52
36,4,1,2,4095,46,52
36,4,1,3,4095,46,52
36,4,2,0,66,46,52
36,4,2,1,66,46,52
36,4,2,2,66,46,52
36,4,2,3,66,46,52
36,4,3,0,2,46,52
36,4,3,1,2,46,52
36,4,3,2,2,46,52
36,4,3,3,2,46,52
36,5,0,0,128,46,52
36,5,0,1,4095,46,52
36,5,0,2,4095,46,52
36,5,0,3,4095,46,52
36,5,1,0,64,46,52
36,5,1,1,64,46,52
36,5,1,2,64,46,52
36,5,1,3,64,46,52
36,5,2,0,0,46,52
36,5,2,1,0,46,52
36,5,2,2,0,46,52
36,5,2,3,0,46,52
36,5,3,0,64,46,52
36,5,3,1,4095,46,52
36,5,3,2,4095,46,52
36,5,3,3,4095,46,52
36,6,0,0,126,46,52
36,6,0,1,4095,46,52
36,6,0,2,4095,46,52
36,6,0,3,4095,46,52
36,6,1,0,62,46,52
36,6,1,1,62,46,52
36,6,1,2,62,46,52
36,6,1,3,62,46,52
36,6,2,0,2,46,52
36,6,2,1,2,46,52
36,6,2,2,2,46,52
36,6,2,3,2,46,52
36,6,3,0,66,46,52
36,6,3,1,4095,46,52
36,6,3,2,4095,46,52
36,6,3,3,4095,46,52
36,7,0,0,65,46,52
36,7,0,1,4095,46,52
36,7,0,2,4095,46,52
36,7,0,3,4095,46,52
36,7,1,0,1,46,52
36,7,1,1,1,46,52
36,7,1,2,1,46,52
36,7,1,3,1,46,52
36,7,2,0,63,46,52
36,7,2,1,63,46,52
36,7,2,2,63,46,52
36,7,2,3,63,46,52
36,7,3,0,127,46,52
36,7,3,1,4095,46,52
36,7,3,2,4095,46,52
36,7,3,3,4095,46,52
37,0,0,0,127,47,53
37,0,0,1,4095,47,53
37,0,0,2,4095,47,53
37,0,0,3,4095,47,53
37,0,1,0,63,47,53
37,0,1,1,63,47,53
37,0,1,2,63,47,53
37,0,1,3,63,47,53
37,0,2,0,1,47,53
37,0,2,1,1,47,53
37,0,2,2,1,47,53
37,0,2,3,1,47,53
37,0,3,0,65,47,53
37,0,3,1,4095,47,53
37,0,3,2,4095,47,53
37,0,3,3,4095,47,53
37,1,0,0,63,47,53
37,1,0,1,63,47,53
37,1,0,2,63,47,53
37,1,0,3,63,47,53
37,1,1,0,1,47,53
37,1,1,1,1,47,53
37,1,1,2,1,47,53
37,1,1,3,1,47,53
37,1,2,0,65,47,53
37,1,2,1,4095,47,53
37,1,2,2,4095,47,53
37,1,2,3,4095,47,53
37,1,3,0,129,47,53
37,1,3,1,4095,47,53
37,1,3,2,4095,47,53
37,1,3,3,4095,47,53
37,2,0,0,131,47,53
37,2,0,1,4095,47,53
37,2,0,2,4095,47,53
37,2,0,3,4095,47,53
37,2,1,0,67,47,53
37,2,1,1,4095,47,53
37,2,1,2,4095,47,53
37,2,1,3,4095,47,53
37,2,2,0,3,47,53
37,2,2,1,3,47,53
37,2,2,2,3,47,53
37,2,2,3,3,47,53
37,2,3,0,61,47,53
37,2,3,1,61,47,53
37,2,3,2,61,47,53
37,2,3,3,61,47,53
37,3,0,0,127,47,53
37,3,0,1,4095,47,53
37,3,0,2,4095,47,53
37,3,0,3,4095,47,53
37,3,1,0,63,47,53
37,3,1,1,63,47,53
37,3,1,2,63,47,53
37,3,1,3,63,47,53
37,3,2,0,1,47,53
37,3,2,1,1,47,53
37,3,2,2,1,47,53
37,3,2,3,1,47,53
37,3,3,0,65,47,53
37,3,3,1,4095,47,53
37,3,3,2,4095,47,53
37,3,3,3,4095,47,53
37,4,0,0,194,47,53
37,4,0,1,4095,47,53
37,4,0,2,4095,47,53
37,4,0,3,4095,47,53
37,4,1,0,130,47,53
37,4,1,1,4095,47,53
37,4,1,2,4095,47,53
37,4,1,3,4095,47,53
37,4,2,0,66,47,53
37,4,2,1,66,47,53
37,4,2,2,66,47,53
37,4,2,3,66,47,53
37,4,3,0,2,47,53
37,4,3,1,2,47,53
37,4,3,2,2,47,53
37,4,3,3,2,47,53
37,5,0,0,3,47,53
37,5,0,1,3,47,53
37,5,0,2,3,47,53
37,5,0,3,3,47,53
37,5,1,0,61,47,53
37,5,1,1,61,47,53
37,5,1,2,61,47,53
37,5,1,3,61,47,53
37,5,2,0,125,47,53
37,5,2,1,4095,47,53
37,5,2,2,4095,47,53
37,5,2,3,4095,47,53
37,5,3,0,189,47,53
37,5,3,1,4095,47,53
37,5,3,2,4095,47,53
37,5,3,3,4095,47,53
37,6,0,0,190,47,53
37,6,0,1,4095,47,53
37,6,0,2,4095,47,53
37,6,0,3,4095,47,53
37,6,1,0,126,47,53
37,6,1,1,4095,47,53
37,6,1,2,4095,47,53
37,6,1,3,4095,47,53
37,6,2,0,62,47,53
37,6,2,1,62,47,53
37,6,2,2,62,47,53
37,6,2,3,62,47,53
37,6,3,0,2,47,53
37,6,3,1,2,47,53
37,6,3,2,2,47,53
37,6,3,3,2,47,53
37,7,0,0,3,47,53
37,7,0,1,3,47,53
37,7,0,2,3,47,53
37,7,0,3,3,47,53
37,7,1,0,61,47,53
37,7,1,1,61,47,53
37,7,1,2,61,47,53
37,7,1,3,61,47,53
37,7,2,0,125,47,53
37,7,2,1,4095,47,53
37,7,2,2,4095,47,53
37,7,2,3,4095,47,53
37,7,3,0,189,47,53
37,7,3,1,4095,47,53
37,7,3,2,4095,47,53
37,7,3,3,4095,47,53
38,0,0,0,128,48,54
38,0,0,1,4095,48,54
38,0,0,2,4095,48,54
38,0,0,3,4095,48,54
38,0,1,0,64,48,54
38,0,1,1,64,48,54
38,0,1,2,64,48,54
38,0,1,3,64,48,54
38,0,2,0,0,48,54
38,0,2,1,0,48,54
38,0,2,2,0,48,54
38,0,2,3,0,48,54
38,0,3,0,64,48,54
38,0,3,1,4095,48,54
38,0,3,2,4095,48,54
38,0,3,3,4095,48,54
38,1,0,0,65,48,54
38,1,0,1,4095,48,54
38,1,0,2,4095,48,54
38,1,0,3,4095,48,54
38,1,1,0,1,48,54
38,1,1,1,1,48,54
38,1,1,2,1,48,54
38,1,1,3,1,48,54
38,1,2,0,63,48,54
38,1,2,1,63,48,54
38,1,2,2,63,48,54
38,1,2,3,63,48,54
38,1,3,0,127,48,54
38,1,3,1,4095,48,54
38,1,3,2,4095,48,54
38,1,3,3,4095,48,54
38,2,0,0,0,48,54
38,2,0,1,0,48,54
38,2,0,2,0,48,54
38,2,0,3,0,48,54
38,2,1,0,64,48,54
38,2,1,1,64,48,54
38,2,1,2,64,48,54
38,2,1,3,64,48,54
38,2,2,0,128,48,54
38,2,2,1,4095,48,54
38,2,2,2,4095,48,54
38,2,2,3,4095,48,54
38,2,3,0,192,48,54
38,2,3,1,4095,48,54
38,2,3,2,4095,48,54
38,2,3,3,4095,48,54
38,3,0,0,192,48,54
38,3,0,1,4095,48,54
38,3,0,2,4095,48,54
38,3,0,3,4095,48,54
38,3,1,0,128,48,54
38,3,1,1,4095,48,54
38,3,1,2,4095,48,54
38,3,1,3,4095,48,54
38,3,2,0,64,48,54
38,3,2,1,64,48,54
38,3,2,2,64,48,54
38,3,2,3,64,48,54
38,3,3,0,0,48,54
38,3,3,1,0,48,54
38,3,3,2,0,48,54
38,3,3,3,0,48,54
38,4,0,0,1,48,54
38,4,0,1,1,48,54
38,4,0,2,1,48,54
38,4,0,3,1,48,54
38,4,1,0,63,48,54
38,4,1,1,63,48,54
38,4,1,2,63,48,54
38,4,1,3,63,48,54
38,4,2,0,127,48,54
38,4,2,1,4095,48,54
38,4,2,2,4095,48,54
38,4,2,3,4095,48,54
38,4,3,0,191,48,54
38,4,3,1,4095,48,54
38,4,3,2,4095,48,54
38,4,3,3,4095,48,54
38,5,0,0,190,48,54
38,5,0,1,4095,48,54
38,5,0,2,4095,48,54
38,5,0,3,4095,48,54
38,5,1,0,126,48,54
38,5,1,1,4095,48,54
38,5,1,2,4095,48,54
38,5,1,3,4095,48,54
38,5,2,0,62,48,54
38,5,2,1,62,48,54
38,5,2,2,62,48,54
38,5,2,3,62,48,54
38,5,3,0,2,48,54
38,5,3,1,2,48,54
38,5,3,2,2,48,54
38,5,3,3,2,48,54
38,6,0,0,66,48,54
38,6,0,1,4095,48,54
38,6,0,2,4095,48,54
38,6,0,3,4095,48,54
38,6,1,0,2,48,54
38,6,1,1,2,48,54
38,6,1,2,2,48,54
38,6,1,3,2,48,54
38,6,2,0,62,48,54
38,6,2,1,62,48,54
38,6,2,2,62,48,54
38,6,2,3,62,48,54
38,6,3,0,126,48,54
38,6,3,1,4095,48,54
38,6,3,2,4095,48,54
38,6,3,3,4095,48,54
38,7,0,0,131,48,54
38,7,0,1,4095,48,54
38,7,0,2,4095,48,54
38,7,0,3,4095,48,54
38,7,1,0,67,48,54
38,7,1,1,4095,48,54
38,7,1,2,4095,48,54
38,7,1,3,4095,48,54
38,7,2,0,3,48,54
38,7,2,1,3,48,54
38,7,2,2,3,48,54
38,7,2,3,3,48,54
38,7,3,0,61,48,54
38,7,3,1,61,48,54
38,7,3,2,61,48,54
38,7,3,3,61,48,54
39,0,0,0,0,49,55
39,0,0,1,0,49,55
39,0,0,2,0,49,55
39,0,0,3,0,49,55
39,0,1,0,64,49,55
39,0,1,1,64,49,55
39,0,1,2,64,49,55
39,0,1,3,64,49,55
39,0,2,0,128,49,55
39,0,2,1,4095,49,55
39,0,2,2,4095,49,55
39,0,2,3,4095,49,55
39,0,3,0,192,49,55
39,0,3,1,4095,49,55
39,0,3,2,4095,49,55
39,0,3,3,4095,49,55
39,1,0,0,130,49,55
39,1,0,1,4095,49,55
39,1,0,2,4095,49,55
39,1,0,3,4095,49,55
39,1,1,0,66,49,55
39,1,1,1,4095,49,55
39,1,1,2,4095,49,55
39,1,1,3,4095,49,55
39,1,2,0,2,49,55
39,1,2,1,2,49,55
39,1,2,2,2,49,55
39,1,2,3,2,49,55
39,1,3,0,62,49,55
39,1,3,1,62,49,55
39,1,3,2,62,49,55
39,1,3,3,62,49,55
39,2,0,0,67,49,55
39,2,0,1,4095,49,55
39,2,0,2,4095,49,55
39,2,0,3,4095,49,55
39,2,1,0,3,49,55
39,2,1,1,3,49,55
39,2,1,2,3,49,55
39,2,1,3,3,49,55
39,2,2,0,61,49,55
39,2,2,1,61,49,55
39,2,2,2,61,49,55
39,2,2,3,61,49,55
39,2,3,0,125,49,55
39,2,3,1,4095,49,55
39,2,3,2,4095,49,55
39,2,3,3,4095,49,55
39,3,0,0,1,49,55
39,3,0,1,1,49,55
39,3,0,2,1,49,55
39,3,0,3,1,49,55
39,3,1,0,63,49,55
39,3,1,1,63,49,55
39,3,1,2,63,49,55
39,3,1,3,63,49,55
39,3,2,0,127,49,55
39,3,2,1,4095,49,55
39,3,2,2,4095,49,55
39,3,2,3,4095,49,55
39,3,3,0,191,49,55
39,3,3,1,4095,49,55
39,3,3,2,4095,49,55
39,3,3,3,4095,49,55
39,4,0,0,61,49,55
39,4,0,1,61,49,55
39,4,0,2,61,49,55
39,4,0,3,61,49,55
39,4,1,0,3,49,55
39,4,1,1,3,49,55
39,4,1,2,3,49,55
39,4,1,3,3,49,55
39,4,2,0,67,49,55
39,4,2,1,4095,49,55
39,4,2,2,4095,49,55
39,4,2,3,4095,49,55
39,4,3,0,131,49,55
39,4,3,1,4095,49,55
39,4,3,2,4095,49,55
39,4,3,3,4095,49,55
39,5,0,0,194,49,55
39,5,0,1,4095,49,55
39,5,0,2,4095,49,55
39,5,0,3,4095,49,55
39,5,1,0,130,49,55
39,5,1,1,4095,49,55
39,5,1,2,4095,49,55
39,5,1,3,4095,49,55
39,5,2,0,66,49,55
39,5,2,1,66,49,55
39,5,2,2,66,49,55
39,5,2,3,66,49,55
39,5,3,0,2,49,55
39,5,3,1,2,49,55
39,5,3,2,2,49,55
39,5,3,3,2,49,55
39,6,0,0,0,49,55
39,6,0,1,0,49,55
39,6,0,2,0,49,55
39,6,0,3,0,49,55
39,6,1,0,64,49,55
39,6,1,1,64,49,55
39,6,1,2,64,49,55
39,6,1,3,64,49,55
39,6,2,0,128,49,55
39,6,2,1,4095,49,55
39,6,2,2,4095,49,55
39,6,2,3,4095,49,55
39,6,3,0,192,49,55
39,6,3,1,4095,49,55
39,6,3,2,4095,49,55
39,6,3,3,4095,49,55
39,7,0,0,2,49,55
39,7,0,1,2,49,55
39,7,0,2,2,49,55
39,7,0,3,2,49,55
39,7,1,0,62,49,55
39,7,1,1,62,49,55
39,7,1,2,62,49,55
39,7,1,3,62,49,55
39,7,2,0,126,49,55
39,7,2,1,4095,49,55
39,7,2,2,4095,49,55
39,7,2,3,4095,49,55
39,7,3,0,190,49,55
39,7,3,1,4095,49,55
39,7,3,2,4095,49,55
39,7,3,3,4095,49,55
40,0,0,0,1,50,56
40,0,0,1,1,50,56
40,0,0,2,1,50,56
40,0,0,3,1,50,56
40,0,1,0,65,50,56
40,0,1,1,65,50,56
40,0,1,2,65,50,56
40,0,1,3,65,50,56
40,0,2,0,129,50,56
40,0,2,1,4095,50,56
40,0,2,2,4095,50,56
40,0,2,3,4095,50,56
40,0,3,0,193,50,56
40,0,3,1,4095,50,56
40,0,3,2,4095,50,56
40,0,3,3,4095,50,56
40,1,0,0,62,50,56
40,1,0,1,62,50,56
40,1,0,2,62,50,56
40,1,0,3,62,50,56
40,1,1,0,2,50,56
40,1,1,1,2,50,56
40,1,1,2,2,50,56
40,1,1,3,2,50,56
40,1,2,0,66,50,56
40,1,2,1,4095,50,56
40,1,2,2,4095,50,56
40,1,2,3,4095,50,56
40,1,3,0,130,50,56
40,1,3,1,4095,50,56
40,1,3,2,4095,50,56
40,1,3,3,4095,50,56
40,2,0,0,1,50,56
40,2,0,1,1,50,56
40,2,0,2,1,50,56
40,2,0,3,1,50,56
40,2,1,0,65,50,56
40,2,1,1,65,50,56
40,2,1,2,65,50,56
40,2,1,3,65,50,56
40,2,2,0,129,50,56
40,2,2,1,4095,50,56
40,2,2,2,4095,50,56
40,2,2,3,4095,50,56
40,2,3,0,193,50,56
40,2,3,1,4095,50,56
40,2,3,2,4095,50,56
40,2,3,3,4095,50,56
40,3,0,0,66,50,56
40,3,0,1,4095,50,56
40,3,0,2,4095,50,56
40,3,0,3,4095,50,56
40,3,1,0,2,50,56
40,3,1,1,2,50,56
40,3,1,2,2,50,56
40,3,1,3,2,50,56
40,3,2,0,62,50,56
40,3,2,1,62,50,56
40,3,2,2,62,50,56
40,3,2,3,62,50,56
40,3,3,0,126,50,56
40,3,3,1,4095,50,56
40,3,3,2,4095,50,56
40,3,3,3,4095,50,56
40,4,0,0,190,50,56
40,4,0,1,4095,50,56
40,4,0,2,4095,50,56
40,4,0,3,4095,50,56
40,4,1,0,126,50,56
40,4,1,1,4095,50,56
40,4,1,2,4095,50,56
40,4,1,3,4095,50,56
40,4,2,0,62,50,56
40,4,2,1,62,50,56
40,4,2,2,62,50,56
40,4,2,3,62,50,56
40,4,3,0,2,50,56
40,4,3,1,2,50,56
40,4,3,2,2,50,56
40,4,3,3,2,50,56
40,5,0,0,192,50,56
40,5,0,1,4095,50,56
40,5,0,2,4095,50,56
40,5,0,3,4095,50,56
40,5,1,0,128,50,56
40,5,1,1,4095,50,56
40,5,1,2,4095,50,56
40,5,1,3,4095,50,56
40,5,2,0,64,50,56
40,5,2,1,64,50,56
40,5,2,2,64,50,56
40,5,2,3,64,50,56
40,5,3,0,0,50,56
40,5,3,1,0,50,56
40,5,3,2,0,50,56
40,5,3,3,0,50,56
40,6,0,0,2,50,56
40,6,0,1,2,50,56
40,6,0,2,2,50,56
40,6,0,3,2,50,56
40,6,1,0,62,50,56
40,6,1,1,62,50,56
40,6,1,2,62,50,56
40,6,1,3,62,50,56
40,6,2,0,126,50,56
40,6,2,1,4095,50,56
40,6,2,2,4095,50,56
40,6,2,3,4095,50,56
40,6,3,0,190,50,56
40,6,3,1,4095,50,56
40,6,3,2,4095,50,56
40,6,3,3,4095,50,56
40,7,0,0,193,50,56
40,7,0,1,4095,50,56
40,7,0,2,4095,50,56
40,7,0,3,4095,50,56
40,7,1,0,129,50,56
40,7,1,1,4095,50,56
40,7,1,2,4095,50,56
40,7,1,3,4095,50,56
40,7,2,0,65,50,56
40,7,2,1,65,50,56
40,7,2,2,65,50,56
40,7,2,3,65,50,56
40,7,3,0,1,50,56
40,7,3,1,1,50,56
40,7,3,2,1,50,56
40,7,3,3,1,50,56
41,0,0,0,195,51,57
41,0,0,1,4095,51,57
41,0,0,2,4095,51,57
41,0,0,3,4095,51,57
41,0,1,0,131,51,57
41,0,1,1,4095,51,57
41,0,1,2,4095,51,57
41,0,1,3,4095,51,57
41,0,2,0,67,51,57
41,0,2,1,67,51,57
41,0,2,2,67,51,57
41,0,2,3,67,51,57
41,0,3,0,3,51,57
41,0,3,1,3,51,57
41,0,3,2,3,51,57
41,0,3,3,3,51,57
41,1,0,0,127,51,57
41,1,0,1,4095,51,57
41,1,0,2,4095,51,57
41,1,0,3,4095,51,57
41,1,1,0,63,51,57
41,1,1,1,63,51,57
41,1,1,2,63,51,57
41,1,1,3,63,51,57
41,1,2,0,1,51,57
41,1,2,1,1,51,57
41,1,2,2,1,51,57
41,1,2,3,1,51,57
41,1,3,0,65,51,57
41,1,3,1,4095,51,57
41,1,3,2,4095,51,57
41,1,3,3,4095,51,57
41,2,0,0,126,51,57
41,2,0,1,4095,51,57
41,2,0,2,4095,51,57
41,2,0,3,4095,51,57
41,2,1,0,62,51,57
41,2,1,1,62,51,57
41,2,1,2,62,51,57
41,2,1,3,62,51,57
41,2,2,0,2,51,57
41,2,2,1,2,51,57
41,2,2,2,2,51,57
41,2,2,3,2,51,57
41,2,3,0,66,51,57
41,2,3,1,4095,51,57
41,2,3,2,4095,51,57
41,2,3,3,4095,51,57
41,3,0,0,192,51,57
41,3,0,1,4095,51,57
41,3,0,2,4095,51,57
41,3,0,3,4095,51,57
41,3,1,0,128,51,57
41,3,1,1,4095,51,57
41,3,1,2,4095,51,57
41,3,1,3,4095,51,57
41,3,2,0,64,51,57
41,3,2,1,64,51,57
41,3,2,2,64,51,57
41,3,2,3,64,51,57
41,3,3,0,0,51,57
41,3,3,1,0,51,57
41,3,3,2,0,51,57
41,3,3,3,0,51,57
41,4,0,0,194,51,57
41,4,0,1,4095,51,57
41,4,0,2,4095,51,57
41,4,0,3,4095,51,57
41,4,1,0,130,51,57
41,4,1,1,4095,51,57
41,4,1,2,4095,51,57
41,4,1,3,4095,51,57
41,4,2,0,66,51,57
41,4,2,1,66,51,57
41,4,2,2,66,51,57
41,4,2,3,66,51,57
41,4,3,0,2,51,57
41,4,3,1,2,51,57
41,4,3,2,2,51,57
41,4,3,3,2,51,57
41,5,0,0,2,51,57
41,5,0,1,2,51,57
41,5,0,2,2,51,57
41,5,0,3,2,51,57
41,5,1,0,66,51,57
41,5,1,1,66,51,57
41,5,1,2,66,51,57
41,5,1,3,66,51,57
41,5,2,0,130,51,57
41,5,2,1,4095,51,57
41,5,2,2,4095,51,57
41,5,2,3,4095,51,57
41,5,3,0,194,51,57
41,5,3,1,4095,51,57
41,5,3,2,4095,51,57
41,5,3,3,4095,51,57
41,6,0,0,1,51,57
41,6,0,1,1,51,57
41,6,0,2,1,51,57
41,6,0,3,1,51,57
41,6,1,0,63,51,57
41,6,1,1,63,51,57
41,6,1,2,63,51,57
41,6,1,3,63,51,57
41,6,2,0,127,51,57
41,6,2,1,4095,51,57
41,6,2,2,4095,51,57
41,6,2,3,4095,51,57
41,6,3,0,191,51,57
41,6,3,1,4095,51,57
41,6,3,2,4095,51,57
41,6,3,3,4095,51,57
41,7,0,0,195,51,57
41,7,0,1,4095,51,57
41,7,0,2,4095,51,57
41,7,0,3,4095,51,57
41,7,1,0,131,51,57
41,7,1,1,4095,51,57
41,7,1,2,4095,51,57
41,7,1,3,4095,51,57
41,7,2,0,67,51,57
41,7,2,1,67,51,57
41,7,2,2,67,51,57
41,7,2,3,67,51,57
41,7,3,0,3,51,57
41,7,3,1,3,51,57
41,7,3,2,3,51,57
41,7,3,3,3,51,57
42,0,0,0,131,52,58
42,0,0,1,4095,52,58
42,0,0,2,4095,52,58
42,0,0,3,4095,52,58
42,0,1,0,67,52,58
42,0,1,1,4095,52,58
42,0,1,2,4095,52,58
42,0,1,3,4095,52,58
42,0,2,0,3,52,58
42,0,2,1,3,52,58
42,0,2,2,3,52,58
42,0,2,3,3,52,58
42,0,3,0,61,52,58
42,0,3,1,61,52,58
42,0,3,2,61,52,58
42,0,3,3,61,52,58
42,1,0,0,194,52,58
42,1,0,1,4095,52,58
42,1,0,2,4095,52,58
42,1,0,3,4095,52,58
42,1,1,0,130,52,58
42,1,1,1,4095,52,58
42,1,1,2,4095,52,58
42,1,1,3,4095,52,58
42,1,2,0,66,52,58
42,1,2,1,66,52,58
42,1,2,2,66,52,58
42,1,2,3,66,52,58
42,1,3,0,2,52,58
42,1,3,1,2,52,58
42,1,3,2,2,52,58
42,1,3,3,2,52,58
42,2,0,0,189,52,58
42,2,0,1,4095,52,58
42,2,0,2,4095,52,58
42,2,0,3,4095,52,58
42,2,1,0,125,52,58
42,2,1,1,4095,52,58
42,2,1,2,4095,52,58
42,2,1,3,4095,52,58
42,2,2,0,61,52,58
42,2,2,1,61,52,58
42,2,2,2,61,52,58
42,2,2,3,61,52,58
42,2,3,0,3,52,58
42,2,3,1,3,52,58
42,2,3,2,3,52,58
42,2,3,3,3,52,58
42,3,0,0,194,52,58
42,3,0,1,4095,52,58
42,3,0,2,4095,52,58
42,3,0,3,4095,52,58
42,3,1,0,130,52,58
42,3,1,1,4095,52,58
42,3,1,2,4095,52,58
42,3,1,3,4095,52,58
42,3,2,0,66,52,58
42,3,2,1,66,52,58
42,3,2,2,66,52,58
42,3,2,3,66,52,58
42,3,3,0,2,52,58
42,3,3,1,2,52,58
42,3,3,2,2,52,58
42,3,3,3,2,52,58
42,4,0,0,1,52,58
42,4,0,1,1,52,58
42,4,0,2,1,52,58
42,4,0,3,1,52,58
42,4,1,0,65,52,58
42,4,1,1,65,52,58
42,4,1,2,65,52,58
42,4,1,3,65,52,58
42,4,2,0,129,52,58
42,4,2,1,4095,52,58
42,4,2,2,4095,52,58
42,4,2,3,4095,52,58
42,4,3,0,193,52,58
42,4,3,1,4095,52,58
42,4,3,2,4095,52,58
42,4,3,3,4095,52,58
42,5,0,0,129,52,58
42,5,0,1,4095,52,58
42,5,0,2,4095,52,58
42,5,0,3,4095,52,58
42,5,1,0,65,52,58
42,5,1,1,4095,52,58
42,5,1,2,4095,52,58
42,5,1,3,4095,52,58
42,5,2,0,1,52,58
42,5,2,1,1,52,58
42,5,2,2,1,52,58
42,5,2,3,1,52,58
42,5,3,0,63,52,58
42,5,3,1,63,52,58
42,5,3,2,63,52,58
42,5,3,3,63,52,58
42,6,0,0,189,52,58
42,6,0,1,4095,52,58
42,6,0,2,4095,52,58
42,6,0,3,4095,52,58
42,6,1,0,125,52,58
42,6,1,1,4095,52,58
42,6,1,2,4095,52,58
42,6,1,3,4095,52,58
42,6,2,0,61,52,58
42,6,2,1,61,52,58
42,6,2,2,61,52,58
42,6,2,3,61,52,58
42,6,3,0,3,52,58
42,6,3,1,3,52,58
42,6,3,2,3,52,58
42,6,3,3,3,52,58
42,7,0,0,64,52,58
42,7,0,1,64,52,58
42,7,0,2,64,52,58
42,7,0,3,64,52,58
42,7,1,0,0,52,58
42,7,1,1,0,52,58
42,7,1,2,0,52,58
42,7,1,3,0,52,58
42,7,2,0,64,52,58
42,7,2,1,4095,52,58
42,7,2,2,4095,52,58
42,7,2,3,4095,52,58
42,7,3,0,128,52,58
42,7,3,1,4095,52,58
42,7,3,2,4095,52,58
42,7,3,3,4095,52,58
43,0,0,0,61,53,59
43,0,0,1,61,53,59
43,0,0,2,61,53,59
43,0,0,3,61,53,59
43,0,1,0,3,53,59
43,0,1,1,3,53,59
43,0,1,2,3,53,59
43,0,1,3,3,53,59
43,0,2,0,67,53,59
43,0,2,1,4095,53,59
43,0,2,2,4095,53,59
43,0,2,3,4095,53,59
43,0,3,0,131,53,59
43,0,3,1,4095,53,59
43,0,3,2,4095,53,59
43,0,3,3,4095,53,59
43,1,0,0,195,53,59
43,1,0,1,4095,53,59
43,1,0,2,4095,53,59
43,1,0,3,4095,53,59
43,1,1,0,131,53,59
43,1,1,1,4095,53,59
43,1,1,2,4095,53,59
43,1,1,3,4095,53,59
43,1,2,0,67,53,59
43,1,2,1,67,53,59
43,1,2,2,67,53,59
43,1,2,3,67,53,59
43,1,3,0,3,53,59
43,1,3,1,3,53,59
43,1,3,2,3,53,59
43,1,3,3,3,53,59
43,2,0,0,190,53,59
43,2,0,1,4095,53,59
43,2,0,2,4095,53,59
43,2,0,3,4095,53,59
43,2,1,0,126,53,59
43,2,1,1,4095,53,59
43,2,1,2,4095,53,59
43,2,1,3,4095,53,59
43,2,2,0,62,53,59
43,2,2,1,62,53,59
43,2,2,2,62,53,59
43,2,2,3,62,53,59
43,2,3,0,2,53,59
43,2,3,1,2,53,59
43,2,3,2,2,53,59
43,2,3,3,2,53,59
43,3,0,0,64,53,59
43,3,0,1,64,53,59
43,3,0,2,64,53,59
43,3,0,3,64,53,59
43,3,1,0,0,53,59
43,3,1,1,0,53,59
43,3,1,2,0,53,59
43,3,1,3,0,53,59
43,3,2,0,64,53,59
43,3,2,1,4095,53,59
43,3,2,2,4095,53,59
43,3,2,3,4095,53,59
43,3,3,0,128,53,59
43,3,3,1,4095,53,59
43,3,3,2,4095,53,59
43,3,3,3,4095,53,59
43,4,0,0,65,53,59
43,4,0,1,4095,53,59
43,4,0,2,4095,53,59
43,4,0,3,4095,53,59
43,4,1,0,1,53,59
43,4,1,1,1,53,59
43,4,1,2,1,53,59
43,4,1,3,1,53,59
43,4,2,0,63,53,59
43,4,2,1,63,53,59
43,4,2,2,63,53,59
43,4,2,3,63,53,59
43,4,3,0,127,53,59
43,4,3,1,4095,53,59
43,4,3,2,4095,53,59
43,4,3,3,4095,53,59
43,5,0,0,195,53,59
43,5,0,1,4095,53,59
43,5,0,2,4095,53,59
43,5,0,3,4095,53,59
43,5,1,0,131,53,59
43,5,1,1,4095,53,59
43,5,1,2,4095,53,59
43,5,1,3,4095,53,59
43,5,2,0,67,53,59
43,5,2,1,67,53,59
43,5,2,2,67,53,59
43,5,2,3,67,53,59
43,5,3,0,3,53,59
43,5,3,1,3,53,59
43,5,3,2,3,53,59
43,5,3,3,3,53,59
43,6,0,0,193,53,59
43,6,0,1,4095,53,59
43,6,0,2,4095,53,59
43,6,0,3,4095,53,59
43,6,1,0,129,53,59
43,6,1,1,4095,53,59
43,6,1,2,4095,53,59
43,6,1,3,4095,53,59
43,6,2,0,65,53,59
43,6,2,1,65,53,59
43,6,2,2,65,53,59
43,6,2,3,65,53,59
43,6,3,0,1,53,59
43,6,3,1,1,53,59
43,6,3,2,1,53,59
43,6,3,3,1,53,59
43,7,0,0,126,53,59
43,7,0,1,4095,53,59
43,7,0,2,4095,53,59
43,7,0,3,4095,53,59
43,7,1,0,62,53,59
43,7,1,1,62,53,59
43,7,1,2,62,53,59
43,7,1,3,62,53,59
43,7,2,0,2,53,59
43,7,2,1,2,53,59
43,7,2,2,2,53,59
43,7,2,3,2,53,59
43,7,3,0,66,53,59
43,7,3,1,4095,53,59
43,7,3,2,4095,53,59
43,7,3,3,4095,53,59
44,0,0,0,67,54,60
44,0,0,1,4095,54,60
44,0,0,2,4095,54,60
44,0,0,3,4095,54,60
44,0,1,0,3,54,60
44,0,1,1,3,54,60
44,0,1,2,3,54,60
44,0,1,3,3,54,60
44,0,2,0,61,54,60
44,0,2,1,61,54,60
44,0,2,2,61,54,60
44,0,2,3,61,54,60
44,0,3,0,125,54,60
44,0,3,1,4095,54,60
44,0,3,2,4095,54,60
44,0,3,3,4095,54,60
44,1,0,0,65,54,60
44,1,0,1,4095,54,60
44,1,0,2,4095,54,60
44,1,0,3,4095,54,60
44,1,1,0,1,54,60
44,1,1,1,1,54,60
44,1,1,2,1,54,60
44,1,1,3,1,54,60
44,1,2,0,63,54,60
44,1,2,1,63,54,60
44,1,2,2,63,54,60
44,1,2,3,63,54,60
44,1,3,0,127,54,60
44,1,3,1,4095,54,60
44,1,3,2,4095,54,60
44,1,3,3,4095,54,60
44,2,0,0,2,54,60
44,2,0,1,2,54,60
44,2,0,2,2,54,60
44,2,0,3,2,54,60
44,2,1,0,62,54,60
44,2,1,1,62,54,60
44,2,1,2,62,54,60
44,2,1,3,62,54,60
44,2,2,0,126,54,60
44,2,2,1,4095,54,60
44,2,2,2,4095,54,60
44,2,2,3,4095,54,60
44,2,3,0,190,54,60
44,2,3,1,4095,54,60
44,2,3,2,4095,54,60
44,2,3,3,4095,54,60
44,3,0,0,65,54,60
44,3,0,1,4095,54,60
44,3,0,2,4095,54,60
44,3,0,3,4095,54,60
44,3,1,0,1,54,60
44,3,1,1,1,54,60
44,3,1,2,1,54,60
44,3,1,3,1,54,60
44,3,2,0,63,54,60
44,3,2,1,63,54,60
44,3,2,2,63,54,60
44,3,2,3,63,54,60
44,3,3,0,127,54,60
44,3,3,1,4095,54,60
44,3,3,2,4095,54,60
44,3,3,3,4095,54,60
44,4,0,0,61,54,60
44,4,0,1,61,54,60
44,4,0,2,61,54,60
44,4,0,3,61,54,60
44,4,1,0,3,54,60
44,4,1,1,3,54,60
44,4,1,2,3,54,60
44,4,1,3,3,54,60
44,4,2,0,67,54,60
44,4,2,1,4095,54,60
44,4,2,2,4095,54,60
44,4,2,3,4095,54,60
44,4,3,0,131,54,60
44,4,3,1,4095,54,60
44,4,3,2,4095,54,60
44,4,3,3,4095,54,60
44,5,0,0,127,54,60
44,5,0,1,4095,54,60
44,5,0,2,4095,54,60
44,5,0,3,4095,54,60
44,5,1,0,63,54,60
44,5,1,1,63,54,60
44,5,1,2,63,54,60
44,5,1,3,63,54,60
44,5,2,0,1,54,60
44,5,2,1,1,54,60
44,5,2,2,1,54,60
44,5,2,3,1,54,60
44,5,3,0,65,54,60
44,5,3,1,4095,54,60
44,5,3,2,4095,54,60
44,5,3,3,4095,54,60
44,6,0,0,191,54,60
44,6,0,1,4095,54,60
44,6,0,2,4095,54,60
44,6,0,3,4095,54,60
44,6,1,0,127,54,60
44,6,1,1,4095,54,60
44,6,1,2,4095,54,60
44,6,1,3,4095,54,60
44,6,2,0,63,54,60
44,6,2,1,63,54,60
44,6,2,2,63,54,60
44,6,2,3,63,54,60
44,6,3,0,1,54,60
44,6,3,1,1,54,60
44,6,3,2,1,54,60
44,6,3,3,1,54,60
44,7,0,0,0,54,60
44,7,0,1,0,54,60
44,7,0,2,0,54,60
44,7,0,3,0,54,60
44,7,1,0,64,54,60
44,7,1,1,64,54,60
44,7,1,2,64,54,60
44,7,1,3,64,54,60
44,7,2,0,128,54,60
44,7,2,1,4095,54,60
44,7,2,2,4095,54,60
44,7,2,3,4095,54,60
44,7,3,0,192,54,60
44,7,3,1,4095,54,60
44,7,3,2,4095,54,60
44,7,3,3,4095,54,60
45,0,0,0,128,55,61
45,0,0,1,4095,55,61
45,0,0,2,4095,55,61
45,0,0,3,4095,55,61
45,0,1,0,64,55,61
45,0,1,1,64,55,61
45,0,1,2,64,55,61
45,0,1,3,64,55,61
45,0,2,0,0,55,61
45,0,2,1,0,55,61
45,0,2,2,0,55,61
45,0,2,3,0,55,61
45,0,3,0,64,55,61
45,0,3,1,4095,55,61
45,0,3,2,4095,55,61
45,0,3,3,4095,55,61
45,1,0,0,66,55,61
45,1,0,1,4095,55,61
45,1,0,2,4095,55,61
45,1,0,3,4095,55,61
45,1,1,0,2,55,61
45,1,1,1,2,55,61
45,1,1,2,2,55,61
45,1,1,3,2,55,61
45,1,2,0,62,55,61
45,1,2,1,62,55,61
45,1,2,2,62,55,61
45,1,2,3,62,55,61
45,1,3,0,126,55,61
45,1,3,1,4095,55,61
45,1,3,2,4095,55,61
45,1,3,3,4095,55,61
45,2,0,0,2,55,61
45,2,0,1,2,55,61
45,2,0,2,2,55,61
45,2,0,3,2,55,61
45,2,1,0,66,55,61
45,2,1,1,66,55,61
45,2,1,2,66,55,61
45,2,1,3,66,55,61
45,2,2,0,130,55,61
45,2,2,1,4095,55,61
45,2,2,2,4095,55,61
45,2,2,3,4095,55,61
45,2,3,0,194,55,61
45,2,3,1,4095,55,61
45,2,3,2,4095,55,61
45,2,3,3,4095,55,61
45,3,0,0,193,55,61
45,3,0,1,4095,55,61
45,3,0,2,4095,55,61
45,3,0,3,4095,55,61
45,3,1,0,129,55,61
45,3,1,1,4095,55,61
45,3,1,2,4095,55,61
45,3,1,3,4095,55,61
45,3,2,0,65,55,61
45,3,2,1,65,55,61
45,3,2,2,65,55,61
45,3,2,3,65,55,61
45,3,3,0,1,55,61
45,3,3,1,1,55,61
45,3,3,2,1,55,61
45,3,3,3,1,55,61
45,4,0,0,128,55,61
45,4,0,1,4095,55,61
45,4,0,2,4095,55,61
45,4,0,3,4095,55,61
45,4,1,0,64,55,61
45,4,1,1,64,55,61
45,4,1,2,64,55,61
45,4,1,3,64,55,61
45,4,2,0,0,55,61
45,4,2,1,0,55,61
45,4,2,2,0,55,61
45,4,2,3,0,55,61
45,4,3,0,64,55,61
45,4,3,1,4095,55,61
45,4,3,2,4095,55,61
45,4,3,3,4095,55,61
45,5,0,0,2,55,61
45,5,0,1,2,55,61
45,5,0,2,2,55,61
45,5,0,3,2,55,61
45,5,1,0,66,55,61
45,5,1,1,66,55,61
45,5,1,2,66,55,61
45,5,1,3,66,55,61
45,5,2,0,130,55,61
45,5,2,1,4095,55,61
45,5,2,2,4095,55,61
45,5,2,3,4095,55,61
45,5,3,0,194,55,61
45,5,3,1,4095,55,61
45,5,3,2,4095,55,61
45,5,3,3,4095,55,61
45,6,0,0,195,55,61
45,6,0,1,4095,55,61
45,6,0,2,4095,55,61
45,6,0,3,4095,55,61
45,6,1,0,131,55,61
45,6,1,1,4095,55,61
45,6,1,2,4095,55,61
45,6,1,3,4095,55,61
45,6,2,0,67,55,61
45,6,2,1,67,55,61
45,6,2,2,67,55,61
45,6,2,3,67,55,61
45,6,3,0,3,55,61
45,6,3,1,3,55,61
45,6,3,2,3,55,61
45,6,3,3,3,55,61
45,7,0,0,125,55,61
45,7,0,1,4095,55,61
45,7,0,2,4095,55,61
45,7,0,3,4095,55,61
45,7,1,0,61,55,61
45,7,1,1,61,55,61
45,7,1,2,61,55,61
45,7,1,3,61,55,61
45,7,2,0,3,55,61
45,7,2,1,3,55,61
45,7,2,2,3,55,61
45,7,2,3,3,55,61
45,7,3,0,67,55,61
45,7,3,1,4095,55,61
45,7,3,2,4095,55,61
45,7,3,3,4095,55,61
46,0,0,0,3,56,62
46,0,0,1,3,56,62
46,0,0,2,3,56,62
46,0,0,3,3,56,62
46,0,1,0,67,56,62
46,0,1,1,67,56,62
46,0,1,2,67,56,62
46,0,1,3,67,56,62
46,0,2,0,131,56,62
46,0,2,1,4095,56,62
46,0,2,2,4095,56,62
46,0,2,3,4095,56,62
46,0,3,0,195,56,62
46,0,3,1,4095,56,62
46,0,3,2,4095,56,62
46,0,3,3,4095,56,62
46,1,0,0,192,56,62
46,1,0,1,4095,56,62
46,1,0,2,4095,56,62
46,1,0,3,4095,56,62
46,1,1,0,128,56,62
46,1,1,1,4095,56,62
46,1,1,2,4095,56,62
46,1,1,3,4095,56,62
46,1,2,0,64,56,62
46,1,2,1,64,56,62
46,1,2,2,64,56,62
46,1,2,3,64,56,62
46,1,3,0,0,56,62
46,1,3,1,0,56,62
46,1,3,2,0,56,62
46,1,3,3,0,56,62
46,2,0,0,130,56,62
46,2,0,1,4095,56,62
46,2,0,2,4095,56,62
46,2,0,3,4095,56,62
46,2,1,0,66,56,62
46,2,1,1,4095,56,62
46,2,1,2,4095,56,62
46,2,1,3,4095,56,62
46,2,2,0,2,56,62
46,2,2,1,2,56,62
46,2,2,2,2,56,62
46,2,2,3,2,56,62
46,2,3,0,62,56,62
46,2,3,1,62,56,62
46,2,3,2,62,56,62
46,2,3,3,62,56,62
46,3,0,0,2,56,62
46,3,0,1,2,56,62
46,3,0,2,2,56,62
46,3,0,3,2,56,62
46,3,1,0,66,56,62
46,3,1,1,66,56,62
46,3,1,2,66,56,62
46,3,1,3,66,56,62
46,3,2,0,130,56,62
46,3,2,1,4095,56,62
46,3,2,2,4095,56,62
46,3,2,3,4095,56,62
46,3,3,0,194,56,62
46,3,3,1,4095,56,62
46,3,3,2,4095,56,62
46,3,3,3,4095,56,62
46,4,0,0,190,56,62
46,4,0,1,4095,56,62
46,4,0,2,4095,56,62
46,4,0,3,4095,56,62
46,4,1,0,126,56,62
46,4,1,1,4095,56,62
46,4,1,2,4095,56,62
46,4,1,3,4095,56,62
46,4,2,0,62,56,62
46,4,2,1,62,56,62
46,4,2,2,62,56,62
46,4,2,3,62,56,62
46,4,3,0,2,56,62
46,4,3,1,2,56,62
46,4,3,2,2,56,62
46,4,3,3,2,56,62
46,5,0,0,2,56,62
46,5,0,1,2,56,62
46,5,0,2,2,56,62
46,5,0,3,2,56,62
46,5,1,0,66,56,62
46,5,1,1,66,56,62
46,5,1,2,66,56,62
46,5,1,3,66,56,62
46,5,2,0,130,56,62
46,5,2,1,4095,56,62
46,5,2,2,4095,56,62
46,5,2,3,4095,56,62
46,5,3,0,194,56,62
46,5,3,1,4095,56,62
46,5,3,2,4095,56,62
46,5,3,3,4095,56,62
46,6,0,0,192,56,62
46,6,0,1,4095,56,62
46,6,0,2,4095,56,62
46,6,0,3,4095,56,62
46,6,1,0,128,56,62
46,6,1,1,4095,56,62
46,6,1,2,4095,56,62
46,6,1,3,4095,56,62
46,6,2,0,64,56,62
46,6,2,1,64,56,62
46,6,2,2,64,56,62
46,6,2,3,64,56,62
46,6,3,0,0,56,62
46,6,3,1,0,56,62
46,6,3,2,0,56,62
46,6,3,3,0,56,62
46,7,0,0,192,56,62
46,7,0,1,4095,56,62
46,7,0,2,4095,56,62
46,7,0,3,4095,56,62
46,7,1,0,128,56,62
46,7,1,1,4095,56,62
46,7,1,2,4095,56,62
46,7,1,3,4095,56,62
46,7,2,0,64,56,62
46,7,2,1,64,56,62
46,7,2,2,64,56,62
46,7,2,3,64,56,62
46,7,3,0,0,56,62
46,7,3,1,0,56,62
46,7,3,2,0,56,62
46,7,3,3,0,56,62
47,0,0,0,0,57,63
47,0,0,1,0,57,63
47,0,0,2,0,57,63
47,0,0,3,0,57,63
47,0,1,0,64,57,63
47,0,1,1,64,57,63
47,0,1,2,64,57,63
47,0,1,3,64,57,63
47,0,2,0,128,57,63
47,0,2,1,4095,57,63
47,0,2,2,4095,57,63
47,0,2,3,4095,57,63
47,0,3,0,192,57,63
47,0,3,1,4095,57,63
47,0,3,2,4095,57,63
47,0,3,3,4095,57,63
47,1,0,0,63,57,63
47,1,0,1,63,57,63
47,1,0,2,63,57,63
47,1,0,3,63,57,63
47,1,1,0,1,57,63
47,1,1,1,1,57,63
47,1,1,2,1,57,63
47,1,1,3,1,57,63
47,1,2,0,65,57,63
47,1,2,1,4095,57,63
47,1,2,2,4095,57,63
47,1,2,3,4095,57,63
47,1,3,0,129,57,63
47,1,3,1,4095,57,63
47,1,3,2,4095,57,63
47,1,3,3,4095,57,63
47,2,0,0,195,57,63
47,2,0,1,4095,57,63
47,2,0,2,4095,57,63
47,2,0,3,4095,57,63
47,2,1,0,131,57,63
47,2,1,1,4095,57,63
47,2,1,2,4095,57,63
47,2,1,3,4095,57,63
47,2,2,0,67,57,63
47,2,2,1,67,57,63
47,2,2,2,67,57,63
47,2,2,3,67,57,63
47,2,3,0,3,57,63
47,2,3,1,3,57,63
47,2,3,2,3,57,63
47,2,3,3,3,57,63
47,3,0,0,2,57,63
47,3,0,1,2,57,63
47,3,0,2,2,57,63
47,3,0,3,2,57,63
47,3,1,0,66,57,63
47,3,1,1,66,57,63
47,3,1,2,66,57,63
47,3,1,3,66,57,63
47,3,2,0,130,57,63
47,3,2,1,4095,57,63
47,3,2,2,4095,57,63
47,3,2,3,4095,57,63
47,3,3,0,194,57,63
47,3,3,1,4095,57,63
47,3,3,2,4095,57,63
47,3,3,3,4095,57,63
47,4,0,0,1,57,63
47,4,0,1,1,57,63
47,4,0,2,1,57,63
47,4,0,3,1,57,63
47,4,1,0,63,57,63
47,4,1,1,63,57,63
47,4,1,2,63,57,63
47,4,1,3,63,57,63
47,4,2,0,127,57,63
47,4,2,1,4095,57,63
47,4,2,2,4095,57,63
47,4,2,3,4095,57,63
47,4,3,0,191,57,63
47,4,3,1,4095,57,63
47,4,3,2,4095,57,63
47,4,3,3,4095,57,63
47,5,0,0,61,57,63
47,5,0,1,61,57,63
47,5,0,2,61,57,63
47,5,0,3,61,57,63
47,5,1,0,3,57,63
47,5,1,1,3,57,63
47,5,1,2,3,57,63
47,5,1,3,3,57,63
47,5,2,0,67,57,63
47,5,2,1,4095,57,63
47,5,2,2,4095,57,63
47,5,2,3,4095,57,63
47,5,3,0,131,57,63
47,5,3,1,4095,57,63
47,5,3,2,4095,57,63
47,5,3,3,4095,57,63
47,6,0,0,195,57,63
47,6,0,1,4095,57,63
47,6,0,2,4095,57,63
47,6,0,3,4095,57,63
47,6,1,0,131,57,63
47,6,1,1,4095,57,63
47,6,1,2,4095,57,63
47,6,1,3,4095,57,63
47,6,2,0,67,57,63
47,6,2,1,67,57,63
47,6,2,2,67,57,63
47,6,2,3,67,57,63
47,6,3,0,3,57,63
47,6,3,1,3,57,63
47,6,3,2,3,57,63
47,6,3,3,3,57,63
47,7,0,0,65,57,63
47,7,0,1,4095,57,63
47,7,0,2,4095,57,63
47,7,0,3,4095,57,63
47,7,1,0,1,57,63
47,7,1,1,1,57,63
47,7,1,2,1,57,63
47,7,1,3,1,57,63
47,7,2,0,63,57,63
47,7,2,1,63,57,63
47,7,2,2,63,57,63
47,7,2,3,63,57,63
47,7,3,0,127,57,63
47,7,3,1,4095,57,63
47,7,3,2,4095,57,63
47,7,3,3,4095,57,63
48,0,0,0,126,58,64
48,0,0,1,4095,58,64
48,0,0,2,4095,58,64
48,0,0,3,4095,58,64
48,0,1,0,62,58,64
48,0,1,1,62,58,64
48,0,1,2,62,58,64
48,0,1,3,62,58,64
48,0,2,0,2,58,64
48,0,2,1,2,58,64
48,0,2,2,2,58,64
48,0,2,3,2,58,64
48,0,3,0,66,58,64
48,0,3,1,4095,58,64
48,0,3,2,4095,58,64
48,0,3,3,4095,58,64
48,1,0,0,126,58,64
48,1,0,1,4095,58,64
48,1,0,2,4095,58,64
48,1,0,3,4095,58,64
48,1,1,0,62,58,64
48,1,1,1,62,58,64
48,1,1,2,62,58,64
48,1,1,3,62,58,64
48,1,2,0,2,58,64
48,1,2,1,2,58,64
48,1,2,2,2,58,64
48,1,2,3,2,58,64
48,1,3,0,66,58,64
48,1,3,1,4095,58,64
48,1,3,2,4095,58,64
48,1,3,3,4095,58,64
48,2,0,0,3,58,64
48,2,0,1,3,58,64
48,2,0,2,3,58,64
48,2,0,3,3,58,64
48,2,1,0,67,58,64
48,2,1,1,67,58,64
48,2,1,2,67,58,64
48,2,1,3,67,58,64
48,2,2,0,131,58,64
48,2,2,1,4095,58,64
48,2,2,2,4095,58,64
48,2,2,3,4095,58,64
48,2,3,0,195,58,64
48,2,3,1,4095,58,64
48,2,3,2,4095,58,64
48,2,3,3,4095,58,64
48,3,0,0,129,58,64
48,3,0,1,4095,58,64
48,3,0,2,4095,58,64
48,3,0,3,4095,58,64
48,3,1,0,65,58,64
48,3,1,1,4095,58,64
48,3,1,2,4095,58,64
48,3,1,3,4095,58,64
48,3,2,0,1,58,64
48,3,2,1,1,58,64
48,3,2,2,1,58,64
48,3,2,3,1,58,64
48,3,3,0,63,58,64
48,3,3,1,63,58,64
48,3,3,2,63,58,64
48,3,3,3,63,58,64
48,4,0,0,2,58,64
48,4,0,1,2,58,64
48,4,0,2,2,58,64
48,4,0,3,2,58,64
48,4,1,0,62,58,64
48,4,1,1,62,58,64
48,4,1,2,62,58,64
48,4,1,3,62,58,64
48,4,2,0,126,58,64
48,4,2,1,4095,58,64
48,4,2,2,4095,58,64
48,4,2,3,4095,58,64
48,4,3,0,190,58,64
48,4,3,1,4095,58,64
48,4,3,2,4095,58,64
48,4,3,3,4095,58,64
48,5,0,0,195,58,64
48,5,0,1,4095,58,64
48,5,0,2,4095,58,64
48,5,0,3,4095,58,64
48,5,1,0,131,58,64
48,5,1,1,4095,58,64
48,5,1,2,4095,58,64
48,5,1,3,4095,58,64
48,5,2,0,67,58,64
48,5,2,1,67,58,64
48,5,2,2,67,58,64
48,5,2,3,67,58,64
48,5,3,0,3,58,64
48,5,3,1,3,58,64
48,5,3,2,3,58,64
48,5,3,3,3,58,64
48,6,0,0,195,58,64
48,6,0,1,4095,58,64
48,6,0,2,4095,58,64
48,6,0,3,4095,58,64
48,6,1,0,131,58,64
48,6,1,1,4095,58,64
48,6,1,2,4095,58,64
48,6,1,3,4095,58,64
48,6,2,0,67,58,64
48,6,2,1,67,58,64
48,6,2,2,67,58,64
48,6,2,3,67,58,64
48,6,3,0,3,58,64
48,6,3,1,3,58,64
48,6,3,2,3,58,64
48,6,3,3,3,58,64
48,7,0,0,66,58,64
48,7,0,1,4095,58,64
48,7,0,2,4095,58,64
48,7,0,3,4095,58,64
48,7,1,0,2,58,64
48,7,1,1,2,58,64
48,7,1,2,2,58,64
48,7,1,3,2,58,64
48,7,2,0,62,58,64
48,7,2,1,62,58,64
48,7,2,2,62,58,64
48,7,2,3,62,58,64
48,7,3,0,126,58,64
48,7,3,1,4095,58,64
48,7,3,2,4095,58,64
48,7,3,3,4095,58,64
49,0,0,0,67,59,65
49,0,0,1,4095,59,65
49,0,0,2,4095,59,65
49,0,0,3,4095,59,65
49,0,1,0,3,59,65
49,0,1,1,3,59,65
49,0,1,2,3,59,65
49,0,1,3,3,59,65
49,0,2,0,61,59,65
49,0,2,1,61,59,65
49,0,2,2,61,59,65
49,0,2,3,61,59,65
49,0,3,0,125,59,65
49,0,3,1,4095,59,65
49,0,3,2,4095,59,65
49,0,3,3,4095,59,65
49,1,0,0,193,59,65
49,1,0,1,4095,59,65
49,1,0,2,4095,59,65
49,1,0,3,4095,59,65
49,1,1,0,129,59,65
49,1,1,1,4095,59,65
49,1,1,2,4095,59,65
49,1,1,3,4095,59,65
49,1,2,0,65,59,65
49,1,2,1,65,59,65
49,1,2,2,65,59,65
49,1,2,3,65,59,65
49,1,3,0,1,59,65
49,1,3,1,1,59,65
49,1,3,2,1,59,65
49,1,3,3,1,59,65
49,2,0,0,189,59,65
49,2,0,1,4095,59,65
49,2,0,2,4095,59,65
49,2,0,3,4095,59,65
49,2,1,0,125,59,65
49,2,1,1,4095,59,65
49,2,1,2,4095,59,65
49,2,1,3,4095,59,65
49,2,2,0,61,59,65
49,2,2,1,61,59,65
49,2,2,2,61,59,65
49,2,2,3,61,59,65
49,2,3,0,3,59,65
49,2,3,1,3,59,65
49,2,3,2,3,59,65
49,2,3,3,3,59,65
49,3,0,0,195,59,65
49,3,0,1,4095,59,65
49,3,0,2,4095,59,65
49,3,0,3,4095,59,65
49,3,1,0,131,59,65
49,3,1,1,4095,59,65
49,3,1,2,4095,59,65
49,3,1,3,4095,59,65
49,3,2,0,67,59,65
49,3,2,1,67,59,65
49,3,2,2,67,59,65
49,3,2,3,67,59,65
49,3,3,0,3,59,65
49,3,3,1,3,59,65
49,3,3,2,3,59,65
49,3,3,3,3,59,65
49,4,0,0,62,59,65
49,4,0,1,62,59,65
49,4,0,2,62,59,65
49,4,0,3,62,59,65
49,4,1,0,2,59,65
49,4,1,1,2,59,65
49,4,1,2,2,59,65
49,4,1,3,2,59,65
49,4,2,0,66,59,65
49,4,2,1,4095,59,65
49,4,2,2,4095,59,65
49,4,2,3,4095,59,65
49,4,3,0,130,59,65
49,4,3,1,4095,59,65
49,4,3,2,4095,59,65
49,4,3,3,4095,59,65
49,5,0,0,189,59,65
49,5,0,1,4095,59,65
49,5,0,2,4095,59,65
49,5,0,3,4095,59,65
49,5,1,0,125,59,65
49,5,1,1,4095,59,65
49,5,1,2,4095,59,65
49,5,1,3,4095,59,65
49,5,2,0,61,59,65
49,5,2,1,61,59,65
49,5,2,2,61,59,65
49,5,2,3,61,59,65
49,5,3,0,3,59,65
49,5,3,1,3,59,65
49,5,3,2,3,59,65
49,5,3,3,3,59,65
49,6,0,0,2,59,65
49,6,0,1,2,59,65
49,6,0,2,2,59,65
49,6,0,3,2,59,65
49,6,1,0,62,59,65
49,6,1,1,62,59,65
49,6,1,2,62,59,65
49,6,1,3,62,59,65
49,6,2,0,126,59,65
49,6,2,1,4095,59,65
49,6,2,2,4095,59,65
49,6,2,3,4095,59,65
49,6,3,0,190,59,65
49,6,3,1,4095,59,65
49,6,3,2,4095,59,65
49,6,3,3,4095,59,65
49,7,0,0,195,59,65
49,7,0,1,4095,59,65
49,7,0,2,4095,59,65
49,7,0,3,4095,59,65
49,7,1,0,131,59,65
49,7,1,1,4095,59,65
49,7,1,2,4095,59,65
49,7,1,3,4095,59,65
49,7,2,0,67,59,65
49,7,2,1,67,59,65
49,7,2,2,67,59,65
49,7,2,3,67,59,65
49,7,3,0,3,59,65
49,7,3,1,3,59,65
49,7,3,2,3,59,65
49,7,3,3,3,59,65
50,0,0,0,65,60,66
50,0,0,1,4095,60,66
50,0,0,2,4095,60,66
50,0,0,3,4095,60,66
50,0,1,0,1,60,66
50,0,1,1,1,60,66
50,0,1,2,1,60,66
50,0,1,3,1,60,66
50,0,2,0,63,60,66
50,0,2,1,63,60,66
50,0,2,2,63,60,66
50,0,2,3,63,60,66
50,0,3,0,127,60,66
50,0,3,1,4095,60,66
50,0,3,2,4095,60,66
50,0,3,3,4095,60,66
50,1,0,0,126,60,66
50,1,0,1,4095,60,66
50,1,0,2,4095,60,66
50,1,0,3,4095,60,66
50,1,1,0,62,60,66
50,1,1,1,62,60,66
50,1,1,2,62,60,66
50,1,1,3,62,60,66
50,1,2,0,2,60,66
50,1,2,1,2,60,66
50,1,2,2,2,60,66
50,1,2,3,2,60,66
50,1,3,0,66,60,66
50,1,3,1,4095,60,66
50,1,3,2,4095,60,66
50,1,3,3,4095,60,66
50,2,0,0,61,60,66
50,2,0,1,61,60,66
50,2,0,2,61,60,66
50,2,0,3,61,60,66
50,2,1,0,3,60,66
50,2,1,1,3,60,66
50,2,1,2,3,60,66
50,2,1,3,3,60,66
50,2,2,0,67,60,66
50,2,2,1,4095,60,66
50,2,2,2,4095,60,66
50,2,2,3,4095,60,66
50,2,3,0,131,60,66
50,2,3,1,4095,60,66
50,2,3,2,4095,60,66
50,2,3,3,4095,60,66
50,3,0,0,193,60,66
50,3,0,1,4095,60,66
50,3,0,2,4095,60,66
50,3,0,3,4095,60,66
50,3,1,0,129,60,66
50,3,1,1,4095,60,66
50,3,1,2,4095,60,66
50,3,1,3,4095,60,66
50,3,2,0,65,60,66
50,3,2,1,65,60,66
50,3,2,2,65,60,66
50,3,2,3,65,60,66
50,3,3,0,1,60,66
50,3,3,1,1,60,66
50,3,3,2,1,60,66
50,3,3,3,1,60,66
50,4,0,0,127,60,66
50,4,0,1,4095,60,66
50,4,0,2,4095,60,66
50,4,0,3,4095,60,66
50,4,1,0,63,60,66
50,4,1,1,63,60,66
50,4,1,2,63,60,66
50,4,1,3,63,60,66
50,4,2,0,1,60,66
50,4,2,1,1,60,66
50,4,2,2,1,60,66
50,4,2,3,1,60,66
50,4,3,0,65,60,66
50,4,3,1,4095,60,66
50,4,3,2,4095,60,66
50,4,3,3,4095,60,66
50,5,0,0,190,60,66
50,5,0,1,4095,60,66
50,5,0,2,4095,60,66
50,5,0,3,4095,60,66
50,5,1,0,126,60,66
50,5,1,1,4095,60,66
50,5,1,2,4095,60,66
50,5,1,3,4095,60,66
50,5,2,0,62,60,66
50,5,2,1,62,60,66
50,5,2,2,62,60,66
50,5,2,3,62,60,66
50,5,3,0,2,60,66
50,5,3,1,2,60,66
50,5,3,2,2,60,66
50,5,3,3,2,60,66
50,6,0,0,67,60,66
50,6,0,1,4095,60,66
50,6,0,2,4095,60,66
50,6,0,3,4095,60,66
50,6,1,0,3,60,66
50,6,1,1,3,60,66
50,6,1,2,3,60,66
50,6,1,3,3,60,66
50,6,2,0,61,60,66
50,6,2,1,61,60,66
50,6,2,2,61,60,66
50,6,2,3,61,60,66
50,6,3,0,125,60,66
50,6,3,1,4095,60,66
50,6,3,2,4095,60,66
50,6,3,3,4095,60,66
50,7,0,0,1,60,66
50,7,0,1,1,60,66
50,7,0,2,1,60,66
50,7,0,3,1,60,66
50,7,1,0,63,60,66
50,7,1,1,63,60,66
50,7,1,2,63,60,66
50,7,1,3,63,60,66
50,7,2,0,127,60,66
50,7,2,1,4095,60,66
50,7,2,2,4095,60,66
50,7,2,3,4095,60,66
50,7,3,0,191,60,66
50,7,3,1,4095,60,66
50,7,3,2,4095,60,66
50,7,3,3,4095,60,66
51,0,0,0,191,61,67
51,0,0,1,4095,61,67
51,0,0,2,4095,61,67
51,0,0,3,4095,61,67
51,0,1,0,127,61,67
51,0,1,1,4095,61,67
51,0,1,2,4095,61,67
51,0,1,3,4095,61,67
51,0,2,0,63,61,67
51,0,2,1,63,61,67
51,0,2,2,63,61,67
51,0,2,3,63,61,67
51,0,3,0,1,61,67
51,0,3,1,1,61,67
51,0,3,2,1,61,67
51,0,3,3,1,61,67
51,1,0,0,191,61,67
51,1,0,1,4095,61,67
51,1,0,2,4095,61,67
51,1,0,3,4095,61,67
51,1,1,0,127,61,67
51,1,1,1,4095,61,67
51,1,1,2,4095,61,67
51,1,1,3,4095,61,67
51,1,2,0,63,61,67
51,1,2,1,63,61,67
51,1,2,2,63,61,67
51,1,2,3,63,61,67
51,1,3,0,1,61,67
51,1,3,1,1,61,67
51,1,3,2,1,61,67
51,1,3,3,1,61,67
51,2,0,0,62,61,67
51,2,0,1,62,61,67
51,2,0,2,62,61,67
51,2,0,3,62,61,67
51,2,1,0,2,61,67
51,2,1,1,2,61,67
51,2,1,2,2,61,67
51,2,1,3,2,61,67
51,2,2,0,66,61,67
51,2,2,1,4095,61,67
51,2,2,2,4095,61,67
51,2,2,3,4095,61,67
51,2,3,0,130,61,67
51,2,3,1,4095,61,67
51,2,3,2,4095,61,67
51,2,3,3,4095,61,67
51,3,0,0,66,61,67
51,3,0,1,4095,61,67
51,3,0,2,4095,61,67
51,3,0,3,4095,61,67
51,3,1,0,2,61,67
51,3,1,1,2,61,67
51,3,1,2,2,61,67
51,3,1,3,2,61,67
51,3,2,0,62,61,67
51,3,2,1,62,61,67
51,3,2,2,62,61,67
51,3,2,3,62,61,67
51,3,3,0,126,61,67
51,3,3,1,4095,61,67
51,3,3,2,4095,61,67
51,3,3,3,4095,61,67
51,4,0,0,130,61,67
51,4,0,1,4095,61,67
51,4,0,2,4095,61,67
51,4,0,3,4095,61,67
51,4,1,0,66,61,67
51,4,1,1,4095,61,67
51,4,1,2,4095,61,67
51,4,1,3,4095,61,67
51,4,2,0,2,61,67
51,4,2,1,2,61,67
51,4,2,2,2,61,67
51,4,2,3,2,61,67
51,4,3,0,62,61,67
51,4,3,1,62,61,67
51,4,3,2,62,61,67
51,4,3,3,62,61,67
51,5,0,0,2,61,67
51,5,0,1,2,61,67
51,5,0,2,2,61,67
51,5,0,3,2,61,67
51,5,1,0,66,61,67
51,5,1,1,66,61,67
51,5,1,2,66,61,67
51,5,1,3,66,61,67
51,5,2,0,130,61,67
51,5,2,1,4095,61,67
51,5,2,2,4095,61,67
51,5,2,3,4095,61,67
51,5,3,0,194,61,67
51,5,3,1,4095,61,67
51,5,3,2,4095,61,67
51,5,3,3,4095,61,67
51,6,0,0,62,61,67
51,6,0,1,62,61,67
51,6,0,2,62,61,67
51,6,0,3,62,61,67
51,6,1,0,2,61,67
51,6,1,1,2,61,67
51,6,1,2,2,61,67
51,6,1,3,2,61,67
51,6,2,0,66,61,67
51,6,2,1,4095,61,67
51,6,2,2,4095,61,67
51,6,2,3,4095,61,67
51,6,3,0,130,61,67
51,6,3,1,4095,61,67
51,6,3,2,4095,61,67
51,6,3,3,4095,61,67
51,7,0,0,195,61,67
51,7,0,1,4095,61,67
51,7,0,2,4095,61,67
51,7,0,3,4095,61,67
51,7,1,0,131,61,67
51,7,1,1,4095,61,67
51,7,1,2,4095,61,67
51,7,1,3,4095,61,67
51,7,2,0,67,61,67
51,7,2,1,67,61,67
51,7,2,2,67,61,67
51,7,2,3,67,61,67
51,7,3,0,3,61,67
51,7,3,1,3,61,67
51,7,3,2,3,61,67
51,7,3,3,3,61,67
52,0,0,0,194,62,68
52,0,0,1,4095,62,68
52,0,0,2,4095,62,68
52,0,0,3,4095,62,68
52,0,1,0,130,62,68
52,0,1,1,4095,62,68
52,0,1,2,4095,62,68
52,0,1,3,4095,62,68
52,0,2,0,66,62,68
52,0,2,1,66,62,68
52,0,2,2,66,62,68
52,0,2,3,66,62,68
52,0,3,0,2,62,68
52,0,3,1,2,62,68
52,0,3,2,2,62,68
52,0,3,3,2,62,68
52,1,0,0,3,62,68
52,1,0,1,3,62,68
52,1,0,2,3,62,68
52,1,0,3,3,62,68
52,1,1,0,67,62,68
52,1,1,1,67,62,68
52,1,1,2,67,62,68
52,1,1,3,67,62,68
52,1,2,0,131,62,68
52,1,2,1,4095,62,68
52,1,2,2,4095,62,68
52,1,2,3,4095,62,68
52,1,3,0,195,62,68
52,1,3,1,4095,62,68
52,1,3,2,4095,62,68
52,1,3,3,4095,62,68
52,2,0,0,64,62,68
52,2,0,1,64,62,68
52,2,0,2,64,62,68
52,2,0,3,64,62,68
52,2,1,0,0,62,68
52,2,1,1,0,62,68
52,2,1,2,0,62,68
52,2,1,3,0,62,68
52,2,2,0,64,62,68
52,2,2,1,4095,62,68
52,2,2,2,4095,62,68
52,2,2,3,4095,62,68
52,2,3,0,128,62,68
52,2,3,1,4095,62,68
52,2,3,2,4095,62,68
52,2,3,3,4095,62,68
52,3,0,0,66,62,68
52,3,0,1,4095,62,68
52,3,0,2,4095,62,68
52,3,0,3,4095,62,68
52,3,1,0,2,62,68
52,3,1,1,2,62,68
52,3,1,2,2,62,68
52,3,1,3,2,62,68
52,3,2,0,62,62,68
52,3,2,1,62,62,68
52,3,2,2,62,62,68
52,3,2,3,62,62,68
52,3,3,0,126,62,68
52,3,3,1,4095,62,68
52,3,3,2,4095,62,68
52,3,3,3,4095,62,68
52,4,0,0,1,62,68
52,4,0,1,1,62,68
52,4,0,2,1,62,68
52,4,0,3,1,62,68
52,4,1,0,65,62,68
52,4,1,1,65,62,68
52,4,1,2,65,62,68
52,4,1,3,65,62,68
52,4,2,0,129,62,68
52,4,2,1,4095,62,68
52,4,2,2,4095,62,68
52,4,2,3,4095,62,68
52,4,3,0,193,62,68
52,4,3,1,4095,62,68
52,4,3,2,4095,62,68
52,4,3,3,4095,62,68
52,5,0,0,127,62,68
52,5,0,1,4095,62,68
52,5,0,2,4095,62,68
52,5,0,3,4095,62,68
52,5,1,0,63,62,68
52,5,1,1,63,62,68
52,5,1,2,63,62,68
52,5,1,3,63,62,68
52,5,2,0,1,62,68
52,5,2,1,1,62,68
52,5,2,2,1,62,68
52,5,2,3,1,62,68
52,5,3,0,65,62,68
52,5,3,1,4095,62,68
52,5,3,2,4095,62,68
52,5,3,3,4095,62,68
52,6,0,0,129,62,68
52,6,0,1,4095,62,68
52,6,0,2,4095,62,68
52,6,0,3,4095,62,68
52,6,1,0,65,62,68
52,6,1,1,4095,62,68
52,6,1,2,4095,62,68
52,6,1,3,4095,62,68
52,6,2,0,1,62,68
52,6,2,1,1,62,68
52,6,2,2,1,62,68
52,6,2,3,1,62,68
52,6,3,0,63,62,68
52,6,3,1,63,62,68
52,6,3,2,63,62,68
52,6,3,3,63,62,68
52,7,0,0,193,62,68
52,7,0,1,4095,62,68
52,7,0,2,4095,62,68
52,7,0,3,4095,62,68
52,7,1,0,129,62,68
52,7,1,1,4095,62,68
52,7,1,2,4095,62,68
52,7,1,3,4095,62,68
52,7,2,0,65,62,68
52,7,2,1,65,62,68
52,7,2,2,65,62,68
52,7,2,3,65,62,68
52,7,3,0,1,62,68
52,7,3,1,1,62,68
52,7,3,2,1,62,68
52,7,3,3,1,62,68
53,0,0,0,189,63,69
53,0,0,1,4095,63,69
53,0,0,2,4095,63,69
53,0,0,3,4095,63,69
53,0,1,0,125,63,69
53,0,1,1,4095,63,69
53,0,1,2,4095,63,69
53,0,1,3,4095,63,69
53,0,2,0,61,63,69
53,0,2,1,61,63,69
53,0,2,2,61,63,69
53,0,2,3,61,63,69
53,0,3,0,3,63,69
53,0,3,1,3,63,69
53,0,3,2,3,63,69
53,0,3,3,3,63,69
53,1,0,0,1,63,69
53,1,0,1,1,63,69
53,1,0,2,1,63,69
53,1,0,3,1,63,69
53,1,1,0,65,63,69
53,1,1,1,65,63,69
53,1,1,2,65,63,69
53,1,1,3,65,63,69
53,1,2,0,129,63,69
53,1,2,1,4095,63,69
53,1,2,2,4095,63,69
53,1,2,3,4095,63,69
53,1,3,0,193,63,69
53,1,3,1,4095,63,69
53,1,3,2,4095,63,69
53,1,3,3,4095,63,69
53,2,0,0,131,63,69
53,2,0,1,4095,63,69
53,2,0,2,4095,63,69
53,2,0,3,4095,63,69
53,2,1,0,67,63,69
53,2,1,1,4095,63,69
53,2,1,2,4095,63,69
53,2,1,3,4095,63,69
53,2,2,0,3,63,69
53,2,2,1,3,63,69
53,2,2,2,3,63,69
53,2,2,3,3,63,69
53,2,3,0,61,63,69
53,2,3,1,61,63,69
53,2,3,2,61,63,69
53,2,3,3,61,63,69
53,3,0,0,0,63,69
53,3,0,1,0,63,69
53,3,0,2,0,63,69
53,3,0,3,0,63,69
53,3,1,0,64,63,69
53,3,1,1,64,63,69
53,3,1,2,64,63,69
53,3,1,3,64,63,69
53,3,2,0,128,63,69
53,3,2,1,4095,63,69
53,3,2,2,4095,63,69
53,3,2,3,4095,63,69
53,3,3,0,192,63,69
53,3,3,1,4095,63,69
53,3,3,2,4095,63,69
53,3,3,3,4095,63,69
53,4,0,0,127,63,69
53,4,0,1,4095,63,69
53,4,0,2,4095,63,69
53,4,0,3,4095,63,69
53,4,1,0,63,63,69
53,4,1,1,63,63,69
53,4,1,2,63,63,69
53,4,1,3,63,63,69
53,4,2,0,1,63,69
53,4,2,1,1,63,69
53,4,2,2,1,63,69
53,4,2,3,1,63,69
53,4,3,0,65,63,69
53,4,3,1,4095,63,69
53,4,3,2,4095,63,69
53,4,3,3,4095,63,69
53,5,0,0,0,63,69
53,5,0,1,0,63,69
53,5,0,2,0,63,69
53,5,0,3,0,63,69
53,5,1,0,64,63,69
53,5,1,1,64,63,69
53,5,1,2,64,63,69
53,5,1,3,64,63,69
53,5,2,0,128,63,69
53,5,2,1,4095,63,69
53,5,2,2,4095,63,69
53,5,2,3,4095,63,69
53,5,3,0,192,63,69
53,5,3,1,4095,63,69
53,5,3,2,4095,63,69
53,5,3,3,4095,63,69
53,6,0,0,131,63,69
53,6,0,1,4095,63,69
53,6,0,2,4095,63,69
53,6,0,3,4095,63,69
53,6,1,0,67,63,69
53,6,1,1,4095,63,69
53,6,1,2,4095,63,69
53,6,1,3,4095,63,69
53,6,2,0,3,63,69
53,6,2,1,3,63,69
53,6,2,2,3,63,69
53,6,2,3,3,63,69
53,6,3,0,61,63,69
53,6,3,1,61,63,69
53,6,3,2,61,63,69
53,6,3,3,61,63,69
53,7,0,0,2,63,69
53,7,0,1,2,63,69
53,7,0,2,2,63,69
53,7,0,3,2,63,69
53,7,1,0,62,63,69
53,7,1,1,62,63,69
53,7,1,2,62,63,69
53,7,1,3,62,63,69
53,7,2,0,126,63,69
53,7,2,1,4095,63,69
53,7,2,2,4095,63,69
53,7,2,3,4095,63,69
53,7,3,0,190,63,69
53,7,3,1,4095,63,69
53,7,3,2,4095,63,69
53,7,3,3,4095,63,69
54,0,0,0,195,64,70
54,0,0,1,4095,64,70
54,0,0,2,4095,64,70
54,0,0,3,4095,64,70
54,0,1,0,131,64,70
54,0,1,1,4095,64,70
54,0,1,2,4095,64,70
54,0,1,3,4095,64,70
54,0,2,0,67,64,70
54,0,2,1,67,64,70
54,0,2,2,67,64,70
54,0,2,3,67,64,70
54,0,3,0,3,64,70
54,0,3,1,3,64,70
54,0,3,2,3,64,70
54,0,3,3,3,64,70
54,1,0,0,192,64,70
54,1,0,1,4095,64,70
54,1,0,2,4095,64,70
54,1,0,3,4095,64,70
54,1,1,0,128,64,70
54,1,1,1,4095,64,70
54,1,1,2,4095,64,70
54,1,1,3,4095,64,70
54,1,2,0,64,64,70
54,1,2,1,64,64,70
54,1,2,2,64,64,70
54,1,2,3,64,64,70
54,1,3,0,0,64,70
54,1,3,1,0,64,70
54,1,3,2,0,64,70
54,1,3,3,0,64,70
54,2,0,0,62,64,70
54,2,0,1,62,64,70
54,2,0,2,62,64,70
54,2,0,3,62,64,70
54,2,1,0,2,64,70
54,2,1,1,2,64,70
54,2,1,2,2,64,70
54,2,1,3,2,64,70
54,2,2,0,66,64,70
54,2,2,1,4095,64,70
54,2,2,2,4095,64,70
54,2,2,3,4095,64,70
54,2,3,0,130,64,70
54,2,3,1,4095,64,70
54,2,3,2,4095,64,70
54,2,3,3,4095,64,70
54,3,0,0,127,64,70
54,3,0,1,4095,64,70
54,3,0,2,4095,64,70
54,3,0,3,4095,64,70
54,3,1,0,63,64,70
54,3,1,1,63,64,70
54,3,1,2,63,64,70
54,3,1,3,63,64,70
54,3,2,0,1,64,70
54,3,2,1,1,64,70
54,3,2,2,1,64,70
54,3,2,3,1,64,70
54,3,3,0,65,64,70
54,3,3,1,4095,64,70
54,3,3,2,4095,64,70
54,3,3,3,4095,64,70
54,4,0,0,1,64,70
54,4,0,1,1,64,70
54,4,0,2,1,64,70
54,4,0,3,1,64,70
54,4,1,0,65,64,70
54,4,1,1,65,64,70
54,4,1,2,65,64,70
54,4,1,3,65,64,70
54,4,2,0,129,64,70
54,4,2,1,4095,64,70
54,4,2,2,4095,64,70
54,4,2,3,4095,64,70
54,4,3,0,193,64,70
54,4,3,1,4095,64,70
54,4,3,2,4095,64,70
54,4,3,3,4095,64,70
54,5,0,0,191,64,70
54,5,0,1,4095,64,70
54,5,0,2,4095,64,70
54,5,0,3,4095,64,70
54,5,1,0,127,64,70
54,5,1,1,4095,64,70
54,5,1,2,4095,64,70
54,5,1,3,4095,64,70
54,5,2,0,63,64,70
54,5,2,1,63,64,70
54,5,2,2,63,64,70
54,5,2,3,63,64,70
54,5,3,0,1,64,70
54,5,3,1,1,64,70
54,5,3,2,1,64,70
54,5,3,3,1,64,70
54,6,0,0,129,64,70
54,6,0,1,4095,64,70
54,6,0,2,4095,64,70
54,6,0,3,4095,64,70
54,6,1,0,65,64,70
54,6,1,1,4095,64,70
54,6,1,2,4095,64,70
54,6,1,3,4095,64,70
54,6,2,0,1,64,70
54,6,2,1,1,64,70
54,6,2,2,1,64,70
54,6,2,3,1,64,70
54,6,3,0,63,64,70
54,6,3,1,63,64,70
54,6,3,2,63,64,70
54,6,3,3,63,64,70
54,7,0,0,125,64,70
54,7,0,1,4095,64,70
54,7,0,2,4095,64,70
54,7,0,3,4095,64,70
54,7,1,0,61,64,70
54,7,1,1,61,64,70
54,7,1,2,61,64,70
54,7,1,3,61,64,70
54,7,2,0,3,64,70
54,7,2,1,3,64,70
54,7,2,2,3,64,70
54,7,2,3,3,64,70
54,7,3,0,67,64,70
54,7,3,1,4095,64,70
54,7,3,2,4095,64,70
54,7,3,3,4095,64,70
55,0,0,0,66,65,71
55,0,0,1,4095,65,71
55,0,0,2,4095,65,71
55,0,0,3,4095,65,71
55,0,1,0,2,65,71
55,0,1,1,2,65,71
55,0,1,2,2,65,71
55,0,1,3,2,65,71
55,0,2,0,62,65,71
55,0,2,1,62,65,71
55,0,2,2,62,65,71
55,0,2,3,62,65,71
55,0,3,0,126,65,71
55,0,3,1,4095,65,71
55,0,3,2,4095,65,71
55,0,3,3,4095,65,71
55,1,0,0,65,65,71
55,1,0,1,4095,65,71
55,1,0,2,4095,65,71
55,1,0,3,4095,65,71
55,1,1,0,1,65,71
55,1,1,1,1,65,71
55,1,1,2,1,65,71
55,1,1,3,1,65,71
55,1,2,0,63,65,71
55,1,2,1,63,65,71
55,1,2,2,63,65,71
55,1,2,3,63,65,71
55,1,3,0,127,65,71
55,1,3,1,4095,65,71
55,1,3,2,4095,65,71
55,1,3,3,4095,65,71
55,2,0,0,64,65,71
55,2,0,1,64,65,71
55,2,0,2,64,65,71
55,2,0,3,64,65,71
55,2,1,0,0,65,71
55,2,1,1,0,65,71
55,2,1,2,0,65,71
55,2,1,3,0,65,71
55,2,2,0,64,65,71
55,2,2,1,4095,65,71
55,2,2,2,4095,65,71
55,2,2,3,4095,65,71
55,2,3,0,128,65,71
55,2,3,1,4095,65,71
55,2,3,2,4095,65,71
55,2,3,3,4095,65,71
55,3,0,0,3,65,71
55,3,0,1,3,65,71
55,3,0,2,3,65,71
55,3,0,3,3,65,71
55,3,1,0,61,65,71
55,3,1,1,61,65,71
55,3,1,2,61,65,71
55,3,1,3,61,65,71
55,3,2,0,125,65,71
55,3,2,1,4095,65,71
55,3,2,2,4095,65,71
55,3,2,3,4095,65,71
55,3,3,0,189,65,71
55,3,3,1,4095,65,71
55,3,3,2,4095,65,71
55,3,3,3,4095,65,71
55,4,0,0,129,65,71
55,4,0,1,4095,65,71
55,4,0,2,4095,65,71
55,4,0,3,4095,65,71
55,4,1,0,65,65,71
55,4,1,1,4095,65,71
55,4,1,2,4095,65,71
55,4,1,3,4095,65,71
55,4,2,0,1,65,71
55,4,2,1,1,65,71
55,4,2,2,1,65,71
55,4,2,3,1,65,71
55,4,3,0,63,65,71
55,4,3,1,63,65,71
55,4,3,2,63,65,71
55,4,3,3,63,65,71
55,5,0,0,2,65,71
55,5,0,1,2,65,71
55,5,0,2,2,65,71
55,5,0,3,2,65,71
55,5,1,0,62,65,71
55,5,1,1,62,65,71
55,5,1,2,62,65,71
55,5,1,3,62,65,71
55,5,2,0,126,65,71
55,5,2,1,4095,65,71
55,5,2,2,4095,65,71
55,5,2,3,4095,65,71
55,5,3,0,190,65,71
55,5,3,1,4095,65,71
55,5,3,2,4095,65,71
55,5,3,3,4095,65,71
55,6,0,0,195,65,71
55,6,0,1,4095,65,71
55,6,0,2,4095,65,71
55,6,0,3,4095,65,71
55,6,1,0,131,65,71
55,6,1,1,4095,65,71
55,6,1,2,4095,65,71
55,6,1,3,4095,65,71
55,6,2,0,67,65,71
55,6,2,1,67,65,71
55,6,2,2,67,65,71
55,6,2,3,67,65,71
55,6,3,0,3,65,71
55,6,3,1,3,65,71
55,6,3,2,3,65,71
55,6,3,3,3,65,71
55,7,0,0,129,65,71
55,7,0,1,4095,65,71
55,7,0,2,4095,65,71
55,7,0,3,4095,65,71
55,7,1,0,65,65,71
55,7,1,1,4095,65,71
55,7,1,2,4095,65,71
55,7,1,3,4095,65,71
55,7,2,0,1,65,71
55,7,2,1,1,65,71
55,7,2,2,1,65,71
55,7,2,3,1,65,71
55,7,3,0,63,65,71
55,7,3,1,63,65,71
55,7,3,2,63,65,71
55,7,3,3,63,65,71
56,0,0,0,3,66,72
56,0,0,1,3,66,72
56,0,0,2,3,66,72
56,0,0,3,3,66,72
56,0,1,0,67,66,72
56,0,1,1,67,66,72
56,0,1,2,67,66,72
56,0,1,3,67,66,72
56,0,2,0,131,66,72
56,0,2,1,4095,66,72
56,0,2,2,4095,66,72
56,0,2,3,4095,66,72
56,0,3,0,195,66,72
56,0,3,1,4095,66,72
56,0,3,2,4095,66,72
56,0,3,3,4095,66,72
56,1,0,0,194,66,72
56,1,0,1,4095,66,72
56,1,0,2,4095,66,72
56,1,0,3,4095,66,72
56,1,1,0,130,66,72
56,1,1,1,4095,66,72
56,1,1,2,4095,66,72
56,1,1,3,4095,66,72
56,1,2,0,66,66,72
56,1,2,1,66,66,72
56,1,2,2,66,66,72
56,1,2,3,66,66,72
56,1,3,0,2,66,72
56,1,3,1,2,66,72
56,1,3,2,2,66,72
56,1,3,3,2,66,72
56,2,0,0,192,66,72
56,2,0,1,4095,66,72
56,2,0,2,4095,66,72
56,2,0,3,4095,66,72
56,2,1,0,128,66,72
56,2,1,1,4095,66,72
56,2,1,2,4095,66,72
56,2,1,3,4095,66,72
56,2,2,0,64,66,72
56,2,2,1,64,66,72
56,2,2,2,64,66,72
56,2,2,3,64,66,72
56,2,3,0,0,66,72
56,2,3,1,0,66,72
56,2,3,2,0,66,72
56,2,3,3,0,66,72
56,3,0,0,2,66,72
56,3,0,1,2,66,72
56,3,0,2,2,66,72
56,3,0,3,2,66,72
56,3,1,0,66,66,72
56,3,1,1,66,66,72
56,3,1,2,66,66,72
56,3,1,3,66,66,72
56,3,2,0,130,66,72
56,3,2,1,4095,66,72
56,3,2,2,4095,66,72
56,3,2,3,4095,66,72
56,3,3,0,194,66,72
56,3,3,1,4095,66,72
56,3,3,2,4095,66,72
56,3,3,3,4095,66,72
56,4,0,0,194,66,72
56,4,0,1,4095,66,72
56,4,0,2,4095,66,72
56,4,0,3,4095,66,72
56,4,1,0,130,66,72
56,4,1,1,4095,66,72
56,4,1,2,4095,66,72
56,4,1,3,4095,66,72
56,4,2,0,66,66,72
56,4,2,1,66,66,72
56,4,2,2,66,66,72
56,4,2,3,66,66,72
56,4,3,0,2,66,72
56,4,3,1,2,66,72
56,4,3,2,2,66,72
56,4,3,3,2,66,72
56,5,0,0,189,66,72
56,5,0,1,4095,66,72
56,5,0,2,4095,66,72
56,5,0,3,4095,66,72
56,5,1,0,125,66,72
56,5,1,1,4095,66,72
56,5,1,2,4095,66,72
56,5,1,3,4095,66,72
56,5,2,0,61,66,72
56,5,2,1,61,66,72
56,5,2,2,61,66,72
56,5,2,3,61,66,72
56,5,3,0,3,66,72
56,5,3,1,3,66,72
56,5,3,2,3,66,72
56,5,3,3,3,66,72
56,6,0,0,192,66,72
56,6,0,1,4095,66,72
56,6,0,2,4095,66,72
56,6,0,3,4095,66,72
56,6,1,0,128,66,72
56,6,1,1,4095,66,72
56,6,1,2,4095,66,72
56,6,1,3,4095,66,72
56,6,2,0,64,66,72
56,6,2,1,64,66,72
56,6,2,2,64,66,72
56,6,2,3,64,66,72
56,6,3,0,0,66,72
56,6,3,1,0,66,72
56,6,3,2,0,66,72
56,6,3,3,0,66,72
56,7,0,0,63,66,72
56,7,0,1,63,66,72
56,7,0,2,63,66,72
56,7,0,3,63,66,72
56,7,1,0,1,66,72
56,7,1,1,1,66,72
56,7,1,2,1,66,72
56,7,1,3,1,66,72
56,7,2,0,65,66,72
56,7,2,1,4095,66,72
56,7,2,2,4095,66,72
56,7,2,3,4095,66,72
56,7,3,0,129,66,72
56,7,3,1,4095,66,72
56,7,3,2,4095,66,72
56,7,3,3,4095,66,72
57,0,0,0,190,67,73
57,0,0,1,4095,67,73
57,0,0,2,4095,67,73
57,0,0,3,4095,67,73
57,0,1,0,126,67,73
57,0,1,1,4095,67,73
57,0,1,2,4095,67,73
57,0,1,3,4095,67,73
57,0,2,0,62,67,73
57,0,2,1,62,67,73
57,0,2,2,62,67,73
57,0,2,3,62,67,73
57,0,3,0,2,67,73
57,0,3,1,2,67,73
57,0,3,2,2,67,73
57,0,3,3,2,67,73
57,1,0,0,65,67,73
57,1,0,1,4095,67,73
57,1,0,2,4095,67,73
57,1,0,3,4095,67,73
57,1,1,0,1,67,73
57,1,1,1,1,67,73
57,1,1,2,1,67,73
57,1,1,3,1,67,73
57,1,2,0,63,67,73
57,1,2,1,63,67,73
57,1,2,2,63,67,73
57,1,2,3,63,67,73
57,1,3,0,127,67,73
57,1,3,1,4095,67,73
57,1,3,2,4095,67,73
57,1,3,3,4095,67,73
57,2,0,0,127,67,73
57,2,0,1,4095,67,73
57,2,0,2,4095,67,73
57,2,0,3,4095,67,73
57,2,1,0,63,67,73
57,2,1,1,63,67,73
57,2,1,2,63,67,73
57,2,1,3,63,67,73
57,2,2,0,1,67,73
57,2,2,1,1,67,73
57,2,2,2,1,67,73
57,2,2,3,1,67,73
57,2,3,0,65,67,73
57,2,3,1,4095,67,73
57,2,3,2,4095,67,73
57,2,3,3,4095,67,73
57,3,0,0,126,67,73
57,3,0,1,4095,67,73
57,3,0,2,4095,67,73
57,3,0,3,4095,67,73
57,3,1,0,62,67,73
57,3,1,1,62,67,73
57,3,1,2,62,67,73
57,3,1,3,62,67,73
57,3,2,0,2,67,73
57,3,2,1,2,67,73
57,3,2,2,2,67,73
57,3,2,3,2,67,73
57,3,3,0,66,67,73
57,3,3,1,4095,67,73
57,3,3,2,4095,67,73
57,3,3,3,4095,67,73
57,4,0,0,66,67,73
57,4,0,1,4095,67,73
57,4,0,2,4095,67,73
57,4,0,3,4095,67,73
57,4,1,0,2,67,73
57,4,1,1,2,67,73
57,4,1,2,2,67,73
57,4,1,3,2,67,73
57,4,2,0,62,67,73
57,4,2,1,62,67,73
57,4,2,2,62,67,73
57,4,2,3,62,67,73
57,4,3,0,126,67,73
57,4,3,1,4095,67,73
57,4,3,2,4095,67,73
57,4,3,3,4095,67,73
57,5,0,0,1,67,73
57,5,0,1,1,67,73
57,5,0,2,1,67,73
57,5,0,3,1,67,73
57,5,1,0,63,67,73
57,5,1,1,63,67,73
57,5,1,2,63,67,73
57,5,1,3,63,67,73
57,5,2,0,127,67,73
57,5,2,1,4095,67,73
57,5,2,2,4095,67,73
57,5,2,3,4095,67,73
57,5,3,0,191,67,73
57,5,3,1,4095,67,73
57,5,3,2,4095,67,73
57,5,3,3,4095,67,73
57,6,0,0,2,67,73
57,6,0,1,2,67,73
57,6,0,2,2,67,73
57,6,0,3,2,67,73
57,6,1,0,66,67,73
57,6,1,1,66,67,73
57,6,1,2,66,67,73
57,6,1,3,66,67,73
57,6,2,0,130,67,73
57,6,2,1,4095,67,73
57,6,2,2,4095,67,73
57,6,2,3,4095,67,73
57,6,3,0,194,67,73
57,6,3,1,4095,67,73
57,6,3,2,4095,67,73
57,6,3,3,4095,67,73
57,7,0,0,190,67,73
57,7,0,1,4095,67,73
57,7,0,2,4095,67,73
57,7,0,3,4095,67,73
57,7,1,0,126,67,73
57,7,1,1,4095,67,73
57,7,1,2,4095,67,73
57,7,1,3,4095,67,73
57,7,2,0,62,67,73
57,7,2,1,62,67,73
57,7,2,2,62,67,73
57,7,2,3,62,67,73
57,7,3,0,2,67,73
57,7,3,1,2,67,73
57,7,3,2,2,67,73
57,7,3,3,2,67,73
58,0,0,0,3,68,74
58,0,0,1,3,68,74
58,0,0,2,3,68,74
58,0,0,3,3,68,74
58,0,1,0,67,68,74
58,0,1,1,67,68,74
58,0,1,2,67,68,74
58,0,1,3,67,68,74
58,0,2,0,131,68,74
58,0,2,1,4095,68,74
58,0,2,2,4095,68,74
58,0,2,3,4095,68,74
58,0,3,0,195,68,74
58,0,3,1,4095,68,74
58,0,3,2,4095,68,74
58,0,3,3,4095,68,74
58,1,0,0,125,68,74
58,1,0,1,4095,68,74
58,1,0,2,4095,68,74
58,1,0,3,4095,68,74
58,1,1,0,61,68,74
58,1,1,1,61,68,74
58,1,1,2,61,68,74
58,1,1,3,61,68,74
58,1,2,0,3,68,74
58,1,2,1,3,68,74
58,1,2,2,3,68,74
58,1,2,3,3,68,74
58,1,3,0,67,68,74
58,1,3,1,4095,68,74
58,1,3,2,4095,68,74
58,1,3,3,4095,68,74
58,2,0,0,64,68,74
58,2,0,1,64,68,74
58,2,0,2,64,68,74
58,2,0,3,64,68,74
58,2,1,0,0,68,74
58,2,1,1,0,68,74
58,2,1,2,0,68,74
58,2,1,3,0,68,74
58,2,2,0,64,68,74
58,2,2,1,4095,68,74
58,2,2,2,4095,68,74
58,2,2,3,4095,68,74
58,2,3,0,128,68,74
58,2,3,1,4095,68,74
58,2,3,2,4095,68,74
58,2,3,3,4095,68,74
58,3,0,0,128,68,74
58,3,0,1,4095,68,74
58,3,0,2,4095,68,74
58,3,0,3,4095,68,74
58,3,1,0,64,68,74
58,3,1,1,64,68,74
58,3,1,2,64,68,74
58,3,1,3,64,68,74
58,3,2,0,0,68,74
58,3,2,1,0,68,74
58,3,2,2,0,68,74
58,3,2,3,0,68,74
58,3,3,0,64,68,74
58,3,3,1,4095,68,74
58,3,3,2,4095,68,74
58,3,3,3,4095,68,74
58,4,0,0,129,68,74
58,4,0,1,4095,68,74
58,4,0,2,4095,68,74
58,4,0,3,4095,68,74
58,4,1,0,65,68,74
58,4,1,1,4095,68,74
58,4,1,2,4095,68,74
58,4,1,3,4095,68,74
58,4,2,0,1,68,74
58,4,2,1,1,68,74
58,4,2,2,1,68,74
58,4,2,3,1,68,74
58,4,3,0,63,68,74
58,4,3,1,63,68,74
58,4,3,2,63,68,74
58,4,3,3,63,68,74
58,5,0,0,189,68,74
58,5,0,1,4095,68,74
58,5,0,2,4095,68,74
58,5,0,3,4095,68,74
58,5,1,0,125,68,74
58,5,1,1,4095,68,74
58,5,1,2,4095,68,74
58,5,1,3,4095,68,74
58,5,2,0,61,68,74
58,5,2,1,61,68,74
58,5,2,2,61,68,74
58,5,2,3,61,68,74
58,5,3,0,3,68,74
58,5,3,1,3,68,74
58,5,3,2,3,68,74
58,5,3,3,3,68,74
58,6,0,0,1,68,74
58,6,0,1,1,68,74
58,6,0,2,1,68,74
58,6,0,3,1,68,74
58,6,1,0,65,68,74
58,6,1,1,65,68,74
58,6,1,2,65,68,74
58,6,1,3,65,68,74
58,6,2,0,129,68,74
58,6,2,1,4095,68,74
58,6,2,2,4095,68,74
58,6,2,3,4095,68,74
58,6,3,0,193,68,74
58,6,3,1,4095,68,74
58,6,3,2,4095,68,74
58,6,3,3,4095,68,74
58,7,0,0,66,68,74
58,7,0,1,4095,68,74
58,7,0,2,4095,68,74
58,7,0,3,4095,68,74
58,7,1,0,2,68,74
58,7,1,1,2,68,74
58,7,1,2,2,68,74
58,7,1,3,2,68,74
58,7,2,0,62,68,74
58,7,2,1,62,68,74
58,7,2,2,62,68,74
58,7,2,3,62,68,74
58,7,3,0,126,68,74
58,7,3,1,4095,68,74
58,7,3,2,4095,68,74
58,7,3,3,4095,68,74
59,0,0,0,129,69,75
59,0,0,1,4095,69,75
59,0,0,2,4095,69,75
59,0,0,3,4095,69,75
59,0,1,0,65,69,75
59,0,1,1,4095,69,75
59,0,1,2,4095,69,75
59,0,1,3,4095,69,75
59,0,2,0,1,69,75
59,0,2,1,1,69,75
59,0,2,2,1,69,75
59,0,2,3,1,69,75
59,0,3,0,63,69,75
59,0,3,1,63,69,75
59,0,3,2,63,69,75
59,0,3,3,63,69,75
59,1,0,0,3,69,75
59,1,0,1,3,69,75
59,1,0,2,3,69,75
59,1,0,3,3,69,75
59,1,1,0,67,69,75
59,1,1,1,67,69,75
59,1,1,2,67,69,75
59,1,1,3,67,69,75
59,1,2,0,131,69,75
59,1,2,1,4095,69,75
59,1,2,2,4095,69,75
59,1,2,3,4095,69,75
59,1,3,0,195,69,75
59,1,3,1,4095,69,75
59,1,3,2,4095,69,75
59,1,3,3,4095,69,75
59,2,0,0,195,69,75
59,2,0,1,4095,69,75
59,2,0,2,4095,69,75
59,2,0,3,4095,69,75
59,2,1,0,131,69,75
59,2,1,1,4095,69,75
59,2,1,2,4095,69,75
59,2,1,3,4095,69,75
59,2,2,0,67,69,75
59,2,2,1,67,69,75
59,2,2,2,67,69,75
59,2,2,3,67,69,75
59,2,3,0,3,69,75
59,2,3,1,3,69,75
59,2,3,2,3,69,75
59,2,3,3,3,69,75
59,3,0,0,61,69,75
59,3,0,1,61,69,75
59,3,0,2,61,69,75
59,3,0,3,61,69,75
59,3,1,0,3,69,75
59,3,1,1,3,69,75
59,3,1,2,3,69,75
59,3,1,3,3,69,75
59,3,2,0,67,69,75
59,3,2,1,4095,69,75
59,3,2,2,4095,69,75
59,3,2,3,4095,69,75
59,3,3,0,131,69,75
59,3,3,1,4095,69,75
59,3,3,2,4095,69,75
59,3,3,3,4095,69,75
59,4,0,0,63,69,75
59,4,0,1,63,69,75
59,4,0,2,63,69,75
59,4,0,3,63,69,75
59,4,1,0,1,69,75
59,4,1,1,1,69,75
59,4,1,2,1,69,75
59,4,1,3,1,69,75
59,4,2,0,65,69,75
59,4,2,1,4095,69,75
59,4,2,2,4095,69,75
59,4,2,3,4095,69,75
59,4,3,0,129,69,75
59,4,3,1,4095,69,75
59,4,3,2,4095,69,75
59,4,3,3,4095,69,75
59,5,0,0,191,69,75
59,5,0,1,4095,69,75
59,5,0,2,4095,69,75
59,5,0,3,4095,69,75
59,5,1,0,127,69,75
59,5,1,1,4095,69,75
59,5,1,2,4095,69,75
59,5,1,3,4095,69,75
59,5,2,0,63,69,75
59,5,2,1,63,69,75
59,5,2,2,63,69,75
59,5,2,3,63,69,75
59,5,3,0,1,69,75
59,5,3,1,1,69,75
59,5,3,2,1,69,75
59,5,3,3,1,69,75
59,6,0,0,61,69,75
59,6,0,1,61,69,75
59,6,0,2,61,69,75
59,6,0,3,61,69,75
59,6,1,0,3,69,75
59,6,1,1,3,69,75
59,6,1,2,3,69,75
59,6,1,3,3,69,75
59,6,2,0,67,69,75
59,6,2,1,4095,69,75
59,6,2,2,4095,69,75
59,6,2,3,4095,69,75
59,6,3,0,131,69,75
59,6,3,1,4095,69,75
59,6,3,2,4095,69,75
59,6,3,3,4095,69,75
59,7,0,0,65,69,75
59,7,0,1,4095,69,75
59,7,0,2,4095,69,75
59,7,0,3,4095,69,75
59,7,1,0,1,69,75
59,7,1,1,1,69,75
59,7,1,2,1,69,75
59,7,1,3,1,69,75
59,7,2,0,63,69,75
59,7,2,1,63,69,75
59,7,2,2,63,69,75
59,7,2,3,63,69,75
59,7,3,0,127,69,75
59,7,3,1,4095,69,75
59,7,3,2,4095,69,75
59,7,3,3,4095,69,75
60,0,0,0,2,70,76
60,0,0,1,2,70,76
60,0,0,2,2,70,76
60,0,0,3,2,70,76
60,0,1,0,62,70,76
60,0,1,1,62,70,76
60,0,1,2,62,70,76
60,0,1,3,62,70,76
60,0,2,0,126,70,76
60,0,2,1,4095,70,76
60,0,2,2,4095,70,76
60,0,2,3,4095,70,76
60,0,3,0,190,70,76
60,0,3,1,4095,70,76
60,0,3,2,4095,70,76
60,0,3,3,4095,70,76
60,1,0,0,194,70,76
60,1,0,1,4095,70,76
60,1,0,2,4095,70,76
60,1,0,3,4095,70,76
60,1,1,0,130,70,76
60,1,1,1,4095,70,76
60,1,1,2,4095,70,76
60,1,1,3,4095,70,76
60,1,2,0,66,70,76
60,1,2,1,66,70,76
60,1,2,2,66,70,76
60,1,2,3,66,70,76
60,1,3,0,2,70,76
60,1,3,1,2,70,76
60,1,3,2,2,70,76
60,1,3,3,2,70,76
60,2,0,0,193,70,76
60,2,0,1,4095,70,76
60,2,0,2,4095,70,76
60,2,0,3,4095,70,76
60,2,1,0,129,70,76
60,2,1,1,4095,70,76
60,2,1,2,4095,70,76
60,2,1,3,4095,70,76
60,2,2,0,65,70,76
60,2,2,1,65,70,76
60,2,2,2,65,70,76
60,2,2,3,65,70,76
60,2,3,0,1,70,76
60,2,3,1,1,70,76
60,2,3,2,1,70,76
60,2,3,3,1,70,76
60,3,0,0,194,70,76
60,3,0,1,4095,70,76
60,3,0,2,4095,70,76
60,3,0,3,4095,70,76
60,3,1,0,130,70,76
60,3,1,1,4095,70,76
60,3,1,2,4095,70,76
60,3,1,3,4095,70,76
60,3,2,0,66,70,76
60,3,2,1,66,70,76
60,3,2,2,66,70,76
60,3,2,3,66,70,76
60,3,3,0,2,70,76
60,3,3,1,2,70,76
60,3,3,2,2,70,76
60,3,3,3,2,70,76
60,4,0,0,131,70,76
60,4,0,1,4095,70,76
60,4,0,2,4095,70,76
60,4,0,3,4095,70,76
60,4,1,0,67,70,76
60,4,1,1,4095,70,76
60,4,1,2,4095,70,76
60,4,1,3,4095,70,76
60,4,2,0,3,70,76
60,4,2,1,3,70,76
60,4,2,2,3,70,76
60,4,2,3,3,70,76
60,4,3,0,61,70,76
60,4,3,1,61,70,76
60,4,3,2,61,70,76
60,4,3,3,61,70,76
60,5,0,0,125,70,76
60,5,0,1,4095,70,76
60,5,0,2,4095,70,76
60,5,0,3,4095,70,76
60,5,1,0,61,70,76
60,5,1,1,61,70,76
60,5,1,2,61,70,76
60,5,1,3,61,70,76
60,5,2,0,3,70,76
60,5,2,1,3,70,76
60,5,2,2,3,70,76
60,5,2,3,3,70,76
60,5,3,0,67,70,76
60,5,3,1,4095,70,76
60,5,3,2,4095,70,76
60,5,3,3,4095,70,76
60,6,0,0,191,70,76
60,6,0,1,4095,70,76
60,6,0,2,4095,70,76
60,6,0,3,4095,70,76
60,6,1,0,127,70,76
60,6,1,1,4095,70,76
60,6,1,2,4095,70,76
60,6,1,3,4095,70,76
60,6,2,0,63,70,76
60,6,2,1,63,70,76
60,6,2,2,63,70,76
60,6,2,3,63,70,76
60,6,3,0,1,70,76
60,6,3,1,1,70,76
60,6,3,2,1,70,76
60,6,3,3,1,70,76
60,7,0,0,0,70,76
60,7,0,1,0,70,76
60,7,0,2,0,70,76
60,7,0,3,0,70,76
60,7,1,0,64,70,76
60,7,1,1,64,70,76
60,7,1,2,64,70,76
60,7,1,3,64,70,76
60,7,2,0,128,70,76
60,7,2,1,4095,70,76
60,7,2,2,4095,70,76
60,7,2,3,4095,70,76
60,7,3,0,192,70,76
60,7,3,1,4095,70,76
60,7,3,2,4095,70,76
60,7,3,3,4095,70,76
61,0,0,0,66,71,77
61,0,0,1,4095,71,77
61,0,0,2,4095,71,77
61,0,0,3,4095,71,77
61,0,1,0,2,71,77
61,0,1,1,2,71,77
61,0,1,2,2,71,77
61,0,1,3,2,71,77
61,0,2,0,62,71,77
61,0,2,1,62,71,77
61,0,2,2,62,71,77
61,0,2,3,62,71,77
61,0,3,0,126,71,77
61,0,3,1,4095,71,77
61,0,3,2,4095,71,77
61,0,3,3,4095,71,77
61,1,0,0,65,71,77
61,1,0,1,4095,71,77
61,1,0,2,4095,71,77
61,1,0,3,4095,71,77
61,1,1,0,1,71,77
61,1,1,1,1,71,77
61,1,1,2,1,71,77
61,1,1,3,1,71,77
61,1,2,0,63,71,77
61,1,2,1,63,71,77
61,1,2,2,63,71,77
61,1,2,3,63,71,77
61,1,3,0,127,71,77
61,1,3,1,4095,71,77
61,1,3,2,4095,71,77
61,1,3,3,4095,71,77
61,2,0,0,61,71,77
61,2,0,1,61,71,77
61,2,0,2,61,71,77
61,2,0,3,61,71,77
61,2,1,0,3,71,77
61,2,1,1,3,71,77
61,2,1,2,3,71,77
61,2,1,3,3,71,77
61,2,2,0,67,71,77
61,2,2,1,4095,71,77
61,2,2,2,4095,71,77
61,2,2,3,4095,71,77
61,2,3,0,131,71,77
61,2,3,1,4095,71,77
61,2,3,2,4095,71,77
61,2,3,3,4095,71,77
61,3,0,0,126,71,77
61,3,0,1,4095,71,77
61,3,0,2,4095,71,77
61,3,0,3,4095,71,77
61,3,1,0,62,71,77
61,3,1,1,62,71,77
61,3,1,2,62,71,77
61,3,1,3,62,71,77
61,3,2,0,2,71,77
61,3,2,1,2,71,77
61,3,2,2,2,71,77
61,3,2,3,2,71,77
61,3,3,0,66,71,77
61,3,3,1,4095,71,77
61,3,3,2,4095,71,77
61,3,3,3,4095,71,77
61,4,0,0,189,71,77
61,4,0,1,4095,71,77
61,4,0,2,4095,71,77
61,4,0,3,4095,71,77
61,4,1,0,125,71,77
61,4,1,1,4095,71,77
61,4,1,2,4095,71,77
61,4,1,3,4095,71,77
61,4,2,0,61,71,77
61,4,2,1,61,71,77
61,4,2,2,61,71,77
61,4,2,3,61,71,77
61,4,3,0,3,71,77
61,4,3,1,3,71,77
61,4,3,2,3,71,77
61,4,3,3,3,71,77
61,5,0,0,63,71,77
61,5,0,1,63,71,77
61,5,0,2,63,71,77
61,5,0,3,63,71,77
61,5,1,0,1,71,77
61,5,1,1,1,71,77
61,5,1,2,1,71,77
61,5,1,3,1,71,77
61,5,2,0,65,71,77
61,5,2,1,4095,71,77
61,5,2,2,4095,71,77
61,5,2,3,4095,71,77
61,5,3,0,129,71,77
61,5,3,1,4095,71,77
61,5,3,2,4095,71,77
61,5,3,3,4095,71,77
61,6,0,0,128,71,77
61,6,0,1,4095,71,77
61,6,0,2,4095,71,77
61,6,0,3,4095,71,77
61,6,1,0,64,71,77
61,6,1,1,64,71,77
61,6,1,2,64,71,77
61,6,1,3,64,71,77
61,6,2,0,0,71,77
61,6,2,1,0,71,77
61,6,2,2,0,71,77
61,6,2,3,0,71,77
61,6,3,0,64,71,77
61,6,3,1,4095,71,77
61,6,3,2,4095,71,77
61,6,3,3,4095,71,77
61,7,0,0,63,71,77
61,7,0,1,63,71,77
61,7,0,2,63,71,77
61,7,0,3,63,71,77
61,7,1,0,1,71,77
61,7,1,1,1,71,77
61,7,1,2,1,71,77
61,7,1,3,1,71,77
61,7,2,0,65,71,77
61,7,2,1,4095,71,77
61,7,2,2,4095,71,77
61,7,2,3,4095,71,77
61,7,3,0,129,71,77
61,7,3,1,4095,71,77
61,7,3,2,4095,71,77
61,7,3,3,4095,71,77
62,0,0,0,61,72,78
62,0,0,1,61,72,78
62,0,0,2,61,72,78
62,0,0,3,61,72,78
62,0,1,0,3,72,78
62,0,1,1,3,72,78
62,0,1,2,3,72,78
62,0,1,3,3,72,78
62,0,2,0,67,72,78
62,0,2,1,4095,72,78
62,0,2,2,4095,72,78
62,0,2,3,4095,72,78
62,0,3,0,131,72,78
62,0,3,1,4095,72,78
62,0,3,2,4095,72,78
62,0,3,3,4095,72,78
62,1,0,0,131,72,78
62,1,0,1,4095,72,78
62,1,0,2,4095,72,78
62,1,0,3,4095,72,78
62,1,1,0,67,72,78
62,1,1,1,4095,72,78
62,1,1,2,4095,72,78
62,1,1,3,4095,72,78
62,1,2,0,3,72,78
62,1,2,1,3,72,78
62,1,2,2,3,72,78
62,1,2,3,3,72,78
62,1,3,0,61,72,78
62,1,3,1,61,72,78
62,1,3,2,61,72,78
62,1,3,3,61,72,78
62,2,0,0,3,72,78
62,2,0,1,3,72,78
62,2,0,2,3,72,78
62,2,0,3,3,72,78
62,2,1,0,67,72,78
62,2,1,1,67,72,78
62,2,1,2,67,72,78
62,2,1,3,67,72,78
62,2,2,0,131,72,78
62,2,2,1,4095,72,78
62,2,2,2,4095,72,78
62,2,2,3,4095,72,78
62,2,3,0,195,72,78
62,2,3,1,4095,72,78
62,2,3,2,4095,72,78
62,2,3,3,4095,72,78
62,3,0,0,130,72,78
62,3,0,1,4095,72,78
62,3,0,2,4095,72,78
62,3,0,3,4095,72,78
62,3,1,0,66,72,78
62,3,1,1,4095,72,78
62,3,1,2,4095,72,78
62,3,1,3,4095,72,78
62,3,2,0,2,72,78
62,3,2,1,2,72,78
62,3,2,2,2,72,78
62,3,2,3,2,72,78
62,3,3,0,62,72,78
62,3,3,1,62,72,78
62,3,3,2,62,72,78
62,3,3,3,62,72,78
62,4,0,0,62,72,78
62,4,0,1,62,72,78
62,4,0,2,62,72,78
62,4,0,3,62,72,78
62,4,1,0,2,72,78
62,4,1,1,2,72,78
62,4,1,2,2,72,78
62,4,1,3,2,72,78
62,4,2,0,66,72,78
62,4,2,1,4095,72,78
62,4,2,2,4095,72,78
62,4,2,3,4095,72,78
62,4,3,0,130,72,78
62,4,3,1,4095,72,78
62,4,3,2,4095,72,78
62,4,3,3,4095,72,78
62,5,0,0,192,72,78
62,5,0,1,4095,72,78
62,5,0,2,4095,72,78
62,5,0,3,4095,72,78
62,5,1,0,128,72,78
62,5,1,1,4095,72,78
62,5,1,2,4095,72,78
62,5,1,3,4095,72,78
62,5,2,0,64,72,78
62,5,2,1,64,72,78
62,5,2,2,64,72,78
62,5,2,3,64,72,78
62,5,3,0,0,72,78
62,5,3,1,0,72,78
62,5,3,2,0,72,78
62,5,3,3,0,72,78
62,6,0,0,127,72,78
62,6,0,1,4095,72,78
62,6,0,2,4095,72,78
62,6,0,3,4095,72,78
62,6,1,0,63,72,78
62,6,1,1,63,72,78
62,6,1,2,63,72,78
62,6,1,3,63,72,78
62,6,2,0,1,72,78
62,6,2,1,1,72,78
62,6,2,2,1,72,78
62,6,2,3,1,72,78
62,6,3,0,65,72,78
62,6,3,1,4095,72,78
62,6,3,2,4095,72,78
62,6,3,3,4095,72,78
62,7,0,0,63,72,78
62,7,0,1,63,72,78
62,7,0,2,63,72,78
62,7,0,3,63,72,78
62,7,1,0,1,72,78
62,7,1,1,1,72,78
62,7,1,2,1,72,78
62,7,1,3,1,72,78
62,7,2,0,65,72,78
62,7,2,1,4095,72,78
62,7,2,2,4095,72,78
62,7,2,3,4095,72,78
62,7,3,0,129,72,78
62,7,3,1,4095,72,78
62,7,3,2,4095,72,78
62,7,3,3,4095,72,78
63,0,0,0,62,73,79
63,0,0,1,62,73,79
63,0,0,2,62,73,79
63,0,0,3,62,73,79
63,0,1,0,2,73,79
63,0,1,1,2,73,79
63,0,1,2,2,73,79
63,0,1,3,2,73,79
63,0,2,0,66,73,79
63,0,2,1,4095,73,79
63,0,2,2,4095,73,79
63,0,2,3,4095,73,79
63,0,3,0,130,73,79
63,0,3,1,4095,73,79
63,0,3,2,4095,73,79
63,0,3,3,4095,73,79
63,1,0,0,2,73,79
63,1,0,1,2,73,79
63,1,0,2,2,73,79
63,1,0,3,2,73,79
63,1,1,0,66,73,79
63,1,1,1,66,73,79
63,1,1,2,66,73,79
63,1,1,3,66,73,79
63,1,2,0,130,73,79
63,1,2,1,4095,73,79
63,1,2,2,4095,73,79
63,1,2,3,4095,73,79
63,1,3,0,194,73,79
63,1,3,1,4095,73,79
63,1,3,2,4095,73,79
63,1,3,3,4095,73,79
63,2,0,0,130,73,79
63,2,0,1,4095,73,79
63,2,0,2,4095,73,79
63,2,0,3,4095,73,79
63,2,1,0,66,73,79
63,2,1,1,4095,73,79
63,2,1,2,4095,73,79
63,2,1,3,4095,73,79
63,2,2,0,2,73,79
63,2,2,1,2,73,79
63,2,2,2,2,73,79
63,2,2,3,2,73,79
63,2,3,0,62,73,79
63,2,3,1,62,73,79
63,2,3,2,62,73,79
63,2,3,3,62,73,79
63,3,0,0,193,73,79
63,3,0,1,4095,73,79
63,3,0,2,4095,73,79
63,3,0,3,4095,73,79
63,3,1,0,129,73,79
63,3,1,1,4095,73,79
63,3,1,2,4095,73,79
63,3,1,3,4095,73,79
63,3,2,0,65,73,79
63,3,2,1,65,73,79
63,3,2,2,65,73,79
63,3,2,3,65,73,79
63,3,3,0,1,73,79
63,3,3,1,1,73,79
63,3,3,2,1,73,79
63,3,3,3,1,73,79
63,4,0,0,125,73,79
63,4,0,1,4095,73,79
63,4,0,2,4095,73,79
63,4,0,3,4095,73,79
63,4,1,0,61,73,79
63,4,1,1,61,73,79
63,4,1,2,61,73,79
63,4,1,3,61,73,79
63,4,2,0,3,73,79
63,4,2,1,3,73,79
63,4,2,2,3,73,79
63,4,2,3,3,73,79
63,4,3,0,67,73,79
63,4,3,1,4095,73,79
63,4,3,2,4095,73,79
63,4,3,3,4095,73,79
63,5,0,0,189,73,79
63,5,0,1,4095,73,79
63,5,0,2,4095,73,79
63,5,0,3,4095,73,79
63,5,1,0,125,73,79
63,5,1,1,4095,73,79
63,5,1,2,4095,73,79
63,5,1,3,4095,73,79
63,5,2,0,61,73,79
63,5,2,1,61,73,79
63,5,2,2,61,73,79
63,5,2,3,61,73,79
63,5,3,0,3,73,79
63,5,3,1,3,73,79
63,5,3,2,3,73,79
63,5,3,3,3,73,79
63,6,0,0,2,73,79
63,6,0,1,2,73,79
63,6,0,2,2,73,79
63,6,0,3,2,73,79
63,6,1,0,66,73,79
63,6,1,1,66,73,79
63,6,1,2,66,73,79
63,6,1,3,66,73,79
63,6,2,0,130,73,79
63,6,2,1,4095,73,79
63,6,2,2,4095,73,79
63,6,2,3,4095,73,79
63,6,3,0,194,73,79
63,6,3,1,4095,73,79
63,6,3,2,4095,73,79
63,6,3,3,4095,73,79
63,7,0,0,61,73,79
63,7,0,1,61,73,79
63,7,0,2,61,73,79
63,7,0,3,61,73,79
63,7,1,0,3,73,79
63,7,1,1,3,73,79
63,7,1,2,3,73,79
63,7,1,3,3,73,79
63,7,2,0,67,73,79
63,7,2,1,4095,73,79
63,7,2,2,4095,73,79
63,7,2,3,4095,73,79
63,7,3,0,131,73,79
63,7,3,1,4095,73,79
63,7,3,2,4095,73,79
63,7,3,3,4095,73,79
