word,lane,destination,previous,metric,input_cycle,output_cycle
0,0,0,0,4095,4,10
0,0,0,1,19,4,10
0,0,0,2,13,4,10
0,0,0,3,45,4,10
0,0,1,0,3,4,10
0,0,1,1,29,4,10
0,0,1,2,61,4,10
0,0,1,3,93,4,10
0,0,2,0,45,4,10
0,0,2,1,4095,4,10
0,0,2,2,4095,4,10
0,0,2,3,4095,4,10
0,0,3,0,93,4,10
0,0,3,1,4095,4,10
0,0,3,2,4095,4,10
0,0,3,3,4095,4,10
0,1,0,0,4095,4,10
0,1,0,1,4095,4,10
0,1,0,2,4095,4,10
0,1,0,3,29,4,10
0,1,1,0,4095,4,10
0,1,1,1,45,4,10
0,1,1,2,13,4,10
0,1,1,3,19,4,10
0,1,2,0,29,4,10
0,1,2,1,3,4,10
0,1,2,2,35,4,10
0,1,2,3,4095,4,10
0,1,3,0,19,4,10
0,1,3,1,4095,4,10
0,1,3,2,4095,4,10
0,1,3,3,4095,4,10
0,2,0,0,4095,4,10
0,2,0,1,4095,4,10
0,2,0,2,4095,4,10
0,2,0,3,65,4,10
0,2,1,0,4095,4,10
0,2,1,1,4095,4,10
0,2,1,2,4095,4,10
0,2,1,3,17,4,10
0,2,2,0,65,4,10
0,2,2,1,33,4,10
0,2,2,2,1,4,10
0,2,2,3,31,4,10
0,2,3,0,17,4,10
0,2,3,1,15,4,10
0,2,3,2,47,4,10
0,2,3,3,4095,4,10
0,3,0,0,4095,4,10
0,3,0,1,31,4,10
0,3,0,2,1,4,10
0,3,0,3,33,4,10
0,3,1,0,15,4,10
0,3,1,1,17,4,10
0,3,1,2,49,4,10
0,3,1,3,81,4,10
0,3,2,0,33,4,10
0,3,2,1,4095,4,10
0,3,2,2,4095,4,10
0,3,2,3,4095,4,10
0,3,3,0,81,4,10
0,3,3,1,4095,4,10
0,3,3,2,4095,4,10
0,3,3,3,4095,4,10
0,4,0,0,4095,4,10
0,4,0,1,17,4,10
0,4,0,2,15,4,10
0,4,0,3,47,4,10
0,4,1,0,1,4,10
0,4,1,1,31,4,10
0,4,1,2,63,4,10
0,4,1,3,95,4,10
0,4,2,0,47,4,10
0,4,2,1,4095,4,10
0,4,2,2,4095,4,10
0,4,2,3,4095,4,10
0,4,3,0,95,4,10
0,4,3,1,4095,4,10
0,4,3,2,4095,4,10
0,4,3,3,4095,4,10
0,5,0,0,35,4,10
0,5,0,1,3,4,10
0,5,0,2,29,4,10
0,5,0,3,61,4,10
0,5,1,0,13,4,10
0,5,1,1,45,4,10
0,5,1,2,77,4,10
0,5,1,3,109,4,10
0,5,2,0,61,4,10
0,5,2,1,4095,4,10
0,5,2,2,4095,4,10
0,5,2,3,4095,4,10
0,5,3,0,109,4,10
0,5,3,1,4095,4,10
0,5,3,2,4095,4,10
0,5,3,3,4095,4,10
0,6,0,0,0,4,10
0,6,0,1,32,4,10
0,6,0,2,64,4,10
0,6,0,3,96,4,10
0,6,1,0,48,4,10
0,6,1,1,80,4,10
0,6,1,2,112,4,10
0,6,1,3,144,4,10
0,6,2,0,96,4,10
0,6,2,1,4095,4,10
0,6,2,2,4095,4,10
0,6,2,3,4095,4,10
0,6,3,0,144,4,10
0,6,3,1,4095,4,10
0,6,3,2,4095,4,10
0,6,3,3,4095,4,10
0,7,0,0,2,4,10
0,7,0,1,30,4,10
0,7,0,2,62,4,10
0,7,0,3,94,4,10
0,7,1,0,46,4,10
0,7,1,1,78,4,10
0,7,1,2,110,4,10
0,7,1,3,142,4,10
0,7,2,0,94,4,10
0,7,2,1,4095,4,10
0,7,2,2,4095,4,10
0,7,2,3,4095,4,10
0,7,3,0,142,4,10
0,7,3,1,4095,4,10
0,7,3,2,4095,4,10
0,7,3,3,4095,4,10
1,0,0,0,4095,5,11
1,0,0,1,18,5,11
1,0,0,2,14,5,11
1,0,0,3,46,5,11
1,0,1,0,2,5,11
1,0,1,1,30,5,11
1,0,1,2,62,5,11
1,0,1,3,94,5,11
1,0,2,0,46,5,11
1,0,2,1,4095,5,11
1,0,2,2,4095,5,11
1,0,2,3,4095,5,11
1,0,3,0,94,5,11
1,0,3,1,4095,5,11
1,0,3,2,4095,5,11
1,0,3,3,4095,5,11
1,1,0,0,33,5,11
1,1,0,1,1,5,11
1,1,0,2,31,5,11
1,1,0,3,63,5,11
1,1,1,0,15,5,11
1,1,1,1,47,5,11
1,1,1,2,79,5,11
1,1,1,3,111,5,11
1,1,2,0,63,5,11
1,1,2,1,4095,5,11
1,1,2,2,4095,5,11
1,1,2,3,4095,5,11
1,1,3,0,111,5,11
1,1,3,1,4095,5,11
1,1,3,2,4095,5,11
1,1,3,3,4095,5,11
1,2,0,0,46,5,11
1,2,0,1,14,5,11
1,2,0,2,18,5,11
1,2,0,3,50,5,11
1,2,1,0,2,5,11
1,2,1,1,34,5,11
1,2,1,2,66,5,11
1,2,1,3,98,5,11
1,2,2,0,50,5,11
1,2,2,1,4095,5,11
1,2,2,2,4095,5,11
1,2,2,3,4095,5,11
1,2,3,0,98,5,11
1,2,3,1,4095,5,11
1,2,3,2,4095,5,11
1,2,3,3,4095,5,11
1,3,0,0,31,5,11
1,3,0,1,1,5,11
1,3,0,2,33,5,11
1,3,0,3,65,5,11
1,3,1,0,17,5,11
1,3,1,1,49,5,11
1,3,1,2,81,5,11
1,3,1,3,113,5,11
1,3,2,0,65,5,11
1,3,2,1,4095,5,11
1,3,2,2,4095,5,11
1,3,2,3,4095,5,11
1,3,3,0,113,5,11
1,3,3,1,4095,5,11
1,3,3,2,4095,5,11
1,3,3,3,4095,5,11
1,4,0,0,47,5,11
1,4,0,1,15,5,11
1,4,0,2,17,5,11
1,4,0,3,49,5,11
1,4,1,0,1,5,11
1,4,1,1,33,5,11
1,4,1,2,65,5,11
1,4,1,3,97,5,11
1,4,2,0,49,5,11
1,4,2,1,4095,5,11
1,4,2,2,4095,5,11
1,4,2,3,4095,5,11
1,4,3,0,97,5,11
1,4,3,1,4095,5,11
1,4,3,2,4095,5,11
1,4,3,3,4095,5,11
1,5,0,0,4095,5,11
1,5,0,1,4095,5,11
1,5,0,2,4095,5,11
1,5,0,3,78,5,11
1,5,1,0,4095,5,11
1,5,1,1,4095,5,11
1,5,1,2,4095,5,11
1,5,1,3,30,5,11
1,5,2,0,78,5,11
1,5,2,1,46,5,11
1,5,2,2,14,5,11
1,5,2,3,18,5,11
1,5,3,0,30,5,11
1,5,3,1,2,5,11
1,5,3,2,34,5,11
1,5,3,3,4095,5,11
1,6,0,0,4095,5,11
1,6,0,1,4095,5,11
1,6,0,2,33,5,11
1,6,0,3,1,5,11
1,6,1,0,4095,5,11
1,6,1,1,17,5,11
1,6,1,2,15,5,11
1,6,1,3,47,5,11
1,6,2,0,1,5,11
1,6,2,1,31,5,11
1,6,2,2,4095,5,11
1,6,2,3,4095,5,11
1,6,3,0,47,5,11
1,6,3,1,4095,5,11
1,6,3,2,4095,5,11
1,6,3,3,4095,5,11
1,7,0,0,4095,5,11
1,7,0,1,4095,5,11
1,7,0,2,31,5,11
1,7,0,3,1,5,11
1,7,1,0,47,5,11
1,7,1,1,15,5,11
1,7,1,2,17,5,11
1,7,1,3,49,5,11
1,7,2,0,1,5,11
1,7,2,1,33,5,11
1,7,2,2,4095,5,11
1,7,2,3,4095,5,11
1,7,3,0,49,5,11
1,7,3,1,4095,5,11
1,7,3,2,4095,5,11
1,7,3,3,4095,5,11
2,0,0,0,4095,6,12
2,0,0,1,30,6,12
2,0,0,2,2,6,12
2,0,0,3,34,6,12
2,0,1,0,14,6,12
2,0,1,1,18,6,12
2,0,1,2,50,6,12
2,0,1,3,82,6,12
2,0,2,0,34,6,12
2,0,2,1,4095,6,12
2,0,2,2,4095,6,12
2,0,2,3,4095,6,12
2,0,3,0,82,6,12
2,0,3,1,4095,6,12
2,0,3,2,4095,6,12
2,0,3,3,4095,6,12
2,1,0,0,3,6,12
2,1,0,1,35,6,12
2,1,0,2,67,6,12
2,1,0,3,99,6,12
2,1,1,0,51,6,12
2,1,1,1,83,6,12
2,1,1,2,115,6,12
2,1,1,3,147,6,12
2,1,2,0,99,6,12
2,1,2,1,4095,6,12
2,1,2,2,4095,6,12
2,1,2,3,4095,6,12
2,1,3,0,147,6,12
2,1,3,1,4095,6,12
2,1,3,2,4095,6,12
2,1,3,3,4095,6,12
2,2,0,0,3,6,12
2,2,0,1,35,6,12
2,2,0,2,67,6,12
2,2,0,3,99,6,12
2,2,1,0,51,6,12
2,2,1,1,83,6,12
2,2,1,2,115,6,12
2,2,1,3,147,6,12
2,2,2,0,99,6,12
2,2,2,1,4095,6,12
2,2,2,2,4095,6,12
2,2,2,3,4095,6,12
2,2,3,0,147,6,12
2,2,3,1,4095,6,12
2,2,3,2,4095,6,12
2,2,3,3,4095,6,12
2,3,0,0,3,6,12
2,3,0,1,35,6,12
2,3,0,2,67,6,12
2,3,0,3,99,6,12
2,3,1,0,51,6,12
2,3,1,1,83,6,12
2,3,1,2,115,6,12
2,3,1,3,147,6,12
2,3,2,0,99,6,12
2,3,2,1,4095,6,12
2,3,2,2,4095,6,12
2,3,2,3,4095,6,12
2,3,3,0,147,6,12
2,3,3,1,4095,6,12
2,3,3,2,4095,6,12
2,3,3,3,4095,6,12
2,4,0,0,0,6,12
2,4,0,1,32,6,12
2,4,0,2,64,6,12
2,4,0,3,96,6,12
2,4,1,0,48,6,12
2,4,1,1,80,6,12
2,4,1,2,112,6,12
2,4,1,3,144,6,12
2,4,2,0,96,6,12
2,4,2,1,4095,6,12
2,4,2,2,4095,6,12
2,4,2,3,4095,6,12
2,4,3,0,144,6,12
2,4,3,1,4095,6,12
2,4,3,2,4095,6,12
2,4,3,3,4095,6,12
2,5,0,0,2,6,12
2,5,0,1,30,6,12
2,5,0,2,62,6,12
2,5,0,3,94,6,12
2,5,1,0,46,6,12
2,5,1,1,78,6,12
2,5,1,2,110,6,12
2,5,1,3,142,6,12
2,5,2,0,94,6,12
2,5,2,1,4095,6,12
2,5,2,2,4095,6,12
2,5,2,3,4095,6,12
2,5,3,0,142,6,12
2,5,3,1,4095,6,12
2,5,3,2,4095,6,12
2,5,3,3,4095,6,12
2,6,0,0,4095,6,12
2,6,0,1,4095,6,12
2,6,0,2,29,6,12
2,6,0,3,3,6,12
2,6,1,0,45,6,12
2,6,1,1,13,6,12
2,6,1,2,19,6,12
2,6,1,3,51,6,12
2,6,2,0,3,6,12
2,6,2,1,35,6,12
2,6,2,2,4095,6,12
2,6,2,3,4095,6,12
2,6,3,0,51,6,12
2,6,3,1,4095,6,12
2,6,3,2,4095,6,12
2,6,3,3,4095,6,12
2,7,0,0,4095,6,12
2,7,0,1,4095,6,12
2,7,0,2,4095,6,12
2,7,0,3,66,6,12
2,7,1,0,4095,6,12
2,7,1,1,4095,6,12
2,7,1,2,4095,6,12
2,7,1,3,18,6,12
2,7,2,0,66,6,12
2,7,2,1,34,6,12
2,7,2,2,2,6,12
2,7,2,3,30,6,12
2,7,3,0,18,6,12
2,7,3,1,14,6,12
2,7,3,2,46,6,12
2,7,3,3,4095,6,12
3,0,0,0,4095,7,13
3,0,0,1,29,7,13
3,0,0,2,3,7,13
3,0,0,3,35,7,13
3,0,1,0,13,7,13
3,0,1,1,19,7,13
3,0,1,2,51,7,13
3,0,1,3,83,7,13
3,0,2,0,35,7,13
3,0,2,1,4095,7,13
3,0,2,2,4095,7,13
3,0,2,3,4095,7,13
3,0,3,0,83,7,13
3,0,3,1,4095,7,13
3,0,3,2,4095,7,13
3,0,3,3,4095,7,13
3,1,0,0,4095,7,13
3,1,0,1,4095,7,13
3,1,0,2,4095,7,13
3,1,0,3,46,7,13
3,1,1,0,4095,7,13
3,1,1,1,4095,7,13
3,1,1,2,30,7,13
3,1,1,3,2,7,13
3,1,2,0,46,7,13
3,1,2,1,14,7,13
3,1,2,2,18,7,13
3,1,2,3,4095,7,13
3,1,3,0,2,7,13
3,1,3,1,34,7,13
3,1,3,2,4095,7,13
3,1,3,3,4095,7,13
3,2,0,0,4095,7,13
3,2,0,1,4095,7,13
3,2,0,2,4095,7,13
3,2,0,3,145,7,13
3,2,1,0,4095,7,13
3,2,1,1,4095,7,13
3,2,1,2,4095,7,13
3,2,1,3,97,7,13
3,2,2,0,145,7,13
3,2,2,1,113,7,13
3,2,2,2,81,7,13
3,2,2,3,49,7,13
3,2,3,0,97,7,13
3,2,3,1,65,7,13
3,2,3,2,33,7,13
3,2,3,3,1,7,13
3,3,0,0,4095,7,13
3,3,0,1,4095,7,13
3,3,0,2,4095,7,13
3,3,0,3,142,7,13
3,3,1,0,4095,7,13
3,3,1,1,4095,7,13
3,3,1,2,4095,7,13
3,3,1,3,94,7,13
3,3,2,0,142,7,13
3,3,2,1,110,7,13
3,3,2,2,78,7,13
3,3,2,3,46,7,13
3,3,3,0,94,7,13
3,3,3,1,62,7,13
3,3,3,2,30,7,13
3,3,3,3,2,7,13
3,4,0,0,4095,7,13
3,4,0,1,4095,7,13
3,4,0,2,4095,7,13
3,4,0,3,49,7,13
3,4,1,0,4095,7,13
3,4,1,1,4095,7,13
3,4,1,2,33,7,13
3,4,1,3,1,7,13
3,4,2,0,49,7,13
3,4,2,1,17,7,13
3,4,2,2,15,7,13
3,4,2,3,47,7,13
3,4,3,0,1,7,13
3,4,3,1,31,7,13
3,4,3,2,4095,7,13
3,4,3,3,4095,7,13
3,5,0,0,4095,7,13
3,5,0,1,4095,7,13
3,5,0,2,4095,7,13
3,5,0,3,82,7,13
3,5,1,0,4095,7,13
3,5,1,1,4095,7,13
3,5,1,2,4095,7,13
3,5,1,3,34,7,13
3,5,2,0,82,7,13
3,5,2,1,50,7,13
3,5,2,2,18,7,13
3,5,2,3,14,7,13
3,5,3,0,34,7,13
3,5,3,1,2,7,13
3,5,3,2,30,7,13
3,5,3,3,4095,7,13
3,6,0,0,4095,7,13
3,6,0,1,4095,7,13
3,6,0,2,4095,7,13
3,6,0,3,45,7,13
3,6,1,0,4095,7,13
3,6,1,1,4095,7,13
3,6,1,2,29,7,13
3,6,1,3,3,7,13
3,6,2,0,45,7,13
3,6,2,1,13,7,13
3,6,2,2,19,7,13
3,6,2,3,4095,7,13
3,6,3,0,3,7,13
3,6,3,1,35,7,13
3,6,3,2,4095,7,13
3,6,3,3,4095,7,13
3,7,0,0,4095,7,13
3,7,0,1,4095,7,13
3,7,0,2,4095,7,13
3,7,0,3,29,7,13
3,7,1,0,4095,7,13
3,7,1,1,45,7,13
3,7,1,2,13,7,13
3,7,1,3,19,7,13
3,7,2,0,29,7,13
3,7,2,1,3,7,13
3,7,2,2,35,7,13
3,7,2,3,4095,7,13
3,7,3,0,19,7,13
3,7,3,1,4095,7,13
3,7,3,2,4095,7,13
3,7,3,3,4095,7,13
4,0,0,0,4095,8,14
4,0,0,1,4095,8,14
4,0,0,2,4095,8,14
4,0,0,3,111,8,14
4,0,1,0,4095,8,14
4,0,1,1,4095,8,14
4,0,1,2,4095,8,14
4,0,1,3,63,8,14
4,0,2,0,111,8,14
4,0,2,1,79,8,14
4,0,2,2,47,8,14
4,0,2,3,15,8,14
4,0,3,0,63,8,14
4,0,3,1,31,8,14
4,0,3,2,1,8,14
4,0,3,3,33,8,14
4,1,0,0,4095,8,14
4,1,0,1,4095,8,14
4,1,0,2,4095,8,14
4,1,0,3,96,8,14
4,1,1,0,4095,8,14
4,1,1,1,4095,8,14
4,1,1,2,4095,8,14
4,1,1,3,48,8,14
4,1,2,0,96,8,14
4,1,2,1,64,8,14
4,1,2,2,32,8,14
4,1,2,3,0,8,14
4,1,3,0,48,8,14
4,1,3,1,16,8,14
4,1,3,2,16,8,14
4,1,3,3,4095,8,14
4,2,0,0,4095,8,14
4,2,0,1,35,8,14
4,2,0,2,3,8,14
4,2,0,3,29,8,14
4,2,1,0,19,8,14
4,2,1,1,13,8,14
4,2,1,2,45,8,14
4,2,1,3,77,8,14
4,2,2,0,29,8,14
4,2,2,1,4095,8,14
4,2,2,2,4095,8,14
4,2,2,3,4095,8,14
4,2,3,0,77,8,14
4,2,3,1,4095,8,14
4,2,3,2,4095,8,14
4,2,3,3,4095,8,14
4,3,0,0,4095,8,14
4,3,0,1,4095,8,14
4,3,0,2,4095,8,14
4,3,0,3,47,8,14
4,3,1,0,4095,8,14
4,3,1,1,4095,8,14
4,3,1,2,31,8,14
4,3,1,3,1,8,14
4,3,2,0,47,8,14
4,3,2,1,15,8,14
4,3,2,2,17,8,14
4,3,2,3,4095,8,14
4,3,3,0,1,8,14
4,3,3,1,33,8,14
4,3,3,2,4095,8,14
4,3,3,3,4095,8,14
4,4,0,0,4095,8,14
4,4,0,1,4095,8,14
4,4,0,2,4095,8,14
4,4,0,3,98,8,14
4,4,1,0,4095,8,14
4,4,1,1,4095,8,14
4,4,1,2,4095,8,14
4,4,1,3,50,8,14
4,4,2,0,98,8,14
4,4,2,1,66,8,14
4,4,2,2,34,8,14
4,4,2,3,2,8,14
4,4,3,0,50,8,14
4,4,3,1,18,8,14
4,4,3,2,14,8,14
4,4,3,3,46,8,14
4,5,0,0,4095,8,14
4,5,0,1,4095,8,14
4,5,0,2,48,8,14
4,5,0,3,16,8,14
4,5,1,0,4095,8,14
4,5,1,1,32,8,14
4,5,1,2,0,8,14
4,5,1,3,32,8,14
4,5,2,0,16,8,14
4,5,2,1,16,8,14
4,5,2,2,4095,8,14
4,5,2,3,4095,8,14
4,5,3,0,32,8,14
4,5,3,1,4095,8,14
4,5,3,2,4095,8,14
4,5,3,3,4095,8,14
4,6,0,0,4095,8,14
4,6,0,1,4095,8,14
4,6,0,2,4095,8,14
4,6,0,3,78,8,14
4,6,1,0,4095,8,14
4,6,1,1,4095,8,14
4,6,1,2,4095,8,14
4,6,1,3,30,8,14
4,6,2,0,78,8,14
4,6,2,1,46,8,14
4,6,2,2,14,8,14
4,6,2,3,18,8,14
4,6,3,0,30,8,14
4,6,3,1,2,8,14
4,6,3,2,34,8,14
4,6,3,3,4095,8,14
4,7,0,0,4095,8,14
4,7,0,1,4095,8,14
4,7,0,2,4095,8,14
4,7,0,3,96,8,14
4,7,1,0,4095,8,14
4,7,1,1,4095,8,14
4,7,1,2,4095,8,14
4,7,1,3,48,8,14
4,7,2,0,96,8,14
4,7,2,1,64,8,14
4,7,2,2,32,8,14
4,7,2,3,0,8,14
4,7,3,0,48,8,14
4,7,3,1,16,8,14
4,7,3,2,16,8,14
4,7,3,3,4095,8,14
5,0,0,0,4095,9,15
5,0,0,1,4095,9,15
5,0,0,2,4095,9,15
5,0,0,3,109,9,15
5,0,1,0,4095,9,15
5,0,1,1,4095,9,15
5,0,1,2,4095,9,15
5,0,1,3,61,9,15
5,0,2,0,109,9,15
5,0,2,1,77,9,15
5,0,2,2,45,9,15
5,0,2,3,13,9,15
5,0,3,0,61,9,15
5,0,3,1,29,9,15
5,0,3,2,3,9,15
5,0,3,3,35,9,15
5,1,0,0,4095,9,15
5,1,0,1,4095,9,15
5,1,0,2,4095,9,15
5,1,0,3,147,9,15
5,1,1,0,4095,9,15
5,1,1,1,4095,9,15
5,1,1,2,4095,9,15
5,1,1,3,99,9,15
5,1,2,0,147,9,15
5,1,2,1,115,9,15
5,1,2,2,83,9,15
5,1,2,3,51,9,15
5,1,3,0,99,9,15
5,1,3,1,67,9,15
5,1,3,2,35,9,15
5,1,3,3,3,9,15
5,2,0,0,4095,9,15
5,2,0,1,4095,9,15
5,2,0,2,29,9,15
5,2,0,3,3,9,15
5,2,1,0,45,9,15
5,2,1,1,13,9,15
5,2,1,2,19,9,15
5,2,1,3,51,9,15
5,2,2,0,3,9,15
5,2,2,1,35,9,15
5,2,2,2,4095,9,15
5,2,2,3,4095,9,15
5,2,3,0,51,9,15
5,2,3,1,4095,9,15
5,2,3,2,4095,9,15
5,2,3,3,4095,9,15
5,3,0,0,47,9,15
5,3,0,1,15,9,15
5,3,0,2,17,9,15
5,3,0,3,49,9,15
5,3,1,0,1,9,15
5,3,1,1,33,9,15
5,3,1,2,65,9,15
5,3,1,3,97,9,15
5,3,2,0,49,9,15
5,3,2,1,4095,9,15
5,3,2,2,4095,9,15
5,3,2,3,4095,9,15
5,3,3,0,97,9,15
5,3,3,1,4095,9,15
5,3,3,2,4095,9,15
5,3,3,3,4095,9,15
5,4,0,0,32,9,15
5,4,0,1,0,9,15
5,4,0,2,32,9,15
5,4,0,3,64,9,15
5,4,1,0,16,9,15
5,4,1,1,48,9,15
5,4,1,2,80,9,15
5,4,1,3,112,9,15
5,4,2,0,64,9,15
5,4,2,1,4095,9,15
5,4,2,2,4095,9,15
5,4,2,3,4095,9,15
5,4,3,0,112,9,15
5,4,3,1,4095,9,15
5,4,3,2,4095,9,15
5,4,3,3,4095,9,15
5,5,0,0,1,9,15
5,5,0,1,31,9,15
5,5,0,2,63,9,15
5,5,0,3,95,9,15
5,5,1,0,47,9,15
5,5,1,1,79,9,15
5,5,1,2,111,9,15
5,5,1,3,143,9,15
5,5,2,0,95,9,15
5,5,2,1,4095,9,15
5,5,2,2,4095,9,15
5,5,2,3,4095,9,15
5,5,3,0,143,9,15
5,5,3,1,4095,9,15
5,5,3,2,4095,9,15
5,5,3,3,4095,9,15
5,6,0,0,2,9,15
5,6,0,1,34,9,15
5,6,0,2,66,9,15
5,6,0,3,98,9,15
5,6,1,0,50,9,15
5,6,1,1,82,9,15
5,6,1,2,114,9,15
5,6,1,3,146,9,15
5,6,2,0,98,9,15
5,6,2,1,4095,9,15
5,6,2,2,4095,9,15
5,6,2,3,4095,9,15
5,6,3,0,146,9,15
5,6,3,1,4095,9,15
5,6,3,2,4095,9,15
5,6,3,3,4095,9,15
5,7,0,0,4095,9,15
5,7,0,1,4095,9,15
5,7,0,2,35,9,15
5,7,0,3,3,9,15
5,7,1,0,4095,9,15
5,7,1,1,19,9,15
5,7,1,2,13,9,15
5,7,1,3,45,9,15
5,7,2,0,3,9,15
5,7,2,1,29,9,15
5,7,2,2,4095,9,15
5,7,2,3,4095,9,15
5,7,3,0,45,9,15
5,7,3,1,4095,9,15
5,7,3,2,4095,9,15
5,7,3,3,4095,9,15
6,0,0,0,4095,10,16
6,0,0,1,4095,10,16
6,0,0,2,4095,10,16
6,0,0,3,61,10,16
6,0,1,0,4095,10,16
6,0,1,1,4095,10,16
6,0,1,2,45,10,16
6,0,1,3,13,10,16
6,0,2,0,61,10,16
6,0,2,1,29,10,16
6,0,2,2,3,10,16
6,0,2,3,35,10,16
6,0,3,0,13,10,16
6,0,3,1,19,10,16
6,0,3,2,4095,10,16
6,0,3,3,4095,10,16
6,1,0,0,4095,10,16
6,1,0,1,4095,10,16
6,1,0,2,4095,10,16
6,1,0,3,63,10,16
6,1,1,0,4095,10,16
6,1,1,1,4095,10,16
6,1,1,2,47,10,16
6,1,1,3,15,10,16
6,1,2,0,63,10,16
6,1,2,1,31,10,16
6,1,2,2,1,10,16
6,1,2,3,33,10,16
6,1,3,0,15,10,16
6,1,3,1,17,10,16
6,1,3,2,4095,10,16
6,1,3,3,4095,10,16
6,2,0,0,4095,10,16
6,2,0,1,35,10,16
6,2,0,2,3,10,16
6,2,0,3,29,10,16
6,2,1,0,19,10,16
6,2,1,1,13,10,16
6,2,1,2,45,10,16
6,2,1,3,77,10,16
6,2,2,0,29,10,16
6,2,2,1,4095,10,16
6,2,2,2,4095,10,16
6,2,2,3,4095,10,16
6,2,3,0,77,10,16
6,2,3,1,4095,10,16
6,2,3,2,4095,10,16
6,2,3,3,4095,10,16
6,3,0,0,45,10,16
6,3,0,1,13,10,16
6,3,0,2,19,10,16
6,3,0,3,51,10,16
6,3,1,0,3,10,16
6,3,1,1,35,10,16
6,3,1,2,67,10,16
6,3,1,3,99,10,16
6,3,2,0,51,10,16
6,3,2,1,4095,10,16
6,3,2,2,4095,10,16
6,3,2,3,4095,10,16
6,3,3,0,99,10,16
6,3,3,1,4095,10,16
6,3,3,2,4095,10,16
6,3,3,3,4095,10,16
6,4,0,0,34,10,16
6,4,0,1,2,10,16
6,4,0,2,30,10,16
6,4,0,3,62,10,16
6,4,1,0,14,10,16
6,4,1,1,46,10,16
6,4,1,2,78,10,16
6,4,1,3,110,10,16
6,4,2,0,62,10,16
6,4,2,1,4095,10,16
6,4,2,2,4095,10,16
6,4,2,3,4095,10,16
6,4,3,0,110,10,16
6,4,3,1,4095,10,16
6,4,3,2,4095,10,16
6,4,3,3,4095,10,16
6,5,0,0,4095,10,16
6,5,0,1,19,10,16
6,5,0,2,13,10,16
6,5,0,3,45,10,16
6,5,1,0,3,10,16
6,5,1,1,29,10,16
6,5,1,2,61,10,16
6,5,1,3,93,10,16
6,5,2,0,45,10,16
6,5,2,1,4095,10,16
6,5,2,2,4095,10,16
6,5,2,3,4095,10,16
6,5,3,0,93,10,16
6,5,3,1,4095,10,16
6,5,3,2,4095,10,16
6,5,3,3,4095,10,16
6,6,0,0,4095,10,16
6,6,0,1,4095,10,16
6,6,0,2,19,10,16
6,6,0,3,13,10,16
6,6,1,0,35,10,16
6,6,1,1,3,10,16
6,6,1,2,29,10,16
6,6,1,3,61,10,16
6,6,2,0,13,10,16
6,6,2,1,45,10,16
6,6,2,2,4095,10,16
6,6,2,3,4095,10,16
6,6,3,0,61,10,16
6,6,3,1,4095,10,16
6,6,3,2,4095,10,16
6,6,3,3,4095,10,16
6,7,0,0,4095,10,16
6,7,0,1,4095,10,16
6,7,0,2,4095,10,16
6,7,0,3,35,10,16
6,7,1,0,4095,10,16
6,7,1,1,4095,10,16
6,7,1,2,19,10,16
6,7,1,3,13,10,16
6,7,2,0,35,10,16
6,7,2,1,3,10,16
6,7,2,2,29,10,16
6,7,2,3,4095,10,16
6,7,3,0,13,10,16
6,7,3,1,45,10,16
6,7,3,2,4095,10,16
6,7,3,3,4095,10,16
7,0,0,0,4095,11,17
7,0,0,1,4095,11,17
7,0,0,2,4095,11,17
7,0,0,3,112,11,17
7,0,1,0,4095,11,17
7,0,1,1,4095,11,17
7,0,1,2,4095,11,17
7,0,1,3,64,11,17
7,0,2,0,112,11,17
7,0,2,1,80,11,17
7,0,2,2,48,11,17
7,0,2,3,16,11,17
7,0,3,0,64,11,17
7,0,3,1,32,11,17
7,0,3,2,0,11,17
7,0,3,3,32,11,17
7,1,0,0,4095,11,17
7,1,0,1,4095,11,17
7,1,0,2,4095,11,17
7,1,0,3,97,11,17
7,1,1,0,4095,11,17
7,1,1,1,4095,11,17
7,1,1,2,4095,11,17
7,1,1,3,49,11,17
7,1,2,0,97,11,17
7,1,2,1,65,11,17
7,1,2,2,33,11,17
7,1,2,3,1,11,17
7,1,3,0,49,11,17
7,1,3,1,17,11,17
7,1,3,2,15,11,17
7,1,3,3,47,11,17
7,2,0,0,4095,11,17
7,2,0,1,31,11,17
7,2,0,2,1,11,17
7,2,0,3,33,11,17
7,2,1,0,15,11,17
7,2,1,1,17,11,17
7,2,1,2,49,11,17
7,2,1,3,81,11,17
7,2,2,0,33,11,17
7,2,2,1,4095,11,17
7,2,2,2,4095,11,17
7,2,2,3,4095,11,17
7,2,3,0,81,11,17
7,2,3,1,4095,11,17
7,2,3,2,4095,11,17
7,2,3,3,4095,11,17
7,3,0,0,48,11,17
7,3,0,1,16,11,17
7,3,0,2,16,11,17
7,3,0,3,48,11,17
7,3,1,0,0,11,17
7,3,1,1,32,11,17
7,3,1,2,64,11,17
7,3,1,3,96,11,17
7,3,2,0,48,11,17
7,3,2,1,4095,11,17
7,3,2,2,4095,11,17
7,3,2,3,4095,11,17
7,3,3,0,96,11,17
7,3,3,1,4095,11,17
7,3,3,2,4095,11,17
7,3,3,3,4095,11,17
7,4,0,0,29,11,17
7,4,0,1,3,11,17
7,4,0,2,35,11,17
7,4,0,3,67,11,17
7,4,1,0,19,11,17
7,4,1,1,51,11,17
7,4,1,2,83,11,17
7,4,1,3,115,11,17
7,4,2,0,67,11,17
7,4,2,1,4095,11,17
7,4,2,2,4095,11,17
7,4,2,3,4095,11,17
7,4,3,0,115,11,17
7,4,3,1,4095,11,17
7,4,3,2,4095,11,17
7,4,3,3,4095,11,17
7,5,0,0,4095,11,17
7,5,0,1,19,11,17
7,5,0,2,13,11,17
7,5,0,3,45,11,17
7,5,1,0,3,11,17
7,5,1,1,29,11,17
7,5,1,2,61,11,17
7,5,1,3,93,11,17
7,5,2,0,45,11,17
7,5,2,1,4095,11,17
7,5,2,2,4095,11,17
7,5,2,3,4095,11,17
7,5,3,0,93,11,17
7,5,3,1,4095,11,17
7,5,3,2,4095,11,17
7,5,3,3,4095,11,17
7,6,0,0,4095,11,17
7,6,0,1,4095,11,17
7,6,0,2,4095,11,17
7,6,0,3,30,11,17
7,6,1,0,4095,11,17
7,6,1,1,46,11,17
7,6,1,2,14,11,17
7,6,1,3,18,11,17
7,6,2,0,30,11,17
7,6,2,1,2,11,17
7,6,2,2,34,11,17
7,6,2,3,4095,11,17
7,6,3,0,18,11,17
7,6,3,1,4095,11,17
7,6,3,2,4095,11,17
7,6,3,3,4095,11,17
7,7,0,0,4095,11,17
7,7,0,1,29,11,17
7,7,0,2,3,11,17
7,7,0,3,35,11,17
7,7,1,0,13,11,17
7,7,1,1,19,11,17
7,7,1,2,51,11,17
7,7,1,3,83,11,17
7,7,2,0,35,11,17
7,7,2,1,4095,11,17
7,7,2,2,4095,11,17
7,7,2,3,4095,11,17
7,7,3,0,83,11,17
7,7,3,1,4095,11,17
7,7,3,2,4095,11,17
7,7,3,3,4095,11,17
8,0,0,0,4095,15,21
8,0,0,1,4095,15,21
8,0,0,2,4095,15,21
8,0,0,3,46,15,21
8,0,1,0,4095,15,21
8,0,1,1,4095,15,21
8,0,1,2,30,15,21
8,0,1,3,2,15,21
8,0,2,0,46,15,21
8,0,2,1,14,15,21
8,0,2,2,18,15,21
8,0,2,3,4095,15,21
8,0,3,0,2,15,21
8,0,3,1,34,15,21
8,0,3,2,4095,15,21
8,0,3,3,4095,15,21
8,1,0,0,4095,15,21
8,1,0,1,4095,15,21
8,1,0,2,4095,15,21
8,1,0,3,96,15,21
8,1,1,0,4095,15,21
8,1,1,1,4095,15,21
8,1,1,2,4095,15,21
8,1,1,3,48,15,21
8,1,2,0,96,15,21
8,1,2,1,64,15,21
8,1,2,2,32,15,21
8,1,2,3,0,15,21
8,1,3,0,48,15,21
8,1,3,1,16,15,21
8,1,3,2,16,15,21
8,1,3,3,4095,15,21
8,2,0,0,4095,15,21
8,2,0,1,4095,15,21
8,2,0,2,4095,15,21
8,2,0,3,113,15,21
8,2,1,0,4095,15,21
8,2,1,1,4095,15,21
8,2,1,2,4095,15,21
8,2,1,3,65,15,21
8,2,2,0,113,15,21
8,2,2,1,81,15,21
8,2,2,2,49,15,21
8,2,2,3,17,15,21
8,2,3,0,65,15,21
8,2,3,1,33,15,21
8,2,3,2,1,15,21
8,2,3,3,31,15,21
8,3,0,0,4095,15,21
8,3,0,1,4095,15,21
8,3,0,2,4095,15,21
8,3,0,3,50,15,21
8,3,1,0,4095,15,21
8,3,1,1,4095,15,21
8,3,1,2,34,15,21
8,3,1,3,2,15,21
8,3,2,0,50,15,21
8,3,2,1,18,15,21
8,3,2,2,14,15,21
8,3,2,3,46,15,21
8,3,3,0,2,15,21
8,3,3,1,30,15,21
8,3,3,2,4095,15,21
8,3,3,3,4095,15,21
8,4,0,0,4095,15,21
8,4,0,1,4095,15,21
8,4,0,2,17,15,21
8,4,0,3,15,15,21
8,4,1,0,33,15,21
8,4,1,1,1,15,21
8,4,1,2,31,15,21
8,4,1,3,63,15,21
8,4,2,0,15,15,21
8,4,2,1,47,15,21
8,4,2,2,4095,15,21
8,4,2,3,4095,15,21
8,4,3,0,63,15,21
8,4,3,1,4095,15,21
8,4,3,2,4095,15,21
8,4,3,3,4095,15,21
8,5,0,0,29,15,21
8,5,0,1,3,15,21
8,5,0,2,35,15,21
8,5,0,3,67,15,21
8,5,1,0,19,15,21
8,5,1,1,51,15,21
8,5,1,2,83,15,21
8,5,1,3,115,15,21
8,5,2,0,67,15,21
8,5,2,1,4095,15,21
8,5,2,2,4095,15,21
8,5,2,3,4095,15,21
8,5,3,0,115,15,21
8,5,3,1,4095,15,21
8,5,3,2,4095,15,21
8,5,3,3,4095,15,21
8,6,0,0,4095,15,21
8,6,0,1,4095,15,21
8,6,0,2,29,15,21
8,6,0,3,3,15,21
8,6,1,0,45,15,21
8,6,1,1,13,15,21
8,6,1,2,19,15,21
8,6,1,3,51,15,21
8,6,2,0,3,15,21
8,6,2,1,35,15,21
8,6,2,2,4095,15,21
8,6,2,3,4095,15,21
8,6,3,0,51,15,21
8,6,3,1,4095,15,21
8,6,3,2,4095,15,21
8,6,3,3,4095,15,21
8,7,0,0,4095,15,21
8,7,0,1,4095,15,21
8,7,0,2,4095,15,21
8,7,0,3,65,15,21
8,7,1,0,4095,15,21
8,7,1,1,4095,15,21
8,7,1,2,4095,15,21
8,7,1,3,17,15,21
8,7,2,0,65,15,21
8,7,2,1,33,15,21
8,7,2,2,1,15,21
8,7,2,3,31,15,21
8,7,3,0,17,15,21
8,7,3,1,15,15,21
8,7,3,2,47,15,21
8,7,3,3,4095,15,21
9,0,0,0,4095,16,22
9,0,0,1,4095,16,22
9,0,0,2,4095,16,22
9,0,0,3,112,16,22
9,0,1,0,4095,16,22
9,0,1,1,4095,16,22
9,0,1,2,4095,16,22
9,0,1,3,64,16,22
9,0,2,0,112,16,22
9,0,2,1,80,16,22
9,0,2,2,48,16,22
9,0,2,3,16,16,22
9,0,3,0,64,16,22
9,0,3,1,32,16,22
9,0,3,2,0,16,22
9,0,3,3,32,16,22
9,1,0,0,4095,16,22
9,1,0,1,4095,16,22
9,1,0,2,4095,16,22
9,1,0,3,50,16,22
9,1,1,0,4095,16,22
9,1,1,1,4095,16,22
9,1,1,2,34,16,22
9,1,1,3,2,16,22
9,1,2,0,50,16,22
9,1,2,1,18,16,22
9,1,2,2,14,16,22
9,1,2,3,46,16,22
9,1,3,0,2,16,22
9,1,3,1,30,16,22
9,1,3,2,4095,16,22
9,1,3,3,4095,16,22
9,2,0,0,4095,16,22
9,2,0,1,4095,16,22
9,2,0,2,18,16,22
9,2,0,3,14,16,22
9,2,1,0,34,16,22
9,2,1,1,2,16,22
9,2,1,2,30,16,22
9,2,1,3,62,16,22
9,2,2,0,14,16,22
9,2,2,1,46,16,22
9,2,2,2,4095,16,22
9,2,2,3,4095,16,22
9,2,3,0,62,16,22
9,2,3,1,4095,16,22
9,2,3,2,4095,16,22
9,2,3,3,4095,16,22
9,3,0,0,4095,16,22
9,3,0,1,4095,16,22
9,3,0,2,4095,16,22
9,3,0,3,35,16,22
9,3,1,0,4095,16,22
9,3,1,1,4095,16,22
9,3,1,2,19,16,22
9,3,1,3,13,16,22
9,3,2,0,35,16,22
9,3,2,1,3,16,22
9,3,2,2,29,16,22
9,3,2,3,4095,16,22
9,3,3,0,13,16,22
9,3,3,1,45,16,22
9,3,3,2,4095,16,22
9,3,3,3,4095,16,22
9,4,0,0,4095,16,22
9,4,0,1,4095,16,22
9,4,0,2,4095,16,22
9,4,0,3,110,16,22
9,4,1,0,4095,16,22
9,4,1,1,4095,16,22
9,4,1,2,4095,16,22
9,4,1,3,62,16,22
9,4,2,0,110,16,22
9,4,2,1,78,16,22
9,4,2,2,46,16,22
9,4,2,3,14,16,22
9,4,3,0,62,16,22
9,4,3,1,30,16,22
9,4,3,2,2,16,22
9,4,3,3,34,16,22
9,5,0,0,4095,16,22
9,5,0,1,4095,16,22
9,5,0,2,4095,16,22
9,5,0,3,93,16,22
9,5,1,0,4095,16,22
9,5,1,1,4095,16,22
9,5,1,2,4095,16,22
9,5,1,3,45,16,22
9,5,2,0,93,16,22
9,5,2,1,61,16,22
9,5,2,2,29,16,22
9,5,2,3,3,16,22
9,5,3,0,45,16,22
9,5,3,1,13,16,22
9,5,3,2,19,16,22
9,5,3,3,4095,16,22
9,6,0,0,4095,16,22
9,6,0,1,4095,16,22
9,6,0,2,4095,16,22
9,6,0,3,109,16,22
9,6,1,0,4095,16,22
9,6,1,1,4095,16,22
9,6,1,2,4095,16,22
9,6,1,3,61,16,22
9,6,2,0,109,16,22
9,6,2,1,77,16,22
9,6,2,2,45,16,22
9,6,2,3,13,16,22
9,6,3,0,61,16,22
9,6,3,1,29,16,22
9,6,3,2,3,16,22
9,6,3,3,35,16,22
9,7,0,0,4095,16,22
9,7,0,1,4095,16,22
9,7,0,2,30,16,22
9,7,0,3,2,16,22
9,7,1,0,46,16,22
9,7,1,1,14,16,22
9,7,1,2,18,16,22
9,7,1,3,50,16,22
9,7,2,0,2,16,22
9,7,2,1,34,16,22
9,7,2,2,4095,16,22
9,7,2,3,4095,16,22
9,7,3,0,50,16,22
9,7,3,1,4095,16,22
9,7,3,2,4095,16,22
9,7,3,3,4095,16,22
10,0,0,0,4095,17,23
10,0,0,1,18,17,23
10,0,0,2,14,17,23
10,0,0,3,46,17,23
10,0,1,0,2,17,23
10,0,1,1,30,17,23
10,0,1,2,62,17,23
10,0,1,3,94,17,23
10,0,2,0,46,17,23
10,0,2,1,4095,17,23
10,0,2,2,4095,17,23
10,0,2,3,4095,17,23
10,0,3,0,94,17,23
10,0,3,1,4095,17,23
10,0,3,2,4095,17,23
10,0,3,3,4095,17,23
10,1,0,0,4095,17,23
10,1,0,1,4095,17,23
10,1,0,2,4095,17,23
10,1,0,3,34,17,23
10,1,1,0,4095,17,23
10,1,1,1,4095,17,23
10,1,1,2,18,17,23
10,1,1,3,14,17,23
10,1,2,0,34,17,23
10,1,2,1,2,17,23
10,1,2,2,30,17,23
10,1,2,3,4095,17,23
10,1,3,0,14,17,23
10,1,3,1,46,17,23
10,1,3,2,4095,17,23
10,1,3,3,4095,17,23
10,2,0,0,4095,17,23
10,2,0,1,4095,17,23
10,2,0,2,4095,17,23
10,2,0,3,112,17,23
10,2,1,0,4095,17,23
10,2,1,1,4095,17,23
10,2,1,2,4095,17,23
10,2,1,3,64,17,23
10,2,2,0,112,17,23
10,2,2,1,80,17,23
10,2,2,2,48,17,23
10,2,2,3,16,17,23
10,2,3,0,64,17,23
10,2,3,1,32,17,23
10,2,3,2,0,17,23
10,2,3,3,32,17,23
10,3,0,0,4095,17,23
10,3,0,1,4095,17,23
10,3,0,2,4095,17,23
10,3,0,3,95,17,23
10,3,1,0,4095,17,23
10,3,1,1,4095,17,23
10,3,1,2,4095,17,23
10,3,1,3,47,17,23
10,3,2,0,95,17,23
10,3,2,1,63,17,23
10,3,2,2,31,17,23
10,3,2,3,1,17,23
10,3,3,0,47,17,23
10,3,3,1,15,17,23
10,3,3,2,17,17,23
10,3,3,3,4095,17,23
10,4,0,0,4095,17,23
10,4,0,1,4095,17,23
10,4,0,2,4095,17,23
10,4,0,3,112,17,23
10,4,1,0,4095,17,23
10,4,1,1,4095,17,23
10,4,1,2,4095,17,23
10,4,1,3,64,17,23
10,4,2,0,112,17,23
10,4,2,1,80,17,23
10,4,2,2,48,17,23
10,4,2,3,16,17,23
10,4,3,0,64,17,23
10,4,3,1,32,17,23
10,4,3,2,0,17,23
10,4,3,3,32,17,23
10,5,0,0,4095,17,23
10,5,0,1,4095,17,23
10,5,0,2,4095,17,23
10,5,0,3,94,17,23
10,5,1,0,4095,17,23
10,5,1,1,4095,17,23
10,5,1,2,4095,17,23
10,5,1,3,46,17,23
10,5,2,0,94,17,23
10,5,2,1,62,17,23
10,5,2,2,30,17,23
10,5,2,3,2,17,23
10,5,3,0,46,17,23
10,5,3,1,14,17,23
10,5,3,2,18,17,23
10,5,3,3,4095,17,23
10,6,0,0,4095,17,23
10,6,0,1,4095,17,23
10,6,0,2,4095,17,23
10,6,0,3,65,17,23
10,6,1,0,4095,17,23
10,6,1,1,4095,17,23
10,6,1,2,4095,17,23
10,6,1,3,17,17,23
10,6,2,0,65,17,23
10,6,2,1,33,17,23
10,6,2,2,1,17,23
10,6,2,3,31,17,23
10,6,3,0,17,17,23
10,6,3,1,15,17,23
10,6,3,2,47,17,23
10,6,3,3,4095,17,23
10,7,0,0,4095,17,23
10,7,0,1,4095,17,23
10,7,0,2,4095,17,23
10,7,0,3,109,17,23
10,7,1,0,4095,17,23
10,7,1,1,4095,17,23
10,7,1,2,4095,17,23
10,7,1,3,61,17,23
10,7,2,0,109,17,23
10,7,2,1,77,17,23
10,7,2,2,45,17,23
10,7,2,3,13,17,23
10,7,3,0,61,17,23
10,7,3,1,29,17,23
10,7,3,2,3,17,23
10,7,3,3,35,17,23
11,0,0,0,4095,18,24
11,0,0,1,4095,18,24
11,0,0,2,4095,18,24
11,0,0,3,50,18,24
11,0,1,0,4095,18,24
11,0,1,1,4095,18,24
11,0,1,2,34,18,24
11,0,1,3,2,18,24
11,0,2,0,50,18,24
11,0,2,1,18,18,24
11,0,2,2,14,18,24
11,0,2,3,46,18,24
11,0,3,0,2,18,24
11,0,3,1,30,18,24
11,0,3,2,4095,18,24
11,0,3,3,4095,18,24
11,1,0,0,4095,18,24
11,1,0,1,4095,18,24
11,1,0,2,4095,18,24
11,1,0,3,34,18,24
11,1,1,0,4095,18,24
11,1,1,1,4095,18,24
11,1,1,2,18,18,24
11,1,1,3,14,18,24
11,1,2,0,34,18,24
11,1,2,1,2,18,24
11,1,2,2,30,18,24
11,1,2,3,4095,18,24
11,1,3,0,14,18,24
11,1,3,1,46,18,24
11,1,3,2,4095,18,24
11,1,3,3,4095,18,24
11,2,0,0,4095,18,24
11,2,0,1,4095,18,24
11,2,0,2,46,18,24
11,2,0,3,14,18,24
11,2,1,0,4095,18,24
11,2,1,1,30,18,24
11,2,1,2,2,18,24
11,2,1,3,34,18,24
11,2,2,0,14,18,24
11,2,2,1,18,18,24
11,2,2,2,4095,18,24
11,2,2,3,4095,18,24
11,2,3,0,34,18,24
11,2,3,1,4095,18,24
11,2,3,2,4095,18,24
11,2,3,3,4095,18,24
11,3,0,0,4095,18,24
11,3,0,1,4095,18,24
11,3,0,2,4095,18,24
11,3,0,3,77,18,24
11,3,1,0,4095,18,24
11,3,1,1,4095,18,24
11,3,1,2,4095,18,24
11,3,1,3,29,18,24
11,3,2,0,77,18,24
11,3,2,1,45,18,24
11,3,2,2,13,18,24
11,3,2,3,19,18,24
11,3,3,0,29,18,24
11,3,3,1,3,18,24
11,3,3,2,35,18,24
11,3,3,3,4095,18,24
11,4,0,0,4095,18,24
11,4,0,1,4095,18,24
11,4,0,2,4095,18,24
11,4,0,3,141,18,24
11,4,1,0,4095,18,24
11,4,1,1,4095,18,24
11,4,1,2,4095,18,24
11,4,1,3,93,18,24
11,4,2,0,141,18,24
11,4,2,1,109,18,24
11,4,2,2,77,18,24
11,4,2,3,45,18,24
11,4,3,0,93,18,24
11,4,3,1,61,18,24
11,4,3,2,29,18,24
11,4,3,3,3,18,24
11,5,0,0,4095,18,24
11,5,0,1,4095,18,24
11,5,0,2,4095,18,24
11,5,0,3,45,18,24
11,5,1,0,4095,18,24
11,5,1,1,4095,18,24
11,5,1,2,29,18,24
11,5,1,3,3,18,24
11,5,2,0,45,18,24
11,5,2,1,13,18,24
11,5,2,2,19,18,24
11,5,2,3,4095,18,24
11,5,3,0,3,18,24
11,5,3,1,35,18,24
11,5,3,2,4095,18,24
11,5,3,3,4095,18,24
11,6,0,0,4095,18,24
11,6,0,1,4095,18,24
11,6,0,2,4095,18,24
11,6,0,3,79,18,24
11,6,1,0,4095,18,24
11,6,1,1,4095,18,24
11,6,1,2,4095,18,24
11,6,1,3,31,18,24
11,6,2,0,79,18,24
11,6,2,1,47,18,24
11,6,2,2,15,18,24
11,6,2,3,17,18,24
11,6,3,0,31,18,24
11,6,3,1,1,18,24
11,6,3,2,33,18,24
11,6,3,3,4095,18,24
11,7,0,0,4095,18,24
11,7,0,1,4095,18,24
11,7,0,2,4095,18,24
11,7,0,3,94,18,24
11,7,1,0,4095,18,24
11,7,1,1,4095,18,24
11,7,1,2,4095,18,24
11,7,1,3,46,18,24
11,7,2,0,94,18,24
11,7,2,1,62,18,24
11,7,2,2,30,18,24
11,7,2,3,2,18,24
11,7,3,0,46,18,24
11,7,3,1,14,18,24
11,7,3,2,18,18,24
11,7,3,3,4095,18,24
12,0,0,0,4095,19,25
12,0,0,1,4095,19,25
12,0,0,2,48,19,25
12,0,0,3,16,19,25
12,0,1,0,4095,19,25
12,0,1,1,32,19,25
12,0,1,2,0,19,25
12,0,1,3,32,19,25
12,0,2,0,16,19,25
12,0,2,1,16,19,25
12,0,2,2,4095,19,25
12,0,2,3,4095,19,25
12,0,3,0,32,19,25
12,0,3,1,4095,19,25
12,0,3,2,4095,19,25
12,0,3,3,4095,19,25
12,1,0,0,4095,19,25
12,1,0,1,45,19,25
12,1,0,2,13,19,25
12,1,0,3,19,19,25
12,1,1,0,29,19,25
12,1,1,1,3,19,25
12,1,1,2,35,19,25
12,1,1,3,67,19,25
12,1,2,0,19,19,25
12,1,2,1,4095,19,25
12,1,2,2,4095,19,25
12,1,2,3,4095,19,25
12,1,3,0,67,19,25
12,1,3,1,4095,19,25
12,1,3,2,4095,19,25
12,1,3,3,4095,19,25
12,2,0,0,4095,19,25
12,2,0,1,4095,19,25
12,2,0,2,4095,19,25
12,2,0,3,35,19,25
12,2,1,0,4095,19,25
12,2,1,1,4095,19,25
12,2,1,2,19,19,25
12,2,1,3,13,19,25
12,2,2,0,35,19,25
12,2,2,1,3,19,25
12,2,2,2,29,19,25
12,2,2,3,4095,19,25
12,2,3,0,13,19,25
12,2,3,1,45,19,25
12,2,3,2,4095,19,25
12,2,3,3,4095,19,25
12,3,0,0,4095,19,25
12,3,0,1,34,19,25
12,3,0,2,2,19,25
12,3,0,3,30,19,25
12,3,1,0,18,19,25
12,3,1,1,14,19,25
12,3,1,2,46,19,25
12,3,1,3,78,19,25
12,3,2,0,30,19,25
12,3,2,1,4095,19,25
12,3,2,2,4095,19,25
12,3,2,3,4095,19,25
12,3,3,0,78,19,25
12,3,3,1,4095,19,25
12,3,3,2,4095,19,25
12,3,3,3,4095,19,25
12,4,0,0,4095,19,25
12,4,0,1,4095,19,25
12,4,0,2,30,19,25
12,4,0,3,2,19,25
12,4,1,0,46,19,25
12,4,1,1,14,19,25
12,4,1,2,18,19,25
12,4,1,3,50,19,25
12,4,2,0,2,19,25
12,4,2,1,34,19,25
12,4,2,2,4095,19,25
12,4,2,3,4095,19,25
12,4,3,0,50,19,25
12,4,3,1,4095,19,25
12,4,3,2,4095,19,25
12,4,3,3,4095,19,25
12,5,0,0,4095,19,25
12,5,0,1,32,19,25
12,5,0,2,0,19,25
12,5,0,3,32,19,25
12,5,1,0,16,19,25
12,5,1,1,16,19,25
12,5,1,2,48,19,25
12,5,1,3,80,19,25
12,5,2,0,32,19,25
12,5,2,1,4095,19,25
12,5,2,2,4095,19,25
12,5,2,3,4095,19,25
12,5,3,0,80,19,25
12,5,3,1,4095,19,25
12,5,3,2,4095,19,25
12,5,3,3,4095,19,25
12,6,0,0,4095,19,25
12,6,0,1,4095,19,25
12,6,0,2,35,19,25
12,6,0,3,3,19,25
12,6,1,0,4095,19,25
12,6,1,1,19,19,25
12,6,1,2,13,19,25
12,6,1,3,45,19,25
12,6,2,0,3,19,25
12,6,2,1,29,19,25
12,6,2,2,4095,19,25
12,6,2,3,4095,19,25
12,6,3,0,45,19,25
12,6,3,1,4095,19,25
12,6,3,2,4095,19,25
12,6,3,3,4095,19,25
12,7,0,0,4095,19,25
12,7,0,1,4095,19,25
12,7,0,2,47,19,25
12,7,0,3,15,19,25
12,7,1,0,4095,19,25
12,7,1,1,31,19,25
12,7,1,2,1,19,25
12,7,1,3,33,19,25
12,7,2,0,15,19,25
12,7,2,1,17,19,25
12,7,2,2,4095,19,25
12,7,2,3,4095,19,25
12,7,3,0,33,19,25
12,7,3,1,4095,19,25
12,7,3,2,4095,19,25
12,7,3,3,4095,19,25
13,0,0,0,4095,20,26
13,0,0,1,4095,20,26
13,0,0,2,19,20,26
13,0,0,3,13,20,26
13,0,1,0,35,20,26
13,0,1,1,3,20,26
13,0,1,2,29,20,26
13,0,1,3,61,20,26
13,0,2,0,13,20,26
13,0,2,1,45,20,26
13,0,2,2,4095,20,26
13,0,2,3,4095,20,26
13,0,3,0,61,20,26
13,0,3,1,4095,20,26
13,0,3,2,4095,20,26
13,0,3,3,4095,20,26
13,1,0,0,4095,20,26
13,1,0,1,4095,20,26
13,1,0,2,4095,20,26
13,1,0,3,80,20,26
13,1,1,0,4095,20,26
13,1,1,1,4095,20,26
13,1,1,2,4095,20,26
13,1,1,3,32,20,26
13,1,2,0,80,20,26
13,1,2,1,48,20,26
13,1,2,2,16,20,26
13,1,2,3,16,20,26
13,1,3,0,32,20,26
13,1,3,1,0,20,26
13,1,3,2,32,20,26
13,1,3,3,4095,20,26
13,2,0,0,4095,20,26
13,2,0,1,4095,20,26
13,2,0,2,4095,20,26
13,2,0,3,96,20,26
13,2,1,0,4095,20,26
13,2,1,1,4095,20,26
13,2,1,2,4095,20,26
13,2,1,3,48,20,26
13,2,2,0,96,20,26
13,2,2,1,64,20,26
13,2,2,2,32,20,26
13,2,2,3,0,20,26
13,2,3,0,48,20,26
13,2,3,1,16,20,26
13,2,3,2,16,20,26
13,2,3,3,4095,20,26
13,3,0,0,4095,20,26
13,3,0,1,4095,20,26
13,3,0,2,45,20,26
13,3,0,3,13,20,26
13,3,1,0,4095,20,26
13,3,1,1,29,20,26
13,3,1,2,3,20,26
13,3,1,3,35,20,26
13,3,2,0,13,20,26
13,3,2,1,19,20,26
13,3,2,2,4095,20,26
13,3,2,3,4095,20,26
13,3,3,0,35,20,26
13,3,3,1,4095,20,26
13,3,3,2,4095,20,26
13,3,3,3,4095,20,26
13,4,0,0,4095,20,26
13,4,0,1,45,20,26
13,4,0,2,13,20,26
13,4,0,3,19,20,26
13,4,1,0,29,20,26
13,4,1,1,3,20,26
13,4,1,2,35,20,26
13,4,1,3,67,20,26
13,4,2,0,19,20,26
13,4,2,1,4095,20,26
13,4,2,2,4095,20,26
13,4,2,3,4095,20,26
13,4,3,0,67,20,26
13,4,3,1,4095,20,26
13,4,3,2,4095,20,26
13,4,3,3,4095,20,26
13,5,0,0,4095,20,26
13,5,0,1,4095,20,26
13,5,0,2,19,20,26
13,5,0,3,13,20,26
13,5,1,0,35,20,26
13,5,1,1,3,20,26
13,5,1,2,29,20,26
13,5,1,3,61,20,26
13,5,2,0,13,20,26
13,5,2,1,45,20,26
13,5,2,2,4095,20,26
13,5,2,3,4095,20,26
13,5,3,0,61,20,26
13,5,3,1,4095,20,26
13,5,3,2,4095,20,26
13,5,3,3,4095,20,26
13,6,0,0,4095,20,26
13,6,0,1,4095,20,26
13,6,0,2,4095,20,26
13,6,0,3,83,20,26
13,6,1,0,4095,20,26
13,6,1,1,4095,20,26
13,6,1,2,4095,20,26
13,6,1,3,35,20,26
13,6,2,0,83,20,26
13,6,2,1,51,20,26
13,6,2,2,19,20,26
13,6,2,3,13,20,26
13,6,3,0,35,20,26
13,6,3,1,3,20,26
13,6,3,2,29,20,26
13,6,3,3,4095,20,26
13,7,0,0,4095,20,26
13,7,0,1,4095,20,26
13,7,0,2,4095,20,26
13,7,0,3,49,20,26
13,7,1,0,4095,20,26
13,7,1,1,4095,20,26
13,7,1,2,33,20,26
13,7,1,3,1,20,26
13,7,2,0,49,20,26
13,7,2,1,17,20,26
13,7,2,2,15,20,26
13,7,2,3,47,20,26
13,7,3,0,1,20,26
13,7,3,1,31,20,26
13,7,3,2,4095,20,26
13,7,3,3,4095,20,26
14,0,0,0,4095,21,27
14,0,0,1,4095,21,27
14,0,0,2,4095,21,27
14,0,0,3,34,21,27
14,0,1,0,4095,21,27
14,0,1,1,4095,21,27
14,0,1,2,18,21,27
14,0,1,3,14,21,27
14,0,2,0,34,21,27
14,0,2,1,2,21,27
14,0,2,2,30,21,27
14,0,2,3,4095,21,27
14,0,3,0,14,21,27
14,0,3,1,46,21,27
14,0,3,2,4095,21,27
14,0,3,3,4095,21,27
14,1,0,0,4095,21,27
14,1,0,1,4095,21,27
14,1,0,2,47,21,27
14,1,0,3,15,21,27
14,1,1,0,4095,21,27
14,1,1,1,31,21,27
14,1,1,2,1,21,27
14,1,1,3,33,21,27
14,1,2,0,15,21,27
14,1,2,1,17,21,27
14,1,2,2,4095,21,27
14,1,2,3,4095,21,27
14,1,3,0,33,21,27
14,1,3,1,4095,21,27
14,1,3,2,4095,21,27
14,1,3,3,4095,21,27
14,2,0,0,29,21,27
14,2,0,1,3,21,27
14,2,0,2,35,21,27
14,2,0,3,67,21,27
14,2,1,0,19,21,27
14,2,1,1,51,21,27
14,2,1,2,83,21,27
14,2,1,3,115,21,27
14,2,2,0,67,21,27
14,2,2,1,4095,21,27
14,2,2,2,4095,21,27
14,2,2,3,4095,21,27
14,2,3,0,115,21,27
14,2,3,1,4095,21,27
14,2,3,2,4095,21,27
14,2,3,3,4095,21,27
14,3,0,0,47,21,27
14,3,0,1,15,21,27
14,3,0,2,17,21,27
14,3,0,3,49,21,27
14,3,1,0,1,21,27
14,3,1,1,33,21,27
14,3,1,2,65,21,27
14,3,1,3,97,21,27
14,3,2,0,49,21,27
14,3,2,1,4095,21,27
14,3,2,2,4095,21,27
14,3,2,3,4095,21,27
14,3,3,0,97,21,27
14,3,3,1,4095,21,27
14,3,3,2,4095,21,27
14,3,3,3,4095,21,27
14,4,0,0,4095,21,27
14,4,0,1,4095,21,27
14,4,0,2,4095,21,27
14,4,0,3,79,21,27
14,4,1,0,4095,21,27
14,4,1,1,4095,21,27
14,4,1,2,4095,21,27
14,4,1,3,31,21,27
14,4,2,0,79,21,27
14,4,2,1,47,21,27
14,4,2,2,15,21,27
14,4,2,3,17,21,27
14,4,3,0,31,21,27
14,4,3,1,1,21,27
14,4,3,2,33,21,27
14,4,3,3,4095,21,27
14,5,0,0,4095,21,27
14,5,0,1,4095,21,27
14,5,0,2,4095,21,27
14,5,0,3,51,21,27
14,5,1,0,4095,21,27
14,5,1,1,4095,21,27
14,5,1,2,35,21,27
14,5,1,3,3,21,27
14,5,2,0,51,21,27
14,5,2,1,19,21,27
14,5,2,2,13,21,27
14,5,2,3,45,21,27
14,5,3,0,3,21,27
14,5,3,1,29,21,27
14,5,3,2,4095,21,27
14,5,3,3,4095,21,27
14,6,0,0,32,21,27
14,6,0,1,0,21,27
14,6,0,2,32,21,27
14,6,0,3,64,21,27
14,6,1,0,16,21,27
14,6,1,1,48,21,27
14,6,1,2,80,21,27
14,6,1,3,112,21,27
14,6,2,0,64,21,27
14,6,2,1,4095,21,27
14,6,2,2,4095,21,27
14,6,2,3,4095,21,27
14,6,3,0,112,21,27
14,6,3,1,4095,21,27
14,6,3,2,4095,21,27
14,6,3,3,4095,21,27
14,7,0,0,4095,21,27
14,7,0,1,4095,21,27
14,7,0,2,4095,21,27
14,7,0,3,46,21,27
14,7,1,0,4095,21,27
14,7,1,1,4095,21,27
14,7,1,2,30,21,27
14,7,1,3,2,21,27
14,7,2,0,46,21,27
14,7,2,1,14,21,27
14,7,2,2,18,21,27
14,7,2,3,4095,21,27
14,7,3,0,2,21,27
14,7,3,1,34,21,27
14,7,3,2,4095,21,27
14,7,3,3,4095,21,27
15,0,0,0,4095,22,28
15,0,0,1,4095,22,28
15,0,0,2,4095,22,28
15,0,0,3,93,22,28
15,0,1,0,4095,22,28
15,0,1,1,4095,22,28
15,0,1,2,4095,22,28
15,0,1,3,45,22,28
15,0,2,0,93,22,28
15,0,2,1,61,22,28
15,0,2,2,29,22,28
15,0,2,3,3,22,28
15,0,3,0,45,22,28
15,0,3,1,13,22,28
15,0,3,2,19,22,28
15,0,3,3,4095,22,28
15,1,0,0,4095,22,28
15,1,0,1,35,22,28
15,1,0,2,3,22,28
15,1,0,3,29,22,28
15,1,1,0,19,22,28
15,1,1,1,13,22,28
15,1,1,2,45,22,28
15,1,1,3,77,22,28
15,1,2,0,29,22,28
15,1,2,1,4095,22,28
15,1,2,2,4095,22,28
15,1,2,3,4095,22,28
15,1,3,0,77,22,28
15,1,3,1,4095,22,28
15,1,3,2,4095,22,28
15,1,3,3,4095,22,28
15,2,0,0,0,22,28
15,2,0,1,32,22,28
15,2,0,2,64,22,28
15,2,0,3,96,22,28
15,2,1,0,48,22,28
15,2,1,1,80,22,28
15,2,1,2,112,22,28
15,2,1,3,144,22,28
15,2,2,0,96,22,28
15,2,2,1,4095,22,28
15,2,2,2,4095,22,28
15,2,2,3,4095,22,28
15,2,3,0,144,22,28
15,2,3,1,4095,22,28
15,2,3,2,4095,22,28
15,2,3,3,4095,22,28
15,3,0,0,47,22,28
15,3,0,1,15,22,28
15,3,0,2,17,22,28
15,3,0,3,49,22,28
15,3,1,0,1,22,28
15,3,1,1,33,22,28
15,3,1,2,65,22,28
15,3,1,3,97,22,28
15,3,2,0,49,22,28
15,3,2,1,4095,22,28
15,3,2,2,4095,22,28
15,3,2,3,4095,22,28
15,3,3,0,97,22,28
15,3,3,1,4095,22,28
15,3,3,2,4095,22,28
15,3,3,3,4095,22,28
15,4,0,0,31,22,28
15,4,0,1,1,22,28
15,4,0,2,33,22,28
15,4,0,3,65,22,28
15,4,1,0,17,22,28
15,4,1,1,49,22,28
15,4,1,2,81,22,28
15,4,1,3,113,22,28
15,4,2,0,65,22,28
15,4,2,1,4095,22,28
15,4,2,2,4095,22,28
15,4,2,3,4095,22,28
15,4,3,0,113,22,28
15,4,3,1,4095,22,28
15,4,3,2,4095,22,28
15,4,3,3,4095,22,28
15,5,0,0,4095,22,28
15,5,0,1,4095,22,28
15,5,0,2,4095,22,28
15,5,0,3,46,22,28
15,5,1,0,4095,22,28
15,5,1,1,4095,22,28
15,5,1,2,30,22,28
15,5,1,3,2,22,28
15,5,2,0,46,22,28
15,5,2,1,14,22,28
15,5,2,2,18,22,28
15,5,2,3,4095,22,28
15,5,3,0,2,22,28
15,5,3,1,34,22,28
15,5,3,2,4095,22,28
15,5,3,3,4095,22,28
15,6,0,0,4095,22,28
15,6,0,1,4095,22,28
15,6,0,2,4095,22,28
15,6,0,3,144,22,28
15,6,1,0,4095,22,28
15,6,1,1,4095,22,28
15,6,1,2,4095,22,28
15,6,1,3,96,22,28
15,6,2,0,144,22,28
15,6,2,1,112,22,28
15,6,2,2,80,22,28
15,6,2,3,48,22,28
15,6,3,0,96,22,28
15,6,3,1,64,22,28
15,6,3,2,32,22,28
15,6,3,3,0,22,28
15,7,0,0,4095,22,28
15,7,0,1,4095,22,28
15,7,0,2,4095,22,28
15,7,0,3,49,22,28
15,7,1,0,4095,22,28
15,7,1,1,4095,22,28
15,7,1,2,33,22,28
15,7,1,3,1,22,28
15,7,2,0,49,22,28
15,7,2,1,17,22,28
15,7,2,2,15,22,28
15,7,2,3,47,22,28
15,7,3,0,1,22,28
15,7,3,1,31,22,28
15,7,3,2,4095,22,28
15,7,3,3,4095,22,28
16,0,0,0,4095,23,29
16,0,0,1,4095,23,29
16,0,0,2,4095,23,29
16,0,0,3,77,23,29
16,0,1,0,4095,23,29
16,0,1,1,4095,23,29
16,0,1,2,4095,23,29
16,0,1,3,29,23,29
16,0,2,0,77,23,29
16,0,2,1,45,23,29
16,0,2,2,13,23,29
16,0,2,3,19,23,29
16,0,3,0,29,23,29
16,0,3,1,3,23,29
16,0,3,2,35,23,29
16,0,3,3,4095,23,29
16,1,0,0,4095,23,29
16,1,0,1,4095,23,29
16,1,0,2,4095,23,29
16,1,0,3,145,23,29
16,1,1,0,4095,23,29
16,1,1,1,4095,23,29
16,1,1,2,4095,23,29
16,1,1,3,97,23,29
16,1,2,0,145,23,29
16,1,2,1,113,23,29
16,1,2,2,81,23,29
16,1,2,3,49,23,29
16,1,3,0,97,23,29
16,1,3,1,65,23,29
16,1,3,2,33,23,29
16,1,3,3,1,23,29
16,2,0,0,4095,23,29
16,2,0,1,4095,23,29
16,2,0,2,4095,23,29
16,2,0,3,146,23,29
16,2,1,0,4095,23,29
16,2,1,1,4095,23,29
16,2,1,2,4095,23,29
16,2,1,3,98,23,29
16,2,2,0,146,23,29
16,2,2,1,114,23,29
16,2,2,2,82,23,29
16,2,2,3,50,23,29
16,2,3,0,98,23,29
16,2,3,1,66,23,29
16,2,3,2,34,23,29
16,2,3,3,2,23,29
16,3,0,0,4095,23,29
16,3,0,1,4095,23,29
16,3,0,2,4095,23,29
16,3,0,3,142,23,29
16,3,1,0,4095,23,29
16,3,1,1,4095,23,29
16,3,1,2,4095,23,29
16,3,1,3,94,23,29
16,3,2,0,142,23,29
16,3,2,1,110,23,29
16,3,2,2,78,23,29
16,3,2,3,46,23,29
16,3,3,0,94,23,29
16,3,3,1,62,23,29
16,3,3,2,30,23,29
16,3,3,3,2,23,29
16,4,0,0,4095,23,29
16,4,0,1,4095,23,29
16,4,0,2,4095,23,29
16,4,0,3,96,23,29
16,4,1,0,4095,23,29
16,4,1,1,4095,23,29
16,4,1,2,4095,23,29
16,4,1,3,48,23,29
16,4,2,0,96,23,29
16,4,2,1,64,23,29
16,4,2,2,32,23,29
16,4,2,3,0,23,29
16,4,3,0,48,23,29
16,4,3,1,16,23,29
16,4,3,2,16,23,29
16,4,3,3,4095,23,29
16,5,0,0,4095,23,29
16,5,0,1,4095,23,29
16,5,0,2,4095,23,29
16,5,0,3,113,23,29
16,5,1,0,4095,23,29
16,5,1,1,4095,23,29
16,5,1,2,4095,23,29
16,5,1,3,65,23,29
16,5,2,0,113,23,29
16,5,2,1,81,23,29
16,5,2,2,49,23,29
16,5,2,3,17,23,29
16,5,3,0,65,23,29
16,5,3,1,33,23,29
16,5,3,2,1,23,29
16,5,3,3,31,23,29
16,6,0,0,4095,23,29
16,6,0,1,4095,23,29
16,6,0,2,4095,23,29
16,6,0,3,48,23,29
16,6,1,0,4095,23,29
16,6,1,1,4095,23,29
16,6,1,2,32,23,29
16,6,1,3,0,23,29
16,6,2,0,48,23,29
16,6,2,1,16,23,29
16,6,2,2,16,23,29
16,6,2,3,4095,23,29
16,6,3,0,0,23,29
16,6,3,1,32,23,29
16,6,3,2,4095,23,29
16,6,3,3,4095,23,29
16,7,0,0,4095,23,29
16,7,0,1,4095,23,29
16,7,0,2,4095,23,29
16,7,0,3,82,23,29
16,7,1,0,4095,23,29
16,7,1,1,4095,23,29
16,7,1,2,4095,23,29
16,7,1,3,34,23,29
16,7,2,0,82,23,29
16,7,2,1,50,23,29
16,7,2,2,18,23,29
16,7,2,3,14,23,29
16,7,3,0,34,23,29
16,7,3,1,2,23,29
16,7,3,2,30,23,29
16,7,3,3,4095,23,29
17,0,0,0,4095,24,30
17,0,0,1,4095,24,30
17,0,0,2,4095,24,30
17,0,0,3,144,24,30
17,0,1,0,4095,24,30
17,0,1,1,4095,24,30
17,0,1,2,4095,24,30
17,0,1,3,96,24,30
17,0,2,0,144,24,30
17,0,2,1,112,24,30
17,0,2,2,80,24,30
17,0,2,3,48,24,30
17,0,3,0,96,24,30
17,0,3,1,64,24,30
17,0,3,2,32,24,30
17,0,3,3,0,24,30
17,1,0,0,4095,24,30
17,1,0,1,4095,24,30
17,1,0,2,4095,24,30
17,1,0,3,98,24,30
17,1,1,0,4095,24,30
17,1,1,1,4095,24,30
17,1,1,2,4095,24,30
17,1,1,3,50,24,30
17,1,2,0,98,24,30
17,1,2,1,66,24,30
17,1,2,2,34,24,30
17,1,2,3,2,24,30
17,1,3,0,50,24,30
17,1,3,1,18,24,30
17,1,3,2,14,24,30
17,1,3,3,46,24,30
17,2,0,0,4095,24,30
17,2,0,1,4095,24,30
17,2,0,2,4095,24,30
17,2,0,3,113,24,30
17,2,1,0,4095,24,30
17,2,1,1,4095,24,30
17,2,1,2,4095,24,30
17,2,1,3,65,24,30
17,2,2,0,113,24,30
17,2,2,1,81,24,30
17,2,2,2,49,24,30
17,2,2,3,17,24,30
17,2,3,0,65,24,30
17,2,3,1,33,24,30
17,2,3,2,1,24,30
17,2,3,3,31,24,30
17,3,0,0,4095,24,30
17,3,0,1,4095,24,30
17,3,0,2,4095,24,30
17,3,0,3,51,24,30
17,3,1,0,4095,24,30
17,3,1,1,4095,24,30
17,3,1,2,35,24,30
17,3,1,3,3,24,30
17,3,2,0,51,24,30
17,3,2,1,19,24,30
17,3,2,2,13,24,30
17,3,2,3,45,24,30
17,3,3,0,3,24,30
17,3,3,1,29,24,30
17,3,3,2,4095,24,30
17,3,3,3,4095,24,30
17,4,0,0,35,24,30
17,4,0,1,3,24,30
17,4,0,2,29,24,30
17,4,0,3,61,24,30
17,4,1,0,13,24,30
17,4,1,1,45,24,30
17,4,1,2,77,24,30
17,4,1,3,109,24,30
17,4,2,0,61,24,30
17,4,2,1,4095,24,30
17,4,2,2,4095,24,30
17,4,2,3,4095,24,30
17,4,3,0,109,24,30
17,4,3,1,4095,24,30
17,4,3,2,4095,24,30
17,4,3,3,4095,24,30
17,5,0,0,48,24,30
17,5,0,1,16,24,30
17,5,0,2,16,24,30
17,5,0,3,48,24,30
17,5,1,0,0,24,30
17,5,1,1,32,24,30
17,5,1,2,64,24,30
17,5,1,3,96,24,30
17,5,2,0,48,24,30
17,5,2,1,4095,24,30
17,5,2,2,4095,24,30
17,5,2,3,4095,24,30
17,5,3,0,96,24,30
17,5,3,1,4095,24,30
17,5,3,2,4095,24,30
17,5,3,3,4095,24,30
17,6,0,0,4095,24,30
17,6,0,1,4095,24,30
17,6,0,2,4095,24,30
17,6,0,3,82,24,30
17,6,1,0,4095,24,30
17,6,1,1,4095,24,30
17,6,1,2,4095,24,30
17,6,1,3,34,24,30
17,6,2,0,82,24,30
17,6,2,1,50,24,30
17,6,2,2,18,24,30
17,6,2,3,14,24,30
17,6,3,0,34,24,30
17,6,3,1,2,24,30
17,6,3,2,30,24,30
17,6,3,3,4095,24,30
17,7,0,0,4095,24,30
17,7,0,1,4095,24,30
17,7,0,2,4095,24,30
17,7,0,3,147,24,30
17,7,1,0,4095,24,30
17,7,1,1,4095,24,30
17,7,1,2,4095,24,30
17,7,1,3,99,24,30
17,7,2,0,147,24,30
17,7,2,1,115,24,30
17,7,2,2,83,24,30
17,7,2,3,51,24,30
17,7,3,0,99,24,30
17,7,3,1,67,24,30
17,7,3,2,35,24,30
17,7,3,3,3,24,30
18,0,0,0,4095,25,31
18,0,0,1,4095,25,31
18,0,0,2,4095,25,31
18,0,0,3,45,25,31
18,0,1,0,4095,25,31
18,0,1,1,4095,25,31
18,0,1,2,29,25,31
18,0,1,3,3,25,31
18,0,2,0,45,25,31
18,0,2,1,13,25,31
18,0,2,2,19,25,31
18,0,2,3,4095,25,31
18,0,3,0,3,25,31
18,0,3,1,35,25,31
18,0,3,2,4095,25,31
18,0,3,3,4095,25,31
18,1,0,0,4095,25,31
18,1,0,1,4095,25,31
18,1,0,2,4095,25,31
18,1,0,3,80,25,31
18,1,1,0,4095,25,31
18,1,1,1,4095,25,31
18,1,1,2,4095,25,31
18,1,1,3,32,25,31
18,1,2,0,80,25,31
18,1,2,1,48,25,31
18,1,2,2,16,25,31
18,1,2,3,16,25,31
18,1,3,0,32,25,31
18,1,3,1,0,25,31
18,1,3,2,32,25,31
18,1,3,3,4095,25,31
18,2,0,0,4095,25,31
18,2,0,1,4095,25,31
18,2,0,2,4095,25,31
18,2,0,3,96,25,31
18,2,1,0,4095,25,31
18,2,1,1,4095,25,31
18,2,1,2,4095,25,31
18,2,1,3,48,25,31
18,2,2,0,96,25,31
18,2,2,1,64,25,31
18,2,2,2,32,25,31
18,2,2,3,0,25,31
18,2,3,0,48,25,31
18,2,3,1,16,25,31
18,2,3,2,16,25,31
18,2,3,3,4095,25,31
18,3,0,0,4095,25,31
18,3,0,1,29,25,31
18,3,0,2,3,25,31
18,3,0,3,35,25,31
18,3,1,0,13,25,31
18,3,1,1,19,25,31
18,3,1,2,51,25,31
18,3,1,3,83,25,31
18,3,2,0,35,25,31
18,3,2,1,4095,25,31
18,3,2,2,4095,25,31
18,3,2,3,4095,25,31
18,3,3,0,83,25,31
18,3,3,1,4095,25,31
18,3,3,2,4095,25,31
18,3,3,3,4095,25,31
18,4,0,0,4095,25,31
18,4,0,1,4095,25,31
18,4,0,2,4095,25,31
18,4,0,3,50,25,31
18,4,1,0,4095,25,31
18,4,1,1,4095,25,31
18,4,1,2,34,25,31
18,4,1,3,2,25,31
18,4,2,0,50,25,31
18,4,2,1,18,25,31
18,4,2,2,14,25,31
18,4,2,3,46,25,31
18,4,3,0,2,25,31
18,4,3,1,30,25,31
18,4,3,2,4095,25,31
18,4,3,3,4095,25,31
18,5,0,0,4095,25,31
18,5,0,1,4095,25,31
18,5,0,2,4095,25,31
18,5,0,3,51,25,31
18,5,1,0,4095,25,31
18,5,1,1,4095,25,31
18,5,1,2,35,25,31
18,5,1,3,3,25,31
18,5,2,0,51,25,31
18,5,2,1,19,25,31
18,5,2,2,13,25,31
18,5,2,3,45,25,31
18,5,3,0,3,25,31
18,5,3,1,29,25,31
18,5,3,2,4095,25,31
18,5,3,3,4095,25,31
18,6,0,0,4095,25,31
18,6,0,1,4095,25,31
18,6,0,2,4095,25,31
18,6,0,3,35,25,31
18,6,1,0,4095,25,31
18,6,1,1,4095,25,31
18,6,1,2,19,25,31
18,6,1,3,13,25,31
18,6,2,0,35,25,31
18,6,2,1,3,25,31
18,6,2,2,29,25,31
18,6,2,3,4095,25,31
18,6,3,0,13,25,31
18,6,3,1,45,25,31
18,6,3,2,4095,25,31
18,6,3,3,4095,25,31
18,7,0,0,4095,25,31
18,7,0,1,4095,25,31
18,7,0,2,4095,25,31
18,7,0,3,17,25,31
18,7,1,0,4095,25,31
18,7,1,1,33,25,31
18,7,1,2,1,25,31
18,7,1,3,31,25,31
18,7,2,0,17,25,31
18,7,2,1,15,25,31
18,7,2,2,47,25,31
18,7,2,3,4095,25,31
18,7,3,0,31,25,31
18,7,3,1,4095,25,31
18,7,3,2,4095,25,31
18,7,3,3,4095,25,31
19,0,0,0,33,26,32
19,0,0,1,1,26,32
19,0,0,2,31,26,32
19,0,0,3,63,26,32
19,0,1,0,15,26,32
19,0,1,1,47,26,32
19,0,1,2,79,26,32
19,0,1,3,111,26,32
19,0,2,0,63,26,32
19,0,2,1,4095,26,32
19,0,2,2,4095,26,32
19,0,2,3,4095,26,32
19,0,3,0,111,26,32
19,0,3,1,4095,26,32
19,0,3,2,4095,26,32
19,0,3,3,4095,26,32
19,1,0,0,4095,26,32
19,1,0,1,4095,26,32
19,1,0,2,34,26,32
19,1,0,3,2,26,32
19,1,1,0,4095,26,32
19,1,1,1,18,26,32
19,1,1,2,14,26,32
19,1,1,3,46,26,32
19,1,2,0,2,26,32
19,1,2,1,30,26,32
19,1,2,2,4095,26,32
19,1,2,3,4095,26,32
19,1,3,0,46,26,32
19,1,3,1,4095,26,32
19,1,3,2,4095,26,32
19,1,3,3,4095,26,32
19,2,0,0,4095,26,32
19,2,0,1,29,26,32
19,2,0,2,3,26,32
19,2,0,3,35,26,32
19,2,1,0,13,26,32
19,2,1,1,19,26,32
19,2,1,2,51,26,32
19,2,1,3,83,26,32
19,2,2,0,35,26,32
19,2,2,1,4095,26,32
19,2,2,2,4095,26,32
19,2,2,3,4095,26,32
19,2,3,0,83,26,32
19,2,3,1,4095,26,32
19,2,3,2,4095,26,32
19,2,3,3,4095,26,32
19,3,0,0,4095,26,32
19,3,0,1,4095,26,32
19,3,0,2,32,26,32
19,3,0,3,0,26,32
19,3,1,0,48,26,32
19,3,1,1,16,26,32
19,3,1,2,16,26,32
19,3,1,3,48,26,32
19,3,2,0,0,26,32
19,3,2,1,32,26,32
19,3,2,2,4095,26,32
19,3,2,3,4095,26,32
19,3,3,0,48,26,32
19,3,3,1,4095,26,32
19,3,3,2,4095,26,32
19,3,3,3,4095,26,32
19,4,0,0,4095,26,32
19,4,0,1,4095,26,32
19,4,0,2,4095,26,32
19,4,0,3,67,26,32
19,4,1,0,4095,26,32
19,4,1,1,4095,26,32
19,4,1,2,4095,26,32
19,4,1,3,19,26,32
19,4,2,0,67,26,32
19,4,2,1,35,26,32
19,4,2,2,3,26,32
19,4,2,3,29,26,32
19,4,3,0,19,26,32
19,4,3,1,13,26,32
19,4,3,2,45,26,32
19,4,3,3,4095,26,32
19,5,0,0,4095,26,32
19,5,0,1,32,26,32
19,5,0,2,0,26,32
19,5,0,3,32,26,32
19,5,1,0,16,26,32
19,5,1,1,16,26,32
19,5,1,2,48,26,32
19,5,1,3,80,26,32
19,5,2,0,32,26,32
19,5,2,1,4095,26,32
19,5,2,2,4095,26,32
19,5,2,3,4095,26,32
19,5,3,0,80,26,32
19,5,3,1,4095,26,32
19,5,3,2,4095,26,32
19,5,3,3,4095,26,32
19,6,0,0,4095,26,32
19,6,0,1,19,26,32
19,6,0,2,13,26,32
19,6,0,3,45,26,32
19,6,1,0,3,26,32
19,6,1,1,29,26,32
19,6,1,2,61,26,32
19,6,1,3,93,26,32
19,6,2,0,45,26,32
19,6,2,1,4095,26,32
19,6,2,2,4095,26,32
19,6,2,3,4095,26,32
19,6,3,0,93,26,32
19,6,3,1,4095,26,32
19,6,3,2,4095,26,32
19,6,3,3,4095,26,32
19,7,0,0,4095,26,32
19,7,0,1,48,26,32
19,7,0,2,16,26,32
19,7,0,3,16,26,32
19,7,1,0,32,26,32
19,7,1,1,0,26,32
19,7,1,2,32,26,32
19,7,1,3,64,26,32
19,7,2,0,16,26,32
19,7,2,1,4095,26,32
19,7,2,2,4095,26,32
19,7,2,3,4095,26,32
19,7,3,0,64,26,32
19,7,3,1,4095,26,32
19,7,3,2,4095,26,32
19,7,3,3,4095,26,32
20,0,0,0,4095,27,33
20,0,0,1,4095,27,33
20,0,0,2,4095,27,33
20,0,0,3,82,27,33
20,0,1,0,4095,27,33
20,0,1,1,4095,27,33
20,0,1,2,4095,27,33
20,0,1,3,34,27,33
20,0,2,0,82,27,33
20,0,2,1,50,27,33
20,0,2,2,18,27,33
20,0,2,3,14,27,33
20,0,3,0,34,27,33
20,0,3,1,2,27,33
20,0,3,2,30,27,33
20,0,3,3,4095,27,33
20,1,0,0,4095,27,33
20,1,0,1,4095,27,33
20,1,0,2,32,27,33
20,1,0,3,0,27,33
20,1,1,0,48,27,33
20,1,1,1,16,27,33
20,1,1,2,16,27,33
20,1,1,3,48,27,33
20,1,2,0,0,27,33
20,1,2,1,32,27,33
20,1,2,2,4095,27,33
20,1,2,3,4095,27,33
20,1,3,0,48,27,33
20,1,3,1,4095,27,33
20,1,3,2,4095,27,33
20,1,3,3,4095,27,33
20,2,0,0,0,27,33
20,2,0,1,32,27,33
20,2,0,2,64,27,33
20,2,0,3,96,27,33
20,2,1,0,48,27,33
20,2,1,1,80,27,33
20,2,1,2,112,27,33
20,2,1,3,144,27,33
20,2,2,0,96,27,33
20,2,2,1,4095,27,33
20,2,2,2,4095,27,33
20,2,2,3,4095,27,33
20,2,3,0,144,27,33
20,2,3,1,4095,27,33
20,2,3,2,4095,27,33
20,2,3,3,4095,27,33
20,3,0,0,4095,27,33
20,3,0,1,4095,27,33
20,3,0,2,4095,27,33
20,3,0,3,46,27,33
20,3,1,0,4095,27,33
20,3,1,1,4095,27,33
20,3,1,2,30,27,33
20,3,1,3,2,27,33
20,3,2,0,46,27,33
20,3,2,1,14,27,33
20,3,2,2,18,27,33
20,3,2,3,4095,27,33
20,3,3,0,2,27,33
20,3,3,1,34,27,33
20,3,3,2,4095,27,33
20,3,3,3,4095,27,33
20,4,0,0,4095,27,33
20,4,0,1,4095,27,33
20,4,0,2,4095,27,33
20,4,0,3,47,27,33
20,4,1,0,4095,27,33
20,4,1,1,4095,27,33
20,4,1,2,31,27,33
20,4,1,3,1,27,33
20,4,2,0,47,27,33
20,4,2,1,15,27,33
20,4,2,2,17,27,33
20,4,2,3,4095,27,33
20,4,3,0,1,27,33
20,4,3,1,33,27,33
20,4,3,2,4095,27,33
20,4,3,3,4095,27,33
20,5,0,0,33,27,33
20,5,0,1,1,27,33
20,5,0,2,31,27,33
20,5,0,3,63,27,33
20,5,1,0,15,27,33
20,5,1,1,47,27,33
20,5,1,2,79,27,33
20,5,1,3,111,27,33
20,5,2,0,63,27,33
20,5,2,1,4095,27,33
20,5,2,2,4095,27,33
20,5,2,3,4095,27,33
20,5,3,0,111,27,33
20,5,3,1,4095,27,33
20,5,3,2,4095,27,33
20,5,3,3,4095,27,33
20,6,0,0,4095,27,33
20,6,0,1,4095,27,33
20,6,0,2,31,27,33
20,6,0,3,1,27,33
20,6,1,0,47,27,33
20,6,1,1,15,27,33
20,6,1,2,17,27,33
20,6,1,3,49,27,33
20,6,2,0,1,27,33
20,6,2,1,33,27,33
20,6,2,2,4095,27,33
20,6,2,3,4095,27,33
20,6,3,0,49,27,33
20,6,3,1,4095,27,33
20,6,3,2,4095,27,33
20,6,3,3,4095,27,33
20,7,0,0,4095,27,33
20,7,0,1,34,27,33
20,7,0,2,2,27,33
20,7,0,3,30,27,33
20,7,1,0,18,27,33
20,7,1,1,14,27,33
20,7,1,2,46,27,33
20,7,1,3,78,27,33
20,7,2,0,30,27,33
20,7,2,1,4095,27,33
20,7,2,2,4095,27,33
20,7,2,3,4095,27,33
20,7,3,0,78,27,33
20,7,3,1,4095,27,33
20,7,3,2,4095,27,33
20,7,3,3,4095,27,33
21,0,0,0,4095,28,34
21,0,0,1,4095,28,34
21,0,0,2,4095,28,34
21,0,0,3,47,28,34
21,0,1,0,4095,28,34
21,0,1,1,4095,28,34
21,0,1,2,31,28,34
21,0,1,3,1,28,34
21,0,2,0,47,28,34
21,0,2,1,15,28,34
21,0,2,2,17,28,34
21,0,2,3,4095,28,34
21,0,3,0,1,28,34
21,0,3,1,33,28,34
21,0,3,2,4095,28,34
21,0,3,3,4095,28,34
21,1,0,0,4095,28,34
21,1,0,1,4095,28,34
21,1,0,2,32,28,34
21,1,0,3,0,28,34
21,1,1,0,48,28,34
21,1,1,1,16,28,34
21,1,1,2,16,28,34
21,1,1,3,48,28,34
21,1,2,0,0,28,34
21,1,2,1,32,28,34
21,1,2,2,4095,28,34
21,1,2,3,4095,28,34
21,1,3,0,48,28,34
21,1,3,1,4095,28,34
21,1,3,2,4095,28,34
21,1,3,3,4095,28,34
21,2,0,0,1,28,34
21,2,0,1,33,28,34
21,2,0,2,65,28,34
21,2,0,3,97,28,34
21,2,1,0,49,28,34
21,2,1,1,81,28,34
21,2,1,2,113,28,34
21,2,1,3,145,28,34
21,2,2,0,97,28,34
21,2,2,1,4095,28,34
21,2,2,2,4095,28,34
21,2,2,3,4095,28,34
21,2,3,0,145,28,34
21,2,3,1,4095,28,34
21,2,3,2,4095,28,34
21,2,3,3,4095,28,34
21,3,0,0,4095,28,34
21,3,0,1,4095,28,34
21,3,0,2,34,28,34
21,3,0,3,2,28,34
21,3,1,0,4095,28,34
21,3,1,1,18,28,34
21,3,1,2,14,28,34
21,3,1,3,46,28,34
21,3,2,0,2,28,34
21,3,2,1,30,28,34
21,3,2,2,4095,28,34
21,3,2,3,4095,28,34
21,3,3,0,46,28,34
21,3,3,1,4095,28,34
21,3,3,2,4095,28,34
21,3,3,3,4095,28,34
21,4,0,0,4095,28,34
21,4,0,1,4095,28,34
21,4,0,2,4095,28,34
21,4,0,3,61,28,34
21,4,1,0,4095,28,34
21,4,1,1,4095,28,34
21,4,1,2,45,28,34
21,4,1,3,13,28,34
21,4,2,0,61,28,34
21,4,2,1,29,28,34
21,4,2,2,3,28,34
21,4,2,3,35,28,34
21,4,3,0,13,28,34
21,4,3,1,19,28,34
21,4,3,2,4095,28,34
21,4,3,3,4095,28,34
21,5,0,0,4095,28,34
21,5,0,1,30,28,34
21,5,0,2,2,28,34
21,5,0,3,34,28,34
21,5,1,0,14,28,34
21,5,1,1,18,28,34
21,5,1,2,50,28,34
21,5,1,3,82,28,34
21,5,2,0,34,28,34
21,5,2,1,4095,28,34
21,5,2,2,4095,28,34
21,5,2,3,4095,28,34
21,5,3,0,82,28,34
21,5,3,1,4095,28,34
21,5,3,2,4095,28,34
21,5,3,3,4095,28,34
21,6,0,0,4095,28,34
21,6,0,1,4095,28,34
21,6,0,2,32,28,34
21,6,0,3,0,28,34
21,6,1,0,48,28,34
21,6,1,1,16,28,34
21,6,1,2,16,28,34
21,6,1,3,48,28,34
21,6,2,0,0,28,34
21,6,2,1,32,28,34
21,6,2,2,4095,28,34
21,6,2,3,4095,28,34
21,6,3,0,48,28,34
21,6,3,1,4095,28,34
21,6,3,2,4095,28,34
21,6,3,3,4095,28,34
21,7,0,0,4095,28,34
21,7,0,1,4095,28,34
21,7,0,2,4095,28,34
21,7,0,3,19,28,34
21,7,1,0,4095,28,34
21,7,1,1,35,28,34
21,7,1,2,3,28,34
21,7,1,3,29,28,34
21,7,2,0,19,28,34
21,7,2,1,13,28,34
21,7,2,2,45,28,34
21,7,2,3,4095,28,34
21,7,3,0,29,28,34
21,7,3,1,4095,28,34
21,7,3,2,4095,28,34
21,7,3,3,4095,28,34
22,0,0,0,4095,29,35
22,0,0,1,4095,29,35
22,0,0,2,4095,29,35
22,0,0,3,34,29,35
22,0,1,0,4095,29,35
22,0,1,1,4095,29,35
22,0,1,2,18,29,35
22,0,1,3,14,29,35
22,0,2,0,34,29,35
22,0,2,1,2,29,35
22,0,2,2,30,29,35
22,0,2,3,4095,29,35
22,0,3,0,14,29,35
22,0,3,1,46,29,35
22,0,3,2,4095,29,35
22,0,3,3,4095,29,35
22,1,0,0,4095,29,35
22,1,0,1,4095,29,35
22,1,0,2,4095,29,35
22,1,0,3,17,29,35
22,1,1,0,4095,29,35
22,1,1,1,33,29,35
22,1,1,2,1,29,35
22,1,1,3,31,29,35
22,1,2,0,17,29,35
22,1,2,1,15,29,35
22,1,2,2,47,29,35
22,1,2,3,4095,29,35
22,1,3,0,31,29,35
22,1,3,1,4095,29,35
22,1,3,2,4095,29,35
22,1,3,3,4095,29,35
22,2,0,0,33,29,35
22,2,0,1,1,29,35
22,2,0,2,31,29,35
22,2,0,3,63,29,35
22,2,1,0,15,29,35
22,2,1,1,47,29,35
22,2,1,2,79,29,35
22,2,1,3,111,29,35
22,2,2,0,63,29,35
22,2,2,1,4095,29,35
22,2,2,2,4095,29,35
22,2,2,3,4095,29,35
22,2,3,0,111,29,35
22,2,3,1,4095,29,35
22,2,3,2,4095,29,35
22,2,3,3,4095,29,35
22,3,0,0,0,29,35
22,3,0,1,32,29,35
22,3,0,2,64,29,35
22,3,0,3,96,29,35
22,3,1,0,48,29,35
22,3,1,1,80,29,35
22,3,1,2,112,29,35
22,3,1,3,144,29,35
22,3,2,0,96,29,35
22,3,2,1,4095,29,35
22,3,2,2,4095,29,35
22,3,2,3,4095,29,35
22,3,3,0,144,29,35
22,3,3,1,4095,29,35
22,3,3,2,4095,29,35
22,3,3,3,4095,29,35
22,4,0,0,1,29,35
22,4,0,1,33,29,35
22,4,0,2,65,29,35
22,4,0,3,97,29,35
22,4,1,0,49,29,35
22,4,1,1,81,29,35
22,4,1,2,113,29,35
22,4,1,3,145,29,35
22,4,2,0,97,29,35
22,4,2,1,4095,29,35
22,4,2,2,4095,29,35
22,4,2,3,4095,29,35
22,4,3,0,145,29,35
22,4,3,1,4095,29,35
22,4,3,2,4095,29,35
22,4,3,3,4095,29,35
22,5,0,0,4095,29,35
22,5,0,1,4095,29,35
22,5,0,2,4095,29,35
22,5,0,3,47,29,35
22,5,1,0,4095,29,35
22,5,1,1,4095,29,35
22,5,1,2,31,29,35
22,5,1,3,1,29,35
22,5,2,0,47,29,35
22,5,2,1,15,29,35
22,5,2,2,17,29,35
22,5,2,3,4095,29,35
22,5,3,0,1,29,35
22,5,3,1,33,29,35
22,5,3,2,4095,29,35
22,5,3,3,4095,29,35
22,6,0,0,4095,29,35
22,6,0,1,4095,29,35
22,6,0,2,4095,29,35
22,6,0,3,50,29,35
22,6,1,0,4095,29,35
22,6,1,1,4095,29,35
22,6,1,2,34,29,35
22,6,1,3,2,29,35
22,6,2,0,50,29,35
22,6,2,1,18,29,35
22,6,2,2,14,29,35
22,6,2,3,46,29,35
22,6,3,0,2,29,35
22,6,3,1,30,29,35
22,6,3,2,4095,29,35
22,6,3,3,4095,29,35
22,7,0,0,4095,29,35
22,7,0,1,4095,29,35
22,7,0,2,4095,29,35
22,7,0,3,77,29,35
22,7,1,0,4095,29,35
22,7,1,1,4095,29,35
22,7,1,2,4095,29,35
22,7,1,3,29,29,35
22,7,2,0,77,29,35
22,7,2,1,45,29,35
22,7,2,2,13,29,35
22,7,2,3,19,29,35
22,7,3,0,29,29,35
22,7,3,1,3,29,35
22,7,3,2,35,29,35
22,7,3,3,4095,29,35
23,0,0,0,4095,30,36
23,0,0,1,4095,30,36
23,0,0,2,4095,30,36
23,0,0,3,141,30,36
23,0,1,0,4095,30,36
23,0,1,1,4095,30,36
23,0,1,2,4095,30,36
23,0,1,3,93,30,36
23,0,2,0,141,30,36
23,0,2,1,109,30,36
23,0,2,2,77,30,36
23,0,2,3,45,30,36
23,0,3,0,93,30,36
23,0,3,1,61,30,36
23,0,3,2,29,30,36
23,0,3,3,3,30,36
23,1,0,0,4095,30,36
23,1,0,1,4095,30,36
23,1,0,2,32,30,36
23,1,0,3,0,30,36
23,1,1,0,48,30,36
23,1,1,1,16,30,36
23,1,1,2,16,30,36
23,1,1,3,48,30,36
23,1,2,0,0,30,36
23,1,2,1,32,30,36
23,1,2,2,4095,30,36
23,1,2,3,4095,30,36
23,1,3,0,48,30,36
23,1,3,1,4095,30,36
23,1,3,2,4095,30,36
23,1,3,3,4095,30,36
23,2,0,0,2,30,36
23,2,0,1,30,30,36
23,2,0,2,62,30,36
23,2,0,3,94,30,36
23,2,1,0,46,30,36
23,2,1,1,78,30,36
23,2,1,2,110,30,36
23,2,1,3,142,30,36
23,2,2,0,94,30,36
23,2,2,1,4095,30,36
23,2,2,2,4095,30,36
23,2,2,3,4095,30,36
23,2,3,0,142,30,36
23,2,3,1,4095,30,36
23,2,3,2,4095,30,36
23,2,3,3,4095,30,36
23,3,0,0,4095,30,36
23,3,0,1,19,30,36
23,3,0,2,13,30,36
23,3,0,3,45,30,36
23,3,1,0,3,30,36
23,3,1,1,29,30,36
23,3,1,2,61,30,36
23,3,1,3,93,30,36
23,3,2,0,45,30,36
23,3,2,1,4095,30,36
23,3,2,2,4095,30,36
23,3,2,3,4095,30,36
23,3,3,0,93,30,36
23,3,3,1,4095,30,36
23,3,3,2,4095,30,36
23,3,3,3,4095,30,36
23,4,0,0,4095,30,36
23,4,0,1,4095,30,36
23,4,0,2,4095,30,36
23,4,0,3,80,30,36
23,4,1,0,4095,30,36
23,4,1,1,4095,30,36
23,4,1,2,4095,30,36
23,4,1,3,32,30,36
23,4,2,0,80,30,36
23,4,2,1,48,30,36
23,4,2,2,16,30,36
23,4,2,3,16,30,36
23,4,3,0,32,30,36
23,4,3,1,0,30,36
23,4,3,2,32,30,36
23,4,3,3,4095,30,36
23,5,0,0,4095,30,36
23,5,0,1,4095,30,36
23,5,0,2,4095,30,36
23,5,0,3,45,30,36
23,5,1,0,4095,30,36
23,5,1,1,4095,30,36
23,5,1,2,29,30,36
23,5,1,3,3,30,36
23,5,2,0,45,30,36
23,5,2,1,13,30,36
23,5,2,2,19,30,36
23,5,2,3,4095,30,36
23,5,3,0,3,30,36
23,5,3,1,35,30,36
23,5,3,2,4095,30,36
23,5,3,3,4095,30,36
23,6,0,0,4095,30,36
23,6,0,1,4095,30,36
23,6,0,2,4095,30,36
23,6,0,3,32,30,36
23,6,1,0,4095,30,36
23,6,1,1,48,30,36
23,6,1,2,16,30,36
23,6,1,3,16,30,36
23,6,2,0,32,30,36
23,6,2,1,0,30,36
23,6,2,2,32,30,36
23,6,2,3,4095,30,36
23,6,3,0,16,30,36
23,6,3,1,4095,30,36
23,6,3,2,4095,30,36
23,6,3,3,4095,30,36
23,7,0,0,4095,30,36
23,7,0,1,4095,30,36
23,7,0,2,47,30,36
23,7,0,3,15,30,36
23,7,1,0,4095,30,36
23,7,1,1,31,30,36
23,7,1,2,1,30,36
23,7,1,3,33,30,36
23,7,2,0,15,30,36
23,7,2,1,17,30,36
23,7,2,2,4095,30,36
23,7,2,3,4095,30,36
23,7,3,0,33,30,36
23,7,3,1,4095,30,36
23,7,3,2,4095,30,36
23,7,3,3,4095,30,36
24,0,0,0,29,31,37
24,0,0,1,3,31,37
24,0,0,2,35,31,37
24,0,0,3,67,31,37
24,0,1,0,19,31,37
24,0,1,1,51,31,37
24,0,1,2,83,31,37
24,0,1,3,115,31,37
24,0,2,0,67,31,37
24,0,2,1,4095,31,37
24,0,2,2,4095,31,37
24,0,2,3,4095,31,37
24,0,3,0,115,31,37
24,0,3,1,4095,31,37
24,0,3,2,4095,31,37
24,0,3,3,4095,31,37
24,1,0,0,4095,31,37
24,1,0,1,4095,31,37
24,1,0,2,4095,31,37
24,1,0,3,47,31,37
24,1,1,0,4095,31,37
24,1,1,1,4095,31,37
24,1,1,2,31,31,37
24,1,1,3,1,31,37
24,1,2,0,47,31,37
24,1,2,1,15,31,37
24,1,2,2,17,31,37
24,1,2,3,4095,31,37
24,1,3,0,1,31,37
24,1,3,1,33,31,37
24,1,3,2,4095,31,37
24,1,3,3,4095,31,37
24,2,0,0,4095,31,37
24,2,0,1,4095,31,37
24,2,0,2,4095,31,37
24,2,0,3,141,31,37
24,2,1,0,4095,31,37
24,2,1,1,4095,31,37
24,2,1,2,4095,31,37
24,2,1,3,93,31,37
24,2,2,0,141,31,37
24,2,2,1,109,31,37
24,2,2,2,77,31,37
24,2,2,3,45,31,37
24,2,3,0,93,31,37
24,2,3,1,61,31,37
24,2,3,2,29,31,37
24,2,3,3,3,31,37
24,3,0,0,4095,31,37
24,3,0,1,4095,31,37
24,3,0,2,33,31,37
24,3,0,3,1,31,37
24,3,1,0,4095,31,37
24,3,1,1,17,31,37
24,3,1,2,15,31,37
24,3,1,3,47,31,37
24,3,2,0,1,31,37
24,3,2,1,31,31,37
24,3,2,2,4095,31,37
24,3,2,3,4095,31,37
24,3,3,0,47,31,37
24,3,3,1,4095,31,37
24,3,3,2,4095,31,37
24,3,3,3,4095,31,37
24,4,0,0,45,31,37
24,4,0,1,13,31,37
24,4,0,2,19,31,37
24,4,0,3,51,31,37
24,4,1,0,3,31,37
24,4,1,1,35,31,37
24,4,1,2,67,31,37
24,4,1,3,99,31,37
24,4,2,0,51,31,37
24,4,2,1,4095,31,37
24,4,2,2,4095,31,37
24,4,2,3,4095,31,37
24,4,3,0,99,31,37
24,4,3,1,4095,31,37
24,4,3,2,4095,31,37
24,4,3,3,4095,31,37
24,5,0,0,4095,31,37
24,5,0,1,4095,31,37
24,5,0,2,4095,31,37
24,5,0,3,80,31,37
24,5,1,0,4095,31,37
24,5,1,1,4095,31,37
24,5,1,2,4095,31,37
24,5,1,3,32,31,37
24,5,2,0,80,31,37
24,5,2,1,48,31,37
24,5,2,2,16,31,37
24,5,2,3,16,31,37
24,5,3,0,32,31,37
24,5,3,1,0,31,37
24,5,3,2,32,31,37
24,5,3,3,4095,31,37
24,6,0,0,4095,31,37
24,6,0,1,4095,31,37
24,6,0,2,4095,31,37
24,6,0,3,143,31,37
24,6,1,0,4095,31,37
24,6,1,1,4095,31,37
24,6,1,2,4095,31,37
24,6,1,3,95,31,37
24,6,2,0,143,31,37
24,6,2,1,111,31,37
24,6,2,2,79,31,37
24,6,2,3,47,31,37
24,6,3,0,95,31,37
24,6,3,1,63,31,37
24,6,3,2,31,31,37
24,6,3,3,1,31,37
24,7,0,0,4095,31,37
24,7,0,1,4095,31,37
24,7,0,2,32,31,37
24,7,0,3,0,31,37
24,7,1,0,48,31,37
24,7,1,1,16,31,37
24,7,1,2,16,31,37
24,7,1,3,48,31,37
24,7,2,0,0,31,37
24,7,2,1,32,31,37
24,7,2,2,4095,31,37
24,7,2,3,4095,31,37
24,7,3,0,48,31,37
24,7,3,1,4095,31,37
24,7,3,2,4095,31,37
24,7,3,3,4095,31,37
25,0,0,0,4095,32,38
25,0,0,1,17,32,38
25,0,0,2,15,32,38
25,0,0,3,47,32,38
25,0,1,0,1,32,38
25,0,1,1,31,32,38
25,0,1,2,63,32,38
25,0,1,3,95,32,38
25,0,2,0,47,32,38
25,0,2,1,4095,32,38
25,0,2,2,4095,32,38
25,0,2,3,4095,32,38
25,0,3,0,95,32,38
25,0,3,1,4095,32,38
25,0,3,2,4095,32,38
25,0,3,3,4095,32,38
25,1,0,0,4095,32,38
25,1,0,1,48,32,38
25,1,0,2,16,32,38
25,1,0,3,16,32,38
25,1,1,0,32,32,38
25,1,1,1,0,32,38
25,1,1,2,32,32,38
25,1,1,3,64,32,38
25,1,2,0,16,32,38
25,1,2,1,4095,32,38
25,1,2,2,4095,32,38
25,1,2,3,4095,32,38
25,1,3,0,64,32,38
25,1,3,1,4095,32,38
25,1,3,2,4095,32,38
25,1,3,3,4095,32,38
25,2,0,0,30,32,38
25,2,0,1,2,32,38
25,2,0,2,34,32,38
25,2,0,3,66,32,38
25,2,1,0,18,32,38
25,2,1,1,50,32,38
25,2,1,2,82,32,38
25,2,1,3,114,32,38
25,2,2,0,66,32,38
25,2,2,1,4095,32,38
25,2,2,2,4095,32,38
25,2,2,3,4095,32,38
25,2,3,0,114,32,38
25,2,3,1,4095,32,38
25,2,3,2,4095,32,38
25,2,3,3,4095,32,38
25,3,0,0,4095,32,38
25,3,0,1,4095,32,38
25,3,0,2,30,32,38
25,3,0,3,2,32,38
25,3,1,0,46,32,38
25,3,1,1,14,32,38
25,3,1,2,18,32,38
25,3,1,3,50,32,38
25,3,2,0,2,32,38
25,3,2,1,34,32,38
25,3,2,2,4095,32,38
25,3,2,3,4095,32,38
25,3,3,0,50,32,38
25,3,3,1,4095,32,38
25,3,3,2,4095,32,38
25,3,3,3,4095,32,38
25,4,0,0,4095,32,38
25,4,0,1,30,32,38
25,4,0,2,2,32,38
25,4,0,3,34,32,38
25,4,1,0,14,32,38
25,4,1,1,18,32,38
25,4,1,2,50,32,38
25,4,1,3,82,32,38
25,4,2,0,34,32,38
25,4,2,1,4095,32,38
25,4,2,2,4095,32,38
25,4,2,3,4095,32,38
25,4,3,0,82,32,38
25,4,3,1,4095,32,38
25,4,3,2,4095,32,38
25,4,3,3,4095,32,38
25,5,0,0,4095,32,38
25,5,0,1,4095,32,38
25,5,0,2,34,32,38
25,5,0,3,2,32,38
25,5,1,0,4095,32,38
25,5,1,1,18,32,38
25,5,1,2,14,32,38
25,5,1,3,46,32,38
25,5,2,0,2,32,38
25,5,2,1,30,32,38
25,5,2,2,4095,32,38
25,5,2,3,4095,32,38
25,5,3,0,46,32,38
25,5,3,1,4095,32,38
25,5,3,2,4095,32,38
25,5,3,3,4095,32,38
25,6,0,0,4095,32,38
25,6,0,1,31,32,38
25,6,0,2,1,32,38
25,6,0,3,33,32,38
25,6,1,0,15,32,38
25,6,1,1,17,32,38
25,6,1,2,49,32,38
25,6,1,3,81,32,38
25,6,2,0,33,32,38
25,6,2,1,4095,32,38
25,6,2,2,4095,32,38
25,6,2,3,4095,32,38
25,6,3,0,81,32,38
25,6,3,1,4095,32,38
25,6,3,2,4095,32,38
25,6,3,3,4095,32,38
25,7,0,0,4095,32,38
25,7,0,1,4095,32,38
25,7,0,2,4095,32,38
25,7,0,3,46,32,38
25,7,1,0,4095,32,38
25,7,1,1,4095,32,38
25,7,1,2,30,32,38
25,7,1,3,2,32,38
25,7,2,0,46,32,38
25,7,2,1,14,32,38
25,7,2,2,18,32,38
25,7,2,3,4095,32,38
25,7,3,0,2,32,38
25,7,3,1,34,32,38
25,7,3,2,4095,32,38
25,7,3,3,4095,32,38
26,0,0,0,4095,33,39
26,0,0,1,4095,33,39
26,0,0,2,4095,33,39
26,0,0,3,51,33,39
26,0,1,0,4095,33,39
26,0,1,1,4095,33,39
26,0,1,2,35,33,39
26,0,1,3,3,33,39
26,0,2,0,51,33,39
26,0,2,1,19,33,39
26,0,2,2,13,33,39
26,0,2,3,45,33,39
26,0,3,0,3,33,39
26,0,3,1,29,33,39
26,0,3,2,4095,33,39
26,0,3,3,4095,33,39
26,1,0,0,29,33,39
26,1,0,1,3,33,39
26,1,0,2,35,33,39
26,1,0,3,67,33,39
26,1,1,0,19,33,39
26,1,1,1,51,33,39
26,1,1,2,83,33,39
26,1,1,3,115,33,39
26,1,2,0,67,33,39
26,1,2,1,4095,33,39
26,1,2,2,4095,33,39
26,1,2,3,4095,33,39
26,1,3,0,115,33,39
26,1,3,1,4095,33,39
26,1,3,2,4095,33,39
26,1,3,3,4095,33,39
26,2,0,0,4095,33,39
26,2,0,1,4095,33,39
26,2,0,2,4095,33,39
26,2,0,3,49,33,39
26,2,1,0,4095,33,39
26,2,1,1,4095,33,39
26,2,1,2,33,33,39
26,2,1,3,1,33,39
26,2,2,0,49,33,39
26,2,2,1,17,33,39
26,2,2,2,15,33,39
26,2,2,3,47,33,39
26,2,3,0,1,33,39
26,2,3,1,31,33,39
26,2,3,2,4095,33,39
26,2,3,3,4095,33,39
26,3,0,0,4095,33,39
26,3,0,1,4095,33,39
26,3,0,2,4095,33,39
26,3,0,3,143,33,39
26,3,1,0,4095,33,39
26,3,1,1,4095,33,39
26,3,1,2,4095,33,39
26,3,1,3,95,33,39
26,3,2,0,143,33,39
26,3,2,1,111,33,39
26,3,2,2,79,33,39
26,3,2,3,47,33,39
26,3,3,0,95,33,39
26,3,3,1,63,33,39
26,3,3,2,31,33,39
26,3,3,3,1,33,39
26,4,0,0,4095,33,39
26,4,0,1,4095,33,39
26,4,0,2,4095,33,39
26,4,0,3,45,33,39
26,4,1,0,4095,33,39
26,4,1,1,4095,33,39
26,4,1,2,29,33,39
26,4,1,3,3,33,39
26,4,2,0,45,33,39
26,4,2,1,13,33,39
26,4,2,2,19,33,39
26,4,2,3,4095,33,39
26,4,3,0,3,33,39
26,4,3,1,35,33,39
26,4,3,2,4095,33,39
26,4,3,3,4095,33,39
26,5,0,0,4095,33,39
26,5,0,1,4095,33,39
26,5,0,2,19,33,39
26,5,0,3,13,33,39
26,5,1,0,35,33,39
26,5,1,1,3,33,39
26,5,1,2,29,33,39
26,5,1,3,61,33,39
26,5,2,0,13,33,39
26,5,2,1,45,33,39
26,5,2,2,4095,33,39
26,5,2,3,4095,33,39
26,5,3,0,61,33,39
26,5,3,1,4095,33,39
26,5,3,2,4095,33,39
26,5,3,3,4095,33,39
26,6,0,0,4095,33,39
26,6,0,1,4095,33,39
26,6,0,2,4095,33,39
26,6,0,3,29,33,39
26,6,1,0,4095,33,39
26,6,1,1,45,33,39
26,6,1,2,13,33,39
26,6,1,3,19,33,39
26,6,2,0,29,33,39
26,6,2,1,3,33,39
26,6,2,2,35,33,39
26,6,2,3,4095,33,39
26,6,3,0,19,33,39
26,6,3,1,4095,33,39
26,6,3,2,4095,33,39
26,6,3,3,4095,33,39
26,7,0,0,4095,33,39
26,7,0,1,32,33,39
26,7,0,2,0,33,39
26,7,0,3,32,33,39
26,7,1,0,16,33,39
26,7,1,1,16,33,39
26,7,1,2,48,33,39
26,7,1,3,80,33,39
26,7,2,0,32,33,39
26,7,2,1,4095,33,39
26,7,2,2,4095,33,39
26,7,2,3,4095,33,39
26,7,3,0,80,33,39
26,7,3,1,4095,33,39
26,7,3,2,4095,33,39
26,7,3,3,4095,33,39
27,0,0,0,4095,34,40
27,0,0,1,4095,34,40
27,0,0,2,31,34,40
27,0,0,3,1,34,40
27,0,1,0,47,34,40
27,0,1,1,15,34,40
27,0,1,2,17,34,40
27,0,1,3,49,34,40
27,0,2,0,1,34,40
27,0,2,1,33,34,40
27,0,2,2,4095,34,40
27,0,2,3,4095,34,40
27,0,3,0,49,34,40
27,0,3,1,4095,34,40
27,0,3,2,4095,34,40
27,0,3,3,4095,34,40
27,1,0,0,4095,34,40
27,1,0,1,4095,34,40
27,1,0,2,4095,34,40
27,1,0,3,63,34,40
27,1,1,0,4095,34,40
27,1,1,1,4095,34,40
27,1,1,2,47,34,40
27,1,1,3,15,34,40
27,1,2,0,63,34,40
27,1,2,1,31,34,40
27,1,2,2,1,34,40
27,1,2,3,33,34,40
27,1,3,0,15,34,40
27,1,3,1,17,34,40
27,1,3,2,4095,34,40
27,1,3,3,4095,34,40
27,2,0,0,4095,34,40
27,2,0,1,34,34,40
27,2,0,2,2,34,40
27,2,0,3,30,34,40
27,2,1,0,18,34,40
27,2,1,1,14,34,40
27,2,1,2,46,34,40
27,2,1,3,78,34,40
27,2,2,0,30,34,40
27,2,2,1,4095,34,40
27,2,2,2,4095,34,40
27,2,2,3,4095,34,40
27,2,3,0,78,34,40
27,2,3,1,4095,34,40
27,2,3,2,4095,34,40
27,2,3,3,4095,34,40
27,3,0,0,1,34,40
27,3,0,1,31,34,40
27,3,0,2,63,34,40
27,3,0,3,95,34,40
27,3,1,0,47,34,40
27,3,1,1,79,34,40
27,3,1,2,111,34,40
27,3,1,3,143,34,40
27,3,2,0,95,34,40
27,3,2,1,4095,34,40
27,3,2,2,4095,34,40
27,3,2,3,4095,34,40
27,3,3,0,143,34,40
27,3,3,1,4095,34,40
27,3,3,2,4095,34,40
27,3,3,3,4095,34,40
27,4,0,0,4095,34,40
27,4,0,1,4095,34,40
27,4,0,2,4095,34,40
27,4,0,3,51,34,40
27,4,1,0,4095,34,40
27,4,1,1,4095,34,40
27,4,1,2,35,34,40
27,4,1,3,3,34,40
27,4,2,0,51,34,40
27,4,2,1,19,34,40
27,4,2,2,13,34,40
27,4,2,3,45,34,40
27,4,3,0,3,34,40
27,4,3,1,29,34,40
27,4,3,2,4095,34,40
27,4,3,3,4095,34,40
27,5,0,0,4095,34,40
27,5,0,1,4095,34,40
27,5,0,2,4095,34,40
27,5,0,3,142,34,40
27,5,1,0,4095,34,40
27,5,1,1,4095,34,40
27,5,1,2,4095,34,40
27,5,1,3,94,34,40
27,5,2,0,142,34,40
27,5,2,1,110,34,40
27,5,2,2,78,34,40
27,5,2,3,46,34,40
27,5,3,0,94,34,40
27,5,3,1,62,34,40
27,5,3,2,30,34,40
27,5,3,3,2,34,40
27,6,0,0,4095,34,40
27,6,0,1,4095,34,40
27,6,0,2,4095,34,40
27,6,0,3,51,34,40
27,6,1,0,4095,34,40
27,6,1,1,4095,34,40
27,6,1,2,35,34,40
27,6,1,3,3,34,40
27,6,2,0,51,34,40
27,6,2,1,19,34,40
27,6,2,2,13,34,40
27,6,2,3,45,34,40
27,6,3,0,3,34,40
27,6,3,1,29,34,40
27,6,3,2,4095,34,40
27,6,3,3,4095,34,40
27,7,0,0,35,34,40
27,7,0,1,3,34,40
27,7,0,2,29,34,40
27,7,0,3,61,34,40
27,7,1,0,13,34,40
27,7,1,1,45,34,40
27,7,1,2,77,34,40
27,7,1,3,109,34,40
27,7,2,0,61,34,40
27,7,2,1,4095,34,40
27,7,2,2,4095,34,40
27,7,2,3,4095,34,40
27,7,3,0,109,34,40
27,7,3,1,4095,34,40
27,7,3,2,4095,34,40
27,7,3,3,4095,34,40
28,0,0,0,3,35,41
28,0,0,1,29,35,41
28,0,0,2,61,35,41
28,0,0,3,93,35,41
28,0,1,0,45,35,41
28,0,1,1,77,35,41
28,0,1,2,109,35,41
28,0,1,3,141,35,41
28,0,2,0,93,35,41
28,0,2,1,4095,35,41
28,0,2,2,4095,35,41
28,0,2,3,4095,35,41
28,0,3,0,141,35,41
28,0,3,1,4095,35,41
28,0,3,2,4095,35,41
28,0,3,3,4095,35,41
28,1,0,0,4095,35,41
28,1,0,1,4095,35,41
28,1,0,2,30,35,41
28,1,0,3,2,35,41
28,1,1,0,46,35,41
28,1,1,1,14,35,41
28,1,1,2,18,35,41
28,1,1,3,50,35,41
28,1,2,0,2,35,41
28,1,2,1,34,35,41
28,1,2,2,4095,35,41
28,1,2,3,4095,35,41
28,1,3,0,50,35,41
28,1,3,1,4095,35,41
28,1,3,2,4095,35,41
28,1,3,3,4095,35,41
28,2,0,0,4095,35,41
28,2,0,1,4095,35,41
28,2,0,2,4095,35,41
28,2,0,3,17,35,41
28,2,1,0,4095,35,41
28,2,1,1,33,35,41
28,2,1,2,1,35,41
28,2,1,3,31,35,41
28,2,2,0,17,35,41
28,2,2,1,15,35,41
28,2,2,2,47,35,41
28,2,2,3,4095,35,41
28,2,3,0,31,35,41
28,2,3,1,4095,35,41
28,2,3,2,4095,35,41
28,2,3,3,4095,35,41
28,3,0,0,4095,35,41
28,3,0,1,4095,35,41
28,3,0,2,4095,35,41
28,3,0,3,77,35,41
28,3,1,0,4095,35,41
28,3,1,1,4095,35,41
28,3,1,2,4095,35,41
28,3,1,3,29,35,41
28,3,2,0,77,35,41
28,3,2,1,45,35,41
28,3,2,2,13,35,41
28,3,2,3,19,35,41
28,3,3,0,29,35,41
28,3,3,1,3,35,41
28,3,3,2,35,35,41
28,3,3,3,4095,35,41
28,4,0,0,4095,35,41
28,4,0,1,4095,35,41
28,4,0,2,4095,35,41
28,4,0,3,141,35,41
28,4,1,0,4095,35,41
28,4,1,1,4095,35,41
28,4,1,2,4095,35,41
28,4,1,3,93,35,41
28,4,2,0,141,35,41
28,4,2,1,109,35,41
28,4,2,2,77,35,41
28,4,2,3,45,35,41
28,4,3,0,93,35,41
28,4,3,1,61,35,41
28,4,3,2,29,35,41
28,4,3,3,3,35,41
28,5,0,0,4095,35,41
28,5,0,1,4095,35,41
28,5,0,2,4095,35,41
28,5,0,3,143,35,41
28,5,1,0,4095,35,41
28,5,1,1,4095,35,41
28,5,1,2,4095,35,41
28,5,1,3,95,35,41
28,5,2,0,143,35,41
28,5,2,1,111,35,41
28,5,2,2,79,35,41
28,5,2,3,47,35,41
28,5,3,0,95,35,41
28,5,3,1,63,35,41
28,5,3,2,31,35,41
28,5,3,3,1,35,41
28,6,0,0,4095,35,41
28,6,0,1,4095,35,41
28,6,0,2,4095,35,41
28,6,0,3,141,35,41
28,6,1,0,4095,35,41
28,6,1,1,4095,35,41
28,6,1,2,4095,35,41
28,6,1,3,93,35,41
28,6,2,0,141,35,41
28,6,2,1,109,35,41
28,6,2,2,77,35,41
28,6,2,3,45,35,41
28,6,3,0,93,35,41
28,6,3,1,61,35,41
28,6,3,2,29,35,41
28,6,3,3,3,35,41
28,7,0,0,4095,35,41
28,7,0,1,4095,35,41
28,7,0,2,4095,35,41
28,7,0,3,46,35,41
28,7,1,0,4095,35,41
28,7,1,1,4095,35,41
28,7,1,2,30,35,41
28,7,1,3,2,35,41
28,7,2,0,46,35,41
28,7,2,1,14,35,41
28,7,2,2,18,35,41
28,7,2,3,4095,35,41
28,7,3,0,2,35,41
28,7,3,1,34,35,41
28,7,3,2,4095,35,41
28,7,3,3,4095,35,41
29,0,0,0,35,36,42
29,0,0,1,3,36,42
29,0,0,2,29,36,42
29,0,0,3,61,36,42
29,0,1,0,13,36,42
29,0,1,1,45,36,42
29,0,1,2,77,36,42
29,0,1,3,109,36,42
29,0,2,0,61,36,42
29,0,2,1,4095,36,42
29,0,2,2,4095,36,42
29,0,2,3,4095,36,42
29,0,3,0,109,36,42
29,0,3,1,4095,36,42
29,0,3,2,4095,36,42
29,0,3,3,4095,36,42
29,1,0,0,4095,36,42
29,1,0,1,4095,36,42
29,1,0,2,33,36,42
29,1,0,3,1,36,42
29,1,1,0,4095,36,42
29,1,1,1,17,36,42
29,1,1,2,15,36,42
29,1,1,3,47,36,42
29,1,2,0,1,36,42
29,1,2,1,31,36,42
29,1,2,2,4095,36,42
29,1,2,3,4095,36,42
29,1,3,0,47,36,42
29,1,3,1,4095,36,42
29,1,3,2,4095,36,42
29,1,3,3,4095,36,42
29,2,0,0,4095,36,42
29,2,0,1,34,36,42
29,2,0,2,2,36,42
29,2,0,3,30,36,42
29,2,1,0,18,36,42
29,2,1,1,14,36,42
29,2,1,2,46,36,42
29,2,1,3,78,36,42
29,2,2,0,30,36,42
29,2,2,1,4095,36,42
29,2,2,2,4095,36,42
29,2,2,3,4095,36,42
29,2,3,0,78,36,42
29,2,3,1,4095,36,42
29,2,3,2,4095,36,42
29,2,3,3,4095,36,42
29,3,0,0,4095,36,42
29,3,0,1,4095,36,42
29,3,0,2,4095,36,42
29,3,0,3,50,36,42
29,3,1,0,4095,36,42
29,3,1,1,4095,36,42
29,3,1,2,34,36,42
29,3,1,3,2,36,42
29,3,2,0,50,36,42
29,3,2,1,18,36,42
29,3,2,2,14,36,42
29,3,2,3,46,36,42
29,3,3,0,2,36,42
29,3,3,1,30,36,42
29,3,3,2,4095,36,42
29,3,3,3,4095,36,42
29,4,0,0,4095,36,42
29,4,0,1,4095,36,42
29,4,0,2,4095,36,42
29,4,0,3,147,36,42
29,4,1,0,4095,36,42
29,4,1,1,4095,36,42
29,4,1,2,4095,36,42
29,4,1,3,99,36,42
29,4,2,0,147,36,42
29,4,2,1,115,36,42
29,4,2,2,83,36,42
29,4,2,3,51,36,42
29,4,3,0,99,36,42
29,4,3,1,67,36,42
29,4,3,2,35,36,42
29,4,3,3,3,36,42
29,5,0,0,4095,36,42
29,5,0,1,4095,36,42
29,5,0,2,4095,36,42
29,5,0,3,147,36,42
29,5,1,0,4095,36,42
29,5,1,1,4095,36,42
29,5,1,2,4095,36,42
29,5,1,3,99,36,42
29,5,2,0,147,36,42
29,5,2,1,115,36,42
29,5,2,2,83,36,42
29,5,2,3,51,36,42
29,5,3,0,99,36,42
29,5,3,1,67,36,42
29,5,3,2,35,36,42
29,5,3,3,3,36,42
29,6,0,0,4095,36,42
29,6,0,1,4095,36,42
29,6,0,2,35,36,42
29,6,0,3,3,36,42
29,6,1,0,4095,36,42
29,6,1,1,19,36,42
29,6,1,2,13,36,42
29,6,1,3,45,36,42
29,6,2,0,3,36,42
29,6,2,1,29,36,42
29,6,2,2,4095,36,42
29,6,2,3,4095,36,42
29,6,3,0,45,36,42
29,6,3,1,4095,36,42
29,6,3,2,4095,36,42
29,6,3,3,4095,36,42
29,7,0,0,4095,36,42
29,7,0,1,4095,36,42
29,7,0,2,34,36,42
29,7,0,3,2,36,42
29,7,1,0,4095,36,42
29,7,1,1,18,36,42
29,7,1,2,14,36,42
29,7,1,3,46,36,42
29,7,2,0,2,36,42
29,7,2,1,30,36,42
29,7,2,2,4095,36,42
29,7,2,3,4095,36,42
29,7,3,0,46,36,42
29,7,3,1,4095,36,42
29,7,3,2,4095,36,42
29,7,3,3,4095,36,42
30,0,0,0,4095,37,43
30,0,0,1,33,37,43
30,0,0,2,1,37,43
30,0,0,3,31,37,43
30,0,1,0,17,37,43
30,0,1,1,15,37,43
30,0,1,2,47,37,43
30,0,1,3,79,37,43
30,0,2,0,31,37,43
30,0,2,1,4095,37,43
30,0,2,2,4095,37,43
30,0,2,3,4095,37,43
30,0,3,0,79,37,43
30,0,3,1,4095,37,43
30,0,3,2,4095,37,43
30,0,3,3,4095,37,43
30,1,0,0,4095,37,43
30,1,0,1,4095,37,43
30,1,0,2,30,37,43
30,1,0,3,2,37,43
30,1,1,0,46,37,43
30,1,1,1,14,37,43
30,1,1,2,18,37,43
30,1,1,3,50,37,43
30,1,2,0,2,37,43
30,1,2,1,34,37,43
30,1,2,2,4095,37,43
30,1,2,3,4095,37,43
30,1,3,0,50,37,43
30,1,3,1,4095,37,43
30,1,3,2,4095,37,43
30,1,3,3,4095,37,43
30,2,0,0,4095,37,43
30,2,0,1,4095,37,43
30,2,0,2,4095,37,43
30,2,0,3,18,37,43
30,2,1,0,4095,37,43
30,2,1,1,34,37,43
30,2,1,2,2,37,43
30,2,1,3,30,37,43
30,2,2,0,18,37,43
30,2,2,1,14,37,43
30,2,2,2,46,37,43
30,2,2,3,4095,37,43
30,2,3,0,30,37,43
30,2,3,1,4095,37,43
30,2,3,2,4095,37,43
30,2,3,3,4095,37,43
30,3,0,0,35,37,43
30,3,0,1,3,37,43
30,3,0,2,29,37,43
30,3,0,3,61,37,43
30,3,1,0,13,37,43
30,3,1,1,45,37,43
30,3,1,2,77,37,43
30,3,1,3,109,37,43
30,3,2,0,61,37,43
30,3,2,1,4095,37,43
30,3,2,2,4095,37,43
30,3,2,3,4095,37,43
30,3,3,0,109,37,43
30,3,3,1,4095,37,43
30,3,3,2,4095,37,43
30,3,3,3,4095,37,43
30,4,0,0,47,37,43
30,4,0,1,15,37,43
30,4,0,2,17,37,43
30,4,0,3,49,37,43
30,4,1,0,1,37,43
30,4,1,1,33,37,43
30,4,1,2,65,37,43
30,4,1,3,97,37,43
30,4,2,0,49,37,43
30,4,2,1,4095,37,43
30,4,2,2,4095,37,43
30,4,2,3,4095,37,43
30,4,3,0,97,37,43
30,4,3,1,4095,37,43
30,4,3,2,4095,37,43
30,4,3,3,4095,37,43
30,5,0,0,4095,37,43
30,5,0,1,4095,37,43
30,5,0,2,4095,37,43
30,5,0,3,35,37,43
30,5,1,0,4095,37,43
30,5,1,1,4095,37,43
30,5,1,2,19,37,43
30,5,1,3,13,37,43
30,5,2,0,35,37,43
30,5,2,1,3,37,43
30,5,2,2,29,37,43
30,5,2,3,4095,37,43
30,5,3,0,13,37,43
30,5,3,1,45,37,43
30,5,3,2,4095,37,43
30,5,3,3,4095,37,43
30,6,0,0,4095,37,43
30,6,0,1,29,37,43
30,6,0,2,3,37,43
30,6,0,3,35,37,43
30,6,1,0,13,37,43
30,6,1,1,19,37,43
30,6,1,2,51,37,43
30,6,1,3,83,37,43
30,6,2,0,35,37,43
30,6,2,1,4095,37,43
30,6,2,2,4095,37,43
30,6,2,3,4095,37,43
30,6,3,0,83,37,43
30,6,3,1,4095,37,43
30,6,3,2,4095,37,43
30,6,3,3,4095,37,43
30,7,0,0,3,37,43
30,7,0,1,35,37,43
30,7,0,2,67,37,43
30,7,0,3,99,37,43
30,7,1,0,51,37,43
30,7,1,1,83,37,43
30,7,1,2,115,37,43
30,7,1,3,147,37,43
30,7,2,0,99,37,43
30,7,2,1,4095,37,43
30,7,2,2,4095,37,43
30,7,2,3,4095,37,43
30,7,3,0,147,37,43
30,7,3,1,4095,37,43
30,7,3,2,4095,37,43
30,7,3,3,4095,37,43
31,0,0,0,1,38,44
31,0,0,1,31,38,44
31,0,0,2,63,38,44
31,0,0,3,95,38,44
31,0,1,0,47,38,44
31,0,1,1,79,38,44
31,0,1,2,111,38,44
31,0,1,3,143,38,44
31,0,2,0,95,38,44
31,0,2,1,4095,38,44
31,0,2,2,4095,38,44
31,0,2,3,4095,38,44
31,0,3,0,143,38,44
31,0,3,1,4095,38,44
31,0,3,2,4095,38,44
31,0,3,3,4095,38,44
31,1,0,0,1,38,44
31,1,0,1,31,38,44
31,1,0,2,63,38,44
31,1,0,3,95,38,44
31,1,1,0,47,38,44
31,1,1,1,79,38,44
31,1,1,2,111,38,44
31,1,1,3,143,38,44
31,1,2,0,95,38,44
31,1,2,1,4095,38,44
31,1,2,2,4095,38,44
31,1,2,3,4095,38,44
31,1,3,0,143,38,44
31,1,3,1,4095,38,44
31,1,3,2,4095,38,44
31,1,3,3,4095,38,44
31,2,0,0,47,38,44
31,2,0,1,15,38,44
31,2,0,2,17,38,44
31,2,0,3,49,38,44
31,2,1,0,1,38,44
31,2,1,1,33,38,44
31,2,1,2,65,38,44
31,2,1,3,97,38,44
31,2,2,0,49,38,44
31,2,2,1,4095,38,44
31,2,2,2,4095,38,44
31,2,2,3,4095,38,44
31,2,3,0,97,38,44
31,2,3,1,4095,38,44
31,2,3,2,4095,38,44
31,2,3,3,4095,38,44
31,3,0,0,4095,38,44
31,3,0,1,46,38,44
31,3,0,2,14,38,44
31,3,0,3,18,38,44
31,3,1,0,30,38,44
31,3,1,1,2,38,44
31,3,1,2,34,38,44
31,3,1,3,66,38,44
31,3,2,0,18,38,44
31,3,2,1,4095,38,44
31,3,2,2,4095,38,44
31,3,2,3,4095,38,44
31,3,3,0,66,38,44
31,3,3,1,4095,38,44
31,3,3,2,4095,38,44
31,3,3,3,4095,38,44
31,4,0,0,30,38,44
31,4,0,1,2,38,44
31,4,0,2,34,38,44
31,4,0,3,66,38,44
31,4,1,0,18,38,44
31,4,1,1,50,38,44
31,4,1,2,82,38,44
31,4,1,3,114,38,44
31,4,2,0,66,38,44
31,4,2,1,4095,38,44
31,4,2,2,4095,38,44
31,4,2,3,4095,38,44
31,4,3,0,114,38,44
31,4,3,1,4095,38,44
31,4,3,2,4095,38,44
31,4,3,3,4095,38,44
31,5,0,0,47,38,44
31,5,0,1,15,38,44
31,5,0,2,17,38,44
31,5,0,3,49,38,44
31,5,1,0,1,38,44
31,5,1,1,33,38,44
31,5,1,2,65,38,44
31,5,1,3,97,38,44
31,5,2,0,49,38,44
31,5,2,1,4095,38,44
31,5,2,2,4095,38,44
31,5,2,3,4095,38,44
31,5,3,0,97,38,44
31,5,3,1,4095,38,44
31,5,3,2,4095,38,44
31,5,3,3,4095,38,44
31,6,0,0,34,38,44
31,6,0,1,2,38,44
31,6,0,2,30,38,44
31,6,0,3,62,38,44
31,6,1,0,14,38,44
31,6,1,1,46,38,44
31,6,1,2,78,38,44
31,6,1,3,110,38,44
31,6,2,0,62,38,44
31,6,2,1,4095,38,44
31,6,2,2,4095,38,44
31,6,2,3,4095,38,44
31,6,3,0,110,38,44
31,6,3,1,4095,38,44
31,6,3,2,4095,38,44
31,6,3,3,4095,38,44
31,7,0,0,4095,38,44
31,7,0,1,17,38,44
31,7,0,2,15,38,44
31,7,0,3,47,38,44
31,7,1,0,1,38,44
31,7,1,1,31,38,44
31,7,1,2,63,38,44
31,7,1,3,95,38,44
31,7,2,0,47,38,44
31,7,2,1,4095,38,44
31,7,2,2,4095,38,44
31,7,2,3,4095,38,44
31,7,3,0,95,38,44
31,7,3,1,4095,38,44
31,7,3,2,4095,38,44
31,7,3,3,4095,38,44
32,0,0,0,4095,42,48
32,0,0,1,4095,42,48
32,0,0,2,4095,42,48
32,0,0,3,80,42,48
32,0,1,0,4095,42,48
32,0,1,1,4095,42,48
32,0,1,2,4095,42,48
32,0,1,3,32,42,48
32,0,2,0,80,42,48
32,0,2,1,48,42,48
32,0,2,2,16,42,48
32,0,2,3,16,42,48
32,0,3,0,32,42,48
32,0,3,1,0,42,48
32,0,3,2,32,42,48
32,0,3,3,4095,42,48
32,1,0,0,4095,42,48
32,1,0,1,4095,42,48
32,1,0,2,33,42,48
32,1,0,3,1,42,48
32,1,1,0,4095,42,48
32,1,1,1,17,42,48
32,1,1,2,15,42,48
32,1,1,3,47,42,48
32,1,2,0,1,42,48
32,1,2,1,31,42,48
32,1,2,2,4095,42,48
32,1,2,3,4095,42,48
32,1,3,0,47,42,48
32,1,3,1,4095,42,48
32,1,3,2,4095,42,48
32,1,3,3,4095,42,48
32,2,0,0,0,42,48
32,2,0,1,32,42,48
32,2,0,2,64,42,48
32,2,0,3,96,42,48
32,2,1,0,48,42,48
32,2,1,1,80,42,48
32,2,1,2,112,42,48
32,2,1,3,144,42,48
32,2,2,0,96,42,48
32,2,2,1,4095,42,48
32,2,2,2,4095,42,48
32,2,2,3,4095,42,48
32,2,3,0,144,42,48
32,2,3,1,4095,42,48
32,2,3,2,4095,42,48
32,2,3,3,4095,42,48
32,3,0,0,4095,42,48
32,3,0,1,4095,42,48
32,3,0,2,4095,42,48
32,3,0,3,46,42,48
32,3,1,0,4095,42,48
32,3,1,1,4095,42,48
32,3,1,2,30,42,48
32,3,1,3,2,42,48
32,3,2,0,46,42,48
32,3,2,1,14,42,48
32,3,2,2,18,42,48
32,3,2,3,4095,42,48
32,3,3,0,2,42,48
32,3,3,1,34,42,48
32,3,3,2,4095,42,48
32,3,3,3,4095,42,48
32,4,0,0,4095,42,48
32,4,0,1,4095,42,48
32,4,0,2,4095,42,48
32,4,0,3,46,42,48
32,4,1,0,4095,42,48
32,4,1,1,4095,42,48
32,4,1,2,30,42,48
32,4,1,3,2,42,48
32,4,2,0,46,42,48
32,4,2,1,14,42,48
32,4,2,2,18,42,48
32,4,2,3,4095,42,48
32,4,3,0,2,42,48
32,4,3,1,34,42,48
32,4,3,2,4095,42,48
32,4,3,3,4095,42,48
32,5,0,0,4095,42,48
32,5,0,1,4095,42,48
32,5,0,2,4095,42,48
32,5,0,3,77,42,48
32,5,1,0,4095,42,48
32,5,1,1,4095,42,48
32,5,1,2,4095,42,48
32,5,1,3,29,42,48
32,5,2,0,77,42,48
32,5,2,1,45,42,48
32,5,2,2,13,42,48
32,5,2,3,19,42,48
32,5,3,0,29,42,48
32,5,3,1,3,42,48
32,5,3,2,35,42,48
32,5,3,3,4095,42,48
32,6,0,0,4095,42,48
32,6,0,1,4095,42,48
32,6,0,2,4095,42,48
32,6,0,3,97,42,48
32,6,1,0,4095,42,48
32,6,1,1,4095,42,48
32,6,1,2,4095,42,48
32,6,1,3,49,42,48
32,6,2,0,97,42,48
32,6,2,1,65,42,48
32,6,2,2,33,42,48
32,6,2,3,1,42,48
32,6,3,0,49,42,48
32,6,3,1,17,42,48
32,6,3,2,15,42,48
32,6,3,3,47,42,48
32,7,0,0,4095,42,48
32,7,0,1,4095,42,48
32,7,0,2,4095,42,48
32,7,0,3,62,42,48
32,7,1,0,4095,42,48
32,7,1,1,4095,42,48
32,7,1,2,46,42,48
32,7,1,3,14,42,48
32,7,2,0,62,42,48
32,7,2,1,30,42,48
32,7,2,2,2,42,48
32,7,2,3,34,42,48
32,7,3,0,14,42,48
32,7,3,1,18,42,48
32,7,3,2,4095,42,48
32,7,3,3,4095,42,48
33,0,0,0,4095,43,49
33,0,0,1,31,43,49
33,0,0,2,1,43,49
33,0,0,3,33,43,49
33,0,1,0,15,43,49
33,0,1,1,17,43,49
33,0,1,2,49,43,49
33,0,1,3,81,43,49
33,0,2,0,33,43,49
33,0,2,1,4095,43,49
33,0,2,2,4095,43,49
33,0,2,3,4095,43,49
33,0,3,0,81,43,49
33,0,3,1,4095,43,49
33,0,3,2,4095,43,49
33,0,3,3,4095,43,49
33,1,0,0,4095,43,49
33,1,0,1,4095,43,49
33,1,0,2,4095,43,49
33,1,0,3,46,43,49
33,1,1,0,4095,43,49
33,1,1,1,4095,43,49
33,1,1,2,30,43,49
33,1,1,3,2,43,49
33,1,2,0,46,43,49
33,1,2,1,14,43,49
33,1,2,2,18,43,49
33,1,2,3,4095,43,49
33,1,3,0,2,43,49
33,1,3,1,34,43,49
33,1,3,2,4095,43,49
33,1,3,3,4095,43,49
33,2,0,0,4095,43,49
33,2,0,1,4095,43,49
33,2,0,2,31,43,49
33,2,0,3,1,43,49
33,2,1,0,47,43,49
33,2,1,1,15,43,49
33,2,1,2,17,43,49
33,2,1,3,49,43,49
33,2,2,0,1,43,49
33,2,2,1,33,43,49
33,2,2,2,4095,43,49
33,2,2,3,4095,43,49
33,2,3,0,49,43,49
33,2,3,1,4095,43,49
33,2,3,2,4095,43,49
33,2,3,3,4095,43,49
33,3,0,0,4095,43,49
33,3,0,1,4095,43,49
33,3,0,2,4095,43,49
33,3,0,3,48,43,49
33,3,1,0,4095,43,49
33,3,1,1,4095,43,49
33,3,1,2,32,43,49
33,3,1,3,0,43,49
33,3,2,0,48,43,49
33,3,2,1,16,43,49
33,3,2,2,16,43,49
33,3,2,3,4095,43,49
33,3,3,0,0,43,49
33,3,3,1,32,43,49
33,3,3,2,4095,43,49
33,3,3,3,4095,43,49
33,4,0,0,4095,43,49
33,4,0,1,4095,43,49
33,4,0,2,4095,43,49
33,4,0,3,47,43,49
33,4,1,0,4095,43,49
33,4,1,1,4095,43,49
33,4,1,2,31,43,49
33,4,1,3,1,43,49
33,4,2,0,47,43,49
33,4,2,1,15,43,49
33,4,2,2,17,43,49
33,4,2,3,4095,43,49
33,4,3,0,1,43,49
33,4,3,1,33,43,49
33,4,3,2,4095,43,49
33,4,3,3,4095,43,49
33,5,0,0,4095,43,49
33,5,0,1,4095,43,49
33,5,0,2,4095,43,49
33,5,0,3,32,43,49
33,5,1,0,4095,43,49
33,5,1,1,48,43,49
33,5,1,2,16,43,49
33,5,1,3,16,43,49
33,5,2,0,32,43,49
33,5,2,1,0,43,49
33,5,2,2,32,43,49
33,5,2,3,4095,43,49
33,5,3,0,16,43,49
33,5,3,1,4095,43,49
33,5,3,2,4095,43,49
33,5,3,3,4095,43,49
33,6,0,0,4095,43,49
33,6,0,1,4095,43,49
33,6,0,2,4095,43,49
33,6,0,3,111,43,49
33,6,1,0,4095,43,49
33,6,1,1,4095,43,49
33,6,1,2,4095,43,49
33,6,1,3,63,43,49
33,6,2,0,111,43,49
33,6,2,1,79,43,49
33,6,2,2,47,43,49
33,6,2,3,15,43,49
33,6,3,0,63,43,49
33,6,3,1,31,43,49
33,6,3,2,1,43,49
33,6,3,3,33,43,49
33,7,0,0,4095,43,49
33,7,0,1,4095,43,49
33,7,0,2,4095,43,49
33,7,0,3,51,43,49
33,7,1,0,4095,43,49
33,7,1,1,4095,43,49
33,7,1,2,35,43,49
33,7,1,3,3,43,49
33,7,2,0,51,43,49
33,7,2,1,19,43,49
33,7,2,2,13,43,49
33,7,2,3,45,43,49
33,7,3,0,3,43,49
33,7,3,1,29,43,49
33,7,3,2,4095,43,49
33,7,3,3,4095,43,49
34,0,0,0,4095,44,50
34,0,0,1,4095,44,50
34,0,0,2,4095,44,50
34,0,0,3,35,44,50
34,0,1,0,4095,44,50
34,0,1,1,4095,44,50
34,0,1,2,19,44,50
34,0,1,3,13,44,50
34,0,2,0,35,44,50
34,0,2,1,3,44,50
34,0,2,2,29,44,50
34,0,2,3,4095,44,50
34,0,3,0,13,44,50
34,0,3,1,45,44,50
34,0,3,2,4095,44,50
34,0,3,3,4095,44,50
34,1,0,0,4095,44,50
34,1,0,1,4095,44,50
34,1,0,2,4095,44,50
34,1,0,3,67,44,50
34,1,1,0,4095,44,50
34,1,1,1,4095,44,50
34,1,1,2,4095,44,50
34,1,1,3,19,44,50
34,1,2,0,67,44,50
34,1,2,1,35,44,50
34,1,2,2,3,44,50
34,1,2,3,29,44,50
34,1,3,0,19,44,50
34,1,3,1,13,44,50
34,1,3,2,45,44,50
34,1,3,3,4095,44,50
34,2,0,0,4095,44,50
34,2,0,1,4095,44,50
34,2,0,2,4095,44,50
34,2,0,3,67,44,50
34,2,1,0,4095,44,50
34,2,1,1,4095,44,50
34,2,1,2,4095,44,50
34,2,1,3,19,44,50
34,2,2,0,67,44,50
34,2,2,1,35,44,50
34,2,2,2,3,44,50
34,2,2,3,29,44,50
34,2,3,0,19,44,50
34,2,3,1,13,44,50
34,2,3,2,45,44,50
34,2,3,3,4095,44,50
34,3,0,0,4095,44,50
34,3,0,1,4095,44,50
34,3,0,2,4095,44,50
34,3,0,3,17,44,50
34,3,1,0,4095,44,50
34,3,1,1,33,44,50
34,3,1,2,1,44,50
34,3,1,3,31,44,50
34,3,2,0,17,44,50
34,3,2,1,15,44,50
34,3,2,2,47,44,50
34,3,2,3,4095,44,50
34,3,3,0,31,44,50
34,3,3,1,4095,44,50
34,3,3,2,4095,44,50
34,3,3,3,4095,44,50
34,4,0,0,4095,44,50
34,4,0,1,4095,44,50
34,4,0,2,4095,44,50
34,4,0,3,33,44,50
34,4,1,0,4095,44,50
34,4,1,1,4095,44,50
34,4,1,2,17,44,50
34,4,1,3,15,44,50
34,4,2,0,33,44,50
34,4,2,1,1,44,50
34,4,2,2,31,44,50
34,4,2,3,4095,44,50
34,4,3,0,15,44,50
34,4,3,1,47,44,50
34,4,3,2,4095,44,50
34,4,3,3,4095,44,50
34,5,0,0,4095,44,50
34,5,0,1,4095,44,50
34,5,0,2,4095,44,50
34,5,0,3,17,44,50
34,5,1,0,4095,44,50
34,5,1,1,33,44,50
34,5,1,2,1,44,50
34,5,1,3,31,44,50
34,5,2,0,17,44,50
34,5,2,1,15,44,50
34,5,2,2,47,44,50
34,5,2,3,4095,44,50
34,5,3,0,31,44,50
34,5,3,1,4095,44,50
34,5,3,2,4095,44,50
34,5,3,3,4095,44,50
34,6,0,0,4095,44,50
34,6,0,1,4095,44,50
34,6,0,2,4095,44,50
34,6,0,3,33,44,50
34,6,1,0,4095,44,50
34,6,1,1,4095,44,50
34,6,1,2,17,44,50
34,6,1,3,15,44,50
34,6,2,0,33,44,50
34,6,2,1,1,44,50
34,6,2,2,31,44,50
34,6,2,3,4095,44,50
34,6,3,0,15,44,50
34,6,3,1,47,44,50
34,6,3,2,4095,44,50
34,6,3,3,4095,44,50
34,7,0,0,4095,44,50
34,7,0,1,32,44,50
34,7,0,2,0,44,50
34,7,0,3,32,44,50
34,7,1,0,16,44,50
34,7,1,1,16,44,50
34,7,1,2,48,44,50
34,7,1,3,80,44,50
34,7,2,0,32,44,50
34,7,2,1,4095,44,50
34,7,2,2,4095,44,50
34,7,2,3,4095,44,50
34,7,3,0,80,44,50
34,7,3,1,4095,44,50
34,7,3,2,4095,44,50
34,7,3,3,4095,44,50
35,0,0,0,0,45,51
35,0,0,1,32,45,51
35,0,0,2,64,45,51
35,0,0,3,96,45,51
35,0,1,0,48,45,51
35,0,1,1,80,45,51
35,0,1,2,112,45,51
35,0,1,3,144,45,51
35,0,2,0,96,45,51
35,0,2,1,4095,45,51
35,0,2,2,4095,45,51
35,0,2,3,4095,45,51
35,0,3,0,144,45,51
35,0,3,1,4095,45,51
35,0,3,2,4095,45,51
35,0,3,3,4095,45,51
35,1,0,0,1,45,51
35,1,0,1,33,45,51
35,1,0,2,65,45,51
35,1,0,3,97,45,51
35,1,1,0,49,45,51
35,1,1,1,81,45,51
35,1,1,2,113,45,51
35,1,1,3,145,45,51
35,1,2,0,97,45,51
35,1,2,1,4095,45,51
35,1,2,2,4095,45,51
35,1,2,3,4095,45,51
35,1,3,0,145,45,51
35,1,3,1,4095,45,51
35,1,3,2,4095,45,51
35,1,3,3,4095,45,51
35,2,0,0,1,45,51
35,2,0,1,31,45,51
35,2,0,2,63,45,51
35,2,0,3,95,45,51
35,2,1,0,47,45,51
35,2,1,1,79,45,51
35,2,1,2,111,45,51
35,2,1,3,143,45,51
35,2,2,0,95,45,51
35,2,2,1,4095,45,51
35,2,2,2,4095,45,51
35,2,2,3,4095,45,51
35,2,3,0,143,45,51
35,2,3,1,4095,45,51
35,2,3,2,4095,45,51
35,2,3,3,4095,45,51
35,3,0,0,3,45,51
35,3,0,1,29,45,51
35,3,0,2,61,45,51
35,3,0,3,93,45,51
35,3,1,0,45,45,51
35,3,1,1,77,45,51
35,3,1,2,109,45,51
35,3,1,3,141,45,51
35,3,2,0,93,45,51
35,3,2,1,4095,45,51
35,3,2,2,4095,45,51
35,3,2,3,4095,45,51
35,3,3,0,141,45,51
35,3,3,1,4095,45,51
35,3,3,2,4095,45,51
35,3,3,3,4095,45,51
35,4,0,0,4095,45,51
35,4,0,1,4095,45,51
35,4,0,2,4095,45,51
35,4,0,3,46,45,51
35,4,1,0,4095,45,51
35,4,1,1,4095,45,51
35,4,1,2,30,45,51
35,4,1,3,2,45,51
35,4,2,0,46,45,51
35,4,2,1,14,45,51
35,4,2,2,18,45,51
35,4,2,3,4095,45,51
35,4,3,0,2,45,51
35,4,3,1,34,45,51
35,4,3,2,4095,45,51
35,4,3,3,4095,45,51
35,5,0,0,4095,45,51
35,5,0,1,4095,45,51
35,5,0,2,4095,45,51
35,5,0,3,45,45,51
35,5,1,0,4095,45,51
35,5,1,1,4095,45,51
35,5,1,2,29,45,51
35,5,1,3,3,45,51
35,5,2,0,45,45,51
35,5,2,1,13,45,51
35,5,2,2,19,45,51
35,5,2,3,4095,45,51
35,5,3,0,3,45,51
35,5,3,1,35,45,51
35,5,3,2,4095,45,51
35,5,3,3,4095,45,51
35,6,0,0,4095,45,51
35,6,0,1,4095,45,51
35,6,0,2,19,45,51
35,6,0,3,13,45,51
35,6,1,0,35,45,51
35,6,1,1,3,45,51
35,6,1,2,29,45,51
35,6,1,3,61,45,51
35,6,2,0,13,45,51
35,6,2,1,45,45,51
35,6,2,2,4095,45,51
35,6,2,3,4095,45,51
35,6,3,0,61,45,51
35,6,3,1,4095,45,51
35,6,3,2,4095,45,51
35,6,3,3,4095,45,51
35,7,0,0,4095,45,51
35,7,0,1,4095,45,51
35,7,0,2,4095,45,51
35,7,0,3,80,45,51
35,7,1,0,4095,45,51
35,7,1,1,4095,45,51
35,7,1,2,4095,45,51
35,7,1,3,32,45,51
35,7,2,0,80,45,51
35,7,2,1,48,45,51
35,7,2,2,16,45,51
35,7,2,3,16,45,51
35,7,3,0,32,45,51
35,7,3,1,0,45,51
35,7,3,2,32,45,51
35,7,3,3,4095,45,51
36,0,0,0,4095,46,52
36,0,0,1,4095,46,52
36,0,0,2,4095,46,52
36,0,0,3,51,46,52
36,0,1,0,4095,46,52
36,0,1,1,4095,46,52
36,0,1,2,35,46,52
36,0,1,3,3,46,52
36,0,2,0,51,46,52
36,0,2,1,19,46,52
36,0,2,2,13,46,52
36,0,2,3,45,46,52
36,0,3,0,3,46,52
36,0,3,1,29,46,52
36,0,3,2,4095,46,52
36,0,3,3,4095,46,52
36,1,0,0,33,46,52
36,1,0,1,1,46,52
36,1,0,2,31,46,52
36,1,0,3,63,46,52
36,1,1,0,15,46,52
36,1,1,1,47,46,52
36,1,1,2,79,46,52
36,1,1,3,111,46,52
36,1,2,0,63,46,52
36,1,2,1,4095,46,52
36,1,2,2,4095,46,52
36,1,2,3,4095,46,52
36,1,3,0,111,46,52
36,1,3,1,4095,46,52
36,1,3,2,4095,46,52
36,1,3,3,4095,46,52
36,2,0,0,4095,46,52
36,2,0,1,17,46,52
36,2,0,2,15,46,52
36,2,0,3,47,46,52
36,2,1,0,1,46,52
36,2,1,1,31,46,52
36,2,1,2,63,46,52
36,2,1,3,95,46,52
36,2,2,0,47,46,52
36,2,2,1,4095,46,52
36,2,2,2,4095,46,52
36,2,2,3,4095,46,52
36,2,3,0,95,46,52
36,2,3,1,4095,46,52
36,2,3,2,4095,46,52
36,2,3,3,4095,46,52
36,3,0,0,32,46,52
36,3,0,1,0,46,52
36,3,0,2,32,46,52
36,3,0,3,64,46,52
36,3,1,0,16,46,52
36,3,1,1,48,46,52
36,3,1,2,80,46,52
36,3,1,3,112,46,52
36,3,2,0,64,46,52
36,3,2,1,4095,46,52
36,3,2,2,4095,46,52
36,3,2,3,4095,46,52
36,3,3,0,112,46,52
36,3,3,1,4095,46,52
36,3,3,2,4095,46,52
36,3,3,3,4095,46,52
36,4,0,0,4095,46,52
36,4,0,1,4095,46,52
36,4,0,2,4095,46,52
36,4,0,3,50,46,52
36,4,1,0,4095,46,52
36,4,1,1,4095,46,52
36,4,1,2,34,46,52
36,4,1,3,2,46,52
36,4,2,0,50,46,52
36,4,2,1,18,46,52
36,4,2,2,14,46,52
36,4,2,3,46,46,52
36,4,3,0,2,46,52
36,4,3,1,30,46,52
36,4,3,2,4095,46,52
36,4,3,3,4095,46,52
36,5,0,0,4095,46,52
36,5,0,1,4095,46,52
36,5,0,2,4095,46,52
36,5,0,3,96,46,52
36,5,1,0,4095,46,52
36,5,1,1,4095,46,52
36,5,1,2,4095,46,52
36,5,1,3,48,46,52
36,5,2,0,96,46,52
36,5,2,1,64,46,52
36,5,2,2,32,46,52
36,5,2,3,0,46,52
36,5,3,0,48,46,52
36,5,3,1,16,46,52
36,5,3,2,16,46,52
36,5,3,3,4095,46,52
36,6,0,0,4095,46,52
36,6,0,1,4095,46,52
36,6,0,2,4095,46,52
36,6,0,3,62,46,52
36,6,1,0,4095,46,52
36,6,1,1,4095,46,52
36,6,1,2,46,46,52
36,6,1,3,14,46,52
36,6,2,0,62,46,52
36,6,2,1,30,46,52
36,6,2,2,2,46,52
36,6,2,3,34,46,52
36,6,3,0,14,46,52
36,6,3,1,18,46,52
36,6,3,2,4095,46,52
36,6,3,3,4095,46,52
36,7,0,0,4095,46,52
36,7,0,1,4095,46,52
36,7,0,2,4095,46,52
36,7,0,3,17,46,52
36,7,1,0,4095,46,52
36,7,1,1,33,46,52
36,7,1,2,1,46,52
36,7,1,3,31,46,52
36,7,2,0,17,46,52
36,7,2,1,15,46,52
36,7,2,2,47,46,52
36,7,2,3,4095,46,52
36,7,3,0,31,46,52
36,7,3,1,4095,46,52
36,7,3,2,4095,46,52
36,7,3,3,4095,46,52
37,0,0,0,4095,47,53
37,0,0,1,4095,47,53
37,0,0,2,4095,47,53
37,0,0,3,31,47,53
37,0,1,0,4095,47,53
37,0,1,1,47,47,53
37,0,1,2,15,47,53
37,0,1,3,17,47,53
37,0,2,0,31,47,53
37,0,2,1,1,47,53
37,0,2,2,33,47,53
37,0,2,3,4095,47,53
37,0,3,0,17,47,53
37,0,3,1,4095,47,53
37,0,3,2,4095,47,53
37,0,3,3,4095,47,53
37,1,0,0,4095,47,53
37,1,0,1,4095,47,53
37,1,0,2,47,47,53
37,1,0,3,15,47,53
37,1,1,0,4095,47,53
37,1,1,1,31,47,53
37,1,1,2,1,47,53
37,1,1,3,33,47,53
37,1,2,0,15,47,53
37,1,2,1,17,47,53
37,1,2,2,4095,47,53
37,1,2,3,4095,47,53
37,1,3,0,33,47,53
37,1,3,1,4095,47,53
37,1,3,2,4095,47,53
37,1,3,3,4095,47,53
37,2,0,0,4095,47,53
37,2,0,1,4095,47,53
37,2,0,2,4095,47,53
37,2,0,3,35,47,53
37,2,1,0,4095,47,53
37,2,1,1,4095,47,53
37,2,1,2,19,47,53
37,2,1,3,13,47,53
37,2,2,0,35,47,53
37,2,2,1,3,47,53
37,2,2,2,29,47,53
37,2,2,3,4095,47,53
37,2,3,0,13,47,53
37,2,3,1,45,47,53
37,2,3,2,4095,47,53
37,2,3,3,4095,47,53
37,3,0,0,4095,47,53
37,3,0,1,4095,47,53
37,3,0,2,4095,47,53
37,3,0,3,63,47,53
37,3,1,0,4095,47,53
37,3,1,1,4095,47,53
37,3,1,2,47,47,53
37,3,1,3,15,47,53
37,3,2,0,63,47,53
37,3,2,1,31,47,53
37,3,2,2,1,47,53
37,3,2,3,33,47,53
37,3,3,0,15,47,53
37,3,3,1,17,47,53
37,3,3,2,4095,47,53
37,3,3,3,4095,47,53
37,4,0,0,4095,47,53
37,4,0,1,4095,47,53
37,4,0,2,4095,47,53
37,4,0,3,114,47,53
37,4,1,0,4095,47,53
37,4,1,1,4095,47,53
37,4,1,2,4095,47,53
37,4,1,3,66,47,53
37,4,2,0,114,47,53
37,4,2,1,82,47,53
37,4,2,2,50,47,53
37,4,2,3,18,47,53
37,4,3,0,66,47,53
37,4,3,1,34,47,53
37,4,3,2,2,47,53
37,4,3,3,30,47,53
37,5,0,0,4095,47,53
37,5,0,1,4095,47,53
37,5,0,2,35,47,53
37,5,0,3,3,47,53
37,5,1,0,4095,47,53
37,5,1,1,19,47,53
37,5,1,2,13,47,53
37,5,1,3,45,47,53
37,5,2,0,3,47,53
37,5,2,1,29,47,53
37,5,2,2,4095,47,53
37,5,2,3,4095,47,53
37,5,3,0,45,47,53
37,5,3,1,4095,47,53
37,5,3,2,4095,47,53
37,5,3,3,4095,47,53
37,6,0,0,4095,47,53
37,6,0,1,4095,47,53
37,6,0,2,4095,47,53
37,6,0,3,46,47,53
37,6,1,0,4095,47,53
37,6,1,1,4095,47,53
37,6,1,2,30,47,53
37,6,1,3,2,47,53
37,6,2,0,46,47,53
37,6,2,1,14,47,53
37,6,2,2,18,47,53
37,6,2,3,4095,47,53
37,6,3,0,2,47,53
37,6,3,1,34,47,53
37,6,3,2,4095,47,53
37,6,3,3,4095,47,53
37,7,0,0,4095,47,53
37,7,0,1,4095,47,53
37,7,0,2,35,47,53
37,7,0,3,3,47,53
37,7,1,0,4095,47,53
37,7,1,1,19,47,53
37,7,1,2,13,47,53
37,7,1,3,45,47,53
37,7,2,0,3,47,53
37,7,2,1,29,47,53
37,7,2,2,4095,47,53
37,7,2,3,4095,47,53
37,7,3,0,45,47,53
37,7,3,1,4095,47,53
37,7,3,2,4095,47,53
37,7,3,3,4095,47,53
38,0,0,0,4095,48,54
38,0,0,1,4095,48,54
38,0,0,2,32,48,54
38,0,0,3,0,48,54
38,0,1,0,48,48,54
38,0,1,1,16,48,54
38,0,1,2,16,48,54
38,0,1,3,48,48,54
38,0,2,0,0,48,54
38,0,2,1,32,48,54
38,0,2,2,4095,48,54
38,0,2,3,4095,48,54
38,0,3,0,48,48,54
38,0,3,1,4095,48,54
38,0,3,2,4095,48,54
38,0,3,3,4095,48,54
38,1,0,0,4095,48,54
38,1,0,1,4095,48,54
38,1,0,2,4095,48,54
38,1,0,3,17,48,54
38,1,1,0,4095,48,54
38,1,1,1,33,48,54
38,1,1,2,1,48,54
38,1,1,3,31,48,54
38,1,2,0,17,48,54
38,1,2,1,15,48,54
38,1,2,2,47,48,54
38,1,2,3,4095,48,54
38,1,3,0,31,48,54
38,1,3,1,4095,48,54
38,1,3,2,4095,48,54
38,1,3,3,4095,48,54
38,2,0,0,32,48,54
38,2,0,1,0,48,54
38,2,0,2,32,48,54
38,2,0,3,64,48,54
38,2,1,0,16,48,54
38,2,1,1,48,48,54
38,2,1,2,80,48,54
38,2,1,3,112,48,54
38,2,2,0,64,48,54
38,2,2,1,4095,48,54
38,2,2,2,4095,48,54
38,2,2,3,4095,48,54
38,2,3,0,112,48,54
38,2,3,1,4095,48,54
38,2,3,2,4095,48,54
38,2,3,3,4095,48,54
38,3,0,0,4095,48,54
38,3,0,1,4095,48,54
38,3,0,2,4095,48,54
38,3,0,3,48,48,54
38,3,1,0,4095,48,54
38,3,1,1,4095,48,54
38,3,1,2,32,48,54
38,3,1,3,0,48,54
38,3,2,0,48,48,54
38,3,2,1,16,48,54
38,3,2,2,16,48,54
38,3,2,3,4095,48,54
38,3,3,0,0,48,54
38,3,3,1,32,48,54
38,3,3,2,4095,48,54
38,3,3,3,4095,48,54
38,4,0,0,4095,48,54
38,4,0,1,4095,48,54
38,4,0,2,33,48,54
38,4,0,3,1,48,54
38,4,1,0,4095,48,54
38,4,1,1,17,48,54
38,4,1,2,15,48,54
38,4,1,3,47,48,54
38,4,2,0,1,48,54
38,4,2,1,31,48,54
38,4,2,2,4095,48,54
38,4,2,3,4095,48,54
38,4,3,0,47,48,54
38,4,3,1,4095,48,54
38,4,3,2,4095,48,54
38,4,3,3,4095,48,54
38,5,0,0,4095,48,54
38,5,0,1,4095,48,54
38,5,0,2,4095,48,54
38,5,0,3,46,48,54
38,5,1,0,4095,48,54
38,5,1,1,4095,48,54
38,5,1,2,30,48,54
38,5,1,3,2,48,54
38,5,2,0,46,48,54
38,5,2,1,14,48,54
38,5,2,2,18,48,54
38,5,2,3,4095,48,54
38,5,3,0,2,48,54
38,5,3,1,34,48,54
38,5,3,2,4095,48,54
38,5,3,3,4095,48,54
38,6,0,0,4095,48,54
38,6,0,1,4095,48,54
38,6,0,2,4095,48,54
38,6,0,3,50,48,54
38,6,1,0,4095,48,54
38,6,1,1,4095,48,54
38,6,1,2,34,48,54
38,6,1,3,2,48,54
38,6,2,0,50,48,54
38,6,2,1,18,48,54
38,6,2,2,14,48,54
38,6,2,3,46,48,54
38,6,3,0,2,48,54
38,6,3,1,30,48,54
38,6,3,2,4095,48,54
38,6,3,3,4095,48,54
38,7,0,0,4095,48,54
38,7,0,1,4095,48,54
38,7,0,2,4095,48,54
38,7,0,3,35,48,54
38,7,1,0,4095,48,54
38,7,1,1,4095,48,54
38,7,1,2,19,48,54
38,7,1,3,13,48,54
38,7,2,0,35,48,54
38,7,2,1,3,48,54
38,7,2,2,29,48,54
38,7,2,3,4095,48,54
38,7,3,0,13,48,54
38,7,3,1,45,48,54
38,7,3,2,4095,48,54
38,7,3,3,4095,48,54
39,0,0,0,4095,49,55
39,0,0,1,32,49,55
39,0,0,2,0,49,55
39,0,0,3,32,49,55
39,0,1,0,16,49,55
39,0,1,1,16,49,55
39,0,1,2,48,49,55
39,0,1,3,80,49,55
39,0,2,0,32,49,55
39,0,2,1,4095,49,55
39,0,2,2,4095,49,55
39,0,2,3,4095,49,55
39,0,3,0,80,49,55
39,0,3,1,4095,49,55
39,0,3,2,4095,49,55
39,0,3,3,4095,49,55
39,1,0,0,4095,49,55
39,1,0,1,4095,49,55
39,1,0,2,34,49,55
39,1,0,3,2,49,55
39,1,1,0,4095,49,55
39,1,1,1,18,49,55
39,1,1,2,14,49,55
39,1,1,3,46,49,55
39,1,2,0,2,49,55
39,1,2,1,30,49,55
39,1,2,2,4095,49,55
39,1,2,3,4095,49,55
39,1,3,0,46,49,55
39,1,3,1,4095,49,55
39,1,3,2,4095,49,55
39,1,3,3,4095,49,55
39,2,0,0,4095,49,55
39,2,0,1,4095,49,55
39,2,0,2,4095,49,55
39,2,0,3,19,49,55
39,2,1,0,4095,49,55
39,2,1,1,35,49,55
39,2,1,2,3,49,55
39,2,1,3,29,49,55
39,2,2,0,19,49,55
39,2,2,1,13,49,55
39,2,2,2,45,49,55
39,2,2,3,4095,49,55
39,2,3,0,29,49,55
39,2,3,1,4095,49,55
39,2,3,2,4095,49,55
39,2,3,3,4095,49,55
39,3,0,0,33,49,55
39,3,0,1,1,49,55
39,3,0,2,31,49,55
39,3,0,3,63,49,55
39,3,1,0,15,49,55
39,3,1,1,47,49,55
39,3,1,2,79,49,55
39,3,1,3,111,49,55
39,3,2,0,63,49,55
39,3,2,1,4095,49,55
39,3,2,2,4095,49,55
39,3,2,3,4095,49,55
39,3,3,0,111,49,55
39,3,3,1,4095,49,55
39,3,3,2,4095,49,55
39,3,3,3,4095,49,55
39,4,0,0,45,49,55
39,4,0,1,13,49,55
39,4,0,2,19,49,55
39,4,0,3,51,49,55
39,4,1,0,3,49,55
39,4,1,1,35,49,55
39,4,1,2,67,49,55
39,4,1,3,99,49,55
39,4,2,0,51,49,55
39,4,2,1,4095,49,55
39,4,2,2,4095,49,55
39,4,2,3,4095,49,55
39,4,3,0,99,49,55
39,4,3,1,4095,49,55
39,4,3,2,4095,49,55
39,4,3,3,4095,49,55
39,5,0,0,4095,49,55
39,5,0,1,4095,49,55
39,5,0,2,4095,49,55
39,5,0,3,82,49,55
39,5,1,0,4095,49,55
39,5,1,1,4095,49,55
39,5,1,2,4095,49,55
39,5,1,3,34,49,55
39,5,2,0,82,49,55
39,5,2,1,50,49,55
39,5,2,2,18,49,55
39,5,2,3,14,49,55
39,5,3,0,34,49,55
39,5,3,1,2,49,55
39,5,3,2,30,49,55
39,5,3,3,4095,49,55
39,6,0,0,4095,49,55
39,6,0,1,4095,49,55
39,6,0,2,32,49,55
39,6,0,3,0,49,55
39,6,1,0,48,49,55
39,6,1,1,16,49,55
39,6,1,2,16,49,55
39,6,1,3,48,49,55
39,6,2,0,0,49,55
39,6,2,1,32,49,55
39,6,2,2,4095,49,55
39,6,2,3,4095,49,55
39,6,3,0,48,49,55
39,6,3,1,4095,49,55
39,6,3,2,4095,49,55
39,6,3,3,4095,49,55
39,7,0,0,2,49,55
39,7,0,1,30,49,55
39,7,0,2,62,49,55
39,7,0,3,94,49,55
39,7,1,0,46,49,55
39,7,1,1,78,49,55
39,7,1,2,110,49,55
39,7,1,3,142,49,55
39,7,2,0,94,49,55
39,7,2,1,4095,49,55
39,7,2,2,4095,49,55
39,7,2,3,4095,49,55
39,7,3,0,142,49,55
39,7,3,1,4095,49,55
39,7,3,2,4095,49,55
39,7,3,3,4095,49,55
40,0,0,0,1,50,56
40,0,0,1,33,50,56
40,0,0,2,65,50,56
40,0,0,3,97,50,56
40,0,1,0,49,50,56
40,0,1,1,81,50,56
40,0,1,2,113,50,56
40,0,1,3,145,50,56
40,0,2,0,97,50,56
40,0,2,1,4095,50,56
40,0,2,2,4095,50,56
40,0,2,3,4095,50,56
40,0,3,0,145,50,56
40,0,3,1,4095,50,56
40,0,3,2,4095,50,56
40,0,3,3,4095,50,56
40,1,0,0,46,50,56
40,1,0,1,14,50,56
40,1,0,2,18,50,56
40,1,0,3,50,50,56
40,1,1,0,2,50,56
40,1,1,1,34,50,56
40,1,1,2,66,50,56
40,1,1,3,98,50,56
40,1,2,0,50,50,56
40,1,2,1,4095,50,56
40,1,2,2,4095,50,56
40,1,2,3,4095,50,56
40,1,3,0,98,50,56
40,1,3,1,4095,50,56
40,1,3,2,4095,50,56
40,1,3,3,4095,50,56
40,2,0,0,31,50,56
40,2,0,1,1,50,56
40,2,0,2,33,50,56
40,2,0,3,65,50,56
40,2,1,0,17,50,56
40,2,1,1,49,50,56
40,2,1,2,81,50,56
40,2,1,3,113,50,56
40,2,2,0,65,50,56
40,2,2,1,4095,50,56
40,2,2,2,4095,50,56
40,2,2,3,4095,50,56
40,2,3,0,113,50,56
40,2,3,1,4095,50,56
40,2,3,2,4095,50,56
40,2,3,3,4095,50,56
40,3,0,0,4095,50,56
40,3,0,1,18,50,56
40,3,0,2,14,50,56
40,3,0,3,46,50,56
40,3,1,0,2,50,56
40,3,1,1,30,50,56
40,3,1,2,62,50,56
40,3,1,3,94,50,56
40,3,2,0,46,50,56
40,3,2,1,4095,50,56
40,3,2,2,4095,50,56
40,3,2,3,4095,50,56
40,3,3,0,94,50,56
40,3,3,1,4095,50,56
40,3,3,2,4095,50,56
40,3,3,3,4095,50,56
40,4,0,0,4095,50,56
40,4,0,1,4095,50,56
40,4,0,2,4095,50,56
40,4,0,3,78,50,56
40,4,1,0,4095,50,56
40,4,1,1,4095,50,56
40,4,1,2,4095,50,56
40,4,1,3,30,50,56
40,4,2,0,78,50,56
40,4,2,1,46,50,56
40,4,2,2,14,50,56
40,4,2,3,18,50,56
40,4,3,0,30,50,56
40,4,3,1,2,50,56
40,4,3,2,34,50,56
40,4,3,3,4095,50,56
40,5,0,0,4095,50,56
40,5,0,1,4095,50,56
40,5,0,2,4095,50,56
40,5,0,3,144,50,56
40,5,1,0,4095,50,56
40,5,1,1,4095,50,56
40,5,1,2,4095,50,56
40,5,1,3,96,50,56
40,5,2,0,144,50,56
40,5,2,1,112,50,56
40,5,2,2,80,50,56
40,5,2,3,48,50,56
40,5,3,0,96,50,56
40,5,3,1,64,50,56
40,5,3,2,32,50,56
40,5,3,3,0,50,56
40,6,0,0,4095,50,56
40,6,0,1,4095,50,56
40,6,0,2,34,50,56
40,6,0,3,2,50,56
40,6,1,0,4095,50,56
40,6,1,1,18,50,56
40,6,1,2,14,50,56
40,6,1,3,46,50,56
40,6,2,0,2,50,56
40,6,2,1,30,50,56
40,6,2,2,4095,50,56
40,6,2,3,4095,50,56
40,6,3,0,46,50,56
40,6,3,1,4095,50,56
40,6,3,2,4095,50,56
40,6,3,3,4095,50,56
40,7,0,0,4095,50,56
40,7,0,1,4095,50,56
40,7,0,2,4095,50,56
40,7,0,3,49,50,56
40,7,1,0,4095,50,56
40,7,1,1,4095,50,56
40,7,1,2,33,50,56
40,7,1,3,1,50,56
40,7,2,0,49,50,56
40,7,2,1,17,50,56
40,7,2,2,15,50,56
40,7,2,3,47,50,56
40,7,3,0,1,50,56
40,7,3,1,31,50,56
40,7,3,2,4095,50,56
40,7,3,3,4095,50,56
41,0,0,0,4095,51,57
41,0,0,1,4095,51,57
41,0,0,2,4095,51,57
41,0,0,3,147,51,57
41,0,1,0,4095,51,57
41,0,1,1,4095,51,57
41,0,1,2,4095,51,57
41,0,1,3,99,51,57
41,0,2,0,147,51,57
41,0,2,1,115,51,57
41,0,2,2,83,51,57
41,0,2,3,51,51,57
41,0,3,0,99,51,57
41,0,3,1,67,51,57
41,0,3,2,35,51,57
41,0,3,3,3,51,57
41,1,0,0,4095,51,57
41,1,0,1,4095,51,57
41,1,0,2,4095,51,57
41,1,0,3,95,51,57
41,1,1,0,4095,51,57
41,1,1,1,4095,51,57
41,1,1,2,4095,51,57
41,1,1,3,47,51,57
41,1,2,0,95,51,57
41,1,2,1,63,51,57
41,1,2,2,31,51,57
41,1,2,3,1,51,57
41,1,3,0,47,51,57
41,1,3,1,15,51,57
41,1,3,2,17,51,57
41,1,3,3,4095,51,57
41,2,0,0,4095,51,57
41,2,0,1,4095,51,57
41,2,0,2,4095,51,57
41,2,0,3,62,51,57
41,2,1,0,4095,51,57
41,2,1,1,4095,51,57
41,2,1,2,46,51,57
41,2,1,3,14,51,57
41,2,2,0,62,51,57
41,2,2,1,30,51,57
41,2,2,2,2,51,57
41,2,2,3,34,51,57
41,2,3,0,14,51,57
41,2,3,1,18,51,57
41,2,3,2,4095,51,57
41,2,3,3,4095,51,57
41,3,0,0,4095,51,57
41,3,0,1,4095,51,57
41,3,0,2,4095,51,57
41,3,0,3,112,51,57
41,3,1,0,4095,51,57
41,3,1,1,4095,51,57
41,3,1,2,4095,51,57
41,3,1,3,64,51,57
41,3,2,0,112,51,57
41,3,2,1,80,51,57
41,3,2,2,48,51,57
41,3,2,3,16,51,57
41,3,3,0,64,51,57
41,3,3,1,32,51,57
41,3,3,2,0,51,57
41,3,3,3,32,51,57
41,4,0,0,4095,51,57
41,4,0,1,4095,51,57
41,4,0,2,4095,51,57
41,4,0,3,146,51,57
41,4,1,0,4095,51,57
41,4,1,1,4095,51,57
41,4,1,2,4095,51,57
41,4,1,3,98,51,57
41,4,2,0,146,51,57
41,4,2,1,114,51,57
41,4,2,2,82,51,57
41,4,2,3,50,51,57
41,4,3,0,98,51,57
41,4,3,1,66,51,57
41,4,3,2,34,51,57
41,4,3,3,2,51,57
41,5,0,0,4095,51,57
41,5,0,1,4095,51,57
41,5,0,2,30,51,57
41,5,0,3,2,51,57
41,5,1,0,46,51,57
41,5,1,1,14,51,57
41,5,1,2,18,51,57
41,5,1,3,50,51,57
41,5,2,0,2,51,57
41,5,2,1,34,51,57
41,5,2,2,4095,51,57
41,5,2,3,4095,51,57
41,5,3,0,50,51,57
41,5,3,1,4095,51,57
41,5,3,2,4095,51,57
41,5,3,3,4095,51,57
41,6,0,0,1,51,57
41,6,0,1,31,51,57
41,6,0,2,63,51,57
41,6,0,3,95,51,57
41,6,1,0,47,51,57
41,6,1,1,79,51,57
41,6,1,2,111,51,57
41,6,1,3,143,51,57
41,6,2,0,95,51,57
41,6,2,1,4095,51,57
41,6,2,2,4095,51,57
41,6,2,3,4095,51,57
41,6,3,0,143,51,57
41,6,3,1,4095,51,57
41,6,3,2,4095,51,57
41,6,3,3,4095,51,57
41,7,0,0,4095,51,57
41,7,0,1,4095,51,57
41,7,0,2,4095,51,57
41,7,0,3,51,51,57
41,7,1,0,4095,51,57
41,7,1,1,4095,51,57
41,7,1,2,35,51,57
41,7,1,3,3,51,57
41,7,2,0,51,51,57
41,7,2,1,19,51,57
41,7,2,2,13,51,57
41,7,2,3,45,51,57
41,7,3,0,3,51,57
41,7,3,1,29,51,57
41,7,3,2,4095,51,57
41,7,3,3,4095,51,57
42,0,0,0,4095,52,58
42,0,0,1,4095,52,58
42,0,0,2,4095,52,58
42,0,0,3,99,52,58
42,0,1,0,4095,52,58
42,0,1,1,4095,52,58
42,0,1,2,4095,52,58
42,0,1,3,51,52,58
42,0,2,0,99,52,58
42,0,2,1,67,52,58
42,0,2,2,35,52,58
42,0,2,3,3,52,58
42,0,3,0,51,52,58
42,0,3,1,19,52,58
42,0,3,2,13,52,58
42,0,3,3,45,52,58
42,1,0,0,4095,52,58
42,1,0,1,4095,52,58
42,1,0,2,4095,52,58
42,1,0,3,114,52,58
42,1,1,0,4095,52,58
42,1,1,1,4095,52,58
42,1,1,2,4095,52,58
42,1,1,3,66,52,58
42,1,2,0,114,52,58
42,1,2,1,82,52,58
42,1,2,2,50,52,58
42,1,2,3,18,52,58
42,1,3,0,66,52,58
42,1,3,1,34,52,58
42,1,3,2,2,52,58
42,1,3,3,30,52,58
42,2,0,0,4095,52,58
42,2,0,1,4095,52,58
42,2,0,2,4095,52,58
42,2,0,3,141,52,58
42,2,1,0,4095,52,58
42,2,1,1,4095,52,58
42,2,1,2,4095,52,58
42,2,1,3,93,52,58
42,2,2,0,141,52,58
42,2,2,1,109,52,58
42,2,2,2,77,52,58
42,2,2,3,45,52,58
42,2,3,0,93,52,58
42,2,3,1,61,52,58
42,2,3,2,29,52,58
42,2,3,3,3,52,58
42,3,0,0,4095,52,58
42,3,0,1,4095,52,58
42,3,0,2,4095,52,58
42,3,0,3,146,52,58
42,3,1,0,4095,52,58
42,3,1,1,4095,52,58
42,3,1,2,4095,52,58
42,3,1,3,98,52,58
42,3,2,0,146,52,58
42,3,2,1,114,52,58
42,3,2,2,82,52,58
42,3,2,3,50,52,58
42,3,3,0,98,52,58
42,3,3,1,66,52,58
42,3,3,2,34,52,58
42,3,3,3,2,52,58
42,4,0,0,4095,52,58
42,4,0,1,4095,52,58
42,4,0,2,31,52,58
42,4,0,3,1,52,58
42,4,1,0,47,52,58
42,4,1,1,15,52,58
42,4,1,2,17,52,58
42,4,1,3,49,52,58
42,4,2,0,1,52,58
42,4,2,1,33,52,58
42,4,2,2,4095,52,58
42,4,2,3,4095,52,58
42,4,3,0,49,52,58
42,4,3,1,4095,52,58
42,4,3,2,4095,52,58
42,4,3,3,4095,52,58
42,5,0,0,4095,52,58
42,5,0,1,4095,52,58
42,5,0,2,33,52,58
42,5,0,3,1,52,58
42,5,1,0,4095,52,58
42,5,1,1,17,52,58
42,5,1,2,15,52,58
42,5,1,3,47,52,58
42,5,2,0,1,52,58
42,5,2,1,31,52,58
42,5,2,2,4095,52,58
42,5,2,3,4095,52,58
42,5,3,0,47,52,58
42,5,3,1,4095,52,58
42,5,3,2,4095,52,58
42,5,3,3,4095,52,58
42,6,0,0,4095,52,58
42,6,0,1,4095,52,58
42,6,0,2,4095,52,58
42,6,0,3,109,52,58
42,6,1,0,4095,52,58
42,6,1,1,4095,52,58
42,6,1,2,4095,52,58
42,6,1,3,61,52,58
42,6,2,0,109,52,58
42,6,2,1,77,52,58
42,6,2,2,45,52,58
42,6,2,3,13,52,58
42,6,3,0,61,52,58
42,6,3,1,29,52,58
42,6,3,2,3,52,58
42,6,3,3,35,52,58
42,7,0,0,4095,52,58
42,7,0,1,4095,52,58
42,7,0,2,4095,52,58
42,7,0,3,48,52,58
42,7,1,0,4095,52,58
42,7,1,1,4095,52,58
42,7,1,2,32,52,58
42,7,1,3,0,52,58
42,7,2,0,48,52,58
42,7,2,1,16,52,58
42,7,2,2,16,52,58
42,7,2,3,4095,52,58
42,7,3,0,0,52,58
42,7,3,1,32,52,58
42,7,3,2,4095,52,58
42,7,3,3,4095,52,58
43,0,0,0,4095,53,59
43,0,0,1,45,53,59
43,0,0,2,13,53,59
43,0,0,3,19,53,59
43,0,1,0,29,53,59
43,0,1,1,3,53,59
43,0,1,2,35,53,59
43,0,1,3,67,53,59
43,0,2,0,19,53,59
43,0,2,1,4095,53,59
43,0,2,2,4095,53,59
43,0,2,3,4095,53,59
43,0,3,0,67,53,59
43,0,3,1,4095,53,59
43,0,3,2,4095,53,59
43,0,3,3,4095,53,59
43,1,0,0,4095,53,59
43,1,0,1,4095,53,59
43,1,0,2,4095,53,59
43,1,0,3,83,53,59
43,1,1,0,4095,53,59
43,1,1,1,4095,53,59
43,1,1,2,4095,53,59
43,1,1,3,35,53,59
43,1,2,0,83,53,59
43,1,2,1,51,53,59
43,1,2,2,19,53,59
43,1,2,3,13,53,59
43,1,3,0,35,53,59
43,1,3,1,3,53,59
43,1,3,2,29,53,59
43,1,3,3,4095,53,59
43,2,0,0,4095,53,59
43,2,0,1,4095,53,59
43,2,0,2,4095,53,59
43,2,0,3,142,53,59
43,2,1,0,4095,53,59
43,2,1,1,4095,53,59
43,2,1,2,4095,53,59
43,2,1,3,94,53,59
43,2,2,0,142,53,59
43,2,2,1,110,53,59
43,2,2,2,78,53,59
43,2,2,3,46,53,59
43,2,3,0,94,53,59
43,2,3,1,62,53,59
43,2,3,2,30,53,59
43,2,3,3,2,53,59
43,3,0,0,4095,53,59
43,3,0,1,4095,53,59
43,3,0,2,4095,53,59
43,3,0,3,48,53,59
43,3,1,0,4095,53,59
43,3,1,1,4095,53,59
43,3,1,2,32,53,59
43,3,1,3,0,53,59
43,3,2,0,48,53,59
43,3,2,1,16,53,59
43,3,2,2,16,53,59
43,3,2,3,4095,53,59
43,3,3,0,0,53,59
43,3,3,1,32,53,59
43,3,3,2,4095,53,59
43,3,3,3,4095,53,59
43,4,0,0,4095,53,59
43,4,0,1,4095,53,59
43,4,0,2,17,53,59
43,4,0,3,15,53,59
43,4,1,0,33,53,59
43,4,1,1,1,53,59
43,4,1,2,31,53,59
43,4,1,3,63,53,59
43,4,2,0,15,53,59
43,4,2,1,47,53,59
43,4,2,2,4095,53,59
43,4,2,3,4095,53,59
43,4,3,0,63,53,59
43,4,3,1,4095,53,59
43,4,3,2,4095,53,59
43,4,3,3,4095,53,59
43,5,0,0,4095,53,59
43,5,0,1,4095,53,59
43,5,0,2,4095,53,59
43,5,0,3,83,53,59
43,5,1,0,4095,53,59
43,5,1,1,4095,53,59
43,5,1,2,4095,53,59
43,5,1,3,35,53,59
43,5,2,0,83,53,59
43,5,2,1,51,53,59
43,5,2,2,19,53,59
43,5,2,3,13,53,59
43,5,3,0,35,53,59
43,5,3,1,3,53,59
43,5,3,2,29,53,59
43,5,3,3,4095,53,59
43,6,0,0,4095,53,59
43,6,0,1,4095,53,59
43,6,0,2,4095,53,59
43,6,0,3,145,53,59
43,6,1,0,4095,53,59
43,6,1,1,4095,53,59
43,6,1,2,4095,53,59
43,6,1,3,97,53,59
43,6,2,0,145,53,59
43,6,2,1,113,53,59
43,6,2,2,81,53,59
43,6,2,3,49,53,59
43,6,3,0,97,53,59
43,6,3,1,65,53,59
43,6,3,2,33,53,59
43,6,3,3,1,53,59
43,7,0,0,4095,53,59
43,7,0,1,4095,53,59
43,7,0,2,4095,53,59
43,7,0,3,94,53,59
43,7,1,0,4095,53,59
43,7,1,1,4095,53,59
43,7,1,2,4095,53,59
43,7,1,3,46,53,59
43,7,2,0,94,53,59
43,7,2,1,62,53,59
43,7,2,2,30,53,59
43,7,2,3,2,53,59
43,7,3,0,46,53,59
43,7,3,1,14,53,59
43,7,3,2,18,53,59
43,7,3,3,4095,53,59
44,0,0,0,4095,54,60
44,0,0,1,4095,54,60
44,0,0,2,4095,54,60
44,0,0,3,19,54,60
44,0,1,0,4095,54,60
44,0,1,1,35,54,60
44,0,1,2,3,54,60
44,0,1,3,29,54,60
44,0,2,0,19,54,60
44,0,2,1,13,54,60
44,0,2,2,45,54,60
44,0,2,3,4095,54,60
44,0,3,0,29,54,60
44,0,3,1,4095,54,60
44,0,3,2,4095,54,60
44,0,3,3,4095,54,60
44,1,0,0,4095,54,60
44,1,0,1,4095,54,60
44,1,0,2,17,54,60
44,1,0,3,15,54,60
44,1,1,0,33,54,60
44,1,1,1,1,54,60
44,1,1,2,31,54,60
44,1,1,3,63,54,60
44,1,2,0,15,54,60
44,1,2,1,47,54,60
44,1,2,2,4095,54,60
44,1,2,3,4095,54,60
44,1,3,0,63,54,60
44,1,3,1,4095,54,60
44,1,3,2,4095,54,60
44,1,3,3,4095,54,60
44,2,0,0,34,54,60
44,2,0,1,2,54,60
44,2,0,2,30,54,60
44,2,0,3,62,54,60
44,2,1,0,14,54,60
44,2,1,1,46,54,60
44,2,1,2,78,54,60
44,2,1,3,110,54,60
44,2,2,0,62,54,60
44,2,2,1,4095,54,60
44,2,2,2,4095,54,60
44,2,2,3,4095,54,60
44,2,3,0,110,54,60
44,2,3,1,4095,54,60
44,2,3,2,4095,54,60
44,2,3,3,4095,54,60
44,3,0,0,4095,54,60
44,3,0,1,17,54,60
44,3,0,2,15,54,60
44,3,0,3,47,54,60
44,3,1,0,1,54,60
44,3,1,1,31,54,60
44,3,1,2,63,54,60
44,3,1,3,95,54,60
44,3,2,0,47,54,60
44,3,2,1,4095,54,60
44,3,2,2,4095,54,60
44,3,2,3,4095,54,60
44,3,3,0,95,54,60
44,3,3,1,4095,54,60
44,3,3,2,4095,54,60
44,3,3,3,4095,54,60
44,4,0,0,4095,54,60
44,4,0,1,45,54,60
44,4,0,2,13,54,60
44,4,0,3,19,54,60
44,4,1,0,29,54,60
44,4,1,1,3,54,60
44,4,1,2,35,54,60
44,4,1,3,67,54,60
44,4,2,0,19,54,60
44,4,2,1,4095,54,60
44,4,2,2,4095,54,60
44,4,2,3,4095,54,60
44,4,3,0,67,54,60
44,4,3,1,4095,54,60
44,4,3,2,4095,54,60
44,4,3,3,4095,54,60
44,5,0,0,4095,54,60
44,5,0,1,4095,54,60
44,5,0,2,4095,54,60
44,5,0,3,31,54,60
44,5,1,0,4095,54,60
44,5,1,1,47,54,60
44,5,1,2,15,54,60
44,5,1,3,17,54,60
44,5,2,0,31,54,60
44,5,2,1,1,54,60
44,5,2,2,33,54,60
44,5,2,3,4095,54,60
44,5,3,0,17,54,60
44,5,3,1,4095,54,60
44,5,3,2,4095,54,60
44,5,3,3,4095,54,60
44,6,0,0,4095,54,60
44,6,0,1,4095,54,60
44,6,0,2,4095,54,60
44,6,0,3,111,54,60
44,6,1,0,4095,54,60
44,6,1,1,4095,54,60
44,6,1,2,4095,54,60
44,6,1,3,63,54,60
44,6,2,0,111,54,60
44,6,2,1,79,54,60
44,6,2,2,47,54,60
44,6,2,3,15,54,60
44,6,3,0,63,54,60
44,6,3,1,31,54,60
44,6,3,2,1,54,60
44,6,3,3,33,54,60
44,7,0,0,4095,54,60
44,7,0,1,4095,54,60
44,7,0,2,32,54,60
44,7,0,3,0,54,60
44,7,1,0,48,54,60
44,7,1,1,16,54,60
44,7,1,2,16,54,60
44,7,1,3,48,54,60
44,7,2,0,0,54,60
44,7,2,1,32,54,60
44,7,2,2,4095,54,60
44,7,2,3,4095,54,60
44,7,3,0,48,54,60
44,7,3,1,4095,54,60
44,7,3,2,4095,54,60
44,7,3,3,4095,54,60
45,0,0,0,4095,55,61
45,0,0,1,4095,55,61
45,0,0,2,32,55,61
45,0,0,3,0,55,61
45,0,1,0,48,55,61
45,0,1,1,16,55,61
45,0,1,2,16,55,61
45,0,1,3,48,55,61
45,0,2,0,0,55,61
45,0,2,1,32,55,61
45,0,2,2,4095,55,61
45,0,2,3,4095,55,61
45,0,3,0,48,55,61
45,0,3,1,4095,55,61
45,0,3,2,4095,55,61
45,0,3,3,4095,55,61
45,1,0,0,4095,55,61
45,1,0,1,4095,55,61
45,1,0,2,4095,55,61
45,1,0,3,18,55,61
45,1,1,0,4095,55,61
45,1,1,1,34,55,61
45,1,1,2,2,55,61
45,1,1,3,30,55,61
45,1,2,0,18,55,61
45,1,2,1,14,55,61
45,1,2,2,46,55,61
45,1,2,3,4095,55,61
45,1,3,0,30,55,61
45,1,3,1,4095,55,61
45,1,3,2,4095,55,61
45,1,3,3,4095,55,61
45,2,0,0,30,55,61
45,2,0,1,2,55,61
45,2,0,2,34,55,61
45,2,0,3,66,55,61
45,2,1,0,18,55,61
45,2,1,1,50,55,61
45,2,1,2,82,55,61
45,2,1,3,114,55,61
45,2,2,0,66,55,61
45,2,2,1,4095,55,61
45,2,2,2,4095,55,61
45,2,2,3,4095,55,61
45,2,3,0,114,55,61
45,2,3,1,4095,55,61
45,2,3,2,4095,55,61
45,2,3,3,4095,55,61
45,3,0,0,4095,55,61
45,3,0,1,4095,55,61
45,3,0,2,4095,55,61
45,3,0,3,49,55,61
45,3,1,0,4095,55,61
45,3,1,1,4095,55,61
45,3,1,2,33,55,61
45,3,1,3,1,55,61
45,3,2,0,49,55,61
45,3,2,1,17,55,61
45,3,2,2,15,55,61
45,3,2,3,47,55,61
45,3,3,0,1,55,61
45,3,3,1,31,55,61
45,3,3,2,4095,55,61
45,3,3,3,4095,55,61
45,4,0,0,4095,55,61
45,4,0,1,4095,55,61
45,4,0,2,4095,55,61
45,4,0,3,96,55,61
45,4,1,0,4095,55,61
45,4,1,1,4095,55,61
45,4,1,2,4095,55,61
45,4,1,3,48,55,61
45,4,2,0,96,55,61
45,4,2,1,64,55,61
45,4,2,2,32,55,61
45,4,2,3,0,55,61
45,4,3,0,48,55,61
45,4,3,1,16,55,61
45,4,3,2,16,55,61
45,4,3,3,4095,55,61
45,5,0,0,4095,55,61
45,5,0,1,30,55,61
45,5,0,2,2,55,61
45,5,0,3,34,55,61
45,5,1,0,14,55,61
45,5,1,1,18,55,61
45,5,1,2,50,55,61
45,5,1,3,82,55,61
45,5,2,0,34,55,61
45,5,2,1,4095,55,61
45,5,2,2,4095,55,61
45,5,2,3,4095,55,61
45,5,3,0,82,55,61
45,5,3,1,4095,55,61
45,5,3,2,4095,55,61
45,5,3,3,4095,55,61
45,6,0,0,4095,55,61
45,6,0,1,4095,55,61
45,6,0,2,4095,55,61
45,6,0,3,51,55,61
45,6,1,0,4095,55,61
45,6,1,1,4095,55,61
45,6,1,2,35,55,61
45,6,1,3,3,55,61
45,6,2,0,51,55,61
45,6,2,1,19,55,61
45,6,2,2,13,55,61
45,6,2,3,45,55,61
45,6,3,0,3,55,61
45,6,3,1,29,55,61
45,6,3,2,4095,55,61
45,6,3,3,4095,55,61
45,7,0,0,4095,55,61
45,7,0,1,4095,55,61
45,7,0,2,4095,55,61
45,7,0,3,93,55,61
45,7,1,0,4095,55,61
45,7,1,1,4095,55,61
45,7,1,2,4095,55,61
45,7,1,3,45,55,61
45,7,2,0,93,55,61
45,7,2,1,61,55,61
45,7,2,2,29,55,61
45,7,2,3,3,55,61
45,7,3,0,45,55,61
45,7,3,1,13,55,61
45,7,3,2,19,55,61
45,7,3,3,4095,55,61
46,0,0,0,4095,56,62
46,0,0,1,29,56,62
46,0,0,2,3,56,62
46,0,0,3,35,56,62
46,0,1,0,13,56,62
46,0,1,1,19,56,62
46,0,1,2,51,56,62
46,0,1,3,83,56,62
46,0,2,0,35,56,62
46,0,2,1,4095,56,62
46,0,2,2,4095,56,62
46,0,2,3,4095,56,62
46,0,3,0,83,56,62
46,0,3,1,4095,56,62
46,0,3,2,4095,56,62
46,0,3,3,4095,56,62
46,1,0,0,4095,56,62
46,1,0,1,4095,56,62
46,1,0,2,4095,56,62
46,1,0,3,48,56,62
46,1,1,0,4095,56,62
46,1,1,1,4095,56,62
46,1,1,2,32,56,62
46,1,1,3,0,56,62
46,1,2,0,48,56,62
46,1,2,1,16,56,62
46,1,2,2,16,56,62
46,1,2,3,4095,56,62
46,1,3,0,0,56,62
46,1,3,1,32,56,62
46,1,3,2,4095,56,62
46,1,3,3,4095,56,62
46,2,0,0,4095,56,62
46,2,0,1,4095,56,62
46,2,0,2,4095,56,62
46,2,0,3,98,56,62
46,2,1,0,4095,56,62
46,2,1,1,4095,56,62
46,2,1,2,4095,56,62
46,2,1,3,50,56,62
46,2,2,0,98,56,62
46,2,2,1,66,56,62
46,2,2,2,34,56,62
46,2,2,3,2,56,62
46,2,3,0,50,56,62
46,2,3,1,18,56,62
46,2,3,2,14,56,62
46,2,3,3,46,56,62
46,3,0,0,4095,56,62
46,3,0,1,30,56,62
46,3,0,2,2,56,62
46,3,0,3,34,56,62
46,3,1,0,14,56,62
46,3,1,1,18,56,62
46,3,1,2,50,56,62
46,3,1,3,82,56,62
46,3,2,0,34,56,62
46,3,2,1,4095,56,62
46,3,2,2,4095,56,62
46,3,2,3,4095,56,62
46,3,3,0,82,56,62
46,3,3,1,4095,56,62
46,3,3,2,4095,56,62
46,3,3,3,4095,56,62
46,4,0,0,4095,56,62
46,4,0,1,4095,56,62
46,4,0,2,4095,56,62
46,4,0,3,46,56,62
46,4,1,0,4095,56,62
46,4,1,1,4095,56,62
46,4,1,2,30,56,62
46,4,1,3,2,56,62
46,4,2,0,46,56,62
46,4,2,1,14,56,62
46,4,2,2,18,56,62
46,4,2,3,4095,56,62
46,4,3,0,2,56,62
46,4,3,1,34,56,62
46,4,3,2,4095,56,62
46,4,3,3,4095,56,62
46,5,0,0,4095,56,62
46,5,0,1,4095,56,62
46,5,0,2,30,56,62
46,5,0,3,2,56,62
46,5,1,0,46,56,62
46,5,1,1,14,56,62
46,5,1,2,18,56,62
46,5,1,3,50,56,62
46,5,2,0,2,56,62
46,5,2,1,34,56,62
46,5,2,2,4095,56,62
46,5,2,3,4095,56,62
46,5,3,0,50,56,62
46,5,3,1,4095,56,62
46,5,3,2,4095,56,62
46,5,3,3,4095,56,62
46,6,0,0,4095,56,62
46,6,0,1,4095,56,62
46,6,0,2,4095,56,62
46,6,0,3,48,56,62
46,6,1,0,4095,56,62
46,6,1,1,4095,56,62
46,6,1,2,32,56,62
46,6,1,3,0,56,62
46,6,2,0,48,56,62
46,6,2,1,16,56,62
46,6,2,2,16,56,62
46,6,2,3,4095,56,62
46,6,3,0,0,56,62
46,6,3,1,32,56,62
46,6,3,2,4095,56,62
46,6,3,3,4095,56,62
46,7,0,0,4095,56,62
46,7,0,1,4095,56,62
46,7,0,2,4095,56,62
46,7,0,3,144,56,62
46,7,1,0,4095,56,62
46,7,1,1,4095,56,62
46,7,1,2,4095,56,62
46,7,1,3,96,56,62
46,7,2,0,144,56,62
46,7,2,1,112,56,62
46,7,2,2,80,56,62
46,7,2,3,48,56,62
46,7,3,0,96,56,62
46,7,3,1,64,56,62
46,7,3,2,32,56,62
46,7,3,3,0,56,62
47,0,0,0,4095,57,63
47,0,0,1,4095,57,63
47,0,0,2,32,57,63
47,0,0,3,0,57,63
47,0,1,0,48,57,63
47,0,1,1,16,57,63
47,0,1,2,16,57,63
47,0,1,3,48,57,63
47,0,2,0,0,57,63
47,0,2,1,32,57,63
47,0,2,2,4095,57,63
47,0,2,3,4095,57,63
47,0,3,0,48,57,63
47,0,3,1,4095,57,63
47,0,3,2,4095,57,63
47,0,3,3,4095,57,63
47,1,0,0,47,57,63
47,1,0,1,15,57,63
47,1,0,2,17,57,63
47,1,0,3,49,57,63
47,1,1,0,1,57,63
47,1,1,1,33,57,63
47,1,1,2,65,57,63
47,1,1,3,97,57,63
47,1,2,0,49,57,63
47,1,2,1,4095,57,63
47,1,2,2,4095,57,63
47,1,2,3,4095,57,63
47,1,3,0,97,57,63
47,1,3,1,4095,57,63
47,1,3,2,4095,57,63
47,1,3,3,4095,57,63
47,2,0,0,4095,57,63
47,2,0,1,4095,57,63
47,2,0,2,4095,57,63
47,2,0,3,83,57,63
47,2,1,0,4095,57,63
47,2,1,1,4095,57,63
47,2,1,2,4095,57,63
47,2,1,3,35,57,63
47,2,2,0,83,57,63
47,2,2,1,51,57,63
47,2,2,2,19,57,63
47,2,2,3,13,57,63
47,2,3,0,35,57,63
47,2,3,1,3,57,63
47,2,3,2,29,57,63
47,2,3,3,4095,57,63
47,3,0,0,4095,57,63
47,3,0,1,4095,57,63
47,3,0,2,30,57,63
47,3,0,3,2,57,63
47,3,1,0,46,57,63
47,3,1,1,14,57,63
47,3,1,2,18,57,63
47,3,1,3,50,57,63
47,3,2,0,2,57,63
47,3,2,1,34,57,63
47,3,2,2,4095,57,63
47,3,2,3,4095,57,63
47,3,3,0,50,57,63
47,3,3,1,4095,57,63
47,3,3,2,4095,57,63
47,3,3,3,4095,57,63
47,4,0,0,1,57,63
47,4,0,1,31,57,63
47,4,0,2,63,57,63
47,4,0,3,95,57,63
47,4,1,0,47,57,63
47,4,1,1,79,57,63
47,4,1,2,111,57,63
47,4,1,3,143,57,63
47,4,2,0,95,57,63
47,4,2,1,4095,57,63
47,4,2,2,4095,57,63
47,4,2,3,4095,57,63
47,4,3,0,143,57,63
47,4,3,1,4095,57,63
47,4,3,2,4095,57,63
47,4,3,3,4095,57,63
47,5,0,0,45,57,63
47,5,0,1,13,57,63
47,5,0,2,19,57,63
47,5,0,3,51,57,63
47,5,1,0,3,57,63
47,5,1,1,35,57,63
47,5,1,2,67,57,63
47,5,1,3,99,57,63
47,5,2,0,51,57,63
47,5,2,1,4095,57,63
47,5,2,2,4095,57,63
47,5,2,3,4095,57,63
47,5,3,0,99,57,63
47,5,3,1,4095,57,63
47,5,3,2,4095,57,63
47,5,3,3,4095,57,63
47,6,0,0,4095,57,63
47,6,0,1,4095,57,63
47,6,0,2,4095,57,63
47,6,0,3,83,57,63
47,6,1,0,4095,57,63
47,6,1,1,4095,57,63
47,6,1,2,4095,57,63
47,6,1,3,35,57,63
47,6,2,0,83,57,63
47,6,2,1,51,57,63
47,6,2,2,19,57,63
47,6,2,3,13,57,63
47,6,3,0,35,57,63
47,6,3,1,3,57,63
47,6,3,2,29,57,63
47,6,3,3,4095,57,63
47,7,0,0,4095,57,63
47,7,0,1,4095,57,63
47,7,0,2,4095,57,63
47,7,0,3,49,57,63
47,7,1,0,4095,57,63
47,7,1,1,4095,57,63
47,7,1,2,33,57,63
47,7,1,3,1,57,63
47,7,2,0,49,57,63
47,7,2,1,17,57,63
47,7,2,2,15,57,63
47,7,2,3,47,57,63
47,7,3,0,1,57,63
47,7,3,1,31,57,63
47,7,3,2,4095,57,63
47,7,3,3,4095,57,63
48,0,0,0,4095,58,64
48,0,0,1,4095,58,64
48,0,0,2,4095,58,64
48,0,0,3,30,58,64
48,0,1,0,4095,58,64
48,0,1,1,46,58,64
48,0,1,2,14,58,64
48,0,1,3,18,58,64
48,0,2,0,30,58,64
48,0,2,1,2,58,64
48,0,2,2,34,58,64
48,0,2,3,4095,58,64
48,0,3,0,18,58,64
48,0,3,1,4095,58,64
48,0,3,2,4095,58,64
48,0,3,3,4095,58,64
48,1,0,0,4095,58,64
48,1,0,1,4095,58,64
48,1,0,2,4095,58,64
48,1,0,3,62,58,64
48,1,1,0,4095,58,64
48,1,1,1,4095,58,64
48,1,1,2,46,58,64
48,1,1,3,14,58,64
48,1,2,0,62,58,64
48,1,2,1,30,58,64
48,1,2,2,2,58,64
48,1,2,3,34,58,64
48,1,3,0,14,58,64
48,1,3,1,18,58,64
48,1,3,2,4095,58,64
48,1,3,3,4095,58,64
48,2,0,0,4095,58,64
48,2,0,1,29,58,64
48,2,0,2,3,58,64
48,2,0,3,35,58,64
48,2,1,0,13,58,64
48,2,1,1,19,58,64
48,2,1,2,51,58,64
48,2,1,3,83,58,64
48,2,2,0,35,58,64
48,2,2,1,4095,58,64
48,2,2,2,4095,58,64
48,2,2,3,4095,58,64
48,2,3,0,83,58,64
48,2,3,1,4095,58,64
48,2,3,2,4095,58,64
48,2,3,3,4095,58,64
48,3,0,0,4095,58,64
48,3,0,1,4095,58,64
48,3,0,2,33,58,64
48,3,0,3,1,58,64
48,3,1,0,4095,58,64
48,3,1,1,17,58,64
48,3,1,2,15,58,64
48,3,1,3,47,58,64
48,3,2,0,1,58,64
48,3,2,1,31,58,64
48,3,2,2,4095,58,64
48,3,2,3,4095,58,64
48,3,3,0,47,58,64
48,3,3,1,4095,58,64
48,3,3,2,4095,58,64
48,3,3,3,4095,58,64
48,4,0,0,4095,58,64
48,4,0,1,34,58,64
48,4,0,2,2,58,64
48,4,0,3,30,58,64
48,4,1,0,18,58,64
48,4,1,1,14,58,64
48,4,1,2,46,58,64
48,4,1,3,78,58,64
48,4,2,0,30,58,64
48,4,2,1,4095,58,64
48,4,2,2,4095,58,64
48,4,2,3,4095,58,64
48,4,3,0,78,58,64
48,4,3,1,4095,58,64
48,4,3,2,4095,58,64
48,4,3,3,4095,58,64
48,5,0,0,4095,58,64
48,5,0,1,4095,58,64
48,5,0,2,4095,58,64
48,5,0,3,51,58,64
48,5,1,0,4095,58,64
48,5,1,1,4095,58,64
48,5,1,2,35,58,64
48,5,1,3,3,58,64
48,5,2,0,51,58,64
48,5,2,1,19,58,64
48,5,2,2,13,58,64
48,5,2,3,45,58,64
48,5,3,0,3,58,64
48,5,3,1,29,58,64
48,5,3,2,4095,58,64
48,5,3,3,4095,58,64
48,6,0,0,4095,58,64
48,6,0,1,4095,58,64
48,6,0,2,4095,58,64
48,6,0,3,147,58,64
48,6,1,0,4095,58,64
48,6,1,1,4095,58,64
48,6,1,2,4095,58,64
48,6,1,3,99,58,64
48,6,2,0,147,58,64
48,6,2,1,115,58,64
48,6,2,2,83,58,64
48,6,2,3,51,58,64
48,6,3,0,99,58,64
48,6,3,1,67,58,64
48,6,3,2,35,58,64
48,6,3,3,3,58,64
48,7,0,0,4095,58,64
48,7,0,1,4095,58,64
48,7,0,2,4095,58,64
48,7,0,3,50,58,64
48,7,1,0,4095,58,64
48,7,1,1,4095,58,64
48,7,1,2,34,58,64
48,7,1,3,2,58,64
48,7,2,0,50,58,64
48,7,2,1,18,58,64
48,7,2,2,14,58,64
48,7,2,3,46,58,64
48,7,3,0,2,58,64
48,7,3,1,30,58,64
48,7,3,2,4095,58,64
48,7,3,3,4095,58,64
49,0,0,0,4095,59,65
49,0,0,1,4095,59,65
49,0,0,2,19,59,65
49,0,0,3,13,59,65
49,0,1,0,35,59,65
49,0,1,1,3,59,65
49,0,1,2,29,59,65
49,0,1,3,61,59,65
49,0,2,0,13,59,65
49,0,2,1,45,59,65
49,0,2,2,4095,59,65
49,0,2,3,4095,59,65
49,0,3,0,61,59,65
49,0,3,1,4095,59,65
49,0,3,2,4095,59,65
49,0,3,3,4095,59,65
49,1,0,0,4095,59,65
49,1,0,1,4095,59,65
49,1,0,2,4095,59,65
49,1,0,3,81,59,65
49,1,1,0,4095,59,65
49,1,1,1,4095,59,65
49,1,1,2,4095,59,65
49,1,1,3,33,59,65
49,1,2,0,81,59,65
49,1,2,1,49,59,65
49,1,2,2,17,59,65
49,1,2,3,15,59,65
49,1,3,0,33,59,65
49,1,3,1,1,59,65
49,1,3,2,31,59,65
49,1,3,3,4095,59,65
49,2,0,0,4095,59,65
49,2,0,1,4095,59,65
49,2,0,2,4095,59,65
49,2,0,3,141,59,65
49,2,1,0,4095,59,65
49,2,1,1,4095,59,65
49,2,1,2,4095,59,65
49,2,1,3,93,59,65
49,2,2,0,141,59,65
49,2,2,1,109,59,65
49,2,2,2,77,59,65
49,2,2,3,45,59,65
49,2,3,0,93,59,65
49,2,3,1,61,59,65
49,2,3,2,29,59,65
49,2,3,3,3,59,65
49,3,0,0,4095,59,65
49,3,0,1,4095,59,65
49,3,0,2,4095,59,65
49,3,0,3,147,59,65
49,3,1,0,4095,59,65
49,3,1,1,4095,59,65
49,3,1,2,4095,59,65
49,3,1,3,99,59,65
49,3,2,0,147,59,65
49,3,2,1,115,59,65
49,3,2,2,83,59,65
49,3,2,3,51,59,65
49,3,3,0,99,59,65
49,3,3,1,67,59,65
49,3,3,2,35,59,65
49,3,3,3,3,59,65
49,4,0,0,4095,59,65
49,4,0,1,4095,59,65
49,4,0,2,4095,59,65
49,4,0,3,46,59,65
49,4,1,0,4095,59,65
49,4,1,1,4095,59,65
49,4,1,2,30,59,65
49,4,1,3,2,59,65
49,4,2,0,46,59,65
49,4,2,1,14,59,65
49,4,2,2,18,59,65
49,4,2,3,4095,59,65
49,4,3,0,2,59,65
49,4,3,1,34,59,65
49,4,3,2,4095,59,65
49,4,3,3,4095,59,65
49,5,0,0,4095,59,65
49,5,0,1,4095,59,65
49,5,0,2,4095,59,65
49,5,0,3,77,59,65
49,5,1,0,4095,59,65
49,5,1,1,4095,59,65
49,5,1,2,4095,59,65
49,5,1,3,29,59,65
49,5,2,0,77,59,65
49,5,2,1,45,59,65
49,5,2,2,13,59,65
49,5,2,3,19,59,65
49,5,3,0,29,59,65
49,5,3,1,3,59,65
49,5,3,2,35,59,65
49,5,3,3,4095,59,65
49,6,0,0,4095,59,65
49,6,0,1,4095,59,65
49,6,0,2,34,59,65
49,6,0,3,2,59,65
49,6,1,0,4095,59,65
49,6,1,1,18,59,65
49,6,1,2,14,59,65
49,6,1,3,46,59,65
49,6,2,0,2,59,65
49,6,2,1,30,59,65
49,6,2,2,4095,59,65
49,6,2,3,4095,59,65
49,6,3,0,46,59,65
49,6,3,1,4095,59,65
49,6,3,2,4095,59,65
49,6,3,3,4095,59,65
49,7,0,0,4095,59,65
49,7,0,1,4095,59,65
49,7,0,2,4095,59,65
49,7,0,3,51,59,65
49,7,1,0,4095,59,65
49,7,1,1,4095,59,65
49,7,1,2,35,59,65
49,7,1,3,3,59,65
49,7,2,0,51,59,65
49,7,2,1,19,59,65
49,7,2,2,13,59,65
49,7,2,3,45,59,65
49,7,3,0,3,59,65
49,7,3,1,29,59,65
49,7,3,2,4095,59,65
49,7,3,3,4095,59,65
50,0,0,0,4095,60,66
50,0,0,1,4095,60,66
50,0,0,2,4095,60,66
50,0,0,3,49,60,66
50,0,1,0,4095,60,66
50,0,1,1,4095,60,66
50,0,1,2,33,60,66
50,0,1,3,1,60,66
50,0,2,0,49,60,66
50,0,2,1,17,60,66
50,0,2,2,15,60,66
50,0,2,3,47,60,66
50,0,3,0,1,60,66
50,0,3,1,31,60,66
50,0,3,2,4095,60,66
50,0,3,3,4095,60,66
50,1,0,0,4095,60,66
50,1,0,1,4095,60,66
50,1,0,2,4095,60,66
50,1,0,3,30,60,66
50,1,1,0,4095,60,66
50,1,1,1,46,60,66
50,1,1,2,14,60,66
50,1,1,3,18,60,66
50,1,2,0,30,60,66
50,1,2,1,2,60,66
50,1,2,2,34,60,66
50,1,2,3,4095,60,66
50,1,3,0,18,60,66
50,1,3,1,4095,60,66
50,1,3,2,4095,60,66
50,1,3,3,4095,60,66
50,2,0,0,4095,60,66
50,2,0,1,4095,60,66
50,2,0,2,45,60,66
50,2,0,3,13,60,66
50,2,1,0,4095,60,66
50,2,1,1,29,60,66
50,2,1,2,3,60,66
50,2,1,3,35,60,66
50,2,2,0,13,60,66
50,2,2,1,19,60,66
50,2,2,2,4095,60,66
50,2,2,3,4095,60,66
50,2,3,0,35,60,66
50,2,3,1,4095,60,66
50,2,3,2,4095,60,66
50,2,3,3,4095,60,66
50,3,0,0,4095,60,66
50,3,0,1,4095,60,66
50,3,0,2,4095,60,66
50,3,0,3,81,60,66
50,3,1,0,4095,60,66
50,3,1,1,4095,60,66
50,3,1,2,4095,60,66
50,3,1,3,33,60,66
50,3,2,0,81,60,66
50,3,2,1,49,60,66
50,3,2,2,17,60,66
50,3,2,3,15,60,66
50,3,3,0,33,60,66
50,3,3,1,1,60,66
50,3,3,2,31,60,66
50,3,3,3,4095,60,66
50,4,0,0,4095,60,66
50,4,0,1,4095,60,66
50,4,0,2,4095,60,66
50,4,0,3,95,60,66
50,4,1,0,4095,60,66
50,4,1,1,4095,60,66
50,4,1,2,4095,60,66
50,4,1,3,47,60,66
50,4,2,0,95,60,66
50,4,2,1,63,60,66
50,4,2,2,31,60,66
50,4,2,3,1,60,66
50,4,3,0,47,60,66
50,4,3,1,15,60,66
50,4,3,2,17,60,66
50,4,3,3,4095,60,66
50,5,0,0,4095,60,66
50,5,0,1,4095,60,66
50,5,0,2,4095,60,66
50,5,0,3,110,60,66
50,5,1,0,4095,60,66
50,5,1,1,4095,60,66
50,5,1,2,4095,60,66
50,5,1,3,62,60,66
50,5,2,0,110,60,66
50,5,2,1,78,60,66
50,5,2,2,46,60,66
50,5,2,3,14,60,66
50,5,3,0,62,60,66
50,5,3,1,30,60,66
50,5,3,2,2,60,66
50,5,3,3,34,60,66
50,6,0,0,4095,60,66
50,6,0,1,4095,60,66
50,6,0,2,4095,60,66
50,6,0,3,51,60,66
50,6,1,0,4095,60,66
50,6,1,1,4095,60,66
50,6,1,2,35,60,66
50,6,1,3,3,60,66
50,6,2,0,51,60,66
50,6,2,1,19,60,66
50,6,2,2,13,60,66
50,6,2,3,45,60,66
50,6,3,0,3,60,66
50,6,3,1,29,60,66
50,6,3,2,4095,60,66
50,6,3,3,4095,60,66
50,7,0,0,33,60,66
50,7,0,1,1,60,66
50,7,0,2,31,60,66
50,7,0,3,63,60,66
50,7,1,0,15,60,66
50,7,1,1,47,60,66
50,7,1,2,79,60,66
50,7,1,3,111,60,66
50,7,2,0,63,60,66
50,7,2,1,4095,60,66
50,7,2,2,4095,60,66
50,7,2,3,4095,60,66
50,7,3,0,111,60,66
50,7,3,1,4095,60,66
50,7,3,2,4095,60,66
50,7,3,3,4095,60,66
51,0,0,0,4095,61,67
51,0,0,1,4095,61,67
51,0,0,2,4095,61,67
51,0,0,3,47,61,67
51,0,1,0,4095,61,67
51,0,1,1,4095,61,67
51,0,1,2,31,61,67
51,0,1,3,1,61,67
51,0,2,0,47,61,67
51,0,2,1,15,61,67
51,0,2,2,17,61,67
51,0,2,3,4095,61,67
51,0,3,0,1,61,67
51,0,3,1,33,61,67
51,0,3,2,4095,61,67
51,0,3,3,4095,61,67
51,1,0,0,4095,61,67
51,1,0,1,4095,61,67
51,1,0,2,4095,61,67
51,1,0,3,143,61,67
51,1,1,0,4095,61,67
51,1,1,1,4095,61,67
51,1,1,2,4095,61,67
51,1,1,3,95,61,67
51,1,2,0,143,61,67
51,1,2,1,111,61,67
51,1,2,2,79,61,67
51,1,2,3,47,61,67
51,1,3,0,95,61,67
51,1,3,1,63,61,67
51,1,3,2,31,61,67
51,1,3,3,1,61,67
51,2,0,0,4095,61,67
51,2,0,1,4095,61,67
51,2,0,2,4095,61,67
51,2,0,3,46,61,67
51,2,1,0,4095,61,67
51,2,1,1,4095,61,67
51,2,1,2,30,61,67
51,2,1,3,2,61,67
51,2,2,0,46,61,67
51,2,2,1,14,61,67
51,2,2,2,18,61,67
51,2,2,3,4095,61,67
51,2,3,0,2,61,67
51,2,3,1,34,61,67
51,2,3,2,4095,61,67
51,2,3,3,4095,61,67
51,3,0,0,4095,61,67
51,3,0,1,4095,61,67
51,3,0,2,18,61,67
51,3,0,3,14,61,67
51,3,1,0,34,61,67
51,3,1,1,2,61,67
51,3,1,2,30,61,67
51,3,1,3,62,61,67
51,3,2,0,14,61,67
51,3,2,1,46,61,67
51,3,2,2,4095,61,67
51,3,2,3,4095,61,67
51,3,3,0,62,61,67
51,3,3,1,4095,61,67
51,3,3,2,4095,61,67
51,3,3,3,4095,61,67
51,4,0,0,4095,61,67
51,4,0,1,4095,61,67
51,4,0,2,4095,61,67
51,4,0,3,34,61,67
51,4,1,0,4095,61,67
51,4,1,1,4095,61,67
51,4,1,2,18,61,67
51,4,1,3,14,61,67
51,4,2,0,34,61,67
51,4,2,1,2,61,67
51,4,2,2,30,61,67
51,4,2,3,4095,61,67
51,4,3,0,14,61,67
51,4,3,1,46,61,67
51,4,3,2,4095,61,67
51,4,3,3,4095,61,67
51,5,0,0,4095,61,67
51,5,0,1,30,61,67
51,5,0,2,2,61,67
51,5,0,3,34,61,67
51,5,1,0,14,61,67
51,5,1,1,18,61,67
51,5,1,2,50,61,67
51,5,1,3,82,61,67
51,5,2,0,34,61,67
51,5,2,1,4095,61,67
51,5,2,2,4095,61,67
51,5,2,3,4095,61,67
51,5,3,0,82,61,67
51,5,3,1,4095,61,67
51,5,3,2,4095,61,67
51,5,3,3,4095,61,67
51,6,0,0,46,61,67
51,6,0,1,14,61,67
51,6,0,2,18,61,67
51,6,0,3,50,61,67
51,6,1,0,2,61,67
51,6,1,1,34,61,67
51,6,1,2,66,61,67
51,6,1,3,98,61,67
51,6,2,0,50,61,67
51,6,2,1,4095,61,67
51,6,2,2,4095,61,67
51,6,2,3,4095,61,67
51,6,3,0,98,61,67
51,6,3,1,4095,61,67
51,6,3,2,4095,61,67
51,6,3,3,4095,61,67
51,7,0,0,4095,61,67
51,7,0,1,4095,61,67
51,7,0,2,4095,61,67
51,7,0,3,83,61,67
51,7,1,0,4095,61,67
51,7,1,1,4095,61,67
51,7,1,2,4095,61,67
51,7,1,3,35,61,67
51,7,2,0,83,61,67
51,7,2,1,51,61,67
51,7,2,2,19,61,67
51,7,2,3,13,61,67
51,7,3,0,35,61,67
51,7,3,1,3,61,67
51,7,3,2,29,61,67
51,7,3,3,4095,61,67
52,0,0,0,4095,62,68
52,0,0,1,4095,62,68
52,0,0,2,4095,62,68
52,0,0,3,146,62,68
52,0,1,0,4095,62,68
52,0,1,1,4095,62,68
52,0,1,2,4095,62,68
52,0,1,3,98,62,68
52,0,2,0,146,62,68
52,0,2,1,114,62,68
52,0,2,2,82,62,68
52,0,2,3,50,62,68
52,0,3,0,98,62,68
52,0,3,1,66,62,68
52,0,3,2,34,62,68
52,0,3,3,2,62,68
52,1,0,0,4095,62,68
52,1,0,1,4095,62,68
52,1,0,2,29,62,68
52,1,0,3,3,62,68
52,1,1,0,45,62,68
52,1,1,1,13,62,68
52,1,1,2,19,62,68
52,1,1,3,51,62,68
52,1,2,0,3,62,68
52,1,2,1,35,62,68
52,1,2,2,4095,62,68
52,1,2,3,4095,62,68
52,1,3,0,51,62,68
52,1,3,1,4095,62,68
52,1,3,2,4095,62,68
52,1,3,3,4095,62,68
52,2,0,0,48,62,68
52,2,0,1,16,62,68
52,2,0,2,16,62,68
52,2,0,3,48,62,68
52,2,1,0,0,62,68
52,2,1,1,32,62,68
52,2,1,2,64,62,68
52,2,1,3,96,62,68
52,2,2,0,48,62,68
52,2,2,1,4095,62,68
52,2,2,2,4095,62,68
52,2,2,3,4095,62,68
52,2,3,0,96,62,68
52,2,3,1,4095,62,68
52,2,3,2,4095,62,68
52,2,3,3,4095,62,68
52,3,0,0,4095,62,68
52,3,0,1,4095,62,68
52,3,0,2,18,62,68
52,3,0,3,14,62,68
52,3,1,0,34,62,68
52,3,1,1,2,62,68
52,3,1,2,30,62,68
52,3,1,3,62,62,68
52,3,2,0,14,62,68
52,3,2,1,46,62,68
52,3,2,2,4095,62,68
52,3,2,3,4095,62,68
52,3,3,0,62,62,68
52,3,3,1,4095,62,68
52,3,3,2,4095,62,68
52,3,3,3,4095,62,68
52,4,0,0,31,62,68
52,4,0,1,1,62,68
52,4,0,2,33,62,68
52,4,0,3,65,62,68
52,4,1,0,17,62,68
52,4,1,1,49,62,68
52,4,1,2,81,62,68
52,4,1,3,113,62,68
52,4,2,0,65,62,68
52,4,2,1,4095,62,68
52,4,2,2,4095,62,68
52,4,2,3,4095,62,68
52,4,3,0,113,62,68
52,4,3,1,4095,62,68
52,4,3,2,4095,62,68
52,4,3,3,4095,62,68
52,5,0,0,4095,62,68
52,5,0,1,4095,62,68
52,5,0,2,31,62,68
52,5,0,3,1,62,68
52,5,1,0,47,62,68
52,5,1,1,15,62,68
52,5,1,2,17,62,68
52,5,1,3,49,62,68
52,5,2,0,1,62,68
52,5,2,1,33,62,68
52,5,2,2,4095,62,68
52,5,2,3,4095,62,68
52,5,3,0,49,62,68
52,5,3,1,4095,62,68
52,5,3,2,4095,62,68
52,5,3,3,4095,62,68
52,6,0,0,4095,62,68
52,6,0,1,4095,62,68
52,6,0,2,4095,62,68
52,6,0,3,65,62,68
52,6,1,0,4095,62,68
52,6,1,1,4095,62,68
52,6,1,2,4095,62,68
52,6,1,3,17,62,68
52,6,2,0,65,62,68
52,6,2,1,33,62,68
52,6,2,2,1,62,68
52,6,2,3,31,62,68
52,6,3,0,17,62,68
52,6,3,1,15,62,68
52,6,3,2,47,62,68
52,6,3,3,4095,62,68
52,7,0,0,4095,62,68
52,7,0,1,4095,62,68
52,7,0,2,4095,62,68
52,7,0,3,113,62,68
52,7,1,0,4095,62,68
52,7,1,1,4095,62,68
52,7,1,2,4095,62,68
52,7,1,3,65,62,68
52,7,2,0,113,62,68
52,7,2,1,81,62,68
52,7,2,2,49,62,68
52,7,2,3,17,62,68
52,7,3,0,65,62,68
52,7,3,1,33,62,68
52,7,3,2,1,62,68
52,7,3,3,31,62,68
53,0,0,0,4095,63,69
53,0,0,1,4095,63,69
53,0,0,2,4095,63,69
53,0,0,3,141,63,69
53,0,1,0,4095,63,69
53,0,1,1,4095,63,69
53,0,1,2,4095,63,69
53,0,1,3,93,63,69
53,0,2,0,141,63,69
53,0,2,1,109,63,69
53,0,2,2,77,63,69
53,0,2,3,45,63,69
53,0,3,0,93,63,69
53,0,3,1,61,63,69
53,0,3,2,29,63,69
53,0,3,3,3,63,69
53,1,0,0,4095,63,69
53,1,0,1,4095,63,69
53,1,0,2,31,63,69
53,1,0,3,1,63,69
53,1,1,0,47,63,69
53,1,1,1,15,63,69
53,1,1,2,17,63,69
53,1,1,3,49,63,69
53,1,2,0,1,63,69
53,1,2,1,33,63,69
53,1,2,2,4095,63,69
53,1,2,3,4095,63,69
53,1,3,0,49,63,69
53,1,3,1,4095,63,69
53,1,3,2,4095,63,69
53,1,3,3,4095,63,69
53,2,0,0,4095,63,69
53,2,0,1,4095,63,69
53,2,0,2,35,63,69
53,2,0,3,3,63,69
53,2,1,0,4095,63,69
53,2,1,1,19,63,69
53,2,1,2,13,63,69
53,2,1,3,45,63,69
53,2,2,0,3,63,69
53,2,2,1,29,63,69
53,2,2,2,4095,63,69
53,2,2,3,4095,63,69
53,2,3,0,45,63,69
53,2,3,1,4095,63,69
53,2,3,2,4095,63,69
53,2,3,3,4095,63,69
53,3,0,0,4095,63,69
53,3,0,1,32,63,69
53,3,0,2,0,63,69
53,3,0,3,32,63,69
53,3,1,0,16,63,69
53,3,1,1,16,63,69
53,3,1,2,48,63,69
53,3,1,3,80,63,69
53,3,2,0,32,63,69
53,3,2,1,4095,63,69
53,3,2,2,4095,63,69
53,3,2,3,4095,63,69
53,3,3,0,80,63,69
53,3,3,1,4095,63,69
53,3,3,2,4095,63,69
53,3,3,3,4095,63,69
53,4,0,0,4095,63,69
53,4,0,1,4095,63,69
53,4,0,2,31,63,69
53,4,0,3,1,63,69
53,4,1,0,47,63,69
53,4,1,1,15,63,69
53,4,1,2,17,63,69
53,4,1,3,49,63,69
53,4,2,0,1,63,69
53,4,2,1,33,63,69
53,4,2,2,4095,63,69
53,4,2,3,4095,63,69
53,4,3,0,49,63,69
53,4,3,1,4095,63,69
53,4,3,2,4095,63,69
53,4,3,3,4095,63,69
53,5,0,0,4095,63,69
53,5,0,1,32,63,69
53,5,0,2,0,63,69
53,5,0,3,32,63,69
53,5,1,0,16,63,69
53,5,1,1,16,63,69
53,5,1,2,48,63,69
53,5,1,3,80,63,69
53,5,2,0,32,63,69
53,5,2,1,4095,63,69
53,5,2,2,4095,63,69
53,5,2,3,4095,63,69
53,5,3,0,80,63,69
53,5,3,1,4095,63,69
53,5,3,2,4095,63,69
53,5,3,3,4095,63,69
53,6,0,0,4095,63,69
53,6,0,1,4095,63,69
53,6,0,2,35,63,69
53,6,0,3,3,63,69
53,6,1,0,4095,63,69
53,6,1,1,19,63,69
53,6,1,2,13,63,69
53,6,1,3,45,63,69
53,6,2,0,3,63,69
53,6,2,1,29,63,69
53,6,2,2,4095,63,69
53,6,2,3,4095,63,69
53,6,3,0,45,63,69
53,6,3,1,4095,63,69
53,6,3,2,4095,63,69
53,6,3,3,4095,63,69
53,7,0,0,4095,63,69
53,7,0,1,34,63,69
53,7,0,2,2,63,69
53,7,0,3,30,63,69
53,7,1,0,18,63,69
53,7,1,1,14,63,69
53,7,1,2,46,63,69
53,7,1,3,78,63,69
53,7,2,0,30,63,69
53,7,2,1,4095,63,69
53,7,2,2,4095,63,69
53,7,2,3,4095,63,69
53,7,3,0,78,63,69
53,7,3,1,4095,63,69
53,7,3,2,4095,63,69
53,7,3,3,4095,63,69
54,0,0,0,4095,64,70
54,0,0,1,4095,64,70
54,0,0,2,4095,64,70
54,0,0,3,51,64,70
54,0,1,0,4095,64,70
54,0,1,1,4095,64,70
54,0,1,2,35,64,70
54,0,1,3,3,64,70
54,0,2,0,51,64,70
54,0,2,1,19,64,70
54,0,2,2,13,64,70
54,0,2,3,45,64,70
54,0,3,0,3,64,70
54,0,3,1,29,64,70
54,0,3,2,4095,64,70
54,0,3,3,4095,64,70
54,1,0,0,4095,64,70
54,1,0,1,4095,64,70
54,1,0,2,4095,64,70
54,1,0,3,144,64,70
54,1,1,0,4095,64,70
54,1,1,1,4095,64,70
54,1,1,2,4095,64,70
54,1,1,3,96,64,70
54,1,2,0,144,64,70
54,1,2,1,112,64,70
54,1,2,2,80,64,70
54,1,2,3,48,64,70
54,1,3,0,96,64,70
54,1,3,1,64,64,70
54,1,3,2,32,64,70
54,1,3,3,0,64,70
54,2,0,0,4095,64,70
54,2,0,1,4095,64,70
54,2,0,2,4095,64,70
54,2,0,3,46,64,70
54,2,1,0,4095,64,70
54,2,1,1,4095,64,70
54,2,1,2,30,64,70
54,2,1,3,2,64,70
54,2,2,0,46,64,70
54,2,2,1,14,64,70
54,2,2,2,18,64,70
54,2,2,3,4095,64,70
54,2,3,0,2,64,70
54,2,3,1,34,64,70
54,2,3,2,4095,64,70
54,2,3,3,4095,64,70
54,3,0,0,4095,64,70
54,3,0,1,4095,64,70
54,3,0,2,4095,64,70
54,3,0,3,31,64,70
54,3,1,0,4095,64,70
54,3,1,1,47,64,70
54,3,1,2,15,64,70
54,3,1,3,17,64,70
54,3,2,0,31,64,70
54,3,2,1,1,64,70
54,3,2,2,33,64,70
54,3,2,3,4095,64,70
54,3,3,0,17,64,70
54,3,3,1,4095,64,70
54,3,3,2,4095,64,70
54,3,3,3,4095,64,70
54,4,0,0,4095,64,70
54,4,0,1,31,64,70
54,4,0,2,1,64,70
54,4,0,3,33,64,70
54,4,1,0,15,64,70
54,4,1,1,17,64,70
54,4,1,2,49,64,70
54,4,1,3,81,64,70
54,4,2,0,33,64,70
54,4,2,1,4095,64,70
54,4,2,2,4095,64,70
54,4,2,3,4095,64,70
54,4,3,0,81,64,70
54,4,3,1,4095,64,70
54,4,3,2,4095,64,70
54,4,3,3,4095,64,70
54,5,0,0,4095,64,70
54,5,0,1,4095,64,70
54,5,0,2,4095,64,70
54,5,0,3,47,64,70
54,5,1,0,4095,64,70
54,5,1,1,4095,64,70
54,5,1,2,31,64,70
54,5,1,3,1,64,70
54,5,2,0,47,64,70
54,5,2,1,15,64,70
54,5,2,2,17,64,70
54,5,2,3,4095,64,70
54,5,3,0,1,64,70
54,5,3,1,33,64,70
54,5,3,2,4095,64,70
54,5,3,3,4095,64,70
54,6,0,0,4095,64,70
54,6,0,1,4095,64,70
54,6,0,2,4095,64,70
54,6,0,3,97,64,70
54,6,1,0,4095,64,70
54,6,1,1,4095,64,70
54,6,1,2,4095,64,70
54,6,1,3,49,64,70
54,6,2,0,97,64,70
54,6,2,1,65,64,70
54,6,2,2,33,64,70
54,6,2,3,1,64,70
54,6,3,0,49,64,70
54,6,3,1,17,64,70
54,6,3,2,15,64,70
54,6,3,3,47,64,70
54,7,0,0,4095,64,70
54,7,0,1,4095,64,70
54,7,0,2,4095,64,70
54,7,0,3,61,64,70
54,7,1,0,4095,64,70
54,7,1,1,4095,64,70
54,7,1,2,45,64,70
54,7,1,3,13,64,70
54,7,2,0,61,64,70
54,7,2,1,29,64,70
54,7,2,2,3,64,70
54,7,2,3,35,64,70
54,7,3,0,13,64,70
54,7,3,1,19,64,70
54,7,3,2,4095,64,70
54,7,3,3,4095,64,70
55,0,0,0,4095,65,71
55,0,0,1,4095,65,71
55,0,0,2,4095,65,71
55,0,0,3,18,65,71
55,0,1,0,4095,65,71
55,0,1,1,34,65,71
55,0,1,2,2,65,71
55,0,1,3,30,65,71
55,0,2,0,18,65,71
55,0,2,1,14,65,71
55,0,2,2,46,65,71
55,0,2,3,4095,65,71
55,0,3,0,30,65,71
55,0,3,1,4095,65,71
55,0,3,2,4095,65,71
55,0,3,3,4095,65,71
55,1,0,0,4095,65,71
55,1,0,1,4095,65,71
55,1,0,2,17,65,71
55,1,0,3,15,65,71
55,1,1,0,33,65,71
55,1,1,1,1,65,71
55,1,1,2,31,65,71
55,1,1,3,63,65,71
55,1,2,0,15,65,71
55,1,2,1,47,65,71
55,1,2,2,4095,65,71
55,1,2,3,4095,65,71
55,1,3,0,63,65,71
55,1,3,1,4095,65,71
55,1,3,2,4095,65,71
55,1,3,3,4095,65,71
55,2,0,0,4095,65,71
55,2,0,1,48,65,71
55,2,0,2,16,65,71
55,2,0,3,16,65,71
55,2,1,0,32,65,71
55,2,1,1,0,65,71
55,2,1,2,32,65,71
55,2,1,3,64,65,71
55,2,2,0,16,65,71
55,2,2,1,4095,65,71
55,2,2,2,4095,65,71
55,2,2,3,4095,65,71
55,2,3,0,64,65,71
55,2,3,1,4095,65,71
55,2,3,2,4095,65,71
55,2,3,3,4095,65,71
55,3,0,0,35,65,71
55,3,0,1,3,65,71
55,3,0,2,29,65,71
55,3,0,3,61,65,71
55,3,1,0,13,65,71
55,3,1,1,45,65,71
55,3,1,2,77,65,71
55,3,1,3,109,65,71
55,3,2,0,61,65,71
55,3,2,1,4095,65,71
55,3,2,2,4095,65,71
55,3,2,3,4095,65,71
55,3,3,0,109,65,71
55,3,3,1,4095,65,71
55,3,3,2,4095,65,71
55,3,3,3,4095,65,71
55,4,0,0,4095,65,71
55,4,0,1,4095,65,71
55,4,0,2,33,65,71
55,4,0,3,1,65,71
55,4,1,0,4095,65,71
55,4,1,1,17,65,71
55,4,1,2,15,65,71
55,4,1,3,47,65,71
55,4,2,0,1,65,71
55,4,2,1,31,65,71
55,4,2,2,4095,65,71
55,4,2,3,4095,65,71
55,4,3,0,47,65,71
55,4,3,1,4095,65,71
55,4,3,2,4095,65,71
55,4,3,3,4095,65,71
55,5,0,0,4095,65,71
55,5,0,1,34,65,71
55,5,0,2,2,65,71
55,5,0,3,30,65,71
55,5,1,0,18,65,71
55,5,1,1,14,65,71
55,5,1,2,46,65,71
55,5,1,3,78,65,71
55,5,2,0,30,65,71
55,5,2,1,4095,65,71
55,5,2,2,4095,65,71
55,5,2,3,4095,65,71
55,5,3,0,78,65,71
55,5,3,1,4095,65,71
55,5,3,2,4095,65,71
55,5,3,3,4095,65,71
55,6,0,0,4095,65,71
55,6,0,1,4095,65,71
55,6,0,2,4095,65,71
55,6,0,3,51,65,71
55,6,1,0,4095,65,71
55,6,1,1,4095,65,71
55,6,1,2,35,65,71
55,6,1,3,3,65,71
55,6,2,0,51,65,71
55,6,2,1,19,65,71
55,6,2,2,13,65,71
55,6,2,3,45,65,71
55,6,3,0,3,65,71
55,6,3,1,29,65,71
55,6,3,2,4095,65,71
55,6,3,3,4095,65,71
55,7,0,0,4095,65,71
55,7,0,1,4095,65,71
55,7,0,2,4095,65,71
55,7,0,3,97,65,71
55,7,1,0,4095,65,71
55,7,1,1,4095,65,71
55,7,1,2,4095,65,71
55,7,1,3,49,65,71
55,7,2,0,97,65,71
55,7,2,1,65,65,71
55,7,2,2,33,65,71
55,7,2,3,1,65,71
55,7,3,0,49,65,71
55,7,3,1,17,65,71
55,7,3,2,15,65,71
55,7,3,3,47,65,71
56,0,0,0,4095,66,72
56,0,0,1,29,66,72
56,0,0,2,3,66,72
56,0,0,3,35,66,72
56,0,1,0,13,66,72
56,0,1,1,19,66,72
56,0,1,2,51,66,72
56,0,1,3,83,66,72
56,0,2,0,35,66,72
56,0,2,1,4095,66,72
56,0,2,2,4095,66,72
56,0,2,3,4095,66,72
56,0,3,0,83,66,72
56,0,3,1,4095,66,72
56,0,3,2,4095,66,72
56,0,3,3,4095,66,72
56,1,0,0,4095,66,72
56,1,0,1,4095,66,72
56,1,0,2,4095,66,72
56,1,0,3,50,66,72
56,1,1,0,4095,66,72
56,1,1,1,4095,66,72
56,1,1,2,34,66,72
56,1,1,3,2,66,72
56,1,2,0,50,66,72
56,1,2,1,18,66,72
56,1,2,2,14,66,72
56,1,2,3,46,66,72
56,1,3,0,2,66,72
56,1,3,1,30,66,72
56,1,3,2,4095,66,72
56,1,3,3,4095,66,72
56,2,0,0,4095,66,72
56,2,0,1,4095,66,72
56,2,0,2,4095,66,72
56,2,0,3,144,66,72
56,2,1,0,4095,66,72
56,2,1,1,4095,66,72
56,2,1,2,4095,66,72
56,2,1,3,96,66,72
56,2,2,0,144,66,72
56,2,2,1,112,66,72
56,2,2,2,80,66,72
56,2,2,3,48,66,72
56,2,3,0,96,66,72
56,2,3,1,64,66,72
56,2,3,2,32,66,72
56,2,3,3,0,66,72
56,3,0,0,4095,66,72
56,3,0,1,4095,66,72
56,3,0,2,30,66,72
56,3,0,3,2,66,72
56,3,1,0,46,66,72
56,3,1,1,14,66,72
56,3,1,2,18,66,72
56,3,1,3,50,66,72
56,3,2,0,2,66,72
56,3,2,1,34,66,72
56,3,2,2,4095,66,72
56,3,2,3,4095,66,72
56,3,3,0,50,66,72
56,3,3,1,4095,66,72
56,3,3,2,4095,66,72
56,3,3,3,4095,66,72
56,4,0,0,4095,66,72
56,4,0,1,4095,66,72
56,4,0,2,4095,66,72
56,4,0,3,50,66,72
56,4,1,0,4095,66,72
56,4,1,1,4095,66,72
56,4,1,2,34,66,72
56,4,1,3,2,66,72
56,4,2,0,50,66,72
56,4,2,1,18,66,72
56,4,2,2,14,66,72
56,4,2,3,46,66,72
56,4,3,0,2,66,72
56,4,3,1,30,66,72
56,4,3,2,4095,66,72
56,4,3,3,4095,66,72
56,5,0,0,4095,66,72
56,5,0,1,4095,66,72
56,5,0,2,4095,66,72
56,5,0,3,141,66,72
56,5,1,0,4095,66,72
56,5,1,1,4095,66,72
56,5,1,2,4095,66,72
56,5,1,3,93,66,72
56,5,2,0,141,66,72
56,5,2,1,109,66,72
56,5,2,2,77,66,72
56,5,2,3,45,66,72
56,5,3,0,93,66,72
56,5,3,1,61,66,72
56,5,3,2,29,66,72
56,5,3,3,3,66,72
56,6,0,0,4095,66,72
56,6,0,1,4095,66,72
56,6,0,2,4095,66,72
56,6,0,3,144,66,72
56,6,1,0,4095,66,72
56,6,1,1,4095,66,72
56,6,1,2,4095,66,72
56,6,1,3,96,66,72
56,6,2,0,144,66,72
56,6,2,1,112,66,72
56,6,2,2,80,66,72
56,6,2,3,48,66,72
56,6,3,0,96,66,72
56,6,3,1,64,66,72
56,6,3,2,32,66,72
56,6,3,3,0,66,72
56,7,0,0,4095,66,72
56,7,0,1,4095,66,72
56,7,0,2,4095,66,72
56,7,0,3,47,66,72
56,7,1,0,4095,66,72
56,7,1,1,4095,66,72
56,7,1,2,31,66,72
56,7,1,3,1,66,72
56,7,2,0,47,66,72
56,7,2,1,15,66,72
56,7,2,2,17,66,72
56,7,2,3,4095,66,72
56,7,3,0,1,66,72
56,7,3,1,33,66,72
56,7,3,2,4095,66,72
56,7,3,3,4095,66,72
57,0,0,0,4095,67,73
57,0,0,1,4095,67,73
57,0,0,2,4095,67,73
57,0,0,3,78,67,73
57,0,1,0,4095,67,73
57,0,1,1,4095,67,73
57,0,1,2,4095,67,73
57,0,1,3,30,67,73
57,0,2,0,78,67,73
57,0,2,1,46,67,73
57,0,2,2,14,67,73
57,0,2,3,18,67,73
57,0,3,0,30,67,73
57,0,3,1,2,67,73
57,0,3,2,34,67,73
57,0,3,3,4095,67,73
57,1,0,0,4095,67,73
57,1,0,1,4095,67,73
57,1,0,2,4095,67,73
57,1,0,3,49,67,73
57,1,1,0,4095,67,73
57,1,1,1,4095,67,73
57,1,1,2,33,67,73
57,1,1,3,1,67,73
57,1,2,0,49,67,73
57,1,2,1,17,67,73
57,1,2,2,15,67,73
57,1,2,3,47,67,73
57,1,3,0,1,67,73
57,1,3,1,31,67,73
57,1,3,2,4095,67,73
57,1,3,3,4095,67,73
57,2,0,0,4095,67,73
57,2,0,1,4095,67,73
57,2,0,2,4095,67,73
57,2,0,3,31,67,73
57,2,1,0,4095,67,73
57,2,1,1,47,67,73
57,2,1,2,15,67,73
57,2,1,3,17,67,73
57,2,2,0,31,67,73
57,2,2,1,1,67,73
57,2,2,2,33,67,73
57,2,2,3,4095,67,73
57,2,3,0,17,67,73
57,2,3,1,4095,67,73
57,2,3,2,4095,67,73
57,2,3,3,4095,67,73
57,3,0,0,4095,67,73
57,3,0,1,4095,67,73
57,3,0,2,4095,67,73
57,3,0,3,62,67,73
57,3,1,0,4095,67,73
57,3,1,1,4095,67,73
57,3,1,2,46,67,73
57,3,1,3,14,67,73
57,3,2,0,62,67,73
57,3,2,1,30,67,73
57,3,2,2,2,67,73
57,3,2,3,34,67,73
57,3,3,0,14,67,73
57,3,3,1,18,67,73
57,3,3,2,4095,67,73
57,3,3,3,4095,67,73
57,4,0,0,4095,67,73
57,4,0,1,4095,67,73
57,4,0,2,4095,67,73
57,4,0,3,18,67,73
57,4,1,0,4095,67,73
57,4,1,1,34,67,73
57,4,1,2,2,67,73
57,4,1,3,30,67,73
57,4,2,0,18,67,73
57,4,2,1,14,67,73
57,4,2,2,46,67,73
57,4,2,3,4095,67,73
57,4,3,0,30,67,73
57,4,3,1,4095,67,73
57,4,3,2,4095,67,73
57,4,3,3,4095,67,73
57,5,0,0,33,67,73
57,5,0,1,1,67,73
57,5,0,2,31,67,73
57,5,0,3,63,67,73
57,5,1,0,15,67,73
57,5,1,1,47,67,73
57,5,1,2,79,67,73
57,5,1,3,111,67,73
57,5,2,0,63,67,73
57,5,2,1,4095,67,73
57,5,2,2,4095,67,73
57,5,2,3,4095,67,73
57,5,3,0,111,67,73
57,5,3,1,4095,67,73
57,5,3,2,4095,67,73
57,5,3,3,4095,67,73
57,6,0,0,2,67,73
57,6,0,1,34,67,73
57,6,0,2,66,67,73
57,6,0,3,98,67,73
57,6,1,0,50,67,73
57,6,1,1,82,67,73
57,6,1,2,114,67,73
57,6,1,3,146,67,73
57,6,2,0,98,67,73
57,6,2,1,4095,67,73
57,6,2,2,4095,67,73
57,6,2,3,4095,67,73
57,6,3,0,146,67,73
57,6,3,1,4095,67,73
57,6,3,2,4095,67,73
57,6,3,3,4095,67,73
57,7,0,0,4095,67,73
57,7,0,1,4095,67,73
57,7,0,2,4095,67,73
57,7,0,3,46,67,73
57,7,1,0,4095,67,73
57,7,1,1,4095,67,73
57,7,1,2,30,67,73
57,7,1,3,2,67,73
57,7,2,0,46,67,73
57,7,2,1,14,67,73
57,7,2,2,18,67,73
57,7,2,3,4095,67,73
57,7,3,0,2,67,73
57,7,3,1,34,67,73
57,7,3,2,4095,67,73
57,7,3,3,4095,67,73
58,0,0,0,4095,68,74
58,0,0,1,4095,68,74
58,0,0,2,29,68,74
58,0,0,3,3,68,74
58,0,1,0,45,68,74
58,0,1,1,13,68,74
58,0,1,2,19,68,74
58,0,1,3,51,68,74
58,0,2,0,3,68,74
58,0,2,1,35,68,74
58,0,2,2,4095,68,74
58,0,2,3,4095,68,74
58,0,3,0,51,68,74
58,0,3,1,4095,68,74
58,0,3,2,4095,68,74
58,0,3,3,4095,68,74
58,1,0,0,4095,68,74
58,1,0,1,4095,68,74
58,1,0,2,29,68,74
58,1,0,3,3,68,74
58,1,1,0,45,68,74
58,1,1,1,13,68,74
58,1,1,2,19,68,74
58,1,1,3,51,68,74
58,1,2,0,3,68,74
58,1,2,1,35,68,74
58,1,2,2,4095,68,74
58,1,2,3,4095,68,74
58,1,3,0,51,68,74
58,1,3,1,4095,68,74
58,1,3,2,4095,68,74
58,1,3,3,4095,68,74
58,2,0,0,4095,68,74
58,2,0,1,4095,68,74
58,2,0,2,48,68,74
58,2,0,3,16,68,74
58,2,1,0,4095,68,74
58,2,1,1,32,68,74
58,2,1,2,0,68,74
58,2,1,3,32,68,74
58,2,2,0,16,68,74
58,2,2,1,16,68,74
58,2,2,2,4095,68,74
58,2,2,3,4095,68,74
58,2,3,0,32,68,74
58,2,3,1,4095,68,74
58,2,3,2,4095,68,74
58,2,3,3,4095,68,74
58,3,0,0,4095,68,74
58,3,0,1,4095,68,74
58,3,0,2,4095,68,74
58,3,0,3,32,68,74
58,3,1,0,4095,68,74
58,3,1,1,48,68,74
58,3,1,2,16,68,74
58,3,1,3,16,68,74
58,3,2,0,32,68,74
58,3,2,1,0,68,74
58,3,2,2,32,68,74
58,3,2,3,4095,68,74
58,3,3,0,16,68,74
58,3,3,1,4095,68,74
58,3,3,2,4095,68,74
58,3,3,3,4095,68,74
58,4,0,0,4095,68,74
58,4,0,1,4095,68,74
58,4,0,2,4095,68,74
58,4,0,3,65,68,74
58,4,1,0,4095,68,74
58,4,1,1,4095,68,74
58,4,1,2,4095,68,74
58,4,1,3,17,68,74
58,4,2,0,65,68,74
58,4,2,1,33,68,74
58,4,2,2,1,68,74
58,4,2,3,31,68,74
58,4,3,0,17,68,74
58,4,3,1,15,68,74
58,4,3,2,47,68,74
58,4,3,3,4095,68,74
58,5,0,0,4095,68,74
58,5,0,1,4095,68,74
58,5,0,2,4095,68,74
58,5,0,3,109,68,74
58,5,1,0,4095,68,74
58,5,1,1,4095,68,74
58,5,1,2,4095,68,74
58,5,1,3,61,68,74
58,5,2,0,109,68,74
58,5,2,1,77,68,74
58,5,2,2,45,68,74
58,5,2,3,13,68,74
58,5,3,0,61,68,74
58,5,3,1,29,68,74
58,5,3,2,3,68,74
58,5,3,3,35,68,74
58,6,0,0,4095,68,74
58,6,0,1,4095,68,74
58,6,0,2,31,68,74
58,6,0,3,1,68,74
58,6,1,0,47,68,74
58,6,1,1,15,68,74
58,6,1,2,17,68,74
58,6,1,3,49,68,74
58,6,2,0,1,68,74
58,6,2,1,33,68,74
58,6,2,2,4095,68,74
58,6,2,3,4095,68,74
58,6,3,0,49,68,74
58,6,3,1,4095,68,74
58,6,3,2,4095,68,74
58,6,3,3,4095,68,74
58,7,0,0,4095,68,74
58,7,0,1,18,68,74
58,7,0,2,14,68,74
58,7,0,3,46,68,74
58,7,1,0,2,68,74
58,7,1,1,30,68,74
58,7,1,2,62,68,74
58,7,1,3,94,68,74
58,7,2,0,46,68,74
58,7,2,1,4095,68,74
58,7,2,2,4095,68,74
58,7,2,3,4095,68,74
58,7,3,0,94,68,74
58,7,3,1,4095,68,74
58,7,3,2,4095,68,74
58,7,3,3,4095,68,74
59,0,0,0,4095,69,75
59,0,0,1,4095,69,75
59,0,0,2,4095,69,75
59,0,0,3,33,69,75
59,0,1,0,4095,69,75
59,0,1,1,4095,69,75
59,0,1,2,17,69,75
59,0,1,3,15,69,75
59,0,2,0,33,69,75
59,0,2,1,1,69,75
59,0,2,2,31,69,75
59,0,2,3,4095,69,75
59,0,3,0,15,69,75
59,0,3,1,47,69,75
59,0,3,2,4095,69,75
59,0,3,3,4095,69,75
59,1,0,0,4095,69,75
59,1,0,1,29,69,75
59,1,0,2,3,69,75
59,1,0,3,35,69,75
59,1,1,0,13,69,75
59,1,1,1,19,69,75
59,1,1,2,51,69,75
59,1,1,3,83,69,75
59,1,2,0,35,69,75
59,1,2,1,4095,69,75
59,1,2,2,4095,69,75
59,1,2,3,4095,69,75
59,1,3,0,83,69,75
59,1,3,1,4095,69,75
59,1,3,2,4095,69,75
59,1,3,3,4095,69,75
59,2,0,0,4095,69,75
59,2,0,1,4095,69,75
59,2,0,2,4095,69,75
59,2,0,3,51,69,75
59,2,1,0,4095,69,75
59,2,1,1,4095,69,75
59,2,1,2,35,69,75
59,2,1,3,3,69,75
59,2,2,0,51,69,75
59,2,2,1,19,69,75
59,2,2,2,13,69,75
59,2,2,3,45,69,75
59,2,3,0,3,69,75
59,2,3,1,29,69,75
59,2,3,2,4095,69,75
59,2,3,3,4095,69,75
59,3,0,0,4095,69,75
59,3,0,1,4095,69,75
59,3,0,2,4095,69,75
59,3,0,3,45,69,75
59,3,1,0,4095,69,75
59,3,1,1,4095,69,75
59,3,1,2,29,69,75
59,3,1,3,3,69,75
59,3,2,0,45,69,75
59,3,2,1,13,69,75
59,3,2,2,19,69,75
59,3,2,3,4095,69,75
59,3,3,0,3,69,75
59,3,3,1,35,69,75
59,3,3,2,4095,69,75
59,3,3,3,4095,69,75
59,4,0,0,4095,69,75
59,4,0,1,47,69,75
59,4,0,2,15,69,75
59,4,0,3,17,69,75
59,4,1,0,31,69,75
59,4,1,1,1,69,75
59,4,1,2,33,69,75
59,4,1,3,65,69,75
59,4,2,0,17,69,75
59,4,2,1,4095,69,75
59,4,2,2,4095,69,75
59,4,2,3,4095,69,75
59,4,3,0,65,69,75
59,4,3,1,4095,69,75
59,4,3,2,4095,69,75
59,4,3,3,4095,69,75
59,5,0,0,4095,69,75
59,5,0,1,4095,69,75
59,5,0,2,4095,69,75
59,5,0,3,79,69,75
59,5,1,0,4095,69,75
59,5,1,1,4095,69,75
59,5,1,2,4095,69,75
59,5,1,3,31,69,75
59,5,2,0,79,69,75
59,5,2,1,47,69,75
59,5,2,2,15,69,75
59,5,2,3,17,69,75
59,5,3,0,31,69,75
59,5,3,1,1,69,75
59,5,3,2,33,69,75
59,5,3,3,4095,69,75
59,6,0,0,4095,69,75
59,6,0,1,4095,69,75
59,6,0,2,4095,69,75
59,6,0,3,45,69,75
59,6,1,0,4095,69,75
59,6,1,1,4095,69,75
59,6,1,2,29,69,75
59,6,1,3,3,69,75
59,6,2,0,45,69,75
59,6,2,1,13,69,75
59,6,2,2,19,69,75
59,6,2,3,4095,69,75
59,6,3,0,3,69,75
59,6,3,1,35,69,75
59,6,3,2,4095,69,75
59,6,3,3,4095,69,75
59,7,0,0,4095,69,75
59,7,0,1,4095,69,75
59,7,0,2,17,69,75
59,7,0,3,15,69,75
59,7,1,0,33,69,75
59,7,1,1,1,69,75
59,7,1,2,31,69,75
59,7,1,3,63,69,75
59,7,2,0,15,69,75
59,7,2,1,47,69,75
59,7,2,2,4095,69,75
59,7,2,3,4095,69,75
59,7,3,0,63,69,75
59,7,3,1,4095,69,75
59,7,3,2,4095,69,75
59,7,3,3,4095,69,75
60,0,0,0,34,70,76
60,0,0,1,2,70,76
60,0,0,2,30,70,76
60,0,0,3,62,70,76
60,0,1,0,14,70,76
60,0,1,1,46,70,76
60,0,1,2,78,70,76
60,0,1,3,110,70,76
60,0,2,0,62,70,76
60,0,2,1,4095,70,76
60,0,2,2,4095,70,76
60,0,2,3,4095,70,76
60,0,3,0,110,70,76
60,0,3,1,4095,70,76
60,0,3,2,4095,70,76
60,0,3,3,4095,70,76
60,1,0,0,4095,70,76
60,1,0,1,4095,70,76
60,1,0,2,4095,70,76
60,1,0,3,50,70,76
60,1,1,0,4095,70,76
60,1,1,1,4095,70,76
60,1,1,2,34,70,76
60,1,1,3,2,70,76
60,1,2,0,50,70,76
60,1,2,1,18,70,76
60,1,2,2,14,70,76
60,1,2,3,46,70,76
60,1,3,0,2,70,76
60,1,3,1,30,70,76
60,1,3,2,4095,70,76
60,1,3,3,4095,70,76
60,2,0,0,4095,70,76
60,2,0,1,4095,70,76
60,2,0,2,4095,70,76
60,2,0,3,145,70,76
60,2,1,0,4095,70,76
60,2,1,1,4095,70,76
60,2,1,2,4095,70,76
60,2,1,3,97,70,76
60,2,2,0,145,70,76
60,2,2,1,113,70,76
60,2,2,2,81,70,76
60,2,2,3,49,70,76
60,2,3,0,97,70,76
60,2,3,1,65,70,76
60,2,3,2,33,70,76
60,2,3,3,1,70,76
60,3,0,0,4095,70,76
60,3,0,1,4095,70,76
60,3,0,2,4095,70,76
60,3,0,3,146,70,76
60,3,1,0,4095,70,76
60,3,1,1,4095,70,76
60,3,1,2,4095,70,76
60,3,1,3,98,70,76
60,3,2,0,146,70,76
60,3,2,1,114,70,76
60,3,2,2,82,70,76
60,3,2,3,50,70,76
60,3,3,0,98,70,76
60,3,3,1,66,70,76
60,3,3,2,34,70,76
60,3,3,3,2,70,76
60,4,0,0,4095,70,76
60,4,0,1,4095,70,76
60,4,0,2,4095,70,76
60,4,0,3,99,70,76
60,4,1,0,4095,70,76
60,4,1,1,4095,70,76
60,4,1,2,4095,70,76
60,4,1,3,51,70,76
60,4,2,0,99,70,76
60,4,2,1,67,70,76
60,4,2,2,35,70,76
60,4,2,3,3,70,76
60,4,3,0,51,70,76
60,4,3,1,19,70,76
60,4,3,2,13,70,76
60,4,3,3,45,70,76
60,5,0,0,4095,70,76
60,5,0,1,4095,70,76
60,5,0,2,4095,70,76
60,5,0,3,61,70,76
60,5,1,0,4095,70,76
60,5,1,1,4095,70,76
60,5,1,2,45,70,76
60,5,1,3,13,70,76
60,5,2,0,61,70,76
60,5,2,1,29,70,76
60,5,2,2,3,70,76
60,5,2,3,35,70,76
60,5,3,0,13,70,76
60,5,3,1,19,70,76
60,5,3,2,4095,70,76
60,5,3,3,4095,70,76
60,6,0,0,4095,70,76
60,6,0,1,4095,70,76
60,6,0,2,4095,70,76
60,6,0,3,111,70,76
60,6,1,0,4095,70,76
60,6,1,1,4095,70,76
60,6,1,2,4095,70,76
60,6,1,3,63,70,76
60,6,2,0,111,70,76
60,6,2,1,79,70,76
60,6,2,2,47,70,76
60,6,2,3,15,70,76
60,6,3,0,63,70,76
60,6,3,1,31,70,76
60,6,3,2,1,70,76
60,6,3,3,33,70,76
60,7,0,0,4095,70,76
60,7,0,1,4095,70,76
60,7,0,2,32,70,76
60,7,0,3,0,70,76
60,7,1,0,48,70,76
60,7,1,1,16,70,76
60,7,1,2,16,70,76
60,7,1,3,48,70,76
60,7,2,0,0,70,76
60,7,2,1,32,70,76
60,7,2,2,4095,70,76
60,7,2,3,4095,70,76
60,7,3,0,48,70,76
60,7,3,1,4095,70,76
60,7,3,2,4095,70,76
60,7,3,3,4095,70,76
61,0,0,0,4095,71,77
61,0,0,1,18,71,77
61,0,0,2,14,71,77
61,0,0,3,46,71,77
61,0,1,0,2,71,77
61,0,1,1,30,71,77
61,0,1,2,62,71,77
61,0,1,3,94,71,77
61,0,2,0,46,71,77
61,0,2,1,4095,71,77
61,0,2,2,4095,71,77
61,0,2,3,4095,71,77
61,0,3,0,94,71,77
61,0,3,1,4095,71,77
61,0,3,2,4095,71,77
61,0,3,3,4095,71,77
61,1,0,0,4095,71,77
61,1,0,1,4095,71,77
61,1,0,2,17,71,77
61,1,0,3,15,71,77
61,1,1,0,33,71,77
61,1,1,1,1,71,77
61,1,1,2,31,71,77
61,1,1,3,63,71,77
61,1,2,0,15,71,77
61,1,2,1,47,71,77
61,1,2,2,4095,71,77
61,1,2,3,4095,71,77
61,1,3,0,63,71,77
61,1,3,1,4095,71,77
61,1,3,2,4095,71,77
61,1,3,3,4095,71,77
61,2,0,0,4095,71,77
61,2,0,1,45,71,77
61,2,0,2,13,71,77
61,2,0,3,19,71,77
61,2,1,0,29,71,77
61,2,1,1,3,71,77
61,2,1,2,35,71,77
61,2,1,3,67,71,77
61,2,2,0,19,71,77
61,2,2,1,4095,71,77
61,2,2,2,4095,71,77
61,2,2,3,4095,71,77
61,2,3,0,67,71,77
61,2,3,1,4095,71,77
61,2,3,2,4095,71,77
61,2,3,3,4095,71,77
61,3,0,0,4095,71,77
61,3,0,1,4095,71,77
61,3,0,2,4095,71,77
61,3,0,3,30,71,77
61,3,1,0,4095,71,77
61,3,1,1,46,71,77
61,3,1,2,14,71,77
61,3,1,3,18,71,77
61,3,2,0,30,71,77
61,3,2,1,2,71,77
61,3,2,2,34,71,77
61,3,2,3,4095,71,77
61,3,3,0,18,71,77
61,3,3,1,4095,71,77
61,3,3,2,4095,71,77
61,3,3,3,4095,71,77
61,4,0,0,4095,71,77
61,4,0,1,4095,71,77
61,4,0,2,4095,71,77
61,4,0,3,109,71,77
61,4,1,0,4095,71,77
61,4,1,1,4095,71,77
61,4,1,2,4095,71,77
61,4,1,3,61,71,77
61,4,2,0,109,71,77
61,4,2,1,77,71,77
61,4,2,2,45,71,77
61,4,2,3,13,71,77
61,4,3,0,61,71,77
61,4,3,1,29,71,77
61,4,3,2,3,71,77
61,4,3,3,35,71,77
61,5,0,0,4095,71,77
61,5,0,1,4095,71,77
61,5,0,2,4095,71,77
61,5,0,3,47,71,77
61,5,1,0,4095,71,77
61,5,1,1,4095,71,77
61,5,1,2,31,71,77
61,5,1,3,1,71,77
61,5,2,0,47,71,77
61,5,2,1,15,71,77
61,5,2,2,17,71,77
61,5,2,3,4095,71,77
61,5,3,0,1,71,77
61,5,3,1,33,71,77
61,5,3,2,4095,71,77
61,5,3,3,4095,71,77
61,6,0,0,4095,71,77
61,6,0,1,4095,71,77
61,6,0,2,4095,71,77
61,6,0,3,32,71,77
61,6,1,0,4095,71,77
61,6,1,1,48,71,77
61,6,1,2,16,71,77
61,6,1,3,16,71,77
61,6,2,0,32,71,77
61,6,2,1,0,71,77
61,6,2,2,32,71,77
61,6,2,3,4095,71,77
61,6,3,0,16,71,77
61,6,3,1,4095,71,77
61,6,3,2,4095,71,77
61,6,3,3,4095,71,77
61,7,0,0,4095,71,77
61,7,0,1,4095,71,77
61,7,0,2,47,71,77
61,7,0,3,15,71,77
61,7,1,0,4095,71,77
61,7,1,1,31,71,77
61,7,1,2,1,71,77
61,7,1,3,33,71,77
61,7,2,0,15,71,77
61,7,2,1,17,71,77
61,7,2,2,4095,71,77
61,7,2,3,4095,71,77
61,7,3,0,33,71,77
61,7,3,1,4095,71,77
61,7,3,2,4095,71,77
61,7,3,3,4095,71,77
62,0,0,0,4095,72,78
62,0,0,1,45,72,78
62,0,0,2,13,72,78
62,0,0,3,19,72,78
62,0,1,0,29,72,78
62,0,1,1,3,72,78
62,0,1,2,35,72,78
62,0,1,3,67,72,78
62,0,2,0,19,72,78
62,0,2,1,4095,72,78
62,0,2,2,4095,72,78
62,0,2,3,4095,72,78
62,0,3,0,67,72,78
62,0,3,1,4095,72,78
62,0,3,2,4095,72,78
62,0,3,3,4095,72,78
62,1,0,0,4095,72,78
62,1,0,1,4095,72,78
62,1,0,2,4095,72,78
62,1,0,3,35,72,78
62,1,1,0,4095,72,78
62,1,1,1,4095,72,78
62,1,1,2,19,72,78
62,1,1,3,13,72,78
62,1,2,0,35,72,78
62,1,2,1,3,72,78
62,1,2,2,29,72,78
62,1,2,3,4095,72,78
62,1,3,0,13,72,78
62,1,3,1,45,72,78
62,1,3,2,4095,72,78
62,1,3,3,4095,72,78
62,2,0,0,4095,72,78
62,2,0,1,29,72,78
62,2,0,2,3,72,78
62,2,0,3,35,72,78
62,2,1,0,13,72,78
62,2,1,1,19,72,78
62,2,1,2,51,72,78
62,2,1,3,83,72,78
62,2,2,0,35,72,78
62,2,2,1,4095,72,78
62,2,2,2,4095,72,78
62,2,2,3,4095,72,78
62,2,3,0,83,72,78
62,2,3,1,4095,72,78
62,2,3,2,4095,72,78
62,2,3,3,4095,72,78
62,3,0,0,4095,72,78
62,3,0,1,4095,72,78
62,3,0,2,34,72,78
62,3,0,3,2,72,78
62,3,1,0,4095,72,78
62,3,1,1,18,72,78
62,3,1,2,14,72,78
62,3,1,3,46,72,78
62,3,2,0,2,72,78
62,3,2,1,30,72,78
62,3,2,2,4095,72,78
62,3,2,3,4095,72,78
62,3,3,0,46,72,78
62,3,3,1,4095,72,78
62,3,3,2,4095,72,78
62,3,3,3,4095,72,78
62,4,0,0,4095,72,78
62,4,0,1,4095,72,78
62,4,0,2,46,72,78
62,4,0,3,14,72,78
62,4,1,0,4095,72,78
62,4,1,1,30,72,78
62,4,1,2,2,72,78
62,4,1,3,34,72,78
62,4,2,0,14,72,78
62,4,2,1,18,72,78
62,4,2,2,4095,72,78
62,4,2,3,4095,72,78
62,4,3,0,34,72,78
62,4,3,1,4095,72,78
62,4,3,2,4095,72,78
62,4,3,3,4095,72,78
62,5,0,0,4095,72,78
62,5,0,1,4095,72,78
62,5,0,2,4095,72,78
62,5,0,3,80,72,78
62,5,1,0,4095,72,78
62,5,1,1,4095,72,78
62,5,1,2,4095,72,78
62,5,1,3,32,72,78
62,5,2,0,80,72,78
62,5,2,1,48,72,78
62,5,2,2,16,72,78
62,5,2,3,16,72,78
62,5,3,0,32,72,78
62,5,3,1,0,72,78
62,5,3,2,32,72,78
62,5,3,3,4095,72,78
62,6,0,0,4095,72,78
62,6,0,1,4095,72,78
62,6,0,2,4095,72,78
62,6,0,3,95,72,78
62,6,1,0,4095,72,78
62,6,1,1,4095,72,78
62,6,1,2,4095,72,78
62,6,1,3,47,72,78
62,6,2,0,95,72,78
62,6,2,1,63,72,78
62,6,2,2,31,72,78
62,6,2,3,1,72,78
62,6,3,0,47,72,78
62,6,3,1,15,72,78
62,6,3,2,17,72,78
62,6,3,3,4095,72,78
62,7,0,0,4095,72,78
62,7,0,1,4095,72,78
62,7,0,2,47,72,78
62,7,0,3,15,72,78
62,7,1,0,4095,72,78
62,7,1,1,31,72,78
62,7,1,2,1,72,78
62,7,1,3,33,72,78
62,7,2,0,15,72,78
62,7,2,1,17,72,78
62,7,2,2,4095,72,78
62,7,2,3,4095,72,78
62,7,3,0,33,72,78
62,7,3,1,4095,72,78
62,7,3,2,4095,72,78
62,7,3,3,4095,72,78
63,0,0,0,4095,73,79
63,0,0,1,46,73,79
63,0,0,2,14,73,79
63,0,0,3,18,73,79
63,0,1,0,30,73,79
63,0,1,1,2,73,79
63,0,1,2,34,73,79
63,0,1,3,66,73,79
63,0,2,0,18,73,79
63,0,2,1,4095,73,79
63,0,2,2,4095,73,79
63,0,2,3,4095,73,79
63,0,3,0,66,73,79
63,0,3,1,4095,73,79
63,0,3,2,4095,73,79
63,0,3,3,4095,73,79
63,1,0,0,30,73,79
63,1,0,1,2,73,79
63,1,0,2,34,73,79
63,1,0,3,66,73,79
63,1,1,0,18,73,79
63,1,1,1,50,73,79
63,1,1,2,82,73,79
63,1,1,3,114,73,79
63,1,2,0,66,73,79
63,1,2,1,4095,73,79
63,1,2,2,4095,73,79
63,1,2,3,4095,73,79
63,1,3,0,114,73,79
63,1,3,1,4095,73,79
63,1,3,2,4095,73,79
63,1,3,3,4095,73,79
63,2,0,0,4095,73,79
63,2,0,1,4095,73,79
63,2,0,2,34,73,79
63,2,0,3,2,73,79
63,2,1,0,4095,73,79
63,2,1,1,18,73,79
63,2,1,2,14,73,79
63,2,1,3,46,73,79
63,2,2,0,2,73,79
63,2,2,1,30,73,79
63,2,2,2,4095,73,79
63,2,2,3,4095,73,79
63,2,3,0,46,73,79
63,2,3,1,4095,73,79
63,2,3,2,4095,73,79
63,2,3,3,4095,73,79
63,3,0,0,4095,73,79
63,3,0,1,4095,73,79
63,3,0,2,4095,73,79
63,3,0,3,113,73,79
63,3,1,0,4095,73,79
63,3,1,1,4095,73,79
63,3,1,2,4095,73,79
63,3,1,3,65,73,79
63,3,2,0,113,73,79
63,3,2,1,81,73,79
63,3,2,2,49,73,79
63,3,2,3,17,73,79
63,3,3,0,65,73,79
63,3,3,1,33,73,79
63,3,3,2,1,73,79
63,3,3,3,31,73,79
63,4,0,0,4095,73,79
63,4,0,1,4095,73,79
63,4,0,2,4095,73,79
63,4,0,3,93,73,79
63,4,1,0,4095,73,79
63,4,1,1,4095,73,79
63,4,1,2,4095,73,79
63,4,1,3,45,73,79
63,4,2,0,93,73,79
63,4,2,1,61,73,79
63,4,2,2,29,73,79
63,4,2,3,3,73,79
63,4,3,0,45,73,79
63,4,3,1,13,73,79
63,4,3,2,19,73,79
63,4,3,3,4095,73,79
63,5,0,0,4095,73,79
63,5,0,1,4095,73,79
63,5,0,2,4095,73,79
63,5,0,3,109,73,79
63,5,1,0,4095,73,79
63,5,1,1,4095,73,79
63,5,1,2,4095,73,79
63,5,1,3,61,73,79
63,5,2,0,109,73,79
63,5,2,1,77,73,79
63,5,2,2,45,73,79
63,5,2,3,13,73,79
63,5,3,0,61,73,79
63,5,3,1,29,73,79
63,5,3,2,3,73,79
63,5,3,3,35,73,79
63,6,0,0,4095,73,79
63,6,0,1,4095,73,79
63,6,0,2,30,73,79
63,6,0,3,2,73,79
63,6,1,0,46,73,79
63,6,1,1,14,73,79
63,6,1,2,18,73,79
63,6,1,3,50,73,79
63,6,2,0,2,73,79
63,6,2,1,34,73,79
63,6,2,2,4095,73,79
63,6,2,3,4095,73,79
63,6,3,0,50,73,79
63,6,3,1,4095,73,79
63,6,3,2,4095,73,79
63,6,3,3,4095,73,79
63,7,0,0,45,73,79
63,7,0,1,13,73,79
63,7,0,2,19,73,79
63,7,0,3,51,73,79
63,7,1,0,3,73,79
63,7,1,1,35,73,79
63,7,1,2,67,73,79
63,7,1,3,99,73,79
63,7,2,0,51,73,79
63,7,2,1,4095,73,79
63,7,2,2,4095,73,79
63,7,2,3,4095,73,79
63,7,3,0,99,73,79
63,7,3,1,4095,73,79
63,7,3,2,4095,73,79
63,7,3,3,4095,73,79
